Date,TenorDays,Rate
2016-01-01,1,0.0036
2016-01-01,30,0.00122
2016-01-01,91,0.0016270000000000002
2016-01-01,182,0.004738
2016-01-01,365,0.0060999999999999995
2016-01-01,730,0.010477
2016-01-01,1095,0.013068999999999999
2016-01-01,1825,0.01761
2016-01-01,3650,0.022694000000000002
2016-01-01,10950,0.030158
2016-01-04,1,0.0036
2016-01-04,30,0.001678
2016-01-04,91,0.0016270000000000002
2016-01-04,182,0.004126
2016-01-04,365,0.0060999999999999995
2016-01-04,730,0.010358000000000001
2016-01-04,1095,0.013015
2016-01-04,1825,0.01734
2016-01-04,3650,0.022428
2016-01-04,10950,0.029872
2016-01-05,1,0.0036
2016-01-05,30,0.001983
2016-01-05,91,0.001983
2016-01-05,182,0.00479
2016-01-05,365,0.0068000000000000005
2016-01-05,730,0.010139
2016-01-05,1095,0.01288
2016-01-05,1825,0.01713
2016-01-05,3650,0.022357000000000002
2016-01-05,10950,0.029951
2016-01-06,1,0.0036
2016-01-06,30,0.002079
2016-01-06,91,0.001983
2016-01-06,182,0.0045850000000000005
2016-01-06,365,0.0067
2016-01-06,730,0.00976
2016-01-06,1095,0.012391000000000001
2016-01-06,1825,0.01643
2016-01-06,3650,0.021702
2016-01-06,10950,0.029375
2016-01-07,1,0.0036
2016-01-07,30,0.0019270000000000001
2016-01-07,91,0.001983
2016-01-07,182,0.004483
2016-01-07,365,0.0066
2016-01-07,730,0.009479999999999999
2016-01-07,1095,0.012036999999999999
2016-01-07,1825,0.016
2016-01-07,3650,0.021455000000000002
2016-01-07,10950,0.029258000000000003
2016-01-08,1,0.0036
2016-01-08,30,0.0019270000000000001
2016-01-08,91,0.001933
2016-01-08,182,0.004432
2016-01-08,365,0.0064
2016-01-08,730,0.009318
2016-01-08,1095,0.011763999999999998
2016-01-08,1825,0.015609999999999999
2016-01-08,3650,0.021156
2016-01-08,10950,0.029094000000000002
2016-01-11,1,0.0036
2016-01-11,30,0.0018759999999999998
2016-01-11,91,0.001882
2016-01-11,182,0.004228
2016-01-11,365,0.0063
2016-01-11,730,0.009316999999999999
2016-01-11,1095,0.011872
2016-01-11,1825,0.01595
2016-01-11,3650,0.021754
2016-01-11,10950,0.029682
2016-01-12,1,0.0036
2016-01-12,30,0.0019270000000000001
2016-01-12,91,0.002085
2016-01-12,182,0.004636
2016-01-12,365,0.0062
2016-01-12,730,0.009235
2016-01-12,1095,0.011572
2016-01-12,1825,0.01541
2016-01-12,3650,0.021032000000000002
2016-01-12,10950,0.028815
2016-01-13,1,0.0036
2016-01-13,30,0.0021349999999999997
2016-01-13,91,0.002187
2016-01-13,182,0.004534
2016-01-13,365,0.006
2016-01-13,730,0.009073
2016-01-13,1095,0.011595
2016-01-13,1825,0.015260000000000001
2016-01-13,3650,0.020926999999999998
2016-01-13,10950,0.028822
2016-01-14,1,0.0036
2016-01-14,30,0.002084
2016-01-14,91,0.002441
2016-01-14,182,0.004075
2016-01-14,365,0.0055000000000000005
2016-01-14,730,0.008911
2016-01-14,1095,0.01133
2016-01-14,1825,0.01508
2016-01-14,3650,0.020874
2016-01-14,10950,0.028869
2016-01-15,1,0.0036
2016-01-15,30,0.00183
2016-01-15,91,0.002289
2016-01-15,182,0.003513
2016-01-15,365,0.0049
2016-01-15,730,0.0085
2016-01-15,1095,0.010824
2016-01-15,1825,0.014539999999999999
2016-01-15,3650,0.020347
2016-01-15,10950,0.028140000000000002
2016-01-18,1,0.0036
2016-01-18,30,0.00183
2016-01-18,91,0.002289
2016-01-18,182,0.003513
2016-01-18,365,0.0049
2016-01-18,730,0.0085
2016-01-18,1095,0.010824
2016-01-18,1825,0.014539999999999999
2016-01-18,3650,0.020347
2016-01-18,10950,0.028140000000000002
2016-01-19,1,0.0036
2016-01-19,30,0.001983
2016-01-19,91,0.0023899999999999998
2016-01-19,182,0.00336
2016-01-19,365,0.0048
2016-01-19,730,0.0087
2016-01-19,1095,0.011063
2016-01-19,1825,0.01486
2016-01-19,3650,0.020556
2016-01-19,10950,0.028262
2016-01-20,1,0.0037
2016-01-20,30,0.002186
2016-01-20,91,0.0025940000000000004
2016-01-20,182,0.0033610000000000003
2016-01-20,365,0.0043
2016-01-20,730,0.008212
2016-01-20,1095,0.010503
2016-01-20,1825,0.01417
2016-01-20,3650,0.019823999999999998
2016-01-20,10950,0.027530000000000002
2016-01-21,1,0.0037
2016-01-21,30,0.002593
2016-01-21,91,0.002798
2016-01-21,182,0.0037180000000000004
2016-01-21,365,0.0044
2016-01-21,730,0.008331
2016-01-21,1095,0.010636000000000001
2016-01-21,1825,0.01443
2016-01-21,3650,0.020311
2016-01-21,10950,0.028109000000000002
2016-01-22,1,0.0038
2016-01-22,30,0.0024909999999999997
2016-01-22,91,0.00295
2016-01-22,182,0.003871
2016-01-22,365,0.004699999999999999
2016-01-22,730,0.008690999999999999
2016-01-22,1095,0.011009
2016-01-22,1825,0.01482
2016-01-22,3650,0.020519
2016-01-22,10950,0.028238
2016-01-25,1,0.0038
2016-01-25,30,0.0023899999999999998
2016-01-25,91,0.002849
2016-01-25,182,0.004024
2016-01-25,365,0.004699999999999999
2016-01-25,730,0.008567
2016-01-25,1095,0.010767
2016-01-25,1825,0.01439
2016-01-25,3650,0.020012
2016-01-25,10950,0.027844
2016-01-26,1,0.0038
2016-01-26,30,0.002542
2016-01-26,91,0.0031030000000000003
2016-01-26,182,0.0043809999999999995
2016-01-26,365,0.004699999999999999
2016-01-26,730,0.008400999999999999
2016-01-26,1095,0.010632999999999998
2016-01-26,1825,0.01428
2016-01-26,3650,0.019942
2016-01-26,10950,0.027844
2016-01-27,1,0.0038
2016-01-27,30,0.002644
2016-01-27,91,0.003154
2016-01-27,182,0.004228
2016-01-27,365,0.004699999999999999
2016-01-27,730,0.008329999999999999
2016-01-27,1095,0.010498
2016-01-27,1825,0.014110000000000001
2016-01-27,3650,0.019993
2016-01-27,10950,0.02801
2016-01-28,1,0.0038
2016-01-28,30,0.00244
2016-01-28,91,0.003256
2016-01-28,182,0.004279
2016-01-28,365,0.004699999999999999
2016-01-28,730,0.008172
2016-01-28,1095,0.010256000000000001
2016-01-28,1825,0.013999999999999999
2016-01-28,3650,0.019784
2016-01-28,10950,0.027851
2016-01-29,1,0.0029
2016-01-29,30,0.002186
2016-01-29,91,0.0031030000000000003
2016-01-29,182,0.004228
2016-01-29,365,0.004699999999999999
2016-01-29,730,0.007737000000000001
2016-01-29,1095,0.009663
2016-01-29,1825,0.01329
2016-01-29,3650,0.019209
2016-01-29,10950,0.027437999999999997
2016-02-01,1,0.0038
2016-02-01,30,0.001779
2016-02-01,91,0.0030009999999999998
2016-02-01,182,0.0043809999999999995
2016-02-01,365,0.004699999999999999
2016-02-01,730,0.007975
2016-02-01,1095,0.009957
2016-02-01,1825,0.013640000000000001
2016-02-01,3650,0.019486
2016-02-01,10950,0.027618
2016-02-02,1,0.0038
2016-02-02,30,0.0019320000000000001
2016-02-02,91,0.003358
2016-02-02,182,0.0045850000000000005
2016-02-02,365,0.0054
2016-02-02,730,0.007183
2016-02-02,1095,0.009016
2016-02-02,1825,0.01261
2016-02-02,3650,0.018448
2016-02-02,10950,0.02656
2016-02-03,1,0.0038
2016-02-03,30,0.002644
2016-02-03,91,0.003307
2016-02-03,182,0.004483
2016-02-03,365,0.0054
2016-02-03,730,0.007223
2016-02-03,1095,0.00904
2016-02-03,1825,0.01275
2016-02-03,3650,0.018861000000000003
2016-02-03,10950,0.027126
2016-02-04,1,0.0038
2016-02-04,30,0.002339
2016-02-04,91,0.0029
2016-02-04,182,0.004228
2016-02-04,365,0.0052
2016-02-04,730,0.006984000000000001
2016-02-04,1095,0.008662
2016-02-04,1825,0.0123
2016-02-04,3650,0.018394999999999998
2016-02-04,10950,0.026757
2016-02-05,1,0.0038
2016-02-05,30,0.002084
2016-02-05,91,0.002899
2016-02-05,182,0.00433
2016-02-05,365,0.0055000000000000005
2016-02-05,730,0.007221
2016-02-05,1095,0.008951
2016-02-05,1825,0.012410000000000001
2016-02-05,3650,0.018357000000000002
2016-02-05,10950,0.026683
2016-02-08,1,0.0038
2016-02-08,30,0.0021349999999999997
2016-02-08,91,0.002645
2016-02-08,182,0.004075
2016-02-08,365,0.0051
2016-02-08,730,0.006662
2016-02-08,1095,0.008303
2016-02-08,1825,0.01159
2016-02-08,3650,0.017483
2016-02-08,10950,0.025764
2016-02-09,1,0.0038
2016-02-09,30,0.00244
2016-02-09,91,0.0030520000000000005
2016-02-09,182,0.004177
2016-02-09,365,0.0052
2016-02-09,730,0.006901000000000001
2016-02-09,1095,0.008354
2016-02-09,1825,0.01154
2016-02-09,3650,0.01726
2016-02-09,10950,0.025493000000000002
2016-02-10,1,0.0038
2016-02-10,30,0.002746
2016-02-10,91,0.0030520000000000005
2016-02-10,182,0.004024
2016-02-10,365,0.0052
2016-02-10,730,0.006860000000000001
2016-02-10,1095,0.008346
2016-02-10,1825,0.01121
2016-02-10,3650,0.016680999999999998
2016-02-10,10950,0.024872000000000002
2016-02-11,1,0.0038
2016-02-11,30,0.002593
2016-02-11,91,0.002798
2016-02-11,182,0.003769
2016-02-11,365,0.004699999999999999
2016-02-11,730,0.0064990000000000004
2016-02-11,1095,0.008239999999999999
2016-02-11,1825,0.011319999999999998
2016-02-11,3650,0.016591
2016-02-11,10950,0.024977
2016-02-12,1,0.0038
2016-02-12,30,0.0024909999999999997
2016-02-12,91,0.002798
2016-02-12,182,0.003769
2016-02-12,365,0.0051
2016-02-12,730,0.007137
2016-02-12,1095,0.009009
2016-02-12,1825,0.012110000000000001
2016-02-12,3650,0.017481
2016-02-12,10950,0.02604
2016-02-15,1,0.0038
2016-02-15,30,0.0024909999999999997
2016-02-15,91,0.002798
2016-02-15,182,0.003769
2016-02-15,365,0.0051
2016-02-15,730,0.007137
2016-02-15,1095,0.009009
2016-02-15,1825,0.012110000000000001
2016-02-15,3650,0.017481
2016-02-15,10950,0.02604
2016-02-16,1,0.0038
2016-02-16,30,0.002034
2016-02-16,91,0.002798
2016-02-16,182,0.003922
2016-02-16,365,0.0051
2016-02-16,730,0.007197
2016-02-16,1095,0.009011
2016-02-16,1825,0.012159999999999999
2016-02-16,3650,0.017723
2016-02-16,10950,0.026393
2016-02-17,1,0.0037
2016-02-17,30,0.002389
2016-02-17,91,0.0030009999999999998
2016-02-17,182,0.00433
2016-02-17,365,0.0053
2016-02-17,730,0.007419
2016-02-17,1095,0.009305
2016-02-17,1825,0.01265
2016-02-17,3650,0.018189999999999998
2016-02-17,10950,0.026875
2016-02-18,1,0.0038
2016-02-18,30,0.002644
2016-02-18,91,0.0029
2016-02-18,182,0.00433
2016-02-18,365,0.0053
2016-02-18,730,0.006933
2016-02-18,1095,0.008614
2016-02-18,1825,0.01198
2016-02-18,3650,0.017396000000000002
2016-02-18,10950,0.026086
2016-02-19,1,0.0038
2016-02-19,30,0.002542
2016-02-19,91,0.002899
2016-02-19,182,0.004432
2016-02-19,365,0.0053
2016-02-19,730,0.007418
2016-02-19,1095,0.009044
2016-02-19,1825,0.01225
2016-02-19,3650,0.017449
2016-02-19,10950,0.026048
2016-02-22,1,0.0038
2016-02-22,30,0.002644
2016-02-22,91,0.0030009999999999998
2016-02-22,182,0.004432
2016-02-22,365,0.0055000000000000005
2016-02-22,730,0.0075
2016-02-22,1095,0.009072
2016-02-22,1825,0.01232
2016-02-22,3650,0.017518
2016-02-22,10950,0.02604
2016-02-23,1,0.0038
2016-02-23,30,0.0024909999999999997
2016-02-23,91,0.003205
2016-02-23,182,0.004534
2016-02-23,365,0.0055000000000000005
2016-02-23,730,0.007337
2016-02-23,1095,0.00886
2016-02-23,1825,0.01198
2016-02-23,3650,0.017225
2016-02-23,10950,0.025789
2016-02-24,1,0.0038
2016-02-24,30,0.0027960000000000003
2016-02-24,91,0.003307
2016-02-24,182,0.004534
2016-02-24,365,0.0055000000000000005
2016-02-24,730,0.0075390000000000006
2016-02-24,1095,0.008968
2016-02-24,1825,0.01217
2016-02-24,3650,0.017484
2016-02-24,10950,0.026056
2016-02-25,1,0.0037
2016-02-25,30,0.002593
2016-02-25,91,0.003205
2016-02-25,182,0.004483
2016-02-25,365,0.005600000000000001
2016-02-25,730,0.0072640000000000005
2016-02-25,1095,0.008595
2016-02-25,1825,0.01171
2016-02-25,3650,0.017157
2016-02-25,10950,0.025941000000000002
2016-02-26,1,0.0037
2016-02-26,30,0.0023899999999999998
2016-02-26,91,0.0031030000000000003
2016-02-26,182,0.004534
2016-02-26,365,0.006
2016-02-26,730,0.007934
2016-02-26,1095,0.009269
2016-02-26,1825,0.012410000000000001
2016-02-26,3650,0.017623
2016-02-26,10950,0.026362999999999998
2016-02-29,1,0.0029
2016-02-29,30,0.002186
2016-02-29,91,0.003154
2016-02-29,182,0.004687
2016-02-29,365,0.0062
2016-02-29,730,0.007737000000000001
2016-02-29,1095,0.008921
2016-02-29,1825,0.01213
2016-02-29,3650,0.017346999999999998
2016-02-29,10950,0.026156000000000002
2016-03-01,1,0.0036
2016-03-01,30,0.002288
2016-03-01,91,0.003256
2016-03-01,182,0.004828
2016-03-01,365,0.0068000000000000005
2016-03-01,730,0.008391
2016-03-01,1095,0.009729999999999999
2016-03-01,1825,0.01317
2016-03-01,3650,0.018249
2016-03-01,10950,0.026978
2016-03-02,1,0.0037
2016-03-02,30,0.002644
2016-03-02,91,0.00295
2016-03-02,182,0.004522
2016-03-02,365,0.0067
2016-03-02,730,0.008412
2016-03-02,1095,0.009867
2016-03-02,1825,0.0134
2016-03-02,3650,0.018406
2016-03-02,10950,0.026844999999999997
2016-03-03,1,0.0037
2016-03-03,30,0.002339
2016-03-03,91,0.002747
2016-03-03,182,0.004573
2016-03-03,365,0.006500000000000001
2016-03-03,730,0.008452
2016-03-03,1095,0.009923999999999999
2016-03-03,1825,0.01343
2016-03-03,3650,0.018337000000000003
2016-03-03,10950,0.02658
2016-03-04,1,0.0036
2016-03-04,30,0.0023899999999999998
2016-03-04,91,0.002645
2016-03-04,182,0.004471
2016-03-04,365,0.0067
2016-03-04,730,0.008616
2016-03-04,1095,0.010256000000000001
2016-03-04,1825,0.01375
2016-03-04,3650,0.018741
2016-03-04,10950,0.026947000000000002
2016-03-07,1,0.0036
2016-03-07,30,0.002593
2016-03-07,91,0.002747
2016-03-07,182,0.004573
2016-03-07,365,0.0067
2016-03-07,730,0.009056999999999999
2016-03-07,1095,0.010721000000000001
2016-03-07,1825,0.01418
2016-03-07,3650,0.019057
2016-03-07,10950,0.027057
2016-03-08,1,0.0036
2016-03-08,30,0.0024909999999999997
2016-03-08,91,0.0030009999999999998
2016-03-08,182,0.004624
2016-03-08,365,0.0068000000000000005
2016-03-08,730,0.008659
2016-03-08,1095,0.010234
2016-03-08,1825,0.01341
2016-03-08,3650,0.018287
2016-03-08,10950,0.026347999999999996
2016-03-09,1,0.0036
2016-03-09,30,0.002644
2016-03-09,91,0.0030009999999999998
2016-03-09,182,0.004624
2016-03-09,365,0.0068000000000000005
2016-03-09,730,0.008901
2016-03-09,1095,0.01069
2016-03-09,1825,0.013839999999999998
2016-03-09,3650,0.01876
2016-03-09,10950,0.026619999999999998
2016-03-10,1,0.0036
2016-03-10,30,0.002593
2016-03-10,91,0.0031030000000000003
2016-03-10,182,0.004777
2016-03-10,365,0.0069
2016-03-10,730,0.009265
2016-03-10,1095,0.011222000000000001
2016-03-10,1825,0.014459999999999999
2016-03-10,3650,0.019323
2016-03-10,10950,0.026947000000000002
2016-03-11,1,0.0036
2016-03-11,30,0.002644
2016-03-11,91,0.003154
2016-03-11,182,0.00498
2016-03-11,365,0.006999999999999999
2016-03-11,730,0.009554
2016-03-11,1095,0.011541
2016-03-11,1825,0.01493
2016-03-11,3650,0.019839
2016-03-11,10950,0.027532
2016-03-14,1,0.0036
2016-03-14,30,0.002644
2016-03-14,91,0.003154
2016-03-14,182,0.005031
2016-03-14,365,0.006999999999999999
2016-03-14,730,0.009557
2016-03-14,1095,0.011434999999999999
2016-03-14,1825,0.01478
2016-03-14,3650,0.019592000000000002
2016-03-14,10950,0.027318
2016-03-15,1,0.0037
2016-03-15,30,0.0024909999999999997
2016-03-15,91,0.003307
2016-03-15,182,0.0051470000000000005
2016-03-15,365,0.0070999999999999995
2016-03-15,730,0.009641
2016-03-15,1095,0.011541999999999998
2016-03-15,1825,0.01492
2016-03-15,3650,0.019699
2016-03-15,10950,0.027309999999999997
2016-03-16,1,0.0037
2016-03-16,30,0.0026950000000000003
2016-03-16,91,0.00295
2016-03-16,182,0.0045850000000000005
2016-03-16,365,0.0066
2016-03-16,730,0.00855
2016-03-16,1095,0.010372
2016-03-16,1825,0.01381
2016-03-16,3650,0.019081
2016-03-16,10950,0.027105
2016-03-17,1,0.0037
2016-03-17,30,0.0027960000000000003
2016-03-17,91,0.002798
2016-03-17,182,0.004534
2016-03-17,365,0.0064
2016-03-17,730,0.008633
2016-03-17,1095,0.010372
2016-03-17,1825,0.01373
2016-03-17,3650,0.018958
2016-03-17,10950,0.026854
2016-03-18,1,0.0037
2016-03-18,30,0.002644
2016-03-18,91,0.002849
2016-03-18,182,0.004279
2016-03-18,365,0.0062
2016-03-18,730,0.008353000000000001
2016-03-18,1095,0.01
2016-03-18,1825,0.013340000000000001
2016-03-18,3650,0.018732
2016-03-18,10950,0.026753
2016-03-21,1,0.0037
2016-03-21,30,0.00244
2016-03-21,91,0.0030009999999999998
2016-03-21,182,0.00433
2016-03-21,365,0.0063
2016-03-21,730,0.00872
2016-03-21,1095,0.010426999999999999
2016-03-21,1825,0.01379
2016-03-21,3650,0.019155
2016-03-21,10950,0.027169
2016-03-22,1,0.0037
2016-03-22,30,0.00244
2016-03-22,91,0.0029509999999999996
2016-03-22,182,0.00442
2016-03-22,365,0.0064
2016-03-22,730,0.008865
2016-03-22,1095,0.010695
2016-03-22,1825,0.014150000000000001
2016-03-22,3650,0.019403
2016-03-22,10950,0.027223999999999998
2016-03-23,1,0.0037
2016-03-23,30,0.0026950000000000003
2016-03-23,91,0.0030009999999999998
2016-03-23,182,0.00442
2016-03-23,365,0.0064
2016-03-23,730,0.00852
2016-03-23,1095,0.010267
2016-03-23,1825,0.013560000000000001
2016-03-23,3650,0.018786
2016-03-23,10950,0.026581999999999998
2016-03-24,1,0.0037
2016-03-24,30,0.0023899999999999998
2016-03-24,91,0.002798
2016-03-24,182,0.004471
2016-03-24,365,0.0063
2016-03-24,730,0.008689
2016-03-24,1095,0.010428999999999999
2016-03-24,1825,0.01379
2016-03-24,3650,0.019
2016-03-24,10950,0.02673
2016-03-25,1,0.0037
2016-03-25,30,0.0023899999999999998
2016-03-25,91,0.002798
2016-03-25,182,0.004471
2016-03-25,365,0.0063
2016-03-25,730,0.008689
2016-03-25,1095,0.010428999999999999
2016-03-25,1825,0.01379
2016-03-25,3650,0.019
2016-03-25,10950,0.02673
2016-03-28,1,0.0037
2016-03-28,30,0.001678
2016-03-28,91,0.002645
2016-03-28,182,0.004522
2016-03-28,365,0.006500000000000001
2016-03-28,730,0.00865
2016-03-28,1095,0.010348999999999999
2016-03-28,1825,0.01365
2016-03-28,3650,0.01886
2016-03-28,10950,0.026566999999999997
2016-03-29,1,0.0037
2016-03-29,30,0.001271
2016-03-29,91,0.002238
2016-03-29,182,0.004318
2016-03-29,365,0.0063
2016-03-29,730,0.007843
2016-03-29,1095,0.009356
2016-03-29,1825,0.0127
2016-03-29,3650,0.018035000000000002
2016-03-29,10950,0.025996000000000002
2016-03-30,1,0.0037
2016-03-30,30,0.0011690000000000001
2016-03-30,91,0.001933
2016-03-30,182,0.003911
2016-03-30,365,0.0060999999999999995
2016-03-30,730,0.007567000000000001
2016-03-30,1095,0.00898
2016-03-30,1825,0.012589999999999999
2016-03-30,3650,0.018228
2016-03-30,10950,0.026528
2016-03-31,1,0.0025
2016-03-31,30,0.001678
2016-03-31,91,0.001983
2016-03-31,182,0.003758
2016-03-31,365,0.0059
2016-03-31,730,0.0072109999999999995
2016-03-31,1095,0.008524
2016-03-31,1825,0.01206
2016-03-31,3650,0.017686999999999998
2016-03-31,10950,0.026119
2016-04-01,1,0.0037
2016-04-01,30,0.00183
2016-04-01,91,0.002238
2016-04-01,182,0.0038090000000000003
2016-04-01,365,0.0062
2016-04-01,730,0.007224
2016-04-01,1095,0.008572999999999999
2016-04-01,1825,0.012150000000000001
2016-04-01,3650,0.017705
2016-04-01,10950,0.025997
2016-04-04,1,0.0037
2016-04-04,30,0.00183
2016-04-04,91,0.001933
2016-04-04,182,0.0033
2016-04-04,365,0.0059
2016-04-04,730,0.0073609999999999995
2016-04-04,1095,0.008652
2016-04-04,1825,0.01205
2016-04-04,3650,0.017618
2016-04-04,10950,0.025966
2016-04-05,1,0.0037
2016-04-05,30,0.00183
2016-04-05,91,0.0021360000000000003
2016-04-05,182,0.0035039999999999997
2016-04-05,365,0.005600000000000001
2016-04-05,730,0.0072
2016-04-05,1095,0.008463
2016-04-05,1825,0.01176
2016-04-05,3650,0.017201
2016-04-05,10950,0.025442
2016-04-06,1,0.0037
2016-04-06,30,0.0018809999999999999
2016-04-06,91,0.002289
2016-04-06,182,0.0035039999999999997
2016-04-06,365,0.0055000000000000005
2016-04-06,730,0.007317000000000001
2016-04-06,1095,0.008622999999999999
2016-04-06,1825,0.01199
2016-04-06,3650,0.017549
2016-04-06,10950,0.025844
2016-04-07,1,0.0037
2016-04-07,30,0.0019320000000000001
2016-04-07,91,0.002289
2016-04-07,182,0.003402
2016-04-07,365,0.0052
2016-04-07,730,0.0068779999999999996
2016-04-07,1095,0.008164
2016-04-07,1825,0.01137
2016-04-07,3650,0.016889
2016-04-07,10950,0.025148999999999998
2016-04-08,1,0.0037
2016-04-08,30,0.0018809999999999999
2016-04-08,91,0.002238
2016-04-08,182,0.0033510000000000002
2016-04-08,365,0.0054
2016-04-08,730,0.00695
2016-04-08,1095,0.008267
2016-04-08,1825,0.011519999999999999
2016-04-08,3650,0.017166999999999998
2016-04-08,10950,0.025525000000000003
2016-04-11,1,0.0037
2016-04-11,30,0.001983
2016-04-11,91,0.0021360000000000003
2016-04-11,182,0.0032500000000000003
2016-04-11,365,0.0053
2016-04-11,730,0.006987
2016-04-11,1095,0.008319
2016-04-11,1825,0.01158
2016-04-11,3650,0.017254000000000002
2016-04-11,10950,0.025616
2016-04-12,1,0.0037
2016-04-12,30,0.002034
2016-04-12,91,0.002238
2016-04-12,182,0.003463
2016-04-12,365,0.0054
2016-04-12,730,0.007385
2016-04-12,1095,0.008751
2016-04-12,1825,0.012119999999999999
2016-04-12,3650,0.017761
2016-04-12,10950,0.025988999999999998
2016-04-13,1,0.0037
2016-04-13,30,0.002084
2016-04-13,91,0.002238
2016-04-13,182,0.003463
2016-04-13,365,0.0055000000000000005
2016-04-13,730,0.007463999999999999
2016-04-13,1095,0.008988000000000001
2016-04-13,1825,0.01213
2016-04-13,3650,0.017639000000000002
2016-04-13,10950,0.025837
2016-04-14,1,0.0037
2016-04-14,30,0.002084
2016-04-14,91,0.002187
2016-04-14,182,0.003616
2016-04-14,365,0.0055000000000000005
2016-04-14,730,0.007663
2016-04-14,1095,0.009173
2016-04-14,1825,0.012509999999999999
2016-04-14,3650,0.017919
2016-04-14,10950,0.026004999999999997
2016-04-15,1,0.0037
2016-04-15,30,0.00183
2016-04-15,91,0.002187
2016-04-15,182,0.003565
2016-04-15,365,0.0053
2016-04-15,730,0.007335
2016-04-15,1095,0.008856000000000001
2016-04-15,1825,0.012119999999999999
2016-04-15,3650,0.017518
2016-04-15,10950,0.025592999999999998
2016-04-18,1,0.0037
2016-04-18,30,0.0015249999999999999
2016-04-18,91,0.002034
2016-04-18,182,0.00336
2016-04-18,365,0.0052
2016-04-18,730,0.007414
2016-04-18,1095,0.008909
2016-04-18,1825,0.0123
2016-04-18,3650,0.017710999999999998
2016-04-18,10950,0.025799
2016-04-19,1,0.0037
2016-04-19,30,0.0016270000000000002
2016-04-19,91,0.002085
2016-04-19,182,0.0035039999999999997
2016-04-19,365,0.0053
2016-04-19,730,0.007574
2016-04-19,1095,0.009202
2016-04-19,1825,0.01252
2016-04-19,3650,0.017851
2016-04-19,10950,0.025936
2016-04-20,1,0.0037
2016-04-20,30,0.001779
2016-04-20,91,0.002238
2016-04-20,182,0.0035039999999999997
2016-04-20,365,0.0054
2016-04-20,730,0.007937
2016-04-20,1095,0.009682
2016-04-20,1825,0.01313
2016-04-20,3650,0.01845
2016-04-20,10950,0.026538
2016-04-21,1,0.0037
2016-04-21,30,0.0018809999999999999
2016-04-21,91,0.002289
2016-04-21,182,0.003606
2016-04-21,365,0.005600000000000001
2016-04-21,730,0.008058
2016-04-21,1095,0.009843
2016-04-21,1825,0.013309999999999999
2016-04-21,3650,0.01861
2016-04-21,10950,0.026842
2016-04-22,1,0.0037
2016-04-22,30,0.001779
2016-04-22,91,0.002289
2016-04-22,182,0.003606
2016-04-22,365,0.005600000000000001
2016-04-22,730,0.008178
2016-04-22,1095,0.010006999999999999
2016-04-22,1825,0.013560000000000001
2016-04-22,3650,0.018878
2016-04-22,10950,0.027069999999999997
2016-04-25,1,0.0037
2016-04-25,30,0.001576
2016-04-25,91,0.002492
2016-04-25,182,0.00386
2016-04-25,365,0.005699999999999999
2016-04-25,730,0.008298999999999999
2016-04-25,1095,0.010169
2016-04-25,1825,0.01377
2016-04-25,3650,0.019128
2016-04-25,10950,0.027332000000000002
2016-04-26,1,0.0037
2016-04-26,30,0.0015249999999999999
2016-04-26,91,0.002441
2016-04-26,182,0.004064
2016-04-26,365,0.0060999999999999995
2016-04-26,730,0.008608
2016-04-26,1095,0.010304
2016-04-26,1825,0.013919999999999998
2016-04-26,3650,0.019271
2016-04-26,10950,0.027538999999999998
2016-04-27,1,0.0037
2016-04-27,30,0.001678
2016-04-27,91,0.00234
2016-04-27,182,0.00386
2016-04-27,365,0.0058
2016-04-27,730,0.008173
2016-04-27,1095,0.009688
2016-04-27,1825,0.01319
2016-04-27,3650,0.018508
2016-04-27,10950,0.027008
2016-04-28,1,0.0037
2016-04-28,30,0.0015249999999999999
2016-04-28,91,0.002085
2016-04-28,182,0.00386
2016-04-28,365,0.005600000000000001
2016-04-28,730,0.007816
2016-04-28,1095,0.009313
2016-04-28,1825,0.012920000000000001
2016-04-28,3650,0.018243
2016-04-28,10950,0.026796
2016-04-29,1,0.003
2016-04-29,30,0.0015249999999999999
2016-04-29,91,0.002085
2016-04-29,182,0.0038090000000000003
2016-04-29,365,0.005600000000000001
2016-04-29,730,0.007816
2016-04-29,1095,0.009341
2016-04-29,1825,0.01295
2016-04-29,3650,0.018333
2016-04-29,10950,0.026781000000000003
2016-05-02,1,0.0037
2016-05-02,30,0.00122
2016-05-02,91,0.001882
2016-05-02,182,0.003758
2016-05-02,365,0.0055000000000000005
2016-05-02,730,0.007896
2016-05-02,1095,0.009503000000000001
2016-05-02,1825,0.01324
2016-05-02,3650,0.018723
2016-05-02,10950,0.027245
2016-05-03,1,0.0037
2016-05-03,30,0.001373
2016-05-03,91,0.001983
2016-05-03,182,0.00386
2016-05-03,365,0.0053
2016-05-03,730,0.00754
2016-05-03,1095,0.009019000000000001
2016-05-03,1825,0.01253
2016-05-03,3650,0.017963
2016-05-03,10950,0.026578
2016-05-04,1,0.0037
2016-05-04,30,0.001779
2016-05-04,91,0.001882
2016-05-04,182,0.0037080000000000004
2016-05-04,365,0.0052
2016-05-04,730,0.0073809999999999995
2016-05-04,1095,0.008857
2016-05-04,1825,0.01233
2016-05-04,3650,0.017752
2016-05-04,10950,0.026322
2016-05-05,1,0.0037
2016-05-05,30,0.0018809999999999999
2016-05-05,91,0.001882
2016-05-05,182,0.0038090000000000003
2016-05-05,365,0.0051
2016-05-05,730,0.007181999999999999
2016-05-05,1095,0.008561
2016-05-05,1825,0.01202
2016-05-05,3650,0.017453
2016-05-05,10950,0.026029
2016-05-06,1,0.0037
2016-05-06,30,0.001983
2016-05-06,91,0.001933
2016-05-06,182,0.003758
2016-05-06,365,0.0051
2016-05-06,730,0.00734
2016-05-06,1095,0.008804
2016-05-06,1825,0.0123
2016-05-06,3650,0.017789
2016-05-06,10950,0.026276
2016-05-09,1,0.0037
2016-05-09,30,0.002084
2016-05-09,91,0.0021360000000000003
2016-05-09,182,0.003656
2016-05-09,365,0.0051
2016-05-09,730,0.0070599999999999994
2016-05-09,1095,0.00856
2016-05-09,1825,0.01194
2016-05-09,3650,0.017506999999999998
2016-05-09,10950,0.026083
2016-05-10,1,0.0037
2016-05-10,30,0.0023899999999999998
2016-05-10,91,0.002441
2016-05-10,182,0.003616
2016-05-10,365,0.0052
2016-05-10,730,0.00722
2016-05-10,1095,0.008641
2016-05-10,1825,0.0121
2016-05-10,3650,0.017613
2016-05-10,10950,0.026122
2016-05-11,1,0.0037
2016-05-11,30,0.0024909999999999997
2016-05-11,91,0.002543
2016-05-11,182,0.003616
2016-05-11,365,0.0053
2016-05-11,730,0.007279
2016-05-11,1095,0.008803
2016-05-11,1825,0.01202
2016-05-11,3650,0.017367
2016-05-11,10950,0.025807000000000004
2016-05-12,1,0.0037
2016-05-12,30,0.00244
2016-05-12,91,0.002645
2016-05-12,182,0.003565
2016-05-12,365,0.0054
2016-05-12,730,0.00754
2016-05-12,1095,0.009121
2016-05-12,1825,0.01237
2016-05-12,3650,0.017516
2016-05-12,10950,0.025983
2016-05-13,1,0.0037
2016-05-13,30,0.002186
2016-05-13,91,0.002645
2016-05-13,182,0.003616
2016-05-13,365,0.0055000000000000005
2016-05-13,730,0.007459
2016-05-13,1095,0.008962
2016-05-13,1825,0.01206
2016-05-13,3650,0.017001
2016-05-13,10950,0.025485999999999998
2016-05-16,1,0.0037
2016-05-16,30,0.0019320000000000001
2016-05-16,91,0.002645
2016-05-16,182,0.003513
2016-05-16,365,0.005699999999999999
2016-05-16,730,0.007863
2016-05-16,1095,0.009439999999999999
2016-05-16,1825,0.01262
2016-05-16,3650,0.017533
2016-05-16,10950,0.025956
2016-05-17,1,0.0037
2016-05-17,30,0.002084
2016-05-17,91,0.002849
2016-05-17,182,0.00386
2016-05-17,365,0.0058
2016-05-17,730,0.008309
2016-05-17,1095,0.009866
2016-05-17,1825,0.013009999999999999
2016-05-17,3650,0.017723
2016-05-17,10950,0.025994000000000003
2016-05-18,1,0.0037
2016-05-18,30,0.002339
2016-05-18,91,0.00295
2016-05-18,182,0.004216
2016-05-18,365,0.0063
2016-05-18,730,0.008918
2016-05-18,1095,0.01064
2016-05-18,1825,0.013859999999999999
2016-05-18,3650,0.018538
2016-05-18,10950,0.026595
2016-05-19,1,0.0037
2016-05-19,30,0.00244
2016-05-19,91,0.0030009999999999998
2016-05-19,182,0.004267
2016-05-19,365,0.0064
2016-05-19,730,0.008819
2016-05-19,1095,0.010508
2016-05-19,1825,0.01376
2016-05-19,3650,0.018487
2016-05-19,10950,0.026417000000000003
2016-05-20,1,0.0037
2016-05-20,30,0.0023899999999999998
2016-05-20,91,0.0030520000000000005
2016-05-20,182,0.0043690000000000005
2016-05-20,365,0.0067
2016-05-20,730,0.008763
2016-05-20,1095,0.010406
2016-05-20,1825,0.01363
2016-05-20,3650,0.018384
2016-05-20,10950,0.026286
2016-05-23,1,0.0037
2016-05-23,30,0.0023899999999999998
2016-05-23,91,0.003205
2016-05-23,182,0.004573
2016-05-23,365,0.0069
2016-05-23,730,0.008969
2016-05-23,1095,0.010568
2016-05-23,1825,0.01369
2016-05-23,3650,0.018349999999999998
2016-05-23,10950,0.026232000000000002
2016-05-24,1,0.0037
2016-05-24,30,0.0023899999999999998
2016-05-24,91,0.0034599999999999995
2016-05-24,182,0.004726
2016-05-24,365,0.0069
2016-05-24,730,0.009094
2016-05-24,1095,0.010785
2016-05-24,1825,0.01405
2016-05-24,3650,0.018629
2016-05-24,10950,0.02644
2016-05-25,1,0.0037
2016-05-25,30,0.0022370000000000003
2016-05-25,91,0.003256
2016-05-25,182,0.004573
2016-05-25,365,0.0067
2016-05-25,730,0.009185
2016-05-25,1095,0.010733
2016-05-25,1825,0.01402
2016-05-25,3650,0.018664
2016-05-25,10950,0.026634
2016-05-26,1,0.0037
2016-05-26,30,0.001576
2016-05-26,91,0.002849
2016-05-26,182,0.004471
2016-05-26,365,0.006500000000000001
2016-05-26,730,0.008671
2016-05-26,1095,0.010197000000000001
2016-05-26,1825,0.01348
2016-05-26,3650,0.018282
2016-05-26,10950,0.026409
2016-05-27,1,0.0037
2016-05-27,30,0.0021349999999999997
2016-05-27,91,0.0031030000000000003
2016-05-27,182,0.004725
2016-05-27,365,0.0068000000000000005
2016-05-27,730,0.009086
2016-05-27,1095,0.01058
2016-05-27,1825,0.013859999999999999
2016-05-27,3650,0.01851
2016-05-27,10950,0.026463999999999998
2016-05-30,1,0.0037
2016-05-30,30,0.0021349999999999997
2016-05-30,91,0.0031030000000000003
2016-05-30,182,0.004725
2016-05-30,365,0.0068000000000000005
2016-05-30,730,0.009086
2016-05-30,1095,0.01058
2016-05-30,1825,0.013859999999999999
2016-05-30,3650,0.01851
2016-05-30,10950,0.026463999999999998
2016-05-31,1,0.0029
2016-05-31,30,0.001779
2016-05-31,91,0.002849
2016-05-31,182,0.004471
2016-05-31,365,0.0068000000000000005
2016-05-31,730,0.00877
2016-05-31,1095,0.010310999999999999
2016-05-31,1825,0.01373
2016-05-31,3650,0.018458000000000002
2016-05-31,10950,0.026479
2016-06-01,1,0.0037
2016-06-01,30,0.002186
2016-06-01,91,0.002892
2016-06-01,182,0.004675
2016-06-01,365,0.006999999999999999
2016-06-01,730,0.008988000000000001
2016-06-01,1095,0.010475000000000002
2016-06-01,1825,0.01381
2016-06-01,3650,0.018354
2016-06-01,10950,0.026164
2016-06-02,1,0.0037
2016-06-02,30,0.001678
2016-06-02,91,0.0027389999999999997
2016-06-02,182,0.004624
2016-06-02,365,0.0068000000000000005
2016-06-02,730,0.008869
2016-06-02,1095,0.010233
2016-06-02,1825,0.01353
2016-06-02,3650,0.017988999999999998
2016-06-02,10950,0.025804999999999998
2016-06-03,1,0.0037
2016-06-03,30,0.001678
2016-06-03,91,0.0027900000000000004
2016-06-03,182,0.004064
2016-06-03,365,0.006
2016-06-03,730,0.007716
2016-06-03,1095,0.009127
2016-06-03,1825,0.01232
2016-06-03,3650,0.017004
2016-06-03,10950,0.025097
2016-06-06,1,0.0037
2016-06-06,30,0.001729
2016-06-06,91,0.002587
2016-06-06,182,0.004064
2016-06-06,365,0.006
2016-06-06,730,0.007953
2016-06-06,1095,0.009316999999999999
2016-06-06,1825,0.012509999999999999
2016-06-06,3650,0.017367
2016-06-06,10950,0.02557
2016-06-07,1,0.0037
2016-06-07,30,0.001983
2016-06-07,91,0.0026379999999999997
2016-06-07,182,0.004279
2016-06-07,365,0.0059
2016-06-07,730,0.007833
2016-06-07,1095,0.009209
2016-06-07,1825,0.01233
2016-06-07,3650,0.017177
2016-06-07,10950,0.025419
2016-06-08,1,0.0037
2016-06-08,30,0.0019320000000000001
2016-06-08,91,0.002333
2016-06-08,182,0.004177
2016-06-08,365,0.006
2016-06-08,730,0.007752
2016-06-08,1095,0.009306
2016-06-08,1825,0.012310000000000001
2016-06-08,3650,0.017022
2016-06-08,10950,0.025082
2016-06-09,1,0.0037
2016-06-09,30,0.002084
2016-06-09,91,0.002486
2016-06-09,182,0.004228
2016-06-09,365,0.0059
2016-06-09,730,0.00767
2016-06-09,1095,0.0092
2016-06-09,1825,0.01222
2016-06-09,3650,0.016867
2016-06-09,10950,0.024873
2016-06-10,1,0.0037
2016-06-10,30,0.00183
2016-06-10,91,0.002435
2016-06-10,182,0.004075
2016-06-10,365,0.005699999999999999
2016-06-10,730,0.007265000000000001
2016-06-10,1095,0.008776
2016-06-10,1825,0.01168
2016-06-10,3650,0.016404000000000002
2016-06-10,10950,0.024510999999999998
2016-06-13,1,0.0037
2016-06-13,30,0.001983
2016-06-13,91,0.002536
2016-06-13,182,0.003922
2016-06-13,365,0.0055000000000000005
2016-06-13,730,0.007143
2016-06-13,1095,0.008433000000000001
2016-06-13,1825,0.01127
2016-06-13,3650,0.016096
2016-06-13,10950,0.024262000000000002
2016-06-14,1,0.0037
2016-06-14,30,0.0021349999999999997
2016-06-14,91,0.002645
2016-06-14,182,0.003962
2016-06-14,365,0.0055000000000000005
2016-06-14,730,0.007221
2016-06-14,1095,0.008511999999999999
2016-06-14,1825,0.01139
2016-06-14,3650,0.01613
2016-06-14,10950,0.024232999999999998
2016-06-15,1,0.0037
2016-06-15,30,0.002186
2016-06-15,91,0.002543
2016-06-15,182,0.0035039999999999997
2016-06-15,365,0.0052
2016-06-15,730,0.006696
2016-06-15,1095,0.007904
2016-06-15,1825,0.01072
2016-06-15,3650,0.01572
2016-06-15,10950,0.024065
2016-06-16,1,0.0038
2016-06-16,30,0.0022370000000000003
2016-06-16,91,0.002543
2016-06-16,182,0.003402
2016-06-16,365,0.0053
2016-06-16,730,0.006854
2016-06-16,1095,0.008115
2016-06-16,1825,0.010920000000000001
2016-06-16,3650,0.015788
2016-06-16,10950,0.023963
2016-06-17,1,0.0038
2016-06-17,30,0.0021349999999999997
2016-06-17,91,0.002543
2016-06-17,182,0.003453
2016-06-17,365,0.0051
2016-06-17,730,0.006927
2016-06-17,1095,0.008272
2016-06-17,1825,0.01114
2016-06-17,3650,0.016078
2016-06-17,10950,0.024196
2016-06-20,1,0.0038
2016-06-20,30,0.0021349999999999997
2016-06-20,91,0.002492
2016-06-20,182,0.003758
2016-06-20,365,0.005600000000000001
2016-06-20,730,0.007451
2016-06-20,1095,0.00883
2016-06-20,1825,0.01183
2016-06-20,3650,0.016886
2016-06-20,10950,0.024954999999999998
2016-06-21,1,0.0038
2016-06-21,30,0.002186
2016-06-21,91,0.0026889999999999996
2016-06-21,182,0.004013
2016-06-21,365,0.005699999999999999
2016-06-21,730,0.0076300000000000005
2016-06-21,1095,0.00891
2016-06-21,1825,0.01199
2016-06-21,3650,0.017059
2016-06-21,10950,0.025119
2016-06-22,1,0.0038
2016-06-22,30,0.00244
2016-06-22,91,0.0026379999999999997
2016-06-22,182,0.003962
2016-06-22,365,0.005600000000000001
2016-06-22,730,0.0074329999999999995
2016-06-22,1095,0.00867
2016-06-22,1825,0.012
2016-06-22,3650,0.016852
2016-06-22,10950,0.024998999999999997
2016-06-23,1,0.0039000000000000003
2016-06-23,30,0.002644
2016-06-23,91,0.002841
2016-06-23,182,0.004267
2016-06-23,365,0.0058
2016-06-23,730,0.007788000000000001
2016-06-23,1095,0.00915
2016-06-23,1825,0.012580000000000001
2016-06-23,3650,0.017458
2016-06-23,10950,0.025547
2016-06-24,1,0.004
2016-06-24,30,0.002288
2016-06-24,91,0.002485
2016-06-24,182,0.003657
2016-06-24,365,0.0048
2016-06-24,730,0.00627
2016-06-24,1095,0.00739
2016-06-24,1825,0.010740000000000001
2016-06-24,3650,0.015599
2016-06-24,10950,0.024100999999999997
2016-06-27,1,0.0040999999999999995
2016-06-27,30,0.001983
2016-06-27,91,0.002435
2016-06-27,182,0.0033
2016-06-27,365,0.0045000000000000005
2016-06-27,730,0.005935
2016-06-27,1095,0.006883
2016-06-27,1825,0.00981
2016-06-27,3650,0.014377
2016-06-27,10950,0.022644
2016-06-28,1,0.0040999999999999995
2016-06-28,30,0.002034
2016-06-28,91,0.002536
2016-06-28,182,0.0033510000000000002
2016-06-28,365,0.0045000000000000005
2016-06-28,730,0.006131999999999999
2016-06-28,1095,0.007147
2016-06-28,1825,0.010089999999999998
2016-06-28,3650,0.014664
2016-06-28,10950,0.022749000000000002
2016-06-29,1,0.0040999999999999995
2016-06-29,30,0.001779
2016-06-29,91,0.002587
2016-06-29,182,0.003402
2016-06-29,365,0.0046
2016-06-29,730,0.006368
2016-06-29,1095,0.007466
2016-06-29,1825,0.01058
2016-06-29,3650,0.015155
2016-06-29,10950,0.023187000000000003
2016-06-30,1,0.003
2016-06-30,30,0.001678
2016-06-30,91,0.002587
2016-06-30,182,0.0035039999999999997
2016-06-30,365,0.0045000000000000005
2016-06-30,730,0.005817
2016-06-30,1095,0.0069310000000000005
2016-06-30,1825,0.01
2016-06-30,3650,0.014697
2016-06-30,10950,0.022847
2016-07-01,1,0.0040999999999999995
2016-07-01,30,0.0022370000000000003
2016-07-01,91,0.002536
2016-07-01,182,0.003402
2016-07-01,365,0.0045000000000000005
2016-07-01,730,0.005893000000000001
2016-07-01,1095,0.0069240000000000005
2016-07-01,1825,0.00995
2016-07-01,3650,0.014440999999999999
2016-07-01,10950,0.022253
2016-07-04,1,0.0040999999999999995
2016-07-04,30,0.0022370000000000003
2016-07-04,91,0.002536
2016-07-04,182,0.003402
2016-07-04,365,0.0045000000000000005
2016-07-04,730,0.005893000000000001
2016-07-04,1095,0.0069240000000000005
2016-07-04,1825,0.00995
2016-07-04,3650,0.014440999999999999
2016-07-04,10950,0.022253
2016-07-05,1,0.004
2016-07-05,30,0.0022370000000000003
2016-07-05,91,0.002435
2016-07-05,182,0.0033510000000000002
2016-07-05,365,0.0044
2016-07-05,730,0.005496999999999999
2016-07-05,1095,0.006495
2016-07-05,1825,0.009389999999999999
2016-07-05,3650,0.01375
2016-07-05,10950,0.021545
2016-07-06,1,0.004
2016-07-06,30,0.002644
2016-07-06,91,0.0026889999999999996
2016-07-06,182,0.003412
2016-07-06,365,0.0046
2016-07-06,730,0.005773
2016-07-06,1095,0.00668
2016-07-06,1825,0.009439999999999999
2016-07-06,3650,0.013682000000000001
2016-07-06,10950,0.021375
2016-07-07,1,0.004
2016-07-07,30,0.0026950000000000003
2016-07-07,91,0.002841
2016-07-07,182,0.003565
2016-07-07,365,0.004699999999999999
2016-07-07,730,0.005892
2016-07-07,1095,0.006893
2016-07-07,1825,0.00961
2016-07-07,3650,0.01385
2016-07-07,10950,0.021348
2016-07-08,1,0.004
2016-07-08,30,0.0024909999999999997
2016-07-08,91,0.0027389999999999997
2016-07-08,182,0.003667
2016-07-08,365,0.0048
2016-07-08,730,0.00605
2016-07-08,1095,0.006995
2016-07-08,1825,0.009479999999999999
2016-07-08,3650,0.013579
2016-07-08,10950,0.020983
2016-07-11,1,0.004
2016-07-11,30,0.002593
2016-07-11,91,0.0027900000000000004
2016-07-11,182,0.003769
2016-07-11,365,0.005
2016-07-11,730,0.00653
2016-07-11,1095,0.00756
2016-07-11,1825,0.01022
2016-07-11,3650,0.014303
2016-07-11,10950,0.021394000000000003
2016-07-12,1,0.004
2016-07-12,30,0.0026950000000000003
2016-07-12,91,0.0029
2016-07-12,182,0.0038090000000000003
2016-07-12,365,0.0052
2016-07-12,730,0.006891
2016-07-12,1095,0.008134
2016-07-12,1825,0.01087
2016-07-12,3650,0.0151
2016-07-12,10950,0.022237
2016-07-13,1,0.004
2016-07-13,30,0.002898
2016-07-13,91,0.0030009999999999998
2016-07-13,182,0.00386
2016-07-13,365,0.0051
2016-07-13,730,0.006651000000000001
2016-07-13,1095,0.007949000000000001
2016-07-13,1825,0.01061
2016-07-13,3650,0.014743
2016-07-13,10950,0.021721
2016-07-14,1,0.004
2016-07-14,30,0.002949
2016-07-14,91,0.0031030000000000003
2016-07-14,182,0.004115
2016-07-14,365,0.0053
2016-07-14,730,0.006732
2016-07-14,1095,0.008239999999999999
2016-07-14,1825,0.01097
2016-07-14,3650,0.015356000000000002
2016-07-14,10950,0.022523
2016-07-15,1,0.004
2016-07-15,30,0.00244
2016-07-15,91,0.0030009999999999998
2016-07-15,182,0.004114
2016-07-15,365,0.0052
2016-07-15,730,0.006674
2016-07-15,1095,0.008242000000000001
2016-07-15,1825,0.011049999999999999
2016-07-15,3650,0.015509
2016-07-15,10950,0.022654999999999998
2016-07-18,1,0.004
2016-07-18,30,0.002542
2016-07-18,91,0.00295
2016-07-18,182,0.004164999999999999
2016-07-18,365,0.0052
2016-07-18,730,0.0068969999999999995
2016-07-18,1095,0.008428
2016-07-18,1825,0.011319999999999998
2016-07-18,3650,0.015818000000000002
2016-07-18,10950,0.022944
2016-07-19,1,0.004
2016-07-19,30,0.0024909999999999997
2016-07-19,91,0.003095
2016-07-19,182,0.004267
2016-07-19,365,0.005600000000000001
2016-07-19,730,0.006898
2016-07-19,1095,0.00827
2016-07-19,1825,0.01111
2016-07-19,3650,0.015526
2016-07-19,10950,0.022669
2016-07-20,1,0.004
2016-07-20,30,0.002746
2016-07-20,91,0.003196
2016-07-20,182,0.004318
2016-07-20,365,0.005600000000000001
2016-07-20,730,0.007101
2016-07-20,1095,0.008483000000000001
2016-07-20,1825,0.011359999999999999
2016-07-20,3650,0.015801
2016-07-20,10950,0.022979
2016-07-21,1,0.004
2016-07-21,30,0.002746
2016-07-21,91,0.003095
2016-07-21,182,0.004216
2016-07-21,365,0.0054
2016-07-21,730,0.006777999999999999
2016-07-21,1095,0.008085
2016-07-21,1825,0.01095
2016-07-21,3650,0.015560000000000001
2016-07-21,10950,0.022907999999999998
2016-07-22,1,0.004
2016-07-22,30,0.0026950000000000003
2016-07-22,91,0.0031450000000000002
2016-07-22,182,0.004267
2016-07-22,365,0.0055000000000000005
2016-07-22,730,0.007025
2016-07-22,1095,0.008326
2016-07-22,1825,0.01118
2016-07-22,3650,0.015663
2016-07-22,10950,0.02283
2016-07-25,1,0.004
2016-07-25,30,0.002542
2016-07-25,91,0.003044
2016-07-25,182,0.004114
2016-07-25,365,0.0055000000000000005
2016-07-25,730,0.007332
2016-07-25,1095,0.008621
2016-07-25,1825,0.011399999999999999
2016-07-25,3650,0.015731
2016-07-25,10950,0.022872
2016-07-26,1,0.004
2016-07-26,30,0.002186
2016-07-26,91,0.003044
2016-07-26,182,0.004115
2016-07-26,365,0.0055000000000000005
2016-07-26,730,0.0075390000000000006
2016-07-26,1095,0.008595
2016-07-26,1825,0.01134
2016-07-26,3650,0.015611
2016-07-26,10950,0.02283
2016-07-27,1,0.004
2016-07-27,30,0.002339
2016-07-27,91,0.0027900000000000004
2016-07-27,182,0.003758
2016-07-27,365,0.0053
2016-07-27,730,0.007184
2016-07-27,1095,0.008141
2016-07-27,1825,0.01087
2016-07-27,3650,0.014976
2016-07-27,10950,0.022109999999999998
2016-07-28,1,0.004
2016-07-28,30,0.001678
2016-07-28,91,0.002384
2016-07-28,182,0.003657
2016-07-28,365,0.0053
2016-07-28,730,0.007066
2016-07-28,1095,0.008061
2016-07-28,1825,0.010860000000000002
2016-07-28,3650,0.015044
2016-07-28,10950,0.022317999999999998
2016-07-29,1,0.003
2016-07-29,30,0.001779
2016-07-29,91,0.002536
2016-07-29,182,0.003657
2016-07-29,365,0.005
2016-07-29,730,0.006554
2016-07-29,1095,0.007473
2016-07-29,1825,0.010249999999999999
2016-07-29,3650,0.014531
2016-07-29,10950,0.021827
2016-08-01,1,0.004
2016-08-01,30,0.0018809999999999999
2016-08-01,91,0.002536
2016-08-01,182,0.003758
2016-08-01,365,0.005
2016-08-01,730,0.006848
2016-08-01,1095,0.007849
2016-08-01,1825,0.01076
2016-08-01,3650,0.015214
2016-08-01,10950,0.022695
2016-08-02,1,0.004
2016-08-02,30,0.002034
2016-08-02,91,0.0026889999999999996
2016-08-02,182,0.003922
2016-08-02,365,0.005
2016-08-02,730,0.006788
2016-08-02,1095,0.007903
2016-08-02,1825,0.0109
2016-08-02,3650,0.015558
2016-08-02,10950,0.023069000000000003
2016-08-03,1,0.004
2016-08-03,30,0.002535
2016-08-03,91,0.0026379999999999997
2016-08-03,182,0.004024
2016-08-03,365,0.0053
2016-08-03,730,0.0066679999999999994
2016-08-03,1095,0.007795
2016-08-03,1825,0.010709999999999999
2016-08-03,3650,0.01542
2016-08-03,10950,0.022963
2016-08-04,1,0.004
2016-08-04,30,0.0022819999999999997
2016-08-04,91,0.002536
2016-08-04,182,0.003973
2016-08-04,365,0.0051
2016-08-04,730,0.00643
2016-08-04,1095,0.0075
2016-08-04,1825,0.010289999999999999
2016-08-04,3650,0.015007999999999999
2016-08-04,10950,0.02254
2016-08-05,1,0.004
2016-08-05,30,0.00218
2016-08-05,91,0.002587
2016-08-05,182,0.00433
2016-08-05,365,0.005600000000000001
2016-08-05,730,0.007221
2016-08-05,1095,0.008472
2016-08-05,1825,0.01137
2016-08-05,3650,0.015885
2016-08-05,10950,0.02314
2016-08-08,1,0.004
2016-08-08,30,0.002484
2016-08-08,91,0.002587
2016-08-08,182,0.004279
2016-08-08,365,0.005699999999999999
2016-08-08,730,0.00726
2016-08-08,1095,0.008527
2016-08-08,1825,0.01145
2016-08-08,3650,0.01592
2016-08-08,10950,0.023090000000000003
2016-08-09,1,0.004
2016-08-09,30,0.002383
2016-08-09,91,0.002798
2016-08-09,182,0.004318
2016-08-09,365,0.0055000000000000005
2016-08-09,730,0.0070999999999999995
2016-08-09,1095,0.008284
2016-08-09,1825,0.011080000000000001
2016-08-09,3650,0.01547
2016-08-09,10950,0.022616999999999998
2016-08-10,1,0.004
2016-08-10,30,0.002637
2016-08-10,91,0.002798
2016-08-10,182,0.004216
2016-08-10,365,0.0055000000000000005
2016-08-10,730,0.0068200000000000005
2016-08-10,1095,0.008002
2016-08-10,1825,0.01072
2016-08-10,3650,0.015074
2016-08-10,10950,0.022274
2016-08-11,1,0.004
2016-08-11,30,0.002687
2016-08-11,91,0.002798
2016-08-11,182,0.0043690000000000005
2016-08-11,365,0.0055000000000000005
2016-08-11,730,0.0074199999999999995
2016-08-11,1095,0.008662999999999999
2016-08-11,1825,0.01145
2016-08-11,3650,0.015593
2016-08-11,10950,0.022722000000000003
2016-08-12,1,0.004
2016-08-12,30,0.0025859999999999998
2016-08-12,91,0.002747
2016-08-12,182,0.004267
2016-08-12,365,0.005600000000000001
2016-08-12,730,0.007057
2016-08-12,1095,0.008213
2016-08-12,1825,0.01098
2016-08-12,3650,0.015135000000000001
2016-08-12,10950,0.022306
2016-08-15,1,0.004
2016-08-15,30,0.002484
2016-08-15,91,0.002849
2016-08-15,182,0.004318
2016-08-15,365,0.005600000000000001
2016-08-15,730,0.007258
2016-08-15,1095,0.008426
2016-08-15,1825,0.011359999999999999
2016-08-15,3650,0.015576000000000001
2016-08-15,10950,0.022825
2016-08-16,1,0.004
2016-08-16,30,0.002383
2016-08-16,91,0.0027389999999999997
2016-08-16,182,0.004471
2016-08-16,365,0.005699999999999999
2016-08-16,730,0.007459
2016-08-16,1095,0.008665
2016-08-16,1825,0.0116
2016-08-16,3650,0.015746
2016-08-16,10950,0.022978000000000002
2016-08-17,1,0.004
2016-08-17,30,0.0026950000000000003
2016-08-17,91,0.002942
2016-08-17,182,0.004471
2016-08-17,365,0.0058
2016-08-17,730,0.007257
2016-08-17,1095,0.00848
2016-08-17,1825,0.011319999999999998
2016-08-17,3650,0.015491
2016-08-17,10950,0.022594
2016-08-18,1,0.004
2016-08-18,30,0.0026950000000000003
2016-08-18,91,0.002942
2016-08-18,182,0.004318
2016-08-18,365,0.0058
2016-08-18,730,0.007014
2016-08-18,1095,0.008189
2016-08-18,1825,0.0111
2016-08-18,3650,0.015356000000000002
2016-08-18,10950,0.022601
2016-08-19,1,0.004
2016-08-19,30,0.002644
2016-08-19,91,0.002993
2016-08-19,182,0.0043690000000000005
2016-08-19,365,0.0059
2016-08-19,730,0.007459
2016-08-19,1095,0.008697
2016-08-19,1825,0.01165
2016-08-19,3650,0.015781
2016-08-19,10950,0.022869
2016-08-22,1,0.004
2016-08-22,30,0.0023899999999999998
2016-08-22,91,0.002892
2016-08-22,182,0.0043690000000000005
2016-08-22,365,0.0058
2016-08-22,730,0.007378
2016-08-22,1095,0.008511999999999999
2016-08-22,1825,0.011359999999999999
2016-08-22,3650,0.015424
2016-08-22,10950,0.022371
2016-08-23,1,0.004
2016-08-23,30,0.0023899999999999998
2016-08-23,91,0.002993
2016-08-23,182,0.004522
2016-08-23,365,0.0058
2016-08-23,730,0.007418
2016-08-23,1095,0.008566
2016-08-23,1825,0.011359999999999999
2016-08-23,3650,0.015458000000000001
2016-08-23,10950,0.022292
2016-08-24,1,0.004
2016-08-24,30,0.002738
2016-08-24,91,0.003146
2016-08-24,182,0.004471
2016-08-24,365,0.0059
2016-08-24,730,0.007618000000000001
2016-08-24,1095,0.008674
2016-08-24,1825,0.01145
2016-08-24,3650,0.015611
2016-08-24,10950,0.022471
2016-08-25,1,0.004
2016-08-25,30,0.002637
2016-08-25,91,0.003196
2016-08-25,182,0.004471
2016-08-25,365,0.006
2016-08-25,730,0.007894
2016-08-25,1095,0.008942
2016-08-25,1825,0.01161
2016-08-25,3650,0.015731
2016-08-25,10950,0.022629999999999997
2016-08-26,1,0.004
2016-08-26,30,0.002535
2016-08-26,91,0.0031450000000000002
2016-08-26,182,0.004573
2016-08-26,365,0.0062
2016-08-26,730,0.008428
2016-08-26,1095,0.009565
2016-08-26,1825,0.01237
2016-08-26,3650,0.016295999999999998
2016-08-26,10950,0.022869
2016-08-29,1,0.004
2016-08-29,30,0.0022819999999999997
2016-08-29,91,0.003095
2016-08-29,182,0.004674
2016-08-29,365,0.0062
2016-08-29,730,0.008052
2016-08-29,1095,0.009082
2016-08-29,1825,0.01169
2016-08-29,3650,0.015595000000000001
2016-08-29,10950,0.022142
2016-08-30,1,0.004
2016-08-30,30,0.0021290000000000002
2016-08-30,91,0.003247
2016-08-30,182,0.004624
2016-08-30,365,0.0060999999999999995
2016-08-30,730,0.007973000000000001
2016-08-30,1095,0.009056
2016-08-30,1825,0.011770000000000001
2016-08-30,3650,0.015663
2016-08-30,10950,0.022292
2016-08-31,1,0.003
2016-08-31,30,0.002687
2016-08-31,91,0.0032979999999999997
2016-08-31,182,0.004573
2016-08-31,365,0.0060999999999999995
2016-08-31,730,0.008053
2016-08-31,1095,0.00922
2016-08-31,1825,0.01198
2016-08-31,3650,0.0158
2016-08-31,10950,0.022320000000000003
2016-09-01,1,0.004
2016-09-01,30,0.002484
2016-09-01,91,0.003247
2016-09-01,182,0.004522
2016-09-01,365,0.006
2016-09-01,730,0.007816
2016-09-01,1095,0.009004999999999999
2016-09-01,1825,0.011810000000000001
2016-09-01,3650,0.015681
2016-09-01,10950,0.022299000000000003
2016-09-02,1,0.004
2016-09-02,30,0.002434
2016-09-02,91,0.003196
2016-09-02,182,0.004471
2016-09-02,365,0.0059
2016-09-02,730,0.007858
2016-09-02,1095,0.009092
2016-09-02,1825,0.01192
2016-09-02,3650,0.016024
2016-09-02,10950,0.022782
2016-09-05,1,0.004
2016-09-05,30,0.002434
2016-09-05,91,0.003196
2016-09-05,182,0.004471
2016-09-05,365,0.0059
2016-09-05,730,0.007858
2016-09-05,1095,0.009092
2016-09-05,1825,0.01192
2016-09-05,3650,0.016024
2016-09-05,10950,0.022782
2016-09-06,1,0.004
2016-09-06,30,0.002332
2016-09-06,91,0.003095
2016-09-06,182,0.0043690000000000005
2016-09-06,365,0.005600000000000001
2016-09-06,730,0.007280999999999999
2016-09-06,1095,0.008417000000000001
2016-09-06,1825,0.01118
2016-09-06,3650,0.01534
2016-09-06,10950,0.022241
2016-09-07,1,0.004
2016-09-07,30,0.002434
2016-09-07,91,0.003358
2016-09-07,182,0.004726
2016-09-07,365,0.005699999999999999
2016-09-07,730,0.00734
2016-09-07,1095,0.008553
2016-09-07,1825,0.011240000000000002
2016-09-07,3650,0.015390999999999998
2016-09-07,10950,0.022349
2016-09-08,1,0.004
2016-09-08,30,0.002383
2016-09-08,91,0.0034089999999999997
2016-09-08,182,0.004929
2016-09-08,365,0.005699999999999999
2016-09-08,730,0.007699
2016-09-08,1095,0.008961
2016-09-08,1825,0.011779999999999999
2016-09-08,3650,0.01599
2016-09-08,10950,0.023035999999999997
2016-09-09,1,0.004
2016-09-09,30,0.0022819999999999997
2016-09-09,91,0.003358
2016-09-09,182,0.005082
2016-09-09,365,0.0058
2016-09-09,730,0.007821
2016-09-09,1095,0.009237
2016-09-09,1825,0.012230000000000001
2016-09-09,3650,0.016749
2016-09-09,10950,0.023946000000000002
2016-09-12,1,0.004
2016-09-12,30,0.0021290000000000002
2016-09-12,91,0.003612
2016-09-12,182,0.005235
2016-09-12,365,0.005699999999999999
2016-09-12,730,0.007701
2016-09-12,1095,0.009075
2016-09-12,1825,0.011970000000000001
2016-09-12,3650,0.016629
2016-09-12,10950,0.023909
2016-09-13,1,0.004
2016-09-13,30,0.0020280000000000003
2016-09-13,91,0.003501
2016-09-13,182,0.005337
2016-09-13,365,0.0063
2016-09-13,730,0.007982
2016-09-13,1095,0.009491000000000001
2016-09-13,1825,0.01246
2016-09-13,3650,0.017271
2016-09-13,10950,0.024634
2016-09-14,1,0.004
2016-09-14,30,0.002288
2016-09-14,91,0.003196
2016-09-14,182,0.005082
2016-09-14,365,0.0062
2016-09-14,730,0.00758
2016-09-14,1095,0.009015
2016-09-14,1825,0.01207
2016-09-14,3650,0.016976
2016-09-14,10950,0.024497
2016-09-15,1,0.004
2016-09-15,30,0.002034
2016-09-15,91,0.002841
2016-09-15,182,0.004777
2016-09-15,365,0.006
2016-09-15,730,0.007258
2016-09-15,1095,0.008671
2016-09-15,1825,0.0118
2016-09-15,3650,0.016907000000000002
2016-09-15,10950,0.024627
2016-09-16,1,0.004
2016-09-16,30,0.00183
2016-09-16,91,0.0027900000000000004
2016-09-16,182,0.0048270000000000006
2016-09-16,365,0.0060999999999999995
2016-09-16,730,0.007621
2016-09-16,1095,0.009015
2016-09-16,1825,0.01199
2016-09-16,3650,0.016926
2016-09-16,10950,0.024451999999999998
2016-09-19,1,0.004
2016-09-19,30,0.001322
2016-09-19,91,0.002485
2016-09-19,182,0.004674
2016-09-19,365,0.006
2016-09-19,730,0.007784
2016-09-19,1095,0.009255
2016-09-19,1825,0.012199999999999999
2016-09-19,3650,0.017118
2016-09-19,10950,0.024551
2016-09-20,1,0.004
2016-09-20,30,0.001017
2016-09-20,91,0.002892
2016-09-20,182,0.00498
2016-09-20,365,0.0060999999999999995
2016-09-20,730,0.007743
2016-09-20,1095,0.009149000000000001
2016-09-20,1825,0.01201
2016-09-20,3650,0.016892
2016-09-20,10950,0.024316
2016-09-21,1,0.004
2016-09-21,30,0.0010140000000000001
2016-09-21,91,0.002029
2016-09-21,182,0.004166
2016-09-21,365,0.0060999999999999995
2016-09-21,730,0.007744
2016-09-21,1095,0.009123
2016-09-21,1825,0.01188
2016-09-21,3650,0.016511
2016-09-21,10950,0.023738000000000002
2016-09-22,1,0.004
2016-09-22,30,0.0007599999999999999
2016-09-22,91,0.001674
2016-09-22,182,0.00386
2016-09-22,365,0.006
2016-09-22,730,0.007703
2016-09-22,1095,0.009043
2016-09-22,1825,0.01165
2016-09-22,3650,0.016183
2016-09-22,10950,0.023353000000000002
2016-09-23,1,0.004
2016-09-23,30,0.0007599999999999999
2016-09-23,91,0.001674
2016-09-23,182,0.003911
2016-09-23,365,0.006
2016-09-23,730,0.00754
2016-09-23,1095,0.008857
2016-09-23,1825,0.01157
2016-09-23,3650,0.016184
2016-09-23,10950,0.023471000000000002
2016-09-26,1,0.004
2016-09-26,30,0.0010140000000000001
2016-09-26,91,0.0018260000000000001
2016-09-26,182,0.003962
2016-09-26,365,0.0058
2016-09-26,730,0.0073360000000000005
2016-09-26,1095,0.008563
2016-09-26,1825,0.01119
2016-09-26,3650,0.015839000000000002
2016-09-26,10950,0.023205
2016-09-27,1,0.004
2016-09-27,30,0.001166
2016-09-27,91,0.002536
2016-09-27,182,0.004217
2016-09-27,365,0.0058
2016-09-27,730,0.007421
2016-09-27,1095,0.008509
2016-09-27,1825,0.01113
2016-09-27,3650,0.015564
2016-09-27,10950,0.022774000000000003
2016-09-28,1,0.004
2016-09-28,30,0.001166
2016-09-28,91,0.0027389999999999997
2016-09-28,182,0.00442
2016-09-28,365,0.006
2016-09-28,730,0.007559
2016-09-28,1095,0.008616
2016-09-28,1825,0.01135
2016-09-28,3650,0.015719
2016-09-28,10950,0.022913000000000003
2016-09-29,1,0.004
2016-09-29,30,0.000963
2016-09-29,91,0.002536
2016-09-29,182,0.004216
2016-09-29,365,0.0059
2016-09-29,730,0.007342
2016-09-29,1095,0.008375
2016-09-29,1825,0.01118
2016-09-29,3650,0.015599
2016-09-29,10950,0.022767
2016-09-30,1,0.0029
2016-09-30,30,0.001825
2016-09-30,91,0.0027389999999999997
2016-09-30,182,0.004318
2016-09-30,365,0.0059
2016-09-30,730,0.007619
2016-09-30,1095,0.00875
2016-09-30,1825,0.0115
2016-09-30,3650,0.015944
2016-09-30,10950,0.023153999999999997
2016-10-03,1,0.004
2016-10-03,30,0.00218
2016-10-03,91,0.002993
2016-10-03,182,0.00442
2016-10-03,365,0.0063
2016-10-03,730,0.007916
2016-10-03,1095,0.009019000000000001
2016-10-03,1825,0.01179
2016-10-03,3650,0.016221
2016-10-03,10950,0.023397
2016-10-04,1,0.004
2016-10-04,30,0.002535
2016-10-04,91,0.003205
2016-10-04,182,0.004777
2016-10-04,365,0.0064
2016-10-04,730,0.008215
2016-10-04,1095,0.009424
2016-10-04,1825,0.01228
2016-10-04,3650,0.016864
2016-10-04,10950,0.024098
2016-10-05,1,0.004
2016-10-05,30,0.002535
2016-10-05,91,0.003205
2016-10-05,182,0.004624
2016-10-05,365,0.006500000000000001
2016-10-05,730,0.008316
2016-10-05,1095,0.009586
2016-10-05,1825,0.01244
2016-10-05,3650,0.017020999999999998
2016-10-05,10950,0.024234
2016-10-06,1,0.004
2016-10-06,30,0.002383
2016-10-06,91,0.003205
2016-10-06,182,0.004573
2016-10-06,365,0.006500000000000001
2016-10-06,730,0.008496
2016-10-06,1095,0.009885
2016-10-06,1825,0.01278
2016-10-06,3650,0.017372000000000002
2016-10-06,10950,0.024538
2016-10-07,1,0.004
2016-10-07,30,0.002383
2016-10-07,91,0.003154
2016-10-07,182,0.004522
2016-10-07,365,0.0066
2016-10-07,730,0.008301
2016-10-07,1095,0.00978
2016-10-07,1825,0.01256
2016-10-07,3650,0.017181
2016-10-07,10950,0.024508000000000002
2016-10-10,1,0.004
2016-10-10,30,0.002383
2016-10-10,91,0.003154
2016-10-10,182,0.004522
2016-10-10,365,0.0066
2016-10-10,730,0.008301
2016-10-10,1095,0.00978
2016-10-10,1825,0.01256
2016-10-10,3650,0.017181
2016-10-10,10950,0.024508000000000002
2016-10-11,1,0.0040999999999999995
2016-10-11,30,0.002383
2016-10-11,91,0.003307
2016-10-11,182,0.004573
2016-10-11,365,0.0069
2016-10-11,730,0.008664
2016-10-11,1095,0.010162
2016-10-11,1825,0.01295
2016-10-11,3650,0.017638
2016-10-11,10950,0.025013999999999998
2016-10-12,1,0.0040999999999999995
2016-10-12,30,0.0024909999999999997
2016-10-12,91,0.0033989999999999997
2016-10-12,182,0.004726
2016-10-12,365,0.0068000000000000005
2016-10-12,730,0.008585
2016-10-12,1095,0.010109
2016-10-12,1825,0.012920000000000001
2016-10-12,3650,0.017692
2016-10-12,10950,0.024991
2016-10-13,1,0.0040999999999999995
2016-10-13,30,0.00244
2016-10-13,91,0.002841
2016-10-13,182,0.0043690000000000005
2016-10-13,365,0.0066
2016-10-13,730,0.008345
2016-10-13,1095,0.009947000000000001
2016-10-13,1825,0.012589999999999999
2016-10-13,3650,0.017411
2016-10-13,10950,0.024768
2016-10-14,1,0.0040999999999999995
2016-10-14,30,0.00244
2016-10-14,91,0.002892
2016-10-14,182,0.00442
2016-10-14,365,0.0066
2016-10-14,730,0.008348
2016-10-14,1095,0.010027
2016-10-14,1825,0.01287
2016-10-14,3650,0.017977
2016-10-14,10950,0.025583
2016-10-17,1,0.0040999999999999995
2016-10-17,30,0.002186
2016-10-17,91,0.002993
2016-10-17,182,0.0043690000000000005
2016-10-17,365,0.006500000000000001
2016-10-17,730,0.008147
2016-10-17,1095,0.009734
2016-10-17,1825,0.012549999999999999
2016-10-17,3650,0.01766
2016-10-17,10950,0.025216
2016-10-18,1,0.0040999999999999995
2016-10-18,30,0.0022370000000000003
2016-10-18,91,0.0033489999999999995
2016-10-18,182,0.004675
2016-10-18,365,0.0066
2016-10-18,730,0.007986
2016-10-18,1095,0.009548
2016-10-18,1825,0.01225
2016-10-18,3650,0.017379
2016-10-18,10950,0.025054
2016-10-19,1,0.0040999999999999995
2016-10-19,30,0.002332
2016-10-19,91,0.0032979999999999997
2016-10-19,182,0.004624
2016-10-19,365,0.006500000000000001
2016-10-19,730,0.007946
2016-10-19,1095,0.009521
2016-10-19,1825,0.012270000000000001
2016-10-19,3650,0.017432
2016-10-19,10950,0.025068999999999998
2016-10-20,1,0.0040999999999999995
2016-10-20,30,0.0022819999999999997
2016-10-20,91,0.0032979999999999997
2016-10-20,182,0.004624
2016-10-20,365,0.0066
2016-10-20,730,0.00819
2016-10-20,1095,0.009787
2016-10-20,1825,0.01253
2016-10-20,3650,0.017556000000000002
2016-10-20,10950,0.025039
2016-10-21,1,0.0040999999999999995
2016-10-21,30,0.002332
2016-10-21,91,0.003247
2016-10-21,182,0.004573
2016-10-21,365,0.0066
2016-10-21,730,0.008234
2016-10-21,1095,0.009786
2016-10-21,1825,0.01244
2016-10-21,3650,0.017346999999999998
2016-10-21,10950,0.024846
2016-10-24,1,0.0040999999999999995
2016-10-24,30,0.001977
2016-10-24,91,0.003196
2016-10-24,182,0.004624
2016-10-24,365,0.0066
2016-10-24,730,0.008399
2016-10-24,1095,0.009946
2016-10-24,1825,0.01275
2016-10-24,3650,0.017647
2016-10-24,10950,0.025171000000000002
2016-10-25,1,0.0040999999999999995
2016-10-25,30,0.0020280000000000003
2016-10-25,91,0.0032979999999999997
2016-10-25,182,0.004777
2016-10-25,365,0.0066
2016-10-25,730,0.008523
2016-10-25,1095,0.009946
2016-10-25,1825,0.01275
2016-10-25,3650,0.01756
2016-10-25,10950,0.024985
2016-10-26,1,0.0040999999999999995
2016-10-26,30,0.002332
2016-10-26,91,0.003247
2016-10-26,182,0.004726
2016-10-26,365,0.0067
2016-10-26,730,0.008685
2016-10-26,1095,0.010134
2016-10-26,1825,0.013049999999999999
2016-10-26,3650,0.017931
2016-10-26,10950,0.025412
2016-10-27,1,0.0040999999999999995
2016-10-27,30,0.001724
2016-10-27,91,0.002841
2016-10-27,182,0.004828
2016-10-27,365,0.0068000000000000005
2016-10-27,730,0.008863
2016-10-27,1095,0.010375
2016-10-27,1825,0.01348
2016-10-27,3650,0.018536
2016-10-27,10950,0.026137999999999998
2016-10-28,1,0.0040999999999999995
2016-10-28,30,0.001572
2016-10-28,91,0.0027900000000000004
2016-10-28,182,0.0048270000000000006
2016-10-28,365,0.0066
2016-10-28,730,0.008526
2016-10-28,1095,0.010027
2016-10-28,1825,0.01325
2016-10-28,3650,0.018468
2016-10-28,10950,0.026154
2016-10-31,1,0.0031
2016-10-31,30,0.0016220000000000002
2016-10-31,91,0.002993
2016-10-31,182,0.004929
2016-10-31,365,0.0066
2016-10-31,730,0.008409
2016-10-31,1095,0.009892
2016-10-31,1825,0.013080000000000001
2016-10-31,3650,0.018255
2016-10-31,10950,0.025798
2016-11-01,1,0.0040999999999999995
2016-11-01,30,0.0019270000000000001
2016-11-01,91,0.0035110000000000002
2016-11-01,182,0.005031
2016-11-01,365,0.006500000000000001
2016-11-01,730,0.008310999999999999
2016-11-01,1095,0.009838
2016-11-01,1825,0.012929999999999999
2016-11-01,3650,0.018274
2016-11-01,10950,0.025774
2016-11-02,1,0.0040999999999999995
2016-11-02,30,0.0022819999999999997
2016-11-02,91,0.003612
2016-11-02,182,0.005082
2016-11-02,365,0.0064
2016-11-02,730,0.008174
2016-11-02,1095,0.009649
2016-11-02,1825,0.01264
2016-11-02,3650,0.018025
2016-11-02,10950,0.025672
2016-11-03,1,0.0040999999999999995
2016-11-03,30,0.002231
2016-11-03,91,0.003663
2016-11-03,182,0.005082
2016-11-03,365,0.0064
2016-11-03,730,0.008055
2016-11-03,1095,0.009595
2016-11-03,1825,0.01265
2016-11-03,3650,0.018115000000000003
2016-11-03,10950,0.026004
2016-11-04,1,0.0040999999999999995
2016-11-04,30,0.002383
2016-11-04,91,0.003663
2016-11-04,182,0.005082
2016-11-04,365,0.0062
2016-11-04,730,0.007838000000000001
2016-11-04,1095,0.009351
2016-11-04,1825,0.01233
2016-11-04,3650,0.017762
2016-11-04,10950,0.02561
2016-11-07,1,0.0040999999999999995
2016-11-07,30,0.0025859999999999998
2016-11-07,91,0.00402
2016-11-07,182,0.005235
2016-11-07,365,0.0063
2016-11-07,730,0.008178
2016-11-07,1095,0.009756
2016-11-07,1825,0.01288
2016-11-07,3650,0.018261
2016-11-07,10950,0.026021000000000002
2016-11-08,1,0.0040999999999999995
2016-11-08,30,0.002637
2016-11-08,91,0.004161000000000001
2016-11-08,182,0.00549
2016-11-08,365,0.0070999999999999995
2016-11-08,730,0.008539
2016-11-08,1095,0.010162
2016-11-08,1825,0.013269999999999999
2016-11-08,3650,0.018547
2016-11-08,10950,0.026156000000000002
2016-11-09,1,0.0040999999999999995
2016-11-09,30,0.002847
2016-11-09,91,0.004263
2016-11-09,182,0.005541000000000001
2016-11-09,365,0.0072
2016-11-09,730,0.008901
2016-11-09,1095,0.011142
2016-11-09,1825,0.01473
2016-11-09,3650,0.020571000000000002
2016-11-09,10950,0.028456000000000002
2016-11-10,1,0.0040999999999999995
2016-11-10,30,0.002898
2016-11-10,91,0.0046689999999999995
2016-11-10,182,0.005796
2016-11-10,365,0.0072
2016-11-10,730,0.009151
2016-11-10,1095,0.011674
2016-11-10,1825,0.01558
2016-11-10,3650,0.021501000000000003
2016-11-10,10950,0.029549
2016-11-11,1,0.0040999999999999995
2016-11-11,30,0.002898
2016-11-11,91,0.0046689999999999995
2016-11-11,182,0.005796
2016-11-11,365,0.0072
2016-11-11,730,0.009151
2016-11-11,1095,0.011674
2016-11-11,1825,0.01558
2016-11-11,3650,0.021501000000000003
2016-11-11,10950,0.02935
2016-11-14,1,0.0040999999999999995
2016-11-14,30,0.0027960000000000003
2016-11-14,91,0.0051259999999999995
2016-11-14,182,0.006253999999999999
2016-11-14,365,0.0077
2016-11-14,730,0.010022999999999999
2016-11-14,1095,0.012796
2016-11-14,1825,0.01683
2016-11-14,3650,0.022614000000000002
2016-11-14,10950,0.030116999999999998
2016-11-15,1,0.0040999999999999995
2016-11-15,30,0.002898
2016-11-15,91,0.004822
2016-11-15,182,0.006102
2016-11-15,365,0.0078000000000000005
2016-11-15,730,0.009926
2016-11-15,1095,0.012691
2016-11-15,1825,0.0166
2016-11-15,3650,0.022189
2016-11-15,10950,0.029554999999999998
2016-11-16,1,0.0040999999999999995
2016-11-16,30,0.0030420000000000004
2016-11-16,91,0.004568
2016-11-16,182,0.006051
2016-11-16,365,0.0076
2016-11-16,730,0.010051000000000001
2016-11-16,1095,0.012774
2016-11-16,1825,0.01672
2016-11-16,3650,0.022225
2016-11-16,10950,0.029221
2016-11-17,1,0.0040999999999999995
2016-11-17,30,0.002789
2016-11-17,91,0.004263
2016-11-17,182,0.006102
2016-11-17,365,0.0077
2016-11-17,730,0.010461
2016-11-17,1095,0.013233
2016-11-17,1825,0.01737
2016-11-17,3650,0.023026
2016-11-17,10950,0.030116999999999998
2016-11-18,1,0.0040999999999999995
2016-11-18,30,0.002738
2016-11-18,91,0.004313
2016-11-18,182,0.00605
2016-11-18,365,0.0077
2016-11-18,730,0.010678
2016-11-18,1095,0.013565
2016-11-18,1825,0.01798
2016-11-18,3650,0.023548
2016-11-18,10950,0.030296
2016-11-21,1,0.0040999999999999995
2016-11-21,30,0.0025859999999999998
2016-11-21,91,0.004313
2016-11-21,182,0.0058460000000000005
2016-11-21,365,0.0078000000000000005
2016-11-21,730,0.010683
2016-11-21,1095,0.013407
2016-11-21,1825,0.0177
2016-11-21,3650,0.023153999999999997
2016-11-21,10950,0.029924
2016-11-22,1,0.0040999999999999995
2016-11-22,30,0.0022819999999999997
2016-11-22,91,0.004822
2016-11-22,182,0.006051
2016-11-22,365,0.0078000000000000005
2016-11-22,730,0.010870999999999999
2016-11-22,1095,0.013464
2016-11-22,1825,0.017769999999999998
2016-11-22,3650,0.023119
2016-11-22,10950,0.029996000000000002
2016-11-23,1,0.0040999999999999995
2016-11-23,30,0.003245
2016-11-23,91,0.004923
2016-11-23,182,0.0062039999999999994
2016-11-23,365,0.008
2016-11-23,730,0.011228
2016-11-23,1095,0.01393
2016-11-23,1825,0.01833
2016-11-23,3650,0.023498
2016-11-23,10950,0.030207
2016-11-24,1,0.0040999999999999995
2016-11-24,30,0.003245
2016-11-24,91,0.004923
2016-11-24,182,0.0062039999999999994
2016-11-24,365,0.008
2016-11-24,730,0.011228
2016-11-24,1095,0.01393
2016-11-24,1825,0.01833
2016-11-24,3650,0.023498
2016-11-24,10950,0.030207
2016-11-25,1,0.0040999999999999995
2016-11-25,30,0.003296
2016-11-25,91,0.004923
2016-11-25,182,0.006202999999999999
2016-11-25,365,0.008100000000000001
2016-11-25,730,0.011168
2016-11-25,1095,0.013940999999999999
2016-11-25,1825,0.01836
2016-11-25,3650,0.023572000000000003
2016-11-25,10950,0.030045000000000002
2016-11-28,1,0.0040999999999999995
2016-11-28,30,0.0028899999999999998
2016-11-28,91,0.004618
2016-11-28,182,0.005897
2016-11-28,365,0.0079
2016-11-28,730,0.01099
2016-11-28,1095,0.013590999999999999
2016-11-28,1825,0.0179
2016-11-28,3650,0.023124
2016-11-28,10950,0.029754999999999997
2016-11-29,1,0.0040999999999999995
2016-11-29,30,0.002434
2016-11-29,91,0.004771
2016-11-29,182,0.005948999999999999
2016-11-29,365,0.0078000000000000005
2016-11-29,730,0.010870999999999999
2016-11-29,1095,0.013404000000000001
2016-11-29,1825,0.01775
2016-11-29,3650,0.02291
2016-11-29,10950,0.029459
2016-11-30,1,0.0031
2016-11-30,30,0.0036
2016-11-30,91,0.004771
2016-11-30,182,0.006051
2016-11-30,365,0.008
2016-11-30,730,0.01113
2016-11-30,1095,0.013925
2016-11-30,1825,0.01843
2016-11-30,3650,0.023809
2016-11-30,10950,0.030337
2016-12-01,1,0.0040999999999999995
2016-12-01,30,0.003195
2016-12-01,91,0.0046689999999999995
2016-12-01,182,0.006
2016-12-01,365,0.008199999999999999
2016-12-01,730,0.011470000000000001
2016-12-01,1095,0.014365000000000001
2016-12-01,1825,0.01899
2016-12-01,3650,0.024481000000000003
2016-12-01,10950,0.031084999999999998
2016-12-02,1,0.0040999999999999995
2016-12-02,30,0.003144
2016-12-02,91,0.004618
2016-12-02,182,0.00605
2016-12-02,365,0.008
2016-12-02,730,0.010957
2016-12-02,1095,0.013774999999999999
2016-12-02,1825,0.01822
2016-12-02,3650,0.023831
2016-12-02,10950,0.030615
2016-12-05,1,0.0040999999999999995
2016-12-05,30,0.0028899999999999998
2016-12-05,91,0.004618
2016-12-05,182,0.00605
2016-12-05,365,0.008199999999999999
2016-12-05,730,0.011198
2016-12-05,1095,0.014025000000000001
2016-12-05,1825,0.01846
2016-12-05,3650,0.023941
2016-12-05,10950,0.03064
2016-12-06,1,0.0040999999999999995
2016-12-06,30,0.003296
2016-12-06,91,0.004873
2016-12-06,182,0.0062039999999999994
2016-12-06,365,0.0083
2016-12-06,730,0.011139
2016-12-06,1095,0.013918999999999999
2016-12-06,1825,0.018349999999999998
2016-12-06,3650,0.023887000000000002
2016-12-06,10950,0.030788000000000003
2016-12-07,1,0.0040999999999999995
2016-12-07,30,0.00361
2016-12-07,91,0.004974
2016-12-07,182,0.0062039999999999994
2016-12-07,365,0.0085
2016-12-07,730,0.01094
2016-12-07,1095,0.013594
2016-12-07,1825,0.0179
2016-12-07,3650,0.023401
2016-12-07,10950,0.030224
2016-12-08,1,0.0040999999999999995
2016-12-08,30,0.0036609999999999998
2016-12-08,91,0.005024999999999999
2016-12-08,182,0.006153
2016-12-08,365,0.0084
2016-12-08,730,0.011102
2016-12-08,1095,0.013871
2016-12-08,1825,0.01838
2016-12-08,3650,0.024071
2016-12-08,10950,0.031053
2016-12-09,1,0.0040999999999999995
2016-12-09,30,0.0038129999999999995
2016-12-09,91,0.0053300000000000005
2016-12-09,182,0.006305
2016-12-09,365,0.0085
2016-12-09,730,0.011329
2016-12-09,1095,0.014213
2016-12-09,1825,0.01891
2016-12-09,3650,0.024675
2016-12-09,10950,0.031529
2016-12-12,1,0.0040999999999999995
2016-12-12,30,0.004017
2016-12-12,91,0.005024999999999999
2016-12-12,182,0.0061519999999999995
2016-12-12,365,0.0085
2016-12-12,730,0.011411
2016-12-12,1095,0.014051000000000001
2016-12-12,1825,0.01887
2016-12-12,3650,0.024712
2016-12-12,10950,0.031538
2016-12-13,1,0.0040999999999999995
2016-12-13,30,0.0043219999999999995
2016-12-13,91,0.0053300000000000005
2016-12-13,182,0.00651
2016-12-13,365,0.0088
2016-12-13,730,0.011636
2016-12-13,1095,0.014632000000000001
2016-12-13,1825,0.0191
2016-12-13,3650,0.024713
2016-12-13,10950,0.031312
2016-12-14,1,0.0040999999999999995
2016-12-14,30,0.004767
2016-12-14,91,0.0053300000000000005
2016-12-14,182,0.006561
2016-12-14,365,0.0092
2016-12-14,730,0.012673
2016-12-14,1095,0.015811
2016-12-14,1825,0.020489999999999998
2016-12-14,3650,0.025707
2016-12-14,10950,0.031799
2016-12-15,1,0.0066
2016-12-15,30,0.0045639999999999995
2016-12-15,91,0.004974
2016-12-15,182,0.0064080000000000005
2016-12-15,365,0.0091
2016-12-15,730,0.012738000000000001
2016-12-15,1095,0.016135999999999998
2016-12-15,1825,0.02089
2016-12-15,3650,0.025966999999999997
2016-12-15,10950,0.031622
2016-12-16,1,0.0066
2016-12-16,30,0.004513
2016-12-16,91,0.004923
2016-12-16,182,0.0063560000000000005
2016-12-16,365,0.0091
2016-12-16,730,0.012524
2016-12-16,1095,0.015953
2016-12-16,1825,0.020659999999999998
2016-12-16,3650,0.025916
2016-12-16,10950,0.031741
2016-12-19,1,0.0066
2016-12-19,30,0.004259
2016-12-19,91,0.0048720000000000005
2016-12-19,182,0.0061519999999999995
2016-12-19,365,0.009000000000000001
2016-12-19,730,0.012221
2016-12-19,1095,0.015496000000000001
2016-12-19,1825,0.02023
2016-12-19,3650,0.025382
2016-12-19,10950,0.031204
2016-12-20,1,0.0066
2016-12-20,30,0.004361
2016-12-20,91,0.005076000000000001
2016-12-20,182,0.006459
2016-12-20,365,0.009000000000000001
2016-12-20,730,0.012163
2016-12-20,1095,0.015579
2016-12-20,1825,0.0204
2016-12-20,3650,0.025586
2016-12-20,10950,0.031396
2016-12-21,1,0.0066
2016-12-21,30,0.004361
2016-12-21,91,0.005024999999999999
2016-12-21,182,0.0064080000000000005
2016-12-21,365,0.0088
2016-12-21,730,0.011878999999999999
2016-12-21,1095,0.015283999999999999
2016-12-21,1825,0.0202
2016-12-21,3650,0.025348000000000002
2016-12-21,10950,0.031079
2016-12-22,1,0.0066
2016-12-22,30,0.004006
2016-12-22,91,0.005024999999999999
2016-12-22,182,0.006459
2016-12-22,365,0.0087
2016-12-22,730,0.011923
2016-12-22,1095,0.015392999999999999
2016-12-22,1825,0.02035
2016-12-22,3650,0.025515
2016-12-22,10950,0.031271
2016-12-23,1,0.0066
2016-12-23,30,0.004057
2016-12-23,91,0.005076000000000001
2016-12-23,182,0.006458
2016-12-23,365,0.0087
2016-12-23,730,0.012016
2016-12-23,1095,0.015371999999999999
2016-12-23,1825,0.02025
2016-12-23,3650,0.025373
2016-12-23,10950,0.031138
2016-12-26,1,0.0066
2016-12-26,30,0.004057
2016-12-26,91,0.005076000000000001
2016-12-26,182,0.006458
2016-12-26,365,0.0087
2016-12-26,730,0.012016
2016-12-26,1095,0.015371999999999999
2016-12-26,1825,0.02025
2016-12-26,3650,0.025373
2016-12-26,10950,0.031138
2016-12-27,1,0.0066
2016-12-27,30,0.004614
2016-12-27,91,0.0051259999999999995
2016-12-27,182,0.006407
2016-12-27,365,0.0089
2016-12-27,730,0.012266999999999998
2016-12-27,1095,0.015617
2016-12-27,1825,0.020560000000000002
2016-12-27,3650,0.025596
2016-12-27,10950,0.03133
2016-12-28,1,0.0066
2016-12-28,30,0.004412
2016-12-28,91,0.005076000000000001
2016-12-28,182,0.006102
2016-12-28,365,0.009000000000000001
2016-12-28,730,0.01254
2016-12-28,1095,0.015239
2016-12-28,1825,0.01997
2016-12-28,3650,0.02508
2016-12-28,10950,0.030931
2016-12-29,1,0.0066
2016-12-29,30,0.0036
2016-12-29,91,0.004466
2016-12-29,182,0.006051
2016-12-29,365,0.0085
2016-12-29,730,0.012121999999999999
2016-12-29,1095,0.014697
2016-12-29,1825,0.01955
2016-12-29,3650,0.02475
2016-12-29,10950,0.03079
2016-12-30,1,0.0055000000000000005
2016-12-30,30,0.004158
2016-12-30,91,0.004974
2016-12-30,182,0.006101
2016-12-30,365,0.0085
2016-12-30,730,0.011883
2016-12-30,1095,0.01451
2016-12-30,1825,0.01928
2016-12-30,3650,0.024443000000000003
2016-12-30,10950,0.030651
2017-01-02,1,0.0055000000000000005
2017-01-02,30,0.004158
2017-01-02,91,0.004974
2017-01-02,182,0.006101
2017-01-02,365,0.0085
2017-01-02,730,0.011883
2017-01-02,1095,0.01451
2017-01-02,1825,0.01928
2017-01-02,3650,0.024443000000000003
2017-01-02,10950,0.030651
2017-01-03,1,0.0066
2017-01-03,30,0.004361
2017-01-03,91,0.0048720000000000005
2017-01-03,182,0.0061519999999999995
2017-01-03,365,0.0089
2017-01-03,730,0.012140999999999999
2017-01-03,1095,0.014783
2017-01-03,1825,0.01943
2017-01-03,3650,0.024444
2017-01-03,10950,0.030462
2017-01-04,1,0.0066
2017-01-04,30,0.004830999999999999
2017-01-04,91,0.005279000000000001
2017-01-04,182,0.0062039999999999994
2017-01-04,365,0.0087
2017-01-04,730,0.01214
2017-01-04,1095,0.014757
2017-01-04,1825,0.01931
2017-01-04,3650,0.024390000000000002
2017-01-04,10950,0.030396999999999997
2017-01-05,1,0.0066
2017-01-05,30,0.004882
2017-01-05,91,0.0051270000000000005
2017-01-05,182,0.006051
2017-01-05,365,0.0083
2017-01-05,730,0.011621
2017-01-05,1095,0.014049
2017-01-05,1825,0.01844
2017-01-05,3650,0.023443000000000002
2017-01-05,10950,0.029443999999999998
2017-01-06,1,0.0066
2017-01-06,30,0.0049830000000000004
2017-01-06,91,0.0051259999999999995
2017-01-06,182,0.00605
2017-01-06,365,0.0085
2017-01-06,730,0.012098
2017-01-06,1095,0.014815
2017-01-06,1825,0.01925
2017-01-06,3650,0.024193
2017-01-06,10950,0.030088
2017-01-09,1,0.0066
2017-01-09,30,0.004932000000000001
2017-01-09,91,0.004974
2017-01-09,182,0.005744
2017-01-09,365,0.008199999999999999
2017-01-09,730,0.011816
2017-01-09,1095,0.014487000000000002
2017-01-09,1825,0.01874
2017-01-09,3650,0.023647
2017-01-09,10950,0.029580000000000002
2017-01-10,1,0.0066
2017-01-10,30,0.005033999999999999
2017-01-10,91,0.005076000000000001
2017-01-10,182,0.005948999999999999
2017-01-10,365,0.008199999999999999
2017-01-10,730,0.011856
2017-01-10,1095,0.014433
2017-01-10,1825,0.01877
2017-01-10,3650,0.023757
2017-01-10,10950,0.029676
2017-01-11,1,0.0066
2017-01-11,30,0.00497
2017-01-11,91,0.005076000000000001
2017-01-11,182,0.005948999999999999
2017-01-11,365,0.008199999999999999
2017-01-11,730,0.011855
2017-01-11,1095,0.014686999999999999
2017-01-11,1825,0.01885
2017-01-11,3650,0.023721000000000003
2017-01-11,10950,0.029556
2017-01-12,1,0.0066
2017-01-12,30,0.005122
2017-01-12,91,0.0051270000000000005
2017-01-12,182,0.005898
2017-01-12,365,0.008100000000000001
2017-01-12,730,0.011733
2017-01-12,1095,0.014525999999999999
2017-01-12,1825,0.01867
2017-01-12,3650,0.023631000000000003
2017-01-12,10950,0.029604
2017-01-13,1,0.0066
2017-01-13,30,0.005122
2017-01-13,91,0.005228
2017-01-13,182,0.00605
2017-01-13,365,0.008199999999999999
2017-01-13,730,0.011931
2017-01-13,1095,0.014766999999999999
2017-01-13,1825,0.01898
2017-01-13,3650,0.023964
2017-01-13,10950,0.029886
2017-01-16,1,0.0066
2017-01-16,30,0.005122
2017-01-16,91,0.005228
2017-01-16,182,0.00605
2017-01-16,365,0.008199999999999999
2017-01-16,730,0.011931
2017-01-16,1095,0.014766999999999999
2017-01-16,1825,0.01898
2017-01-16,3650,0.023964
2017-01-16,10950,0.029886
2017-01-17,1,0.0066
2017-01-17,30,0.00502
2017-01-17,91,0.005228
2017-01-17,182,0.005999
2017-01-17,365,0.008
2017-01-17,730,0.011524000000000001
2017-01-17,1095,0.014151
2017-01-17,1825,0.0182
2017-01-17,3650,0.023253
2017-01-17,10950,0.029317000000000003
2017-01-18,1,0.0066
2017-01-18,30,0.0045639999999999995
2017-01-18,91,0.005228
2017-01-18,182,0.006153
2017-01-18,365,0.008199999999999999
2017-01-18,730,0.012214000000000001
2017-01-18,1095,0.015091
2017-01-18,1825,0.01939
2017-01-18,3650,0.024296
2017-01-18,10950,0.030129000000000003
2017-01-19,1,0.0066
2017-01-19,30,0.004412
2017-01-19,91,0.005024999999999999
2017-01-19,182,0.006153
2017-01-19,365,0.0083
2017-01-19,730,0.012214000000000001
2017-01-19,1095,0.015173
2017-01-19,1825,0.01964
2017-01-19,3650,0.024739
2017-01-19,10950,0.030463
2017-01-20,1,0.0066
2017-01-20,30,0.004513
2017-01-20,91,0.004974
2017-01-20,182,0.006101
2017-01-20,365,0.008199999999999999
2017-01-20,730,0.011885
2017-01-20,1095,0.014853
2017-01-20,1825,0.019370000000000002
2017-01-20,3650,0.024668000000000002
2017-01-20,10950,0.030488
2017-01-23,1,0.0066
2017-01-23,30,0.004513
2017-01-23,91,0.0048720000000000005
2017-01-23,182,0.005999
2017-01-23,365,0.0079
2017-01-23,730,0.011434
2017-01-23,1095,0.014261
2017-01-23,1825,0.01864
2017-01-23,3650,0.023971
2017-01-23,10950,0.029862000000000003
2017-01-24,1,0.0066
2017-01-24,30,0.0045639999999999995
2017-01-24,91,0.005024999999999999
2017-01-24,182,0.006051
2017-01-24,365,0.008100000000000001
2017-01-24,730,0.011923999999999999
2017-01-24,1095,0.014828
2017-01-24,1825,0.01934
2017-01-24,3650,0.024651999999999997
2017-01-24,10950,0.030489000000000002
2017-01-25,1,0.0066
2017-01-25,30,0.004666
2017-01-25,91,0.004923
2017-01-25,182,0.006051
2017-01-25,365,0.008199999999999999
2017-01-25,730,0.012341
2017-01-25,1095,0.015045
2017-01-25,1825,0.01977
2017-01-25,3650,0.025116
2017-01-25,10950,0.030966999999999998
2017-01-26,1,0.0066
2017-01-26,30,0.004716000000000001
2017-01-26,91,0.004974
2017-01-26,182,0.006051
2017-01-26,365,0.008199999999999999
2017-01-26,730,0.012242
2017-01-26,1095,0.014884
2017-01-26,1825,0.01966
2017-01-26,3650,0.025043000000000003
2017-01-26,10950,0.030851000000000003
2017-01-27,1,0.0066
2017-01-27,30,0.004817
2017-01-27,91,0.005076000000000001
2017-01-27,182,0.006202999999999999
2017-01-27,365,0.008199999999999999
2017-01-27,730,0.012182
2017-01-27,1095,0.014751
2017-01-27,1825,0.01947
2017-01-27,3650,0.024843
2017-01-27,10950,0.030588
2017-01-30,1,0.0066
2017-01-30,30,0.004716000000000001
2017-01-30,91,0.005024999999999999
2017-01-30,182,0.006202999999999999
2017-01-30,365,0.008100000000000001
2017-01-30,730,0.012121999999999999
2017-01-30,1095,0.014724999999999999
2017-01-30,1825,0.0195
2017-01-30,3650,0.024881
2017-01-30,10950,0.030785
2017-01-31,1,0.005600000000000001
2017-01-31,30,0.004614
2017-01-31,91,0.0051270000000000005
2017-01-31,182,0.006306000000000001
2017-01-31,365,0.0084
2017-01-31,730,0.012044
2017-01-31,1095,0.014617
2017-01-31,1825,0.01914
2017-01-31,3650,0.024531
2017-01-31,10950,0.030612
2017-02-01,1,0.0066
2017-02-01,30,0.004868
2017-02-01,91,0.005024999999999999
2017-02-01,182,0.0064080000000000005
2017-02-01,365,0.0083
2017-02-01,730,0.012124999999999999
2017-02-01,1095,0.014726999999999999
2017-02-01,1825,0.019299999999999998
2017-02-01,3650,0.024699
2017-02-01,10950,0.030753
2017-02-02,1,0.0066
2017-02-02,30,0.004716000000000001
2017-02-02,91,0.004974
2017-02-02,182,0.006306000000000001
2017-02-02,365,0.0084
2017-02-02,730,0.012046
2017-02-02,1095,0.014700999999999999
2017-02-02,1825,0.01924
2017-02-02,3650,0.024737
2017-02-02,10950,0.030876999999999998
2017-02-03,1,0.0066
2017-02-03,30,0.004767
2017-02-03,91,0.004974
2017-02-03,182,0.006253999999999999
2017-02-03,365,0.008199999999999999
2017-02-03,730,0.011969
2017-02-03,1095,0.014594000000000001
2017-02-03,1825,0.0191
2017-02-03,3650,0.024648
2017-02-03,10950,0.030902
2017-02-06,1,0.0066
2017-02-06,30,0.004767
2017-02-06,91,0.005177
2017-02-06,182,0.0061519999999999995
2017-02-06,365,0.0079
2017-02-06,730,0.01149
2017-02-06,1095,0.014049
2017-02-06,1825,0.01846
2017-02-06,3650,0.024077
2017-02-06,10950,0.030473
2017-02-07,1,0.0066
2017-02-07,30,0.00502
2017-02-07,91,0.005178
2017-02-07,182,0.0062039999999999994
2017-02-07,365,0.008
2017-02-07,730,0.01165
2017-02-07,1095,0.014157999999999999
2017-02-07,1825,0.01848
2017-02-07,3650,0.023931
2017-02-07,10950,0.030179
2017-02-08,1,0.0066
2017-02-08,30,0.00497
2017-02-08,91,0.0053300000000000005
2017-02-08,182,0.0062039999999999994
2017-02-08,365,0.0079
2017-02-08,730,0.01141
2017-02-08,1095,0.01399
2017-02-08,1825,0.01803
2017-02-08,3650,0.023363000000000002
2017-02-08,10950,0.029485
2017-02-09,1,0.0066
2017-02-09,30,0.004919
2017-02-09,91,0.005381
2017-02-09,182,0.006306000000000001
2017-02-09,365,0.008
2017-02-09,730,0.011772
2017-02-09,1095,0.014525
2017-02-09,1825,0.018680000000000002
2017-02-09,3650,0.023948
2017-02-09,10950,0.030041
2017-02-10,1,0.0066
2017-02-10,30,0.004919
2017-02-10,91,0.0053300000000000005
2017-02-10,182,0.0063560000000000005
2017-02-10,365,0.008100000000000001
2017-02-10,730,0.011895
2017-02-10,1095,0.014684999999999998
2017-02-10,1825,0.01887
2017-02-10,3650,0.024073
2017-02-10,10950,0.030056
2017-02-13,1,0.0066
2017-02-13,30,0.004868
2017-02-13,91,0.0053300000000000005
2017-02-13,182,0.006407
2017-02-13,365,0.008199999999999999
2017-02-13,730,0.012017
2017-02-13,1095,0.014899
2017-02-13,1825,0.01916
2017-02-13,3650,0.024358
2017-02-13,10950,0.030319
2017-02-14,1,0.0066
2017-02-14,30,0.00497
2017-02-14,91,0.005381
2017-02-14,182,0.00651
2017-02-14,365,0.0084
2017-02-14,730,0.012343
2017-02-14,1095,0.015301
2017-02-14,1825,0.01964
2017-02-14,3650,0.024698
2017-02-14,10950,0.030583999999999997
2017-02-15,1,0.0066
2017-02-15,30,0.005122
2017-02-15,91,0.0053300000000000005
2017-02-15,182,0.006561
2017-02-15,365,0.0086
2017-02-15,730,0.012466
2017-02-15,1095,0.015517000000000001
2017-02-15,1825,0.01992
2017-02-15,3650,0.024932
2017-02-15,10950,0.030777000000000002
2017-02-16,1,0.0066
2017-02-16,30,0.00497
2017-02-16,91,0.005177
2017-02-16,182,0.00651
2017-02-16,365,0.008199999999999999
2017-02-16,730,0.012020999999999999
2017-02-16,1095,0.015007999999999999
2017-02-16,1825,0.019370000000000002
2017-02-16,3650,0.024467
2017-02-16,10950,0.030487
2017-02-17,1,0.0066
2017-02-17,30,0.004868
2017-02-17,91,0.0051259999999999995
2017-02-17,182,0.00656
2017-02-17,365,0.008199999999999999
2017-02-17,730,0.011881999999999998
2017-02-17,1095,0.014717000000000001
2017-02-17,1825,0.01902
2017-02-17,3650,0.024147
2017-02-17,10950,0.030230999999999997
2017-02-20,1,0.0066
2017-02-20,30,0.004868
2017-02-20,91,0.0051259999999999995
2017-02-20,182,0.00656
2017-02-20,365,0.008199999999999999
2017-02-20,730,0.011881999999999998
2017-02-20,1095,0.014717000000000001
2017-02-20,1825,0.01902
2017-02-20,3650,0.024147
2017-02-20,10950,0.030230999999999997
2017-02-21,1,0.0066
2017-02-21,30,0.004614
2017-02-21,91,0.0051259999999999995
2017-02-21,182,0.00656
2017-02-21,365,0.0083
2017-02-21,730,0.012067000000000001
2017-02-21,1095,0.014879
2017-02-21,1825,0.01921
2017-02-21,3650,0.02429
2017-02-21,10950,0.030407000000000003
2017-02-22,1,0.0066
2017-02-22,30,0.004463
2017-02-22,91,0.0051270000000000005
2017-02-22,182,0.006663
2017-02-22,365,0.008199999999999999
2017-02-22,730,0.012162
2017-02-22,1095,0.014745
2017-02-22,1825,0.01906
2017-02-22,3650,0.024129
2017-02-22,10950,0.030327000000000003
2017-02-23,1,0.0066
2017-02-23,30,0.0037519999999999997
2017-02-23,91,0.005076000000000001
2017-02-23,182,0.00651
2017-02-23,365,0.008100000000000001
2017-02-23,730,0.011825
2017-02-23,1095,0.014315
2017-02-23,1825,0.01859
2017-02-23,3650,0.023719999999999998
2017-02-23,10950,0.030127
2017-02-24,1,0.0066
2017-02-24,30,0.0037519999999999997
2017-02-24,91,0.005024999999999999
2017-02-24,182,0.006407
2017-02-24,365,0.008
2017-02-24,730,0.011428
2017-02-24,1095,0.013884
2017-02-24,1825,0.01805
2017-02-24,3650,0.023117000000000002
2017-02-24,10950,0.02951
2017-02-27,1,0.0066
2017-02-27,30,0.004259
2017-02-27,91,0.005024999999999999
2017-02-27,182,0.006764
2017-02-27,365,0.008100000000000001
2017-02-27,730,0.011944
2017-02-27,1095,0.014478999999999999
2017-02-27,1825,0.01866
2017-02-27,3650,0.02365
2017-02-27,10950,0.029833
2017-02-28,1,0.005699999999999999
2017-02-28,30,0.004259
2017-02-28,91,0.006042
2017-02-28,182,0.007378
2017-02-28,365,0.0088
2017-02-28,730,0.012601
2017-02-28,1095,0.015184999999999999
2017-02-28,1825,0.019299999999999998
2017-02-28,3650,0.023899
2017-02-28,10950,0.029952
2017-03-01,1,0.0066
2017-03-01,30,0.004513
2017-03-01,91,0.006194
2017-03-01,182,0.007735
2017-03-01,365,0.0092
2017-03-01,730,0.012842
2017-03-01,1095,0.015648
2017-03-01,1825,0.01988
2017-03-01,3650,0.024526
2017-03-01,10950,0.030608
2017-03-02,1,0.0066
2017-03-02,30,0.00497
2017-03-02,91,0.006601
2017-03-02,182,0.008195000000000001
2017-03-02,365,0.0098
2017-03-02,730,0.013084
2017-03-02,1095,0.015868
2017-03-02,1825,0.02016
2017-03-02,3650,0.024779
2017-03-02,10950,0.030729000000000003
2017-03-03,1,0.0066
2017-03-03,30,0.005325
2017-03-03,91,0.006957
2017-03-03,182,0.008246
2017-03-03,365,0.0098
2017-03-03,730,0.013051
2017-03-03,1095,0.015791
2017-03-03,1825,0.020099999999999996
2017-03-03,3650,0.024780000000000003
2017-03-03,10950,0.030713
2017-03-06,1,0.0066
2017-03-06,30,0.005274
2017-03-06,91,0.0072109999999999995
2017-03-06,182,0.008296
2017-03-06,365,0.0097
2017-03-06,730,0.013052999999999999
2017-03-06,1095,0.015821
2017-03-06,1825,0.0202
2017-03-06,3650,0.024997
2017-03-06,10950,0.031046
2017-03-07,1,0.0066
2017-03-07,30,0.005325
2017-03-07,91,0.007415000000000001
2017-03-07,182,0.008502
2017-03-07,365,0.0102
2017-03-07,730,0.013277
2017-03-07,1095,0.016096
2017-03-07,1825,0.020499999999999997
2017-03-07,3650,0.025179
2017-03-07,10950,0.03121
2017-03-08,1,0.0066
2017-03-08,30,0.004919
2017-03-08,91,0.007161
2017-03-08,182,0.008604
2017-03-08,365,0.0103
2017-03-08,730,0.013542
2017-03-08,1095,0.016625
2017-03-08,1825,0.02093
2017-03-08,3650,0.025596999999999998
2017-03-08,10950,0.031488999999999996
2017-03-09,1,0.0066
2017-03-09,30,0.004767
2017-03-09,91,0.007261999999999999
2017-03-09,182,0.008757000000000001
2017-03-09,365,0.0104
2017-03-09,730,0.013726
2017-03-09,1095,0.01692
2017-03-09,1825,0.02137
2017-03-09,3650,0.026053000000000003
2017-03-09,10950,0.031888
2017-03-10,1,0.0066
2017-03-10,30,0.006086
2017-03-10,91,0.007414
2017-03-10,182,0.008808
2017-03-10,365,0.0103
2017-03-10,730,0.013534
2017-03-10,1095,0.016597999999999998
2017-03-10,1825,0.021019999999999997
2017-03-10,3650,0.025745
2017-03-10,10950,0.031647
2017-03-13,1,0.0066
2017-03-13,30,0.006694
2017-03-13,91,0.007414
2017-03-13,182,0.009114
2017-03-13,365,0.0106
2017-03-13,730,0.013718999999999999
2017-03-13,1095,0.01684
2017-03-13,1825,0.02139
2017-03-13,3650,0.026258
2017-03-13,10950,0.032122000000000005
2017-03-14,1,0.0066
2017-03-14,30,0.006593
2017-03-14,91,0.007619
2017-03-14,182,0.009115999999999999
2017-03-14,365,0.0106
2017-03-14,730,0.013763000000000001
2017-03-14,1095,0.01684
2017-03-14,1825,0.02129
2017-03-14,3650,0.026002
2017-03-14,10950,0.031747
2017-03-15,1,0.0066
2017-03-15,30,0.006797
2017-03-15,91,0.007212
2017-03-15,182,0.008706
2017-03-15,365,0.0102
2017-03-15,730,0.012994
2017-03-15,1095,0.015821
2017-03-15,1825,0.02004
2017-03-15,3650,0.024929999999999997
2017-03-15,10950,0.031071
2017-03-16,1,0.0091
2017-03-16,30,0.006745999999999999
2017-03-16,91,0.0072109999999999995
2017-03-16,182,0.008655000000000001
2017-03-16,365,0.0101
2017-03-16,730,0.013322
2017-03-16,1095,0.016277
2017-03-16,1825,0.02051
2017-03-16,3650,0.025402
2017-03-16,10950,0.031506
2017-03-17,1,0.0091
2017-03-17,30,0.006796
2017-03-17,91,0.007261999999999999
2017-03-17,182,0.008603
2017-03-17,365,0.01
2017-03-17,730,0.013146
2017-03-17,1095,0.016008
2017-03-17,1825,0.02019
2017-03-17,3650,0.025005000000000003
2017-03-17,10950,0.031096
2017-03-20,1,0.0091
2017-03-20,30,0.006796
2017-03-20,91,0.007261999999999999
2017-03-20,182,0.008654
2017-03-20,365,0.0101
2017-03-20,730,0.012883
2017-03-20,1095,0.015712
2017-03-20,1825,0.01986
2017-03-20,3650,0.024607
2017-03-20,10950,0.03077
2017-03-21,1,0.0091
2017-03-21,30,0.0068969999999999995
2017-03-21,91,0.007568
2017-03-21,182,0.008911
2017-03-21,365,0.01
2017-03-21,730,0.012598
2017-03-21,1095,0.015307999999999999
2017-03-21,1825,0.01947
2017-03-21,3650,0.024175
2017-03-21,10950,0.030343
2017-03-22,1,0.0091
2017-03-22,30,0.007304000000000001
2017-03-22,91,0.007619
2017-03-22,182,0.00886
2017-03-22,365,0.009899999999999999
2017-03-22,730,0.012477
2017-03-22,1095,0.015172000000000001
2017-03-22,1825,0.019370000000000002
2017-03-22,3650,0.02405
2017-03-22,10950,0.030174
2017-03-23,1,0.0091
2017-03-23,30,0.0071519999999999995
2017-03-23,91,0.007618000000000001
2017-03-23,182,0.008808
2017-03-23,365,0.009899999999999999
2017-03-23,730,0.01252
2017-03-23,1095,0.015279000000000001
2017-03-23,1825,0.01952
2017-03-23,3650,0.024194
2017-03-23,10950,0.030293999999999998
2017-03-24,1,0.0091
2017-03-24,30,0.007150999999999999
2017-03-24,91,0.007618000000000001
2017-03-24,182,0.008859
2017-03-24,365,0.01
2017-03-24,730,0.012565999999999999
2017-03-24,1095,0.015276000000000001
2017-03-24,1825,0.019459999999999998
2017-03-24,3650,0.024123000000000002
2017-03-24,10950,0.030133999999999998
2017-03-27,1,0.0091
2017-03-27,30,0.007201999999999999
2017-03-27,91,0.00772
2017-03-27,182,0.009063
2017-03-27,365,0.01
2017-03-27,730,0.012527
2017-03-27,1095,0.015085999999999999
2017-03-27,1825,0.01919
2017-03-27,3650,0.023782
2017-03-27,10950,0.029848
2017-03-28,1,0.0091
2017-03-28,30,0.007252
2017-03-28,91,0.007721
2017-03-28,182,0.009167
2017-03-28,365,0.0103
2017-03-28,730,0.013016000000000002
2017-03-28,1095,0.015491
2017-03-28,1825,0.01964
2017-03-28,3650,0.024178
2017-03-28,10950,0.030246
2017-03-29,1,0.0091
2017-03-29,30,0.007406
2017-03-29,91,0.00772
2017-03-29,182,0.009064
2017-03-29,365,0.0104
2017-03-29,730,0.012698000000000001
2017-03-29,1095,0.015165
2017-03-29,1825,0.01927
2017-03-29,3650,0.023765
2017-03-29,10950,0.029855999999999997
2017-03-30,1,0.0091
2017-03-30,30,0.007355
2017-03-30,91,0.007568
2017-03-30,182,0.008962
2017-03-30,365,0.0103
2017-03-30,730,0.012818000000000001
2017-03-30,1095,0.015327
2017-03-30,1825,0.01965
2017-03-30,3650,0.024197000000000003
2017-03-30,10950,0.030343
2017-03-31,1,0.008199999999999999
2017-03-31,30,0.007252999999999999
2017-03-31,91,0.007516
2017-03-31,182,0.008961
2017-03-31,365,0.0103
2017-03-31,730,0.01254
2017-03-31,1095,0.01489
2017-03-31,1825,0.01922
2017-03-31,3650,0.023874
2017-03-31,10950,0.030095
2017-04-03,1,0.0091
2017-04-03,30,0.007150999999999999
2017-04-03,91,0.007567000000000001
2017-04-03,182,0.00891
2017-04-03,365,0.0102
2017-04-03,730,0.012261
2017-04-03,1095,0.014346000000000001
2017-04-03,1825,0.01853
2017-04-03,3650,0.023193000000000002
2017-04-03,10950,0.029532
2017-04-04,1,0.0091
2017-04-04,30,0.007303
2017-04-04,91,0.007721
2017-04-04,182,0.009115999999999999
2017-04-04,365,0.0103
2017-04-04,730,0.01252
2017-04-04,1095,0.014697
2017-04-04,1825,0.01891
2017-04-04,3650,0.023605
2017-04-04,10950,0.029998999999999998
2017-04-05,1,0.0091
2017-04-05,30,0.007609
2017-04-05,91,0.007975
2017-04-05,182,0.009115999999999999
2017-04-05,365,0.0103
2017-04-05,730,0.01234
2017-04-05,1095,0.01437
2017-04-05,1825,0.01853
2017-04-05,3650,0.023354
2017-04-05,10950,0.029855999999999997
2017-04-06,1,0.0091
2017-04-06,30,0.007659
2017-04-06,91,0.008026
2017-04-06,182,0.009269
2017-04-06,365,0.0105
2017-04-06,730,0.012379
2017-04-06,1095,0.014422999999999998
2017-04-06,1825,0.01859
2017-04-06,3650,0.023408
2017-04-06,10950,0.029864
2017-04-07,1,0.0091
2017-04-07,30,0.007557
2017-04-07,91,0.008127
2017-04-07,182,0.009422
2017-04-07,365,0.0108
2017-04-07,730,0.012862
2017-04-07,1095,0.015072
2017-04-07,1825,0.0192
2017-04-07,3650,0.023822
2017-04-07,10950,0.030078
2017-04-10,1,0.0091
2017-04-10,30,0.0075060000000000005
2017-04-10,91,0.008025
2017-04-10,182,0.009472000000000001
2017-04-10,365,0.010700000000000001
2017-04-10,730,0.012741
2017-04-10,1095,0.014962
2017-04-10,1825,0.01901
2017-04-10,3650,0.023660999999999998
2017-04-10,10950,0.029903
2017-04-11,1,0.0091
2017-04-11,30,0.007557
2017-04-11,91,0.008076999999999999
2017-04-11,182,0.00932
2017-04-11,365,0.0105
2017-04-11,730,0.012338
2017-04-11,1095,0.014598999999999999
2017-04-11,1825,0.01831
2017-04-11,3650,0.022961999999999996
2017-04-11,10950,0.029289
2017-04-12,1,0.0091
2017-04-12,30,0.00771
2017-04-12,91,0.008026
2017-04-12,182,0.009217999999999999
2017-04-12,365,0.0104
2017-04-12,730,0.012015
2017-04-12,1095,0.014144
2017-04-12,1825,0.01768
2017-04-12,3650,0.022392
2017-04-12,10950,0.028860999999999998
2017-04-13,1,0.0091
2017-04-13,30,0.0075060000000000005
2017-04-13,91,0.008025
2017-04-13,182,0.009217
2017-04-13,365,0.0103
2017-04-13,730,0.012053000000000001
2017-04-13,1095,0.014117999999999999
2017-04-13,1825,0.0177
2017-04-13,3650,0.022374
2017-04-13,10950,0.028923
2017-04-14,1,0.0091
2017-04-14,30,0.0075060000000000005
2017-04-14,91,0.008025
2017-04-14,182,0.009217
2017-04-14,365,0.0103
2017-04-14,730,0.012053000000000001
2017-04-14,1095,0.014117999999999999
2017-04-14,1825,0.0177
2017-04-14,3650,0.022374
2017-04-14,10950,0.028923
2017-04-17,1,0.0091
2017-04-17,30,0.007456000000000001
2017-04-17,91,0.008025
2017-04-17,182,0.00937
2017-04-17,365,0.0104
2017-04-17,730,0.012011
2017-04-17,1095,0.014063
2017-04-17,1825,0.01776
2017-04-17,3650,0.022498
2017-04-17,10950,0.029094000000000002
2017-04-18,1,0.0091
2017-04-18,30,0.007455000000000001
2017-04-18,91,0.008026
2017-04-18,182,0.009217999999999999
2017-04-18,365,0.0102
2017-04-18,730,0.011604000000000001
2017-04-18,1095,0.013528
2017-04-18,1825,0.01701
2017-04-18,3650,0.021682
2017-04-18,10950,0.028354
2017-04-19,1,0.0091
2017-04-19,30,0.007406
2017-04-19,91,0.007975
2017-04-19,182,0.009217999999999999
2017-04-19,365,0.0102
2017-04-19,730,0.011766
2017-04-19,1095,0.013793999999999999
2017-04-19,1825,0.0174
2017-04-19,3650,0.022143000000000003
2017-04-19,10950,0.028729
2017-04-20,1,0.0091
2017-04-20,30,0.0071519999999999995
2017-04-20,91,0.007873
2017-04-20,182,0.009217999999999999
2017-04-20,365,0.0101
2017-04-20,730,0.011846
2017-04-20,1095,0.01398
2017-04-20,1825,0.01765
2017-04-20,3650,0.022320000000000003
2017-04-20,10950,0.028822
2017-04-21,1,0.0091
2017-04-21,30,0.00705
2017-04-21,91,0.00772
2017-04-21,182,0.009115
2017-04-21,365,0.009899999999999999
2017-04-21,730,0.011802
2017-04-21,1095,0.014004
2017-04-21,1825,0.01771
2017-04-21,3650,0.022480000000000003
2017-04-21,10950,0.029015
2017-04-24,1,0.0091
2017-04-24,30,0.007201999999999999
2017-04-24,91,0.007872
2017-04-24,182,0.009472000000000001
2017-04-24,365,0.0103
2017-04-24,730,0.012294000000000001
2017-04-24,1095,0.014326
2017-04-24,1825,0.01803
2017-04-24,3650,0.02273
2017-04-24,10950,0.029287999999999998
2017-04-25,1,0.0091
2017-04-25,30,0.006999
2017-04-25,91,0.008128
2017-04-25,182,0.009729999999999999
2017-04-25,365,0.0109
2017-04-25,730,0.012704
2017-04-25,1095,0.014783999999999999
2017-04-25,1825,0.01856
2017-04-25,3650,0.023322
2017-04-25,10950,0.029879
2017-04-26,1,0.0091
2017-04-26,30,0.00705
2017-04-26,91,0.008076999999999999
2017-04-26,182,0.009627
2017-04-26,365,0.010700000000000001
2017-04-26,730,0.012717000000000001
2017-04-26,1095,0.014567000000000002
2017-04-26,1825,0.01829
2017-04-26,3650,0.023035
2017-04-26,10950,0.029602
2017-04-27,1,0.0091
2017-04-27,30,0.006847
2017-04-27,91,0.007975
2017-04-27,182,0.009627
2017-04-27,365,0.0106
2017-04-27,730,0.012579
2017-04-27,1095,0.014378
2017-04-27,1825,0.01823
2017-04-27,3650,0.022946
2017-04-27,10950,0.029641999999999998
2017-04-28,1,0.0083
2017-04-28,30,0.006593
2017-04-28,91,0.007923
2017-04-28,182,0.009677
2017-04-28,365,0.010700000000000001
2017-04-28,730,0.012619
2017-04-28,1095,0.01443
2017-04-28,1825,0.01815
2017-04-28,3650,0.022802
2017-04-28,10950,0.029508
2017-05-01,1,0.0091
2017-05-01,30,0.006339
2017-05-01,91,0.008025
2017-05-01,182,0.009677
2017-05-01,365,0.0109
2017-05-01,730,0.012739
2017-05-01,1095,0.014619
2017-05-01,1825,0.01841
2017-05-01,3650,0.02318
2017-05-01,10950,0.030023
2017-05-02,1,0.0091
2017-05-02,30,0.006644
2017-05-02,91,0.008433000000000001
2017-05-02,182,0.009832
2017-05-02,365,0.0108
2017-05-02,730,0.012580000000000001
2017-05-02,1095,0.014429
2017-05-02,1825,0.01803
2017-05-02,3650,0.022803
2017-05-02,10950,0.029689
2017-05-03,1,0.0091
2017-05-03,30,0.007304000000000001
2017-05-03,91,0.008637
2017-05-03,182,0.009883
2017-05-03,365,0.011000000000000001
2017-05-03,730,0.012939
2017-05-03,1095,0.014782
2017-05-03,1825,0.01853
2017-05-03,3650,0.02318
2017-05-03,10950,0.029681000000000003
2017-05-04,1,0.0091
2017-05-04,30,0.006898
2017-05-04,91,0.008738000000000001
2017-05-04,182,0.009934
2017-05-04,365,0.0111
2017-05-04,730,0.013059000000000001
2017-05-04,1095,0.015026
2017-05-04,1825,0.01887
2017-05-04,3650,0.023541
2017-05-04,10950,0.029983
2017-05-05,1,0.0091
2017-05-05,30,0.006745
2017-05-05,91,0.008839
2017-05-05,182,0.010036
2017-05-05,365,0.011000000000000001
2017-05-05,730,0.013102
2017-05-05,1095,0.015054000000000001
2017-05-05,1825,0.01882
2017-05-05,3650,0.023487
2017-05-05,10950,0.029832
2017-05-08,1,0.0091
2017-05-08,30,0.0068969999999999995
2017-05-08,91,0.00889
2017-05-08,182,0.010138000000000001
2017-05-08,365,0.011200000000000002
2017-05-08,730,0.013303
2017-05-08,1095,0.015299
2017-05-08,1825,0.019119999999999998
2017-05-08,3650,0.023868
2017-05-08,10950,0.030222000000000002
2017-05-09,1,0.0091
2017-05-09,30,0.00705
2017-05-09,91,0.008942
2017-05-09,182,0.010190999999999999
2017-05-09,365,0.011399999999999999
2017-05-09,730,0.013405
2017-05-09,1095,0.015382
2017-05-09,1825,0.01924
2017-05-09,3650,0.023977
2017-05-09,10950,0.030271
2017-05-10,1,0.0091
2017-05-10,30,0.006898
2017-05-10,91,0.008891
2017-05-10,182,0.010242
2017-05-10,365,0.0113
2017-05-10,730,0.013548
2017-05-10,1095,0.015669
2017-05-10,1825,0.01939
2017-05-10,3650,0.024141
2017-05-10,10950,0.030407000000000003
2017-05-11,1,0.0091
2017-05-11,30,0.0066949999999999996
2017-05-11,91,0.008738000000000001
2017-05-11,182,0.010241
2017-05-11,365,0.0113
2017-05-11,730,0.013347
2017-05-11,1095,0.015482000000000001
2017-05-11,1825,0.01916
2017-05-11,3650,0.023874
2017-05-11,10950,0.030255
2017-05-12,1,0.0091
2017-05-12,30,0.006593
2017-05-12,91,0.008687
2017-05-12,182,0.010138000000000001
2017-05-12,365,0.0111
2017-05-12,730,0.012904
2017-05-12,1095,0.014865999999999999
2017-05-12,1825,0.01848
2017-05-12,3650,0.023257
2017-05-12,10950,0.029889000000000002
2017-05-15,1,0.0091
2017-05-15,30,0.006796
2017-05-15,91,0.008737
2017-05-15,182,0.010138000000000001
2017-05-15,365,0.0111
2017-05-15,730,0.012986
2017-05-15,1095,0.014946
2017-05-15,1825,0.01862
2017-05-15,3650,0.023433000000000002
2017-05-15,10950,0.030064
2017-05-16,1,0.0091
2017-05-16,30,0.006999
2017-05-16,91,0.008993
2017-05-16,182,0.010293000000000002
2017-05-16,365,0.0111
2017-05-16,730,0.012987
2017-05-16,1095,0.014893
2017-05-16,1825,0.01849
2017-05-16,3650,0.023257
2017-05-16,10950,0.029921000000000003
2017-05-17,1,0.0091
2017-05-17,30,0.00705
2017-05-17,91,0.008891
2017-05-17,182,0.009883
2017-05-17,365,0.0108
2017-05-17,730,0.012458
2017-05-17,1095,0.014197
2017-05-17,1825,0.01755
2017-05-17,3650,0.022243
2017-05-17,10950,0.02916
2017-05-18,1,0.0091
2017-05-18,30,0.007101
2017-05-18,91,0.009094999999999999
2017-05-18,182,0.010088
2017-05-18,365,0.0109
2017-05-18,730,0.012682
2017-05-18,1095,0.014383
2017-05-18,1825,0.01773
2017-05-18,3650,0.022294
2017-05-18,10950,0.029005
2017-05-19,1,0.0091
2017-05-19,30,0.006745
2017-05-19,91,0.009043
2017-05-19,182,0.010138000000000001
2017-05-19,365,0.011000000000000001
2017-05-19,730,0.012702999999999999
2017-05-19,1095,0.014462
2017-05-19,1825,0.01781
2017-05-19,3650,0.022345999999999998
2017-05-19,10950,0.028966
2017-05-22,1,0.0091
2017-05-22,30,0.006492
2017-05-22,91,0.008941
2017-05-22,182,0.010394
2017-05-22,365,0.011200000000000002
2017-05-22,730,0.012825999999999999
2017-05-22,1095,0.014569
2017-05-22,1825,0.01799
2017-05-22,3650,0.022536999999999998
2017-05-22,10950,0.029136000000000002
2017-05-23,1,0.0091
2017-05-23,30,0.006694
2017-05-23,91,0.009044
2017-05-23,182,0.010703
2017-05-23,365,0.011399999999999999
2017-05-23,730,0.013031999999999998
2017-05-23,1095,0.014838
2017-05-23,1825,0.01828
2017-05-23,3650,0.022799
2017-05-23,10950,0.029432
2017-05-24,1,0.0091
2017-05-24,30,0.007456000000000001
2017-05-24,91,0.009197
2017-05-24,182,0.0106
2017-05-24,365,0.0118
2017-05-24,730,0.012818000000000001
2017-05-24,1095,0.014461
2017-05-24,1825,0.01786
2017-05-24,3650,0.022502
2017-05-24,10950,0.029245
2017-05-25,1,0.0091
2017-05-25,30,0.0069489999999999994
2017-05-25,91,0.009197
2017-05-25,182,0.010650999999999999
2017-05-25,365,0.0116
2017-05-25,730,0.012937
2017-05-25,1095,0.014568000000000001
2017-05-25,1825,0.01795
2017-05-25,3650,0.022553999999999998
2017-05-25,10950,0.029206
2017-05-26,1,0.0091
2017-05-26,30,0.007201999999999999
2017-05-26,91,0.009245999999999999
2017-05-26,182,0.01065
2017-05-26,365,0.011699999999999999
2017-05-26,730,0.012937
2017-05-26,1095,0.014539
2017-05-26,1825,0.0179
2017-05-26,3650,0.022465000000000002
2017-05-26,10950,0.02912
2017-05-29,1,0.0091
2017-05-29,30,0.007201999999999999
2017-05-29,91,0.009245999999999999
2017-05-29,182,0.01065
2017-05-29,365,0.011699999999999999
2017-05-29,730,0.012937
2017-05-29,1095,0.014539
2017-05-29,1825,0.0179
2017-05-29,3650,0.022465000000000002
2017-05-29,10950,0.02912
2017-05-30,1,0.0091
2017-05-30,30,0.007150999999999999
2017-05-30,91,0.009297
2017-05-30,182,0.010701
2017-05-30,365,0.0116
2017-05-30,730,0.012837000000000001
2017-05-30,1095,0.014322
2017-05-30,1825,0.01756
2017-05-30,3650,0.022098
2017-05-30,10950,0.028772000000000002
2017-05-31,1,0.0083
2017-05-31,30,0.008572999999999999
2017-05-31,91,0.009706
2017-05-31,182,0.010650999999999999
2017-05-31,365,0.011699999999999999
2017-05-31,730,0.012818000000000001
2017-05-31,1095,0.014322
2017-05-31,1825,0.01752
2017-05-31,3650,0.022028
2017-05-31,10950,0.028634
2017-06-01,1,0.0091
2017-06-01,30,0.008065
2017-06-01,91,0.009706
2017-06-01,182,0.0106
2017-06-01,365,0.0116
2017-06-01,730,0.012898
2017-06-01,1095,0.014375
2017-06-01,1825,0.01762
2017-06-01,3650,0.022113999999999998
2017-06-01,10950,0.028626
2017-06-02,1,0.0091
2017-06-02,30,0.007963
2017-06-02,91,0.009705
2017-06-02,182,0.010445
2017-06-02,365,0.0116
2017-06-02,730,0.012879
2017-06-02,1095,0.014237
2017-06-02,1825,0.0172
2017-06-02,3650,0.021591
2017-06-02,10950,0.0281
2017-06-05,1,0.0091
2017-06-05,30,0.008014
2017-06-05,91,0.009705
2017-06-05,182,0.010599
2017-06-05,365,0.0116
2017-06-05,730,0.01302
2017-06-05,1095,0.014427
2017-06-05,1825,0.01743
2017-06-05,3650,0.021817000000000003
2017-06-05,10950,0.028366
2017-06-06,1,0.0091
2017-06-06,30,0.007963
2017-06-06,91,0.009706
2017-06-06,182,0.010703
2017-06-06,365,0.0116
2017-06-06,730,0.01294
2017-06-06,1095,0.014209000000000001
2017-06-06,1825,0.017150000000000002
2017-06-06,3650,0.021450999999999998
2017-06-06,10950,0.028115
2017-06-07,1,0.0091
2017-06-07,30,0.008015
2017-06-07,91,0.009859
2017-06-07,182,0.010856
2017-06-07,365,0.011699999999999999
2017-06-07,730,0.013061
2017-06-07,1095,0.01448
2017-06-07,1825,0.017390000000000003
2017-06-07,3650,0.021729
2017-06-07,10950,0.028366
2017-06-08,1,0.0091
2017-06-08,30,0.0077610000000000005
2017-06-08,91,0.00991
2017-06-08,182,0.011061000000000001
2017-06-08,365,0.011899999999999999
2017-06-08,730,0.013143
2017-06-08,1095,0.014535
2017-06-08,1825,0.017490000000000002
2017-06-08,3650,0.021884999999999998
2017-06-08,10950,0.02851
2017-06-09,1,0.0091
2017-06-09,30,0.007912
2017-06-09,91,0.00996
2017-06-09,182,0.011111
2017-06-09,365,0.012
2017-06-09,730,0.013347
2017-06-09,1095,0.01478
2017-06-09,1825,0.017669999999999998
2017-06-09,3650,0.022005
2017-06-09,10950,0.028555999999999998
2017-06-12,1,0.0091
2017-06-12,30,0.008014
2017-06-12,91,0.009959
2017-06-12,182,0.01106
2017-06-12,365,0.011899999999999999
2017-06-12,730,0.013551
2017-06-12,1095,0.014862
2017-06-12,1825,0.01779
2017-06-12,3650,0.022145
2017-06-12,10950,0.028694
2017-06-13,1,0.0091
2017-06-13,30,0.00842
2017-06-13,91,0.009961
2017-06-13,182,0.011215
2017-06-13,365,0.012199999999999999
2017-06-13,730,0.013633
2017-06-13,1095,0.01508
2017-06-13,1825,0.01783
2017-06-13,3650,0.022109
2017-06-13,10950,0.028647999999999996
2017-06-14,1,0.0091
2017-06-14,30,0.008928
2017-06-14,91,0.010012
2017-06-14,182,0.011113
2017-06-14,365,0.012
2017-06-14,730,0.013309999999999999
2017-06-14,1095,0.014653000000000001
2017-06-14,1825,0.017159999999999998
2017-06-14,3650,0.021256
2017-06-14,10950,0.027692
2017-06-15,1,0.0116
2017-06-15,30,0.008421
2017-06-15,91,0.010011
2017-06-15,182,0.011164
2017-06-15,365,0.0121
2017-06-15,730,0.013514
2017-06-15,1095,0.014946
2017-06-15,1825,0.01764
2017-06-15,3650,0.021637
2017-06-15,10950,0.027871999999999997
2017-06-16,1,0.0116
2017-06-16,30,0.008317999999999999
2017-06-16,91,0.010011
2017-06-16,182,0.011111
2017-06-16,365,0.0121
2017-06-16,730,0.013151
2017-06-16,1095,0.014732
2017-06-16,1825,0.01744
2017-06-16,3650,0.021514000000000002
2017-06-16,10950,0.027752
2017-06-19,1,0.0116
2017-06-19,30,0.008115
2017-06-19,91,0.010009999999999998
2017-06-19,182,0.011212999999999999
2017-06-19,365,0.012199999999999999
2017-06-19,730,0.013560000000000001
2017-06-19,1095,0.015215000000000001
2017-06-19,1825,0.01789
2017-06-19,3650,0.021879
2017-06-19,10950,0.027849
2017-06-20,1,0.0116
2017-06-20,30,0.008014
2017-06-20,91,0.010114000000000001
2017-06-20,182,0.011318
2017-06-20,365,0.012199999999999999
2017-06-20,730,0.013439000000000001
2017-06-20,1095,0.014973
2017-06-20,1825,0.01764
2017-06-20,3650,0.021564999999999997
2017-06-20,10950,0.027385000000000003
2017-06-21,1,0.0116
2017-06-21,30,0.008369999999999999
2017-06-21,91,0.009808
2017-06-21,182,0.011164
2017-06-21,365,0.012199999999999999
2017-06-21,730,0.013481
2017-06-21,1095,0.014973
2017-06-21,1825,0.01774
2017-06-21,3650,0.021634
2017-06-21,10950,0.027274
2017-06-22,1,0.0116
2017-06-22,30,0.007659
2017-06-22,91,0.009451000000000001
2017-06-22,182,0.010959000000000002
2017-06-22,365,0.012199999999999999
2017-06-22,730,0.013401000000000001
2017-06-22,1095,0.014811000000000001
2017-06-22,1825,0.017589999999999998
2017-06-22,3650,0.021477
2017-06-22,10950,0.027163
2017-06-23,1,0.0116
2017-06-23,30,0.007405
2017-06-23,91,0.009500999999999999
2017-06-23,182,0.010958
2017-06-23,365,0.0121
2017-06-23,730,0.013404000000000001
2017-06-23,1095,0.014783999999999999
2017-06-23,1825,0.01757
2017-06-23,3650,0.021423
2017-06-23,10950,0.027155
2017-06-26,1,0.0116
2017-06-26,30,0.00776
2017-06-26,91,0.009500999999999999
2017-06-26,182,0.010906
2017-06-26,365,0.012
2017-06-26,730,0.013323
2017-06-26,1095,0.014783
2017-06-26,1825,0.01757
2017-06-26,3650,0.02137
2017-06-26,10950,0.02697
2017-06-27,1,0.0116
2017-06-27,30,0.00847
2017-06-27,91,0.010012
2017-06-27,182,0.011215
2017-06-27,365,0.012199999999999999
2017-06-27,730,0.013692
2017-06-27,1095,0.015189
2017-06-27,1825,0.01812
2017-06-27,3650,0.022050999999999998
2017-06-27,10950,0.027517999999999997
2017-06-28,1,0.0116
2017-06-28,30,0.008827
2017-06-28,91,0.010012
2017-06-28,182,0.011164
2017-06-28,365,0.0121
2017-06-28,730,0.013533
2017-06-28,1095,0.015026
2017-06-28,1825,0.01821
2017-06-28,3650,0.022279
2017-06-28,10950,0.02781
2017-06-29,1,0.0116
2017-06-29,30,0.008319
2017-06-29,91,0.010215
2017-06-29,182,0.011266
2017-06-29,365,0.0123
2017-06-29,730,0.013692
2017-06-29,1095,0.015243
2017-06-29,1825,0.01851
2017-06-29,3650,0.022666
2017-06-29,10950,0.028135
2017-06-30,1,0.0106
2017-06-30,30,0.008369
2017-06-30,91,0.010113
2017-06-30,182,0.011316
2017-06-30,365,0.0124
2017-06-30,730,0.013817
2017-06-30,1095,0.015461
2017-06-30,1825,0.01889
2017-06-30,3650,0.023037000000000002
2017-06-30,10950,0.028347999999999998
2017-07-03,1,0.0116
2017-07-03,30,0.008978
2017-07-03,91,0.010214
2017-07-03,182,0.011367
2017-07-03,365,0.0124
2017-07-03,730,0.014100999999999999
2017-07-03,1095,0.015844
2017-07-03,1825,0.01932
2017-07-03,3650,0.023499
2017-07-03,10950,0.028668999999999997
2017-07-04,1,0.0116
2017-07-04,30,0.008978
2017-07-04,91,0.010214
2017-07-04,182,0.011367
2017-07-04,365,0.0124
2017-07-04,730,0.014100999999999999
2017-07-04,1095,0.015844
2017-07-04,1825,0.01932
2017-07-04,3650,0.023499
2017-07-04,10950,0.028668999999999997
2017-07-05,1,0.0116
2017-07-05,30,0.009588
2017-07-05,91,0.010419000000000001
2017-07-05,182,0.01142
2017-07-05,365,0.0124
2017-07-05,730,0.014022
2017-07-05,1095,0.015763
2017-07-05,1825,0.01914
2017-07-05,3650,0.023232
2017-07-05,10950,0.028469
2017-07-06,1,0.0116
2017-07-06,30,0.009334
2017-07-06,91,0.010317
2017-07-06,182,0.011316999999999999
2017-07-06,365,0.0123
2017-07-06,730,0.013944000000000002
2017-07-06,1095,0.015872999999999998
2017-07-06,1825,0.01936
2017-07-06,3650,0.023659
2017-07-06,10950,0.029016
2017-07-07,1,0.0116
2017-07-07,30,0.009232
2017-07-07,91,0.010265
2017-07-07,182,0.011316
2017-07-07,365,0.012199999999999999
2017-07-07,730,0.01399
2017-07-07,1095,0.015902
2017-07-07,1825,0.01948
2017-07-07,3650,0.023856000000000002
2017-07-07,10950,0.029289
2017-07-10,1,0.0116
2017-07-10,30,0.009283
2017-07-10,91,0.010265
2017-07-10,182,0.011265
2017-07-10,365,0.0123
2017-07-10,730,0.01383
2017-07-10,1095,0.015738000000000002
2017-07-10,1825,0.01933
2017-07-10,3650,0.02373
2017-07-10,10950,0.029265
2017-07-11,1,0.0116
2017-07-11,30,0.009333000000000001
2017-07-11,91,0.010369
2017-07-11,182,0.011318
2017-07-11,365,0.012
2017-07-11,730,0.013751
2017-07-11,1095,0.01552
2017-07-11,1825,0.01916
2017-07-11,3650,0.023605
2017-07-11,10950,0.029234
2017-07-12,1,0.0116
2017-07-12,30,0.009334
2017-07-12,91,0.010419000000000001
2017-07-12,182,0.011266
2017-07-12,365,0.0121
2017-07-12,730,0.013429
2017-07-12,1095,0.015375000000000002
2017-07-12,1825,0.01875
2017-07-12,3650,0.023177
2017-07-12,10950,0.028838
2017-07-13,1,0.0116
2017-07-13,30,0.009334
2017-07-13,91,0.010317
2017-07-13,182,0.011266
2017-07-13,365,0.0123
2017-07-13,730,0.013633
2017-07-13,1095,0.01559
2017-07-13,1825,0.01892
2017-07-13,3650,0.023444
2017-07-13,10950,0.029171999999999997
2017-07-14,1,0.0116
2017-07-14,30,0.009181
2017-07-14,91,0.010316
2017-07-14,182,0.011214
2017-07-14,365,0.012199999999999999
2017-07-14,730,0.013555999999999999
2017-07-14,1095,0.015455000000000002
2017-07-14,1825,0.01867
2017-07-14,3650,0.023319
2017-07-14,10950,0.029195000000000002
2017-07-17,1,0.0116
2017-07-17,30,0.009333000000000001
2017-07-17,91,0.010367
2017-07-17,182,0.01106
2017-07-17,365,0.012199999999999999
2017-07-17,730,0.013557
2017-07-17,1095,0.015402
2017-07-17,1825,0.018600000000000002
2017-07-17,3650,0.023141
2017-07-17,10950,0.029039000000000002
2017-07-18,1,0.0116
2017-07-18,30,0.009384
2017-07-18,91,0.010522
2017-07-18,182,0.011061000000000001
2017-07-18,365,0.011899999999999999
2017-07-18,730,0.013477
2017-07-18,1095,0.015161
2017-07-18,1825,0.01814
2017-07-18,3650,0.02259
2017-07-18,10950,0.028461
2017-07-19,1,0.0116
2017-07-19,30,0.009741
2017-07-19,91,0.011031
2017-07-19,182,0.011061000000000001
2017-07-19,365,0.0123
2017-07-19,730,0.013560000000000001
2017-07-19,1095,0.015215000000000001
2017-07-19,1825,0.01825
2017-07-19,3650,0.022696
2017-07-19,10950,0.028513999999999998
2017-07-20,1,0.0116
2017-07-20,30,0.009689999999999999
2017-07-20,91,0.011387000000000001
2017-07-20,182,0.011061000000000001
2017-07-20,365,0.012199999999999999
2017-07-20,730,0.013521
2017-07-20,1095,0.01508
2017-07-20,1825,0.018189999999999998
2017-07-20,3650,0.022589
2017-07-20,10950,0.028254
2017-07-21,1,0.0116
2017-07-21,30,0.009689
2017-07-21,91,0.01159
2017-07-21,182,0.01106
2017-07-21,365,0.012199999999999999
2017-07-21,730,0.013402
2017-07-21,1095,0.014946
2017-07-21,1825,0.01804
2017-07-21,3650,0.022375
2017-07-21,10950,0.028087
2017-07-24,1,0.0116
2017-07-24,30,0.009689
2017-07-24,91,0.011692000000000001
2017-07-24,182,0.011212999999999999
2017-07-24,365,0.0123
2017-07-24,730,0.013567000000000001
2017-07-24,1095,0.015106999999999999
2017-07-24,1825,0.01822
2017-07-24,3650,0.022552
2017-07-24,10950,0.028345
2017-07-25,1,0.0116
2017-07-25,30,0.009739
2017-07-25,91,0.011541
2017-07-25,182,0.01142
2017-07-25,365,0.0124
2017-07-25,730,0.013899
2017-07-25,1095,0.015567
2017-07-25,1825,0.01891
2017-07-25,3650,0.023354
2017-07-25,10950,0.029171
2017-07-26,1,0.0116
2017-07-26,30,0.010045
2017-07-26,91,0.011132999999999999
2017-07-26,182,0.011318
2017-07-26,365,0.0123
2017-07-26,730,0.013551
2017-07-26,1095,0.015053
2017-07-26,1825,0.018269999999999998
2017-07-26,3650,0.022872
2017-07-26,10950,0.028914
2017-07-27,1,0.0116
2017-07-27,30,0.009943
2017-07-27,91,0.010929
2017-07-27,182,0.011266
2017-07-27,365,0.012199999999999999
2017-07-27,730,0.013630999999999999
2017-07-27,1095,0.015189
2017-07-27,1825,0.01853
2017-07-27,3650,0.023103
2017-07-27,10950,0.029194
2017-07-28,1,0.0116
2017-07-28,30,0.009840999999999999
2017-07-28,91,0.010775
2017-07-28,182,0.011265
2017-07-28,365,0.012199999999999999
2017-07-28,730,0.013472
2017-07-28,1095,0.015026
2017-07-28,1825,0.018349999999999998
2017-07-28,3650,0.022889
2017-07-28,10950,0.028953000000000003
2017-07-31,1,0.010700000000000001
2017-07-31,30,0.00979
2017-07-31,91,0.010724000000000001
2017-07-31,182,0.011316
2017-07-31,365,0.0123
2017-07-31,730,0.013491
2017-07-31,1095,0.015081
2017-07-31,1825,0.01837
2017-07-31,3650,0.022942
2017-07-31,10950,0.028999
2017-08-01,1,0.0116
2017-08-01,30,0.009688
2017-08-01,91,0.010674
2017-08-01,182,0.011318
2017-08-01,365,0.012199999999999999
2017-08-01,730,0.013411
2017-08-01,1095,0.014891000000000001
2017-08-01,1825,0.018000000000000002
2017-08-01,3650,0.022532
2017-08-01,10950,0.028567
2017-08-02,1,0.0116
2017-08-02,30,0.009944
2017-08-02,91,0.010674
2017-08-02,182,0.011369
2017-08-02,365,0.0124
2017-08-02,730,0.01359
2017-08-02,1095,0.015081
2017-08-02,1825,0.018260000000000002
2017-08-02,3650,0.022709999999999998
2017-08-02,10950,0.028559
2017-08-03,1,0.0116
2017-08-03,30,0.009829
2017-08-03,91,0.010725
2017-08-03,182,0.011305
2017-08-03,365,0.012199999999999999
2017-08-03,730,0.013389999999999999
2017-08-03,1095,0.014780999999999999
2017-08-03,1825,0.01789
2017-08-03,3650,0.022212
2017-08-03,10950,0.027972
2017-08-04,1,0.0116
2017-08-04,30,0.009803
2017-08-04,91,0.010698000000000001
2017-08-04,182,0.011342000000000001
2017-08-04,365,0.0123
2017-08-04,730,0.013509
2017-08-04,1095,0.015026
2017-08-04,1825,0.01816
2017-08-04,3650,0.02262
2017-08-04,10950,0.02842
2017-08-07,1,0.0116
2017-08-07,30,0.009765000000000001
2017-08-07,91,0.010506999999999999
2017-08-07,182,0.011457
2017-08-07,365,0.012199999999999999
2017-08-07,730,0.013509
2017-08-07,1095,0.015026
2017-08-07,1825,0.01812
2017-08-07,3650,0.02253
2017-08-07,10950,0.028336
2017-08-08,1,0.0116
2017-08-08,30,0.00979
2017-08-08,91,0.010445
2017-08-08,182,0.011560999999999998
2017-08-08,365,0.0124
2017-08-08,730,0.013508
2017-08-08,1095,0.014943999999999999
2017-08-08,1825,0.01818
2017-08-08,3650,0.022618999999999997
2017-08-08,10950,0.028428
2017-08-09,1,0.0116
2017-08-09,30,0.009956
2017-08-09,91,0.010445
2017-08-09,182,0.01142
2017-08-09,365,0.0121
2017-08-09,730,0.013387
2017-08-09,1095,0.015026999999999999
2017-08-09,1825,0.01805
2017-08-09,3650,0.022476
2017-08-09,10950,0.028222
2017-08-10,1,0.0116
2017-08-10,30,0.01002
2017-08-10,91,0.010304
2017-08-10,182,0.011369
2017-08-10,365,0.012199999999999999
2017-08-10,730,0.013246
2017-08-10,1095,0.014813
2017-08-10,1825,0.01772
2017-08-10,3650,0.021974999999999998
2017-08-10,10950,0.027729
2017-08-11,1,0.0116
2017-08-11,30,0.009765000000000001
2017-08-11,91,0.010316
2017-08-11,182,0.011316
2017-08-11,365,0.0121
2017-08-11,730,0.01294
2017-08-11,1095,0.014466000000000001
2017-08-11,1825,0.01744
2017-08-11,3650,0.021888
2017-08-11,10950,0.027854999999999998
2017-08-14,1,0.0116
2017-08-14,30,0.009308
2017-08-14,91,0.010201
2017-08-14,182,0.011252
2017-08-14,365,0.0123
2017-08-14,730,0.013182000000000001
2017-08-14,1095,0.014733000000000001
2017-08-14,1825,0.0177
2017-08-14,3650,0.022185
2017-08-14,10950,0.028073
2017-08-15,1,0.0116
2017-08-15,30,0.009308
2017-08-15,91,0.01019
2017-08-15,182,0.011394999999999999
2017-08-15,365,0.0123
2017-08-15,730,0.013465
2017-08-15,1095,0.015161
2017-08-15,1825,0.018260000000000002
2017-08-15,3650,0.022728
2017-08-15,10950,0.028488000000000003
2017-08-16,1,0.0116
2017-08-16,30,0.009639
2017-08-16,91,0.010037
2017-08-16,182,0.011292
2017-08-16,365,0.0124
2017-08-16,730,0.013261
2017-08-16,1095,0.014839
2017-08-16,1825,0.01781
2017-08-16,3650,0.02222
2017-08-16,10950,0.028073
2017-08-17,1,0.0116
2017-08-17,30,0.009499
2017-08-17,91,0.009961
2017-08-17,182,0.011151
2017-08-17,365,0.0124
2017-08-17,730,0.012956
2017-08-17,1095,0.014571
2017-08-17,1825,0.0175
2017-08-17,3650,0.021852999999999997
2017-08-17,10950,0.027739
2017-08-18,1,0.0116
2017-08-18,30,0.00941
2017-08-18,91,0.010011
2017-08-18,182,0.011111
2017-08-18,365,0.0124
2017-08-18,730,0.013054
2017-08-18,1095,0.014570000000000001
2017-08-18,1825,0.01761
2017-08-18,3650,0.021939
2017-08-18,10950,0.027762
2017-08-21,1,0.0116
2017-08-21,30,0.009257
2017-08-21,91,0.009756
2017-08-21,182,0.011008
2017-08-21,365,0.0123
2017-08-21,730,0.013012
2017-08-21,1095,0.014489
2017-08-21,1825,0.017509999999999998
2017-08-21,3650,0.021817000000000003
2017-08-21,10950,0.027631000000000003
2017-08-22,1,0.0116
2017-08-22,30,0.009333000000000001
2017-08-22,91,0.009974
2017-08-22,182,0.011266
2017-08-22,365,0.0124
2017-08-22,730,0.013216
2017-08-22,1095,0.014731000000000001
2017-08-22,1825,0.01784
2017-08-22,3650,0.022130999999999998
2017-08-22,10950,0.027847
2017-08-23,1,0.0116
2017-08-23,30,0.009715
2017-08-23,91,0.009948
2017-08-23,182,0.011087
2017-08-23,365,0.012199999999999999
2017-08-23,730,0.013051
2017-08-23,1095,0.014434
2017-08-23,1825,0.01745
2017-08-23,3650,0.02166
2017-08-23,10950,0.027461000000000003
2017-08-24,1,0.0116
2017-08-24,30,0.009791
2017-08-24,91,0.010114000000000001
2017-08-24,182,0.011125000000000001
2017-08-24,365,0.0123
2017-08-24,730,0.013297000000000002
2017-08-24,1095,0.014702999999999999
2017-08-24,1825,0.01776
2017-08-24,3650,0.021939
2017-08-24,10950,0.027692
2017-08-25,1,0.0116
2017-08-25,30,0.009752
2017-08-25,91,0.010036
2017-08-25,182,0.01106
2017-08-25,365,0.0123
2017-08-25,730,0.013314999999999999
2017-08-25,1095,0.014621
2017-08-25,1825,0.01758
2017-08-25,3650,0.021659
2017-08-25,10950,0.027469
2017-08-28,1,0.0116
2017-08-28,30,0.009815
2017-08-28,91,0.010188999999999998
2017-08-28,182,0.011047
2017-08-28,365,0.0124
2017-08-28,730,0.013253
2017-08-28,1095,0.014513
2017-08-28,1825,0.017410000000000002
2017-08-28,3650,0.021570999999999996
2017-08-28,10950,0.027554
2017-08-29,1,0.0116
2017-08-29,30,0.009714
2017-08-29,91,0.010076
2017-08-29,182,0.011049
2017-08-29,365,0.0123
2017-08-29,730,0.013154999999999998
2017-08-29,1095,0.014215
2017-08-29,1825,0.01704
2017-08-29,3650,0.021292
2017-08-29,10950,0.027384
2017-08-30,1,0.0116
2017-08-30,30,0.009334
2017-08-30,91,0.010101
2017-08-30,182,0.010959000000000002
2017-08-30,365,0.0123
2017-08-30,730,0.013255
2017-08-30,1095,0.014322
2017-08-30,1825,0.01718
2017-08-30,3650,0.021309
2017-08-30,10950,0.027377
2017-08-31,1,0.010700000000000001
2017-08-31,30,0.009042
2017-08-31,91,0.00991
2017-08-31,182,0.010677
2017-08-31,365,0.0123
2017-08-31,730,0.013255
2017-08-31,1095,0.014267
2017-08-31,1825,0.01703
2017-08-31,3650,0.02117
2017-08-31,10950,0.027261999999999998
2017-09-01,1,0.0116
2017-09-01,30,0.009422
2017-09-01,91,0.009998
2017-09-01,182,0.010816
2017-09-01,365,0.0124
2017-09-01,730,0.013420000000000001
2017-09-01,1095,0.014591
2017-09-01,1825,0.017390000000000003
2017-09-01,3650,0.021657000000000003
2017-09-01,10950,0.027770000000000003
2017-09-04,1,0.0116
2017-09-04,30,0.009422
2017-09-04,91,0.009998
2017-09-04,182,0.010816
2017-09-04,365,0.0124
2017-09-04,730,0.013420000000000001
2017-09-04,1095,0.014591
2017-09-04,1825,0.017390000000000003
2017-09-04,3650,0.021657000000000003
2017-09-04,10950,0.027770000000000003
2017-09-05,1,0.0116
2017-09-05,30,0.009828
2017-09-05,91,0.009997
2017-09-05,182,0.010983
2017-09-05,365,0.0123
2017-09-05,730,0.0129
2017-09-05,1095,0.013883000000000001
2017-09-05,1825,0.01642
2017-09-05,3650,0.020596
2017-09-05,10950,0.026806
2017-09-06,1,0.0116
2017-09-06,30,0.010236
2017-09-06,91,0.010546999999999999
2017-09-06,182,0.011560999999999998
2017-09-06,365,0.0124
2017-09-06,730,0.013021
2017-09-06,1095,0.0141
2017-09-06,1825,0.01685
2017-09-06,3650,0.021046
2017-09-06,10950,0.027223999999999998
2017-09-07,1,0.0116
2017-09-07,30,0.009563
2017-09-07,91,0.010394
2017-09-07,182,0.011356
2017-09-07,365,0.0121
2017-09-07,730,0.01262
2017-09-07,1095,0.013691
2017-09-07,1825,0.01626
2017-09-07,3650,0.020387
2017-09-07,10950,0.026572
2017-09-08,1,0.0116
2017-09-08,30,0.009232
2017-09-08,91,0.010367
2017-09-08,182,0.011354999999999999
2017-09-08,365,0.012199999999999999
2017-09-08,730,0.01262
2017-09-08,1095,0.013687
2017-09-08,1825,0.01634
2017-09-08,3650,0.020507
2017-09-08,10950,0.026692
2017-09-11,1,0.0116
2017-09-11,30,0.009447
2017-09-11,91,0.010341
2017-09-11,182,0.011457
2017-09-11,365,0.0124
2017-09-11,730,0.013186
2017-09-11,1095,0.014341999999999999
2017-09-11,1825,0.0171
2017-09-11,3650,0.021306
2017-09-11,10950,0.02743
2017-09-12,1,0.0116
2017-09-12,30,0.009612
2017-09-12,91,0.010267
2017-09-12,182,0.011523
2017-09-12,365,0.0127
2017-09-12,730,0.013348
2017-09-12,1095,0.014632000000000001
2017-09-12,1825,0.01746
2017-09-12,3650,0.021671999999999997
2017-09-12,10950,0.027715
2017-09-13,1,0.0116
2017-09-13,30,0.009728
2017-09-13,91,0.010343
2017-09-13,182,0.011523
2017-09-13,365,0.0127
2017-09-13,730,0.013471
2017-09-13,1095,0.014792000000000001
2017-09-13,1825,0.01768
2017-09-13,3650,0.021883
2017-09-13,10950,0.027863000000000002
2017-09-14,1,0.0116
2017-09-14,30,0.009791
2017-09-14,91,0.010431999999999999
2017-09-14,182,0.011625000000000002
2017-09-14,365,0.0128
2017-09-14,730,0.013614999999999999
2017-09-14,1095,0.01498
2017-09-14,1825,0.01778
2017-09-14,3650,0.021847
2017-09-14,10950,0.027669000000000003
2017-09-15,1,0.0116
2017-09-15,30,0.009549
2017-09-15,91,0.010265
2017-09-15,182,0.011675
2017-09-15,365,0.013000000000000001
2017-09-15,730,0.013803000000000001
2017-09-15,1095,0.015250999999999999
2017-09-15,1825,0.01806
2017-09-15,3650,0.022023
2017-09-15,10950,0.0277
2017-09-18,1,0.0116
2017-09-18,30,0.009143
2017-09-18,91,0.010125
2017-09-18,182,0.011675
2017-09-18,365,0.013000000000000001
2017-09-18,730,0.013947000000000001
2017-09-18,1095,0.015414
2017-09-18,1825,0.018260000000000002
2017-09-18,3650,0.022286999999999998
2017-09-18,10950,0.027987
2017-09-19,1,0.0116
2017-09-19,30,0.009408999999999999
2017-09-19,91,0.010267
2017-09-19,182,0.01183
2017-09-19,365,0.0131
2017-09-19,730,0.014011000000000001
2017-09-19,1095,0.015443
2017-09-19,1825,0.018349999999999998
2017-09-19,3650,0.022446
2017-09-19,10950,0.028167
2017-09-20,1,0.0116
2017-09-20,30,0.009779
2017-09-20,91,0.010279
2017-09-20,182,0.011881999999999998
2017-09-20,365,0.0132
2017-09-20,730,0.014381999999999999
2017-09-20,1095,0.015875999999999998
2017-09-20,1825,0.01875
2017-09-20,3650,0.022675999999999998
2017-09-20,10950,0.028081000000000002
2017-09-21,1,0.0116
2017-09-21,30,0.009766
2017-09-21,91,0.010279
2017-09-21,182,0.01183
2017-09-21,365,0.0131
2017-09-21,730,0.014384999999999998
2017-09-21,1095,0.015959
2017-09-21,1825,0.01887
2017-09-21,3650,0.022765
2017-09-21,10950,0.028050000000000002
2017-09-22,1,0.0116
2017-09-22,30,0.009510999999999999
2017-09-22,91,0.010202
2017-09-22,182,0.011778
2017-09-22,365,0.013000000000000001
2017-09-22,730,0.01431
2017-09-22,1095,0.015747999999999998
2017-09-22,1825,0.01862
2017-09-22,3650,0.022498999999999998
2017-09-22,10950,0.027801
2017-09-25,1,0.0116
2017-09-25,30,0.009384
2017-09-25,91,0.010074000000000001
2017-09-25,182,0.011803
2017-09-25,365,0.013000000000000001
2017-09-25,730,0.01423
2017-09-25,1095,0.015587
2017-09-25,1825,0.01837
2017-09-25,3650,0.022198000000000002
2017-09-25,10950,0.027614999999999997
2017-09-26,1,0.0116
2017-09-26,30,0.009408999999999999
2017-09-26,91,0.010496
2017-09-26,182,0.011767000000000001
2017-09-26,365,0.0131
2017-09-26,730,0.014356
2017-09-26,1095,0.015697000000000003
2017-09-26,1825,0.01859
2017-09-26,3650,0.022357000000000002
2017-09-26,10950,0.027739
2017-09-27,1,0.0116
2017-09-27,30,0.009703
2017-09-27,91,0.010458
2017-09-27,182,0.011818
2017-09-27,365,0.013300000000000001
2017-09-27,730,0.014707
2017-09-27,1095,0.015971
2017-09-27,1825,0.01906
2017-09-27,3650,0.023103
2017-09-27,10950,0.028624999999999998
2017-09-28,1,0.0116
2017-09-28,30,0.009398
2017-09-28,91,0.01047
2017-09-28,182,0.011803999999999999
2017-09-28,365,0.0131
2017-09-28,730,0.014508
2017-09-28,1095,0.015701
2017-09-28,1825,0.01894
2017-09-28,3650,0.023085
2017-09-28,10950,0.028712
2017-09-29,1,0.0106
2017-09-29,30,0.009334
2017-09-29,91,0.010405
2017-09-29,182,0.011855
2017-09-29,365,0.0131
2017-09-29,730,0.014827
2017-09-29,1095,0.016225
2017-09-29,1825,0.019370000000000002
2017-09-29,3650,0.023336000000000003
2017-09-29,10950,0.028601
2017-10-02,1,0.0116
2017-10-02,30,0.00927
2017-10-02,91,0.010201
2017-10-02,182,0.01188
2017-10-02,365,0.0131
2017-10-02,730,0.014828
2017-10-02,1095,0.016254
2017-10-02,1825,0.01935
2017-10-02,3650,0.023408
2017-10-02,10950,0.028736
2017-10-03,1,0.0116
2017-10-03,30,0.009346
2017-10-03,91,0.010445
2017-10-03,182,0.012087
2017-10-03,365,0.0132
2017-10-03,730,0.01471
2017-10-03,1095,0.016065
2017-10-03,1825,0.01917
2017-10-03,3650,0.023229000000000003
2017-10-03,10950,0.028641
2017-10-04,1,0.0116
2017-10-04,30,0.009892999999999999
2017-10-04,91,0.01061
2017-10-04,182,0.012087
2017-10-04,365,0.013300000000000001
2017-10-04,730,0.014711
2017-10-04,1095,0.016067
2017-10-04,1825,0.01917
2017-10-04,3650,0.023229000000000003
2017-10-04,10950,0.028657
2017-10-05,1,0.0116
2017-10-05,30,0.010006999999999999
2017-10-05,91,0.010597
2017-10-05,182,0.012112000000000001
2017-10-05,365,0.013500000000000002
2017-10-05,730,0.014873
2017-10-05,1095,0.016261
2017-10-05,1825,0.019450000000000002
2017-10-05,3650,0.023479999999999997
2017-10-05,10950,0.028904
2017-10-06,1,0.0116
2017-10-06,30,0.010069
2017-10-06,91,0.010622
2017-10-06,182,0.012188000000000001
2017-10-06,365,0.013500000000000002
2017-10-06,730,0.01504
2017-10-06,1095,0.01638
2017-10-06,1825,0.01957
2017-10-06,3650,0.023589000000000002
2017-10-06,10950,0.028936000000000003
2017-10-09,1,0.0116
2017-10-09,30,0.010069
2017-10-09,91,0.010622
2017-10-09,182,0.012188000000000001
2017-10-09,365,0.013500000000000002
2017-10-09,730,0.01504
2017-10-09,1095,0.01638
2017-10-09,1825,0.01957
2017-10-09,3650,0.023589000000000002
2017-10-09,10950,0.028936000000000003
2017-10-10,1,0.0116
2017-10-10,30,0.010196
2017-10-10,91,0.010723
2017-10-10,182,0.01229
2017-10-10,365,0.014199999999999999
2017-10-10,730,0.015123
2017-10-10,1095,0.016383
2017-10-10,1825,0.0196
2017-10-10,3650,0.023607
2017-10-10,10950,0.028952
2017-10-11,1,0.0116
2017-10-11,30,0.010096
2017-10-11,91,0.010878
2017-10-11,182,0.012395
2017-10-11,365,0.013999999999999999
2017-10-11,730,0.015186
2017-10-11,1095,0.01644
2017-10-11,1825,0.01957
2017-10-11,3650,0.023481000000000002
2017-10-11,10950,0.028824000000000002
2017-10-12,1,0.0116
2017-10-12,30,0.009461
2017-10-12,91,0.010712
2017-10-12,182,0.01242
2017-10-12,365,0.0141
2017-10-12,730,0.015127
2017-10-12,1095,0.016626000000000002
2017-10-12,1825,0.01939
2017-10-12,3650,0.023177
2017-10-12,10950,0.028467
2017-10-13,1,0.0116
2017-10-13,30,0.009435
2017-10-13,91,0.010672999999999998
2017-10-13,182,0.012445
2017-10-13,365,0.0139
2017-10-13,730,0.014929
2017-10-13,1095,0.016304
2017-10-13,1825,0.01901
2017-10-13,3650,0.02273
2017-10-13,10950,0.028050000000000002
2017-10-16,1,0.0116
2017-10-16,30,0.009435
2017-10-16,91,0.010622
2017-10-16,182,0.012495000000000001
2017-10-16,365,0.014199999999999999
2017-10-16,730,0.015379
2017-10-16,1095,0.016814
2017-10-16,1825,0.01951
2017-10-16,3650,0.023034
2017-10-16,10950,0.028231000000000003
2017-10-17,1,0.0116
2017-10-17,30,0.009333000000000001
2017-10-17,91,0.010878
2017-10-17,182,0.012549
2017-10-17,365,0.0141
2017-10-17,730,0.015463
2017-10-17,1095,0.016814
2017-10-17,1825,0.01959
2017-10-17,3650,0.022997999999999998
2017-10-17,10950,0.028019
2017-10-18,1,0.0116
2017-10-18,30,0.009689999999999999
2017-10-18,91,0.010878
2017-10-18,182,0.012421
2017-10-18,365,0.014199999999999999
2017-10-18,730,0.015629
2017-10-18,1095,0.017084
2017-10-18,1825,0.01994
2017-10-18,3650,0.023465
2017-10-18,10950,0.028561999999999997
2017-10-19,1,0.0116
2017-10-19,30,0.009791
2017-10-19,91,0.010851999999999999
2017-10-19,182,0.012497000000000001
2017-10-19,365,0.0141
2017-10-19,730,0.015304
2017-10-19,1095,0.016654
2017-10-19,1825,0.01954
2017-10-19,3650,0.023178
2017-10-19,10950,0.028365
2017-10-20,1,0.0116
2017-10-20,30,0.009816
2017-10-20,91,0.01103
2017-10-20,182,0.012598
2017-10-20,365,0.0143
2017-10-20,730,0.015763
2017-10-20,1095,0.017141
2017-10-20,1825,0.02021
2017-10-20,3650,0.023845
2017-10-20,10950,0.028969
2017-10-23,1,0.0116
2017-10-23,30,0.009892
2017-10-23,91,0.010875999999999999
2017-10-23,182,0.012521
2017-10-23,365,0.014199999999999999
2017-10-23,730,0.015642
2017-10-23,1095,0.016952000000000002
2017-10-23,1825,0.01999
2017-10-23,3650,0.023664
2017-10-23,10950,0.028833
2017-10-24,1,0.0116
2017-10-24,30,0.009891
2017-10-24,91,0.011108
2017-10-24,182,0.012626
2017-10-24,365,0.0143
2017-10-24,730,0.01581
2017-10-24,1095,0.017251000000000002
2017-10-24,1825,0.02045
2017-10-24,3650,0.024189
2017-10-24,10950,0.029331
2017-10-25,1,0.0116
2017-10-25,30,0.009892999999999999
2017-10-25,91,0.01098
2017-10-25,182,0.012626
2017-10-25,365,0.0143
2017-10-25,730,0.01595
2017-10-25,1095,0.017252
2017-10-25,1825,0.02045
2017-10-25,3650,0.024317000000000002
2017-10-25,10950,0.029404
2017-10-26,1,0.0116
2017-10-26,30,0.009741
2017-10-26,91,0.010953999999999998
2017-10-26,182,0.012702
2017-10-26,365,0.0143
2017-10-26,730,0.016149
2017-10-26,1095,0.017497
2017-10-26,1825,0.020790000000000003
2017-10-26,3650,0.024609000000000002
2017-10-26,10950,0.029714
2017-10-27,1,0.0116
2017-10-27,30,0.009613
2017-10-27,91,0.010928
2017-10-27,182,0.012701
2017-10-27,365,0.014199999999999999
2017-10-27,730,0.015875
2017-10-27,1095,0.017174000000000002
2017-10-27,1825,0.02029
2017-10-27,3650,0.024064000000000002
2017-10-27,10950,0.029179
2017-10-30,1,0.0116
2017-10-30,30,0.009486
2017-10-30,91,0.010927
2017-10-30,182,0.012546999999999999
2017-10-30,365,0.014199999999999999
2017-10-30,730,0.015737
2017-10-30,1095,0.016956
2017-10-30,1825,0.01996
2017-10-30,3650,0.023683999999999997
2017-10-30,10950,0.028801999999999998
2017-10-31,1,0.010700000000000001
2017-10-31,30,0.009714
2017-10-31,91,0.011312
2017-10-31,182,0.01278
2017-10-31,365,0.0143
2017-10-31,730,0.015996999999999997
2017-10-31,1095,0.017257
2017-10-31,1825,0.02017
2017-10-31,3650,0.023793
2017-10-31,10950,0.028794
2017-11-01,1,0.0116
2017-11-01,30,0.01035
2017-11-01,91,0.011592
2017-11-01,182,0.012857
2017-11-01,365,0.0146
2017-11-01,730,0.016119
2017-11-01,1095,0.01734
2017-11-01,1825,0.02019
2017-11-01,3650,0.023721000000000003
2017-11-01,10950,0.028579
2017-11-02,1,0.0116
2017-11-02,30,0.01002
2017-11-02,91,0.011591
2017-11-02,182,0.012856000000000001
2017-11-02,365,0.0146
2017-11-02,730,0.01608
2017-11-02,1095,0.017204
2017-11-02,1825,0.02001
2017-11-02,3650,0.023450000000000002
2017-11-02,10950,0.028255
2017-11-03,1,0.0116
2017-11-03,30,0.009993
2017-11-03,91,0.011692000000000001
2017-11-03,182,0.012905999999999999
2017-11-03,365,0.0149
2017-11-03,730,0.016145
2017-11-03,1095,0.017289000000000002
2017-11-03,1825,0.01991
2017-11-03,3650,0.023325
2017-11-03,10950,0.028129
2017-11-06,1,0.0116
2017-11-06,30,0.01012
2017-11-06,91,0.011768
2017-11-06,182,0.012957000000000002
2017-11-06,365,0.015
2017-11-06,730,0.016207
2017-11-06,1095,0.017262
2017-11-06,1825,0.01984
2017-11-06,3650,0.023163
2017-11-06,10950,0.027940999999999997
2017-11-07,1,0.0116
2017-11-07,30,0.010247
2017-11-07,91,0.011987000000000001
2017-11-07,182,0.013268
2017-11-07,365,0.0149
2017-11-07,730,0.016289
2017-11-07,1095,0.017346
2017-11-07,1825,0.01989
2017-11-07,3650,0.023145
2017-11-07,10950,0.027770000000000003
2017-11-08,1,0.0116
2017-11-08,30,0.010426
2017-11-08,91,0.012229
2017-11-08,182,0.01337
2017-11-08,365,0.015300000000000001
2017-11-08,730,0.016452
2017-11-08,1095,0.017688
2017-11-08,1825,0.020110000000000003
2017-11-08,3650,0.023343
2017-11-08,10950,0.027918
2017-11-09,1,0.0116
2017-11-09,30,0.010477
2017-11-09,91,0.012229
2017-11-09,182,0.013421
2017-11-09,365,0.015300000000000001
2017-11-09,730,0.016333
2017-11-09,1095,0.017581
2017-11-09,1825,0.02012
2017-11-09,3650,0.023416000000000003
2017-11-09,10950,0.028161000000000002
2017-11-10,1,0.0116
2017-11-10,30,0.010374000000000001
2017-11-10,91,0.012202
2017-11-10,182,0.013574
2017-11-10,365,0.0154
2017-11-10,730,0.016541
2017-11-10,1095,0.017849
2017-11-10,1825,0.02052
2017-11-10,3650,0.023984000000000002
2017-11-10,10950,0.028797000000000003
2017-11-13,1,0.0116
2017-11-13,30,0.010399
2017-11-13,91,0.012074
2017-11-13,182,0.013625
2017-11-13,365,0.0155
2017-11-13,730,0.016808
2017-11-13,1095,0.018118000000000002
2017-11-13,1825,0.02076
2017-11-13,3650,0.024055
2017-11-13,10950,0.02871
2017-11-14,1,0.0116
2017-11-14,30,0.010475000000000002
2017-11-14,91,0.012407999999999999
2017-11-14,182,0.01391
2017-11-14,365,0.0155
2017-11-14,730,0.016872
2017-11-14,1095,0.018091
2017-11-14,1825,0.02059
2017-11-14,3650,0.023717000000000002
2017-11-14,10950,0.028300000000000002
2017-11-15,1,0.0116
2017-11-15,30,0.010655
2017-11-15,91,0.012381999999999999
2017-11-15,182,0.013833
2017-11-15,365,0.0155
2017-11-15,730,0.016834000000000002
2017-11-15,1095,0.017957
2017-11-15,1825,0.02032
2017-11-15,3650,0.023222
2017-11-15,10950,0.027646
2017-11-16,1,0.0116
2017-11-16,30,0.010553
2017-11-16,91,0.012535000000000001
2017-11-16,182,0.013987000000000001
2017-11-16,365,0.0159
2017-11-16,730,0.017082
2017-11-16,1095,0.018254
2017-11-16,1825,0.020710000000000003
2017-11-16,3650,0.023753000000000003
2017-11-16,10950,0.028268
2017-11-17,1,0.0116
2017-11-17,30,0.010501
2017-11-17,91,0.012584999999999999
2017-11-17,182,0.014088
2017-11-17,365,0.016
2017-11-17,730,0.017213
2017-11-17,1095,0.018229
2017-11-17,1825,0.020579999999999998
2017-11-17,3650,0.023435
2017-11-17,10950,0.027778
2017-11-20,1,0.0116
2017-11-20,30,0.010526
2017-11-20,91,0.012584
2017-11-20,182,0.014113
2017-11-20,365,0.016200000000000003
2017-11-20,730,0.017505
2017-11-20,1095,0.018554
2017-11-20,1825,0.02093
2017-11-20,3650,0.023666
2017-11-20,10950,0.027801
2017-11-21,1,0.0116
2017-11-21,30,0.0105
2017-11-21,91,0.012714000000000001
2017-11-21,182,0.014424
2017-11-21,365,0.016200000000000003
2017-11-21,730,0.017715
2017-11-21,1095,0.018772
2017-11-21,1825,0.02099
2017-11-21,3650,0.023559
2017-11-21,10950,0.027576999999999997
2017-11-22,1,0.0116
2017-11-22,30,0.011415999999999999
2017-11-22,91,0.012841
2017-11-22,182,0.014398
2017-11-22,365,0.0161
2017-11-22,730,0.017266999999999998
2017-11-22,1095,0.018312
2017-11-22,1825,0.02043
2017-11-22,3650,0.023187000000000003
2017-11-22,10950,0.027392
2017-11-23,1,0.0116
2017-11-23,30,0.011415999999999999
2017-11-23,91,0.012841
2017-11-23,182,0.014398
2017-11-23,365,0.0161
2017-11-23,730,0.017266999999999998
2017-11-23,1095,0.018312
2017-11-23,1825,0.02043
2017-11-23,3650,0.023187000000000003
2017-11-23,10950,0.027392
2017-11-24,1,0.0116
2017-11-24,30,0.011262000000000001
2017-11-24,91,0.01261
2017-11-24,182,0.014395999999999999
2017-11-24,365,0.0161
2017-11-24,730,0.017443
2017-11-24,1095,0.01845
2017-11-24,1825,0.020640000000000002
2017-11-24,3650,0.023418
2017-11-24,10950,0.027638
2017-11-27,1,0.0116
2017-11-27,30,0.011313
2017-11-27,91,0.012431000000000001
2017-11-27,182,0.014343999999999999
2017-11-27,365,0.016200000000000003
2017-11-27,730,0.017404
2017-11-27,1095,0.018342
2017-11-27,1825,0.02048
2017-11-27,3650,0.023277000000000003
2017-11-27,10950,0.027677
2017-11-28,1,0.0116
2017-11-28,30,0.011059000000000001
2017-11-28,91,0.012765
2017-11-28,182,0.014398
2017-11-28,365,0.0161
2017-11-28,730,0.01746
2017-11-28,1095,0.018398
2017-11-28,1825,0.0206
2017-11-28,3650,0.023277000000000003
2017-11-28,10950,0.027576999999999997
2017-11-29,1,0.0116
2017-11-29,30,0.011569000000000001
2017-11-29,91,0.012841
2017-11-29,182,0.014501
2017-11-29,365,0.0161
2017-11-29,730,0.01762
2017-11-29,1095,0.018644
2017-11-29,1825,0.021070000000000002
2017-11-29,3650,0.023882
2017-11-29,10950,0.028245
2017-11-30,1,0.010700000000000001
2017-11-30,30,0.011238
2017-11-30,91,0.01256
2017-11-30,182,0.014372000000000001
2017-11-30,365,0.016200000000000003
2017-11-30,730,0.01782
2017-11-30,1095,0.018919
2017-11-30,1825,0.02138
2017-11-30,3650,0.024097
2017-11-30,10950,0.028269000000000002
2017-12-01,1,0.0116
2017-12-01,30,0.011136
2017-12-01,91,0.012584999999999999
2017-12-01,182,0.01437
2017-12-01,365,0.016200000000000003
2017-12-01,730,0.01772
2017-12-01,1095,0.01884
2017-12-01,1825,0.02114
2017-12-01,3650,0.023615
2017-12-01,10950,0.027614999999999997
2017-12-04,1,0.0116
2017-12-04,30,0.011337999999999999
2017-12-04,91,0.012686
2017-12-04,182,0.014395999999999999
2017-12-04,365,0.0166
2017-12-04,730,0.018063
2017-12-04,1095,0.019226
2017-12-04,1825,0.02144
2017-12-04,3650,0.023723
2017-12-04,10950,0.027638
2017-12-05,1,0.0116
2017-12-05,30,0.011516
2017-12-05,91,0.012892999999999998
2017-12-05,182,0.014759
2017-12-05,365,0.016399999999999998
2017-12-05,730,0.018184
2017-12-05,1095,0.019282
2017-12-05,1825,0.02144
2017-12-05,3650,0.023509000000000002
2017-12-05,10950,0.027315
2017-12-06,1,0.0116
2017-12-06,30,0.011517999999999999
2017-12-06,91,0.012816000000000001
2017-12-06,182,0.014553
2017-12-06,365,0.0168
2017-12-06,730,0.018064
2017-12-06,1095,0.019146
2017-12-06,1825,0.021269999999999997
2017-12-06,3650,0.023385
2017-12-06,10950,0.0273
2017-12-07,1,0.0116
2017-12-07,30,0.011467
2017-12-07,91,0.012764
2017-12-07,182,0.014552
2017-12-07,365,0.0167
2017-12-07,730,0.018024
2017-12-07,1095,0.019119999999999998
2017-12-07,1825,0.02139
2017-12-07,3650,0.023634
2017-12-07,10950,0.027607
2017-12-08,1,0.0116
2017-12-08,30,0.011186
2017-12-08,91,0.012712000000000001
2017-12-08,182,0.01437
2017-12-08,365,0.0165
2017-12-08,730,0.017945
2017-12-08,1095,0.019069
2017-12-08,1825,0.02141
2017-12-08,3650,0.02376
2017-12-08,10950,0.027685
2017-12-11,1,0.0116
2017-12-11,30,0.011541
2017-12-11,91,0.012865
2017-12-11,182,0.01437
2017-12-11,365,0.0169
2017-12-11,730,0.018189
2017-12-11,1095,0.019375
2017-12-11,1825,0.02157
2017-12-11,3650,0.023885999999999998
2017-12-11,10950,0.027762
2017-12-12,1,0.011699999999999999
2017-12-12,30,0.011744000000000001
2017-12-12,91,0.01325
2017-12-12,182,0.014783999999999999
2017-12-12,365,0.017
2017-12-12,730,0.018271
2017-12-12,1095,0.019531
2017-12-12,1825,0.02173
2017-12-12,3650,0.024011
2017-12-12,10950,0.027762
2017-12-13,1,0.011699999999999999
2017-12-13,30,0.012126999999999999
2017-12-13,91,0.012969
2017-12-13,182,0.014501
2017-12-13,365,0.0168
2017-12-13,730,0.017743
2017-12-13,1095,0.018911
2017-12-13,1825,0.02106
2017-12-13,3650,0.023422000000000002
2017-12-13,10950,0.027269
2017-12-14,1,0.0141
2017-12-14,30,0.012
2017-12-14,91,0.013019000000000001
2017-12-14,182,0.014655
2017-12-14,365,0.017
2017-12-14,730,0.01811
2017-12-14,1095,0.019235
2017-12-14,1825,0.02139
2017-12-14,3650,0.023493
2017-12-14,10950,0.027063
2017-12-15,1,0.0141
2017-12-15,30,0.012329000000000001
2017-12-15,91,0.01312
2017-12-15,182,0.014628
2017-12-15,365,0.0171
2017-12-15,730,0.018358
2017-12-15,1095,0.019479
2017-12-15,1825,0.02155
2017-12-15,3650,0.023530000000000002
2017-12-15,10950,0.026873
2017-12-18,1,0.014199999999999999
2017-12-18,30,0.012278
2017-12-18,91,0.013375
2017-12-18,182,0.014653000000000001
2017-12-18,365,0.017
2017-12-18,730,0.018277
2017-12-18,1095,0.019452
2017-12-18,1825,0.02168
2017-12-18,3650,0.023942
2017-12-18,10950,0.027407
2017-12-19,1,0.014199999999999999
2017-12-19,30,0.012150000000000001
2017-12-19,91,0.013657999999999998
2017-12-19,182,0.014913000000000001
2017-12-19,365,0.0171
2017-12-19,730,0.018525
2017-12-19,1095,0.019751
2017-12-19,1825,0.02222
2017-12-19,3650,0.024644
2017-12-19,10950,0.028197999999999997
2017-12-20,1,0.014199999999999999
2017-12-20,30,0.012076
2017-12-20,91,0.013734
2017-12-20,182,0.015093
2017-12-20,365,0.0172
2017-12-20,730,0.018567
2017-12-20,1095,0.019861
2017-12-20,1825,0.02237
2017-12-20,3650,0.02497
2017-12-20,10950,0.028767
2017-12-21,1,0.014199999999999999
2017-12-21,30,0.01167
2017-12-21,91,0.013402
2017-12-21,182,0.015271999999999999
2017-12-21,365,0.0173
2017-12-21,730,0.018775
2017-12-21,1095,0.019943
2017-12-21,1825,0.02246
2017-12-21,3650,0.024826
2017-12-21,10950,0.028419
2017-12-22,1,0.014199999999999999
2017-12-22,30,0.011186
2017-12-22,91,0.013222000000000001
2017-12-22,182,0.015269999999999999
2017-12-22,365,0.0173
2017-12-22,730,0.018906
2017-12-22,1095,0.020083000000000004
2017-12-22,1825,0.0225
2017-12-22,3650,0.02481
2017-12-22,10950,0.028309
2017-12-25,1,0.014199999999999999
2017-12-25,30,0.011186
2017-12-25,91,0.013222000000000001
2017-12-25,182,0.015269999999999999
2017-12-25,365,0.0173
2017-12-25,730,0.018906
2017-12-25,1095,0.020083000000000004
2017-12-25,1825,0.0225
2017-12-25,3650,0.02481
2017-12-25,10950,0.028309
2017-12-26,1,0.014199999999999999
2017-12-26,30,0.011516
2017-12-26,91,0.013298
2017-12-26,182,0.015165999999999999
2017-12-26,365,0.0175
2017-12-26,730,0.018991
2017-12-26,1095,0.020139
2017-12-26,1825,0.02243
2017-12-26,3650,0.024756
2017-12-26,10950,0.028246000000000004
2017-12-27,1,0.014199999999999999
2017-12-27,30,0.011569000000000001
2017-12-27,91,0.014320999999999999
2017-12-27,182,0.015196000000000001
2017-12-27,365,0.0175
2017-12-27,730,0.01893
2017-12-27,1095,0.019758
2017-12-27,1825,0.02194
2017-12-27,3650,0.024107
2017-12-27,10950,0.027461000000000003
2017-12-28,1,0.014199999999999999
2017-12-28,30,0.011644000000000002
2017-12-28,91,0.013758999999999999
2017-12-28,182,0.015195
2017-12-28,365,0.0176
2017-12-28,730,0.019071
2017-12-28,1095,0.019950000000000002
2017-12-28,1825,0.02237
2017-12-28,3650,0.024305
2017-12-28,10950,0.027561
2017-12-29,1,0.013300000000000001
2017-12-29,30,0.012252
2017-12-29,91,0.013756999999999998
2017-12-29,182,0.015269999999999999
2017-12-29,365,0.0176
2017-12-29,730,0.01883
2017-12-29,1095,0.019707
2017-12-29,1825,0.02207
2017-12-29,3650,0.024054000000000002
2017-12-29,10950,0.027399
2018-01-01,1,0.013300000000000001
2018-01-01,30,0.012252
2018-01-01,91,0.013756999999999998
2018-01-01,182,0.015269999999999999
2018-01-01,365,0.0176
2018-01-01,730,0.01883
2018-01-01,1095,0.019707
2018-01-01,1825,0.02207
2018-01-01,3650,0.024054000000000002
2018-01-01,10950,0.027399
2018-01-02,1,0.014199999999999999
2018-01-02,30,0.012124999999999999
2018-01-02,91,0.013884
2018-01-02,182,0.015552
2018-01-02,365,0.0183
2018-01-02,730,0.019191
2018-01-02,1095,0.020092
2018-01-02,1825,0.02249
2018-01-02,3650,0.024633
2018-01-02,10950,0.028136
2018-01-03,1,0.014199999999999999
2018-01-03,30,0.012686
2018-01-03,91,0.013913
2018-01-03,182,0.015839000000000002
2018-01-03,365,0.0181
2018-01-03,730,0.019313
2018-01-03,1095,0.020149
2018-01-03,1825,0.02246
2018-01-03,3650,0.024471
2018-01-03,10950,0.027854999999999998
2018-01-04,1,0.014199999999999999
2018-01-04,30,0.012559
2018-01-04,91,0.013964
2018-01-04,182,0.015839000000000002
2018-01-04,365,0.0182
2018-01-04,730,0.019515
2018-01-04,1095,0.02037
2018-01-04,1825,0.022690000000000002
2018-01-04,3650,0.024525
2018-01-04,10950,0.027863000000000002
2018-01-05,1,0.014199999999999999
2018-01-05,30,0.012506
2018-01-05,91,0.013935999999999999
2018-01-05,182,0.015759000000000002
2018-01-05,365,0.018000000000000002
2018-01-05,730,0.019599
2018-01-05,1095,0.020596
2018-01-05,1825,0.02289
2018-01-05,3650,0.024763
2018-01-05,10950,0.028105
2018-01-08,1,0.014199999999999999
2018-01-08,30,0.01276
2018-01-08,91,0.014063
2018-01-08,182,0.015707
2018-01-08,365,0.0179
2018-01-08,730,0.019579
2018-01-08,1095,0.020569999999999998
2018-01-08,1825,0.022879999999999998
2018-01-08,3650,0.0248
2018-01-08,10950,0.028113000000000003
2018-01-09,1,0.014199999999999999
2018-01-09,30,0.012836
2018-01-09,91,0.014245
2018-01-09,182,0.015942
2018-01-09,365,0.0178
2018-01-09,730,0.019681999999999998
2018-01-09,1095,0.020765
2018-01-09,1825,0.023319999999999997
2018-01-09,3650,0.02553
2018-01-09,10950,0.028952
2018-01-10,1,0.014199999999999999
2018-01-10,30,0.01294
2018-01-10,91,0.014194
2018-01-10,182,0.015788
2018-01-10,365,0.0178
2018-01-10,730,0.019724
2018-01-10,1095,0.020892
2018-01-10,1825,0.0233
2018-01-10,3650,0.025568
2018-01-10,10950,0.028984
2018-01-11,1,0.014199999999999999
2018-01-11,30,0.013016000000000002
2018-01-11,91,0.01427
2018-01-11,182,0.015839000000000002
2018-01-11,365,0.0177
2018-01-11,730,0.019785999999999998
2018-01-11,1095,0.020919
2018-01-11,1825,0.02327
2018-01-11,3650,0.025367
2018-01-11,10950,0.028673
2018-01-12,1,0.014199999999999999
2018-01-12,30,0.012912
2018-01-12,91,0.01437
2018-01-12,182,0.015939000000000002
2018-01-12,365,0.0178
2018-01-12,730,0.019976
2018-01-12,1095,0.021162999999999998
2018-01-12,1825,0.02347
2018-01-12,3650,0.025462
2018-01-12,10950,0.028491
2018-01-15,1,0.014199999999999999
2018-01-15,30,0.012912
2018-01-15,91,0.01437
2018-01-15,182,0.015939000000000002
2018-01-15,365,0.0178
2018-01-15,730,0.019976
2018-01-15,1095,0.021162999999999998
2018-01-15,1825,0.02347
2018-01-15,3650,0.025462
2018-01-15,10950,0.028491
2018-01-16,1,0.014199999999999999
2018-01-16,30,0.012963
2018-01-16,91,0.014190000000000001
2018-01-16,182,0.015912
2018-01-16,365,0.0179
2018-01-16,730,0.020142000000000004
2018-01-16,1095,0.021218
2018-01-16,1825,0.023530000000000002
2018-01-16,3650,0.025371
2018-01-16,10950,0.028254
2018-01-17,1,0.014199999999999999
2018-01-17,30,0.01294
2018-01-17,91,0.014398
2018-01-17,182,0.016251
2018-01-17,365,0.0179
2018-01-17,730,0.020430999999999998
2018-01-17,1095,0.021653
2018-01-17,1825,0.02405
2018-01-17,3650,0.025903999999999996
2018-01-17,10950,0.02857
2018-01-18,1,0.014199999999999999
2018-01-18,30,0.012635
2018-01-18,91,0.01427
2018-01-18,182,0.016173
2018-01-18,365,0.0179
2018-01-18,730,0.020434
2018-01-18,1095,0.021682
2018-01-18,1825,0.02419
2018-01-18,3650,0.026255999999999998
2018-01-18,10950,0.029033000000000003
2018-01-19,1,0.014199999999999999
2018-01-19,30,0.012506
2018-01-19,91,0.014268000000000001
2018-01-19,182,0.016171
2018-01-19,365,0.0179
2018-01-19,730,0.020647000000000002
2018-01-19,1095,0.022014
2018-01-19,1825,0.0245
2018-01-19,3650,0.026591999999999998
2018-01-19,10950,0.029331
2018-01-22,1,0.014199999999999999
2018-01-22,30,0.012455
2018-01-22,91,0.014166000000000002
2018-01-22,182,0.016196
2018-01-22,365,0.0179
2018-01-22,730,0.020608
2018-01-22,1095,0.021987999999999997
2018-01-22,1825,0.02448
2018-01-22,3650,0.0265
2018-01-22,10950,0.02913
2018-01-23,1,0.014199999999999999
2018-01-23,30,0.012379
2018-01-23,91,0.014348000000000001
2018-01-23,182,0.016277
2018-01-23,365,0.0178
2018-01-23,730,0.020402999999999998
2018-01-23,1095,0.021744
2018-01-23,1825,0.02413
2018-01-23,3650,0.026131
2018-01-23,10950,0.028945
2018-01-24,1,0.014199999999999999
2018-01-24,30,0.012432
2018-01-24,91,0.014296
2018-01-24,182,0.016226
2018-01-24,365,0.0179
2018-01-24,730,0.020762
2018-01-24,1095,0.021964
2018-01-24,1825,0.02435
2018-01-24,3650,0.026465000000000002
2018-01-24,10950,0.029283
2018-01-25,1,0.014199999999999999
2018-01-25,30,0.012076
2018-01-25,91,0.014168
2018-01-25,182,0.016251
2018-01-25,365,0.018000000000000002
2018-01-25,730,0.020842
2018-01-25,1095,0.021993
2018-01-25,1825,0.02421
2018-01-25,3650,0.02617
2018-01-25,10950,0.028809
2018-01-26,1,0.014199999999999999
2018-01-26,30,0.012278
2018-01-26,91,0.014114999999999999
2018-01-26,182,0.016274
2018-01-26,365,0.018000000000000002
2018-01-26,730,0.021162999999999998
2018-01-26,1095,0.022411
2018-01-26,1825,0.02471
2018-01-26,3650,0.026598999999999998
2018-01-26,10950,0.029114
2018-01-29,1,0.014199999999999999
2018-01-29,30,0.012582
2018-01-29,91,0.014038
2018-01-29,182,0.016248
2018-01-29,365,0.018000000000000002
2018-01-29,730,0.021162999999999998
2018-01-29,1095,0.022523
2018-01-29,1825,0.02491
2018-01-29,3650,0.026936
2018-01-29,10950,0.029421
2018-01-30,1,0.014199999999999999
2018-01-30,30,0.012277
2018-01-30,91,0.014424
2018-01-30,182,0.016561
2018-01-30,365,0.018799999999999997
2018-01-30,730,0.021242999999999998
2018-01-30,1095,0.022608000000000003
2018-01-30,1825,0.02506
2018-01-30,3650,0.027199
2018-01-30,10950,0.029706
2018-01-31,1,0.0134
2018-01-31,30,0.013753
2018-01-31,91,0.014551000000000001
2018-01-31,182,0.016483
2018-01-31,365,0.019
2018-01-31,730,0.021406
2018-01-31,1095,0.022831999999999998
2018-01-31,1825,0.025150000000000002
2018-01-31,3650,0.02705
2018-01-31,10950,0.029348
2018-02-01,1,0.014199999999999999
2018-02-01,30,0.014006000000000001
2018-02-01,91,0.01478
2018-02-01,182,0.016431
2018-02-01,365,0.0189
2018-02-01,730,0.021609
2018-02-01,1095,0.023222
2018-02-01,1825,0.02572
2018-02-01,3650,0.027896
2018-02-01,10950,0.030240999999999997
2018-02-02,1,0.014199999999999999
2018-02-02,30,0.013852
2018-02-02,91,0.014728000000000002
2018-02-02,182,0.016274
2018-02-02,365,0.018799999999999997
2018-02-02,730,0.021413
2018-02-02,1095,0.02323
2018-02-02,1825,0.02589
2018-02-02,3650,0.028411
2018-02-02,10950,0.030868000000000003
2018-02-05,1,0.014199999999999999
2018-02-05,30,0.01375
2018-02-05,91,0.014804
2018-02-05,182,0.016145
2018-02-05,365,0.018500000000000003
2018-02-05,730,0.020241
2018-02-05,1095,0.021819
2018-02-05,1825,0.024380000000000002
2018-02-05,3650,0.027056
2018-02-05,10950,0.030059999999999996
2018-02-06,1,0.014199999999999999
2018-02-06,30,0.013724
2018-02-06,91,0.015165
2018-02-06,182,0.016843999999999998
2018-02-06,365,0.0187
2018-02-06,730,0.021051
2018-02-06,1095,0.022847
2018-02-06,1825,0.0254
2018-02-06,3650,0.028016
2018-02-06,10950,0.030659000000000002
2018-02-07,1,0.014199999999999999
2018-02-07,30,0.013295
2018-02-07,91,0.015419
2018-02-07,182,0.017204999999999998
2018-02-07,365,0.0191
2018-02-07,730,0.021235
2018-02-07,1095,0.023205
2018-02-07,1825,0.02557
2018-02-07,3650,0.028359000000000002
2018-02-07,10950,0.031139
2018-02-08,1,0.014199999999999999
2018-02-08,30,0.013041
2018-02-08,91,0.015392999999999999
2018-02-08,182,0.017230000000000002
2018-02-08,365,0.0191
2018-02-08,730,0.021034
2018-02-08,1095,0.022987999999999998
2018-02-08,1825,0.025390000000000003
2018-02-08,3650,0.028239999999999998
2018-02-08,10950,0.031293
2018-02-09,1,0.014199999999999999
2018-02-09,30,0.013040000000000001
2018-02-09,91,0.015545
2018-02-09,182,0.017331
2018-02-09,365,0.0189
2018-02-09,730,0.020732
2018-02-09,1095,0.022879
2018-02-09,1825,0.02544
2018-02-09,3650,0.028512
2018-02-09,10950,0.031596
2018-02-12,1,0.014199999999999999
2018-02-12,30,0.013191999999999999
2018-02-12,91,0.015697000000000003
2018-02-12,182,0.017742
2018-02-12,365,0.019299999999999998
2018-02-12,730,0.020753
2018-02-12,1095,0.023041999999999997
2018-02-12,1825,0.0256
2018-02-12,3650,0.028585
2018-02-12,10950,0.031439
2018-02-13,1,0.014199999999999999
2018-02-13,30,0.012886
2018-02-13,91,0.015829
2018-02-13,182,0.017876
2018-02-13,365,0.0195
2018-02-13,730,0.02104
2018-02-13,1095,0.023069000000000003
2018-02-13,1825,0.02543
2018-02-13,3650,0.028294
2018-02-13,10950,0.031111
2018-02-14,1,0.014199999999999999
2018-02-14,30,0.012964999999999999
2018-02-14,91,0.015726
2018-02-14,182,0.017927
2018-02-14,365,0.019799999999999998
2018-02-14,730,0.021636000000000002
2018-02-14,1095,0.023939
2018-02-14,1825,0.02633
2018-02-14,3650,0.029022000000000003
2018-02-14,10950,0.03162
2018-02-15,1,0.014199999999999999
2018-02-15,30,0.012914000000000002
2018-02-15,91,0.015879
2018-02-15,182,0.018159
2018-02-15,365,0.0199
2018-02-15,730,0.021844000000000002
2018-02-15,1095,0.024076
2018-02-15,1825,0.026520000000000002
2018-02-15,3650,0.029095
2018-02-15,10950,0.031637
2018-02-16,1,0.014199999999999999
2018-02-16,30,0.013293
2018-02-16,91,0.015901000000000002
2018-02-16,182,0.018207
2018-02-16,365,0.02
2018-02-16,730,0.021894999999999998
2018-02-16,1095,0.023835000000000002
2018-02-16,1825,0.0263
2018-02-16,3650,0.028748999999999997
2018-02-16,10950,0.031316000000000004
2018-02-19,1,0.014199999999999999
2018-02-19,30,0.013293
2018-02-19,91,0.015901000000000002
2018-02-19,182,0.018207
2018-02-19,365,0.02
2018-02-19,730,0.021894999999999998
2018-02-19,1095,0.023835000000000002
2018-02-19,1825,0.0263
2018-02-19,3650,0.028748999999999997
2018-02-19,10950,0.031316000000000004
2018-02-20,1,0.014199999999999999
2018-02-20,30,0.013571999999999999
2018-02-20,91,0.015952
2018-02-20,182,0.018206
2018-02-20,365,0.020099999999999996
2018-02-20,730,0.022187000000000002
2018-02-20,1095,0.024055
2018-02-20,1825,0.02645
2018-02-20,3650,0.028896
2018-02-20,10950,0.03153
2018-02-21,1,0.014199999999999999
2018-02-21,30,0.013777999999999999
2018-02-21,91,0.016390000000000002
2018-02-21,182,0.018469
2018-02-21,365,0.0203
2018-02-21,730,0.022660999999999997
2018-02-21,1095,0.024358
2018-02-21,1825,0.026869999999999998
2018-02-21,3650,0.029500000000000002
2018-02-21,10950,0.032204
2018-02-22,1,0.014199999999999999
2018-02-22,30,0.013600000000000001
2018-02-22,91,0.016338
2018-02-22,182,0.018417
2018-02-22,365,0.0202
2018-02-22,730,0.02246
2018-02-22,1095,0.024085000000000002
2018-02-22,1825,0.02656
2018-02-22,3650,0.029207
2018-02-22,10950,0.032062
2018-02-23,1,0.014199999999999999
2018-02-23,30,0.013573
2018-02-23,91,0.016387
2018-02-23,182,0.01844
2018-02-23,365,0.0202
2018-02-23,730,0.02238
2018-02-23,1095,0.023868999999999998
2018-02-23,1825,0.02619
2018-02-23,3650,0.02866
2018-02-23,10950,0.031555
2018-02-26,1,0.014199999999999999
2018-02-26,30,0.013471
2018-02-26,91,0.016387
2018-02-26,182,0.018413
2018-02-26,365,0.0203
2018-02-26,730,0.022219000000000003
2018-02-26,1095,0.023704999999999997
2018-02-26,1825,0.02611
2018-02-26,3650,0.028623
2018-02-26,10950,0.03153
2018-02-27,1,0.014199999999999999
2018-02-27,30,0.013546
2018-02-27,91,0.016596
2018-02-27,182,0.018598
2018-02-27,365,0.0208
2018-02-27,730,0.0226
2018-02-27,1095,0.024174
2018-02-27,1825,0.02661
2018-02-27,3650,0.028934
2018-02-27,10950,0.031588
2018-02-28,1,0.013500000000000002
2018-02-28,30,0.014921
2018-02-28,91,0.016517999999999998
2018-02-28,182,0.018469
2018-02-28,365,0.0207
2018-02-28,730,0.0225
2018-02-28,1095,0.024065
2018-02-28,1825,0.02641
2018-02-28,3650,0.028606
2018-02-28,10950,0.031242000000000002
2018-03-01,1,0.014199999999999999
2018-03-01,30,0.014794
2018-03-01,91,0.016109
2018-03-01,182,0.018288
2018-03-01,365,0.020499999999999997
2018-03-01,730,0.022117
2018-03-01,1095,0.02357
2018-03-01,1825,0.02581
2018-03-01,3650,0.028078
2018-03-01,10950,0.030834
2018-03-02,1,0.014199999999999999
2018-03-02,30,0.014817
2018-03-02,91,0.016387
2018-03-02,182,0.018335999999999998
2018-03-02,365,0.0206
2018-03-02,730,0.022418
2018-03-02,1095,0.02396
2018-03-02,1825,0.02629
2018-03-02,3650,0.028643000000000002
2018-03-02,10950,0.031398
2018-03-05,1,0.014199999999999999
2018-03-05,30,0.014866999999999998
2018-03-05,91,0.016565
2018-03-05,182,0.018387
2018-03-05,365,0.0206
2018-03-05,730,0.022378
2018-03-05,1095,0.024017
2018-03-05,1825,0.026459999999999997
2018-03-05,3650,0.028807999999999997
2018-03-05,10950,0.031530999999999997
2018-03-06,1,0.014199999999999999
2018-03-06,30,0.015019
2018-03-06,91,0.016621
2018-03-06,182,0.01865
2018-03-06,365,0.0206
2018-03-06,730,0.022498999999999998
2018-03-06,1095,0.024184
2018-03-06,1825,0.026539999999999998
2018-03-06,3650,0.028863
2018-03-06,10950,0.031530999999999997
2018-03-07,1,0.014199999999999999
2018-03-07,30,0.015632999999999998
2018-03-07,91,0.016748
2018-03-07,182,0.018702
2018-03-07,365,0.020499999999999997
2018-03-07,730,0.022519
2018-03-07,1095,0.024158
2018-03-07,1825,0.02649
2018-03-07,3650,0.028827
2018-03-07,10950,0.031498
2018-03-08,1,0.014199999999999999
2018-03-08,30,0.015529999999999999
2018-03-08,91,0.016543000000000002
2018-03-08,182,0.018701000000000002
2018-03-08,365,0.020499999999999997
2018-03-08,730,0.022498
2018-03-08,1095,0.024131
2018-03-08,1825,0.026309999999999997
2018-03-08,3650,0.028571
2018-03-08,10950,0.031218
2018-03-09,1,0.014199999999999999
2018-03-09,30,0.015478
2018-03-09,91,0.016592
2018-03-09,182,0.018672
2018-03-09,365,0.0203
2018-03-09,730,0.02258
2018-03-09,1095,0.024302999999999998
2018-03-09,1825,0.02651
2018-03-09,3650,0.028938000000000002
2018-03-09,10950,0.03158
2018-03-12,1,0.014199999999999999
2018-03-12,30,0.015655
2018-03-12,91,0.016744000000000002
2018-03-12,182,0.018697
2018-03-12,365,0.020499999999999997
2018-03-12,730,0.02262
2018-03-12,1095,0.024193
2018-03-12,1825,0.02636
2018-03-12,3650,0.028681
2018-03-12,10950,0.031292
2018-03-13,1,0.014199999999999999
2018-03-13,30,0.016086
2018-03-13,91,0.01703
2018-03-13,182,0.018857
2018-03-13,365,0.0203
2018-03-13,730,0.022538999999999997
2018-03-13,1095,0.02413
2018-03-13,1825,0.02619
2018-03-13,3650,0.028426
2018-03-13,10950,0.030981
2018-03-14,1,0.014199999999999999
2018-03-14,30,0.017005
2018-03-14,91,0.017488999999999998
2018-03-14,182,0.019399
2018-03-14,365,0.020499999999999997
2018-03-14,730,0.02258
2018-03-14,1095,0.024076
2018-03-14,1825,0.02611
2018-03-14,3650,0.02817
2018-03-14,10950,0.030567999999999998
2018-03-15,1,0.0143
2018-03-15,30,0.016852
2018-03-15,91,0.017616
2018-03-15,182,0.019372
2018-03-15,365,0.0207
2018-03-15,730,0.022846
2018-03-15,1095,0.024293999999999996
2018-03-15,1825,0.02626
2018-03-15,3650,0.02828
2018-03-15,10950,0.030583999999999997
2018-03-16,1,0.0143
2018-03-16,30,0.0169
2018-03-16,91,0.017691
2018-03-16,182,0.019395
2018-03-16,365,0.0208
2018-03-16,730,0.022909000000000002
2018-03-16,1095,0.024430999999999998
2018-03-16,1825,0.02643
2018-03-16,3650,0.028445
2018-03-16,10950,0.03077
2018-03-19,1,0.0143
2018-03-19,30,0.016874
2018-03-19,91,0.017562
2018-03-19,182,0.019549
2018-03-19,365,0.0208
2018-03-19,730,0.023075000000000002
2018-03-19,1095,0.024568
2018-03-19,1825,0.02656
2018-03-19,3650,0.028555
2018-03-19,10950,0.030859
2018-03-20,1,0.0144
2018-03-20,30,0.016822
2018-03-20,91,0.017874
2018-03-20,182,0.01958
2018-03-20,365,0.0208
2018-03-20,730,0.023448000000000004
2018-03-20,1095,0.024923999999999998
2018-03-20,1825,0.02697
2018-03-20,3650,0.028959000000000002
2018-03-20,10950,0.031301
2018-03-21,1,0.0144
2018-03-21,30,0.016979
2018-03-21,91,0.017413
2018-03-21,182,0.019347
2018-03-21,365,0.0206
2018-03-21,730,0.023055
2018-03-21,1095,0.024624
2018-03-21,1825,0.02675
2018-03-21,3650,0.02883
2018-03-21,10950,0.031186
2018-03-22,1,0.0168
2018-03-22,30,0.016699
2018-03-22,91,0.017105
2018-03-22,182,0.019216999999999998
2018-03-22,365,0.020499999999999997
2018-03-22,730,0.022786
2018-03-22,1095,0.024269
2018-03-22,1825,0.02624
2018-03-22,3650,0.028244
2018-03-22,10950,0.030624
2018-03-23,1,0.0168
2018-03-23,30,0.016646
2018-03-23,91,0.017154
2018-03-23,182,0.018982000000000002
2018-03-23,365,0.0204
2018-03-23,730,0.022538
2018-03-23,1095,0.024023
2018-03-23,1825,0.026000000000000002
2018-03-23,3650,0.028135
2018-03-23,10950,0.030608
2018-03-26,1,0.0168
2018-03-26,30,0.016848000000000002
2018-03-26,91,0.017383
2018-03-26,182,0.019110000000000002
2018-03-26,365,0.0206
2018-03-26,730,0.022704
2018-03-26,1095,0.024380000000000002
2018-03-26,1825,0.02641
2018-03-26,3650,0.02852
2018-03-26,10950,0.030859
2018-03-27,1,0.0168
2018-03-27,30,0.016568
2018-03-27,91,0.017516
2018-03-27,182,0.01927
2018-03-27,365,0.021
2018-03-27,730,0.022641
2018-03-27,1095,0.023831
2018-03-27,1825,0.02568
2018-03-27,3650,0.027753
2018-03-27,10950,0.030286
2018-03-28,1,0.0168
2018-03-28,30,0.016268
2018-03-28,91,0.017183
2018-03-28,182,0.019244
2018-03-28,365,0.0212
2018-03-28,730,0.022841999999999998
2018-03-28,1095,0.024051
2018-03-28,1825,0.02596
2018-03-28,3650,0.027807
2018-03-28,10950,0.030213999999999998
2018-03-29,1,0.0168
2018-03-29,30,0.016113
2018-03-29,91,0.017001
2018-03-29,182,0.019137
2018-03-29,365,0.0209
2018-03-29,730,0.022660999999999997
2018-03-29,1095,0.023831
2018-03-29,1825,0.02563
2018-03-29,3650,0.027389
2018-03-29,10950,0.029737
2018-03-30,1,0.0167
2018-03-30,30,0.016113
2018-03-30,91,0.017001
2018-03-30,182,0.019137
2018-03-30,365,0.0209
2018-03-30,730,0.022660999999999997
2018-03-30,1095,0.023831
2018-03-30,1825,0.02563
2018-03-30,3650,0.027389
2018-03-30,10950,0.029737
2018-04-02,1,0.0168
2018-04-02,30,0.016671000000000002
2018-04-02,91,0.017153
2018-04-02,182,0.019084
2018-04-02,365,0.0208
2018-04-02,730,0.022458999999999996
2018-04-02,1095,0.023637000000000002
2018-04-02,1825,0.02548
2018-04-02,3650,0.027298
2018-04-02,10950,0.029619
2018-04-03,1,0.0169
2018-04-03,30,0.016746
2018-04-03,91,0.017388
2018-04-03,182,0.019192
2018-04-03,365,0.0209
2018-04-03,730,0.022782
2018-04-03,1095,0.024051999999999997
2018-04-03,1825,0.02597
2018-04-03,3650,0.027753
2018-04-03,10950,0.03011
2018-04-04,1,0.0169
2018-04-04,30,0.016649
2018-04-04,91,0.016953
2018-04-04,182,0.018986
2018-04-04,365,0.0207
2018-04-04,730,0.022924000000000003
2018-04-04,1095,0.024273
2018-04-04,1825,0.0262
2018-04-04,3650,0.028027000000000003
2018-04-04,10950,0.030358999999999997
2018-04-05,1,0.0169
2018-04-05,30,0.016674
2018-04-05,91,0.017054
2018-04-05,182,0.019088
2018-04-05,365,0.0207
2018-04-05,730,0.023026
2018-04-05,1095,0.024412
2018-04-05,1825,0.026389999999999997
2018-04-05,3650,0.028319999999999998
2018-04-05,10950,0.03073
2018-04-06,1,0.0169
2018-04-06,30,0.016671000000000002
2018-04-06,91,0.017077
2018-04-06,182,0.01893
2018-04-06,365,0.0206
2018-04-06,730,0.022660999999999997
2018-04-06,1095,0.023997
2018-04-06,1825,0.02587
2018-04-06,3650,0.027735
2018-04-06,10950,0.030182
2018-04-09,1,0.0169
2018-04-09,30,0.016517999999999998
2018-04-09,91,0.017076
2018-04-09,182,0.019032
2018-04-09,365,0.0208
2018-04-09,730,0.022783
2018-04-09,1095,0.024108
2018-04-09,1825,0.02598
2018-04-09,3650,0.02779
2018-04-09,10950,0.030118
2018-04-10,1,0.0169
2018-04-10,30,0.016137
2018-04-10,91,0.017209000000000002
2018-04-10,182,0.019219
2018-04-10,365,0.0209
2018-04-10,730,0.023069000000000003
2018-04-10,1095,0.024442
2018-04-10,1825,0.02626
2018-04-10,3650,0.028009
2018-04-10,10950,0.030213999999999998
2018-04-11,1,0.0169
2018-04-11,30,0.016166
2018-04-11,91,0.017208
2018-04-11,182,0.019244
2018-04-11,365,0.0209
2018-04-11,730,0.02307
2018-04-11,1095,0.02443
2018-04-11,1825,0.02614
2018-04-11,3650,0.027808000000000003
2018-04-11,10950,0.029951
2018-04-12,1,0.0169
2018-04-12,30,0.016343
2018-04-12,91,0.017437
2018-04-12,182,0.019398
2018-04-12,365,0.021099999999999997
2018-04-12,730,0.023479999999999997
2018-04-12,1095,0.024947
2018-04-12,1825,0.026709999999999998
2018-04-12,3650,0.028357999999999998
2018-04-12,10950,0.030431
2018-04-13,1,0.0169
2018-04-13,30,0.01624
2018-04-13,91,0.017485999999999998
2018-04-13,182,0.019524
2018-04-13,365,0.0212
2018-04-13,730,0.023565999999999997
2018-04-13,1095,0.025002
2018-04-13,1825,0.02673
2018-04-13,3650,0.028267
2018-04-13,10950,0.030270000000000002
2018-04-16,1,0.0169
2018-04-16,30,0.016163
2018-04-16,91,0.017408999999999997
2018-04-16,182,0.019625999999999998
2018-04-16,365,0.0212
2018-04-16,730,0.023773
2018-04-16,1095,0.025194
2018-04-16,1825,0.0268
2018-04-16,3650,0.028267
2018-04-16,10950,0.030246
2018-04-17,1,0.0169
2018-04-17,30,0.01634
2018-04-17,91,0.017797
2018-04-17,182,0.019916
2018-04-17,365,0.0216
2018-04-17,730,0.023940000000000003
2018-04-17,1095,0.025276999999999997
2018-04-17,1825,0.02689
2018-04-17,3650,0.028285
2018-04-17,10950,0.030198
2018-04-18,1,0.0169
2018-04-18,30,0.016573
2018-04-18,91,0.018078
2018-04-18,182,0.019968
2018-04-18,365,0.0217
2018-04-18,730,0.024293
2018-04-18,1095,0.025717
2018-04-18,1825,0.02732
2018-04-18,3650,0.028727999999999997
2018-04-18,10950,0.030601
2018-04-19,1,0.0169
2018-04-19,30,0.016445
2018-04-19,91,0.018102
2018-04-19,182,0.019967
2018-04-19,365,0.022099999999999998
2018-04-19,730,0.024275
2018-04-19,1095,0.025828000000000004
2018-04-19,1825,0.027559999999999998
2018-04-19,3650,0.029098000000000002
2018-04-19,10950,0.030983
2018-04-20,1,0.017
2018-04-20,30,0.016392
2018-04-20,91,0.017997
2018-04-20,182,0.019989
2018-04-20,365,0.0222
2018-04-20,730,0.024573
2018-04-20,1095,0.026164
2018-04-20,1825,0.02801
2018-04-20,3650,0.029602
2018-04-20,10950,0.031451
2018-04-23,1,0.017
2018-04-23,30,0.016569
2018-04-23,91,0.018175
2018-04-23,182,0.020066
2018-04-23,365,0.0225
2018-04-23,730,0.024763999999999998
2018-04-23,1095,0.026359
2018-04-23,1825,0.028220000000000002
2018-04-23,3650,0.029752
2018-04-23,10950,0.031443
2018-04-24,1,0.017
2018-04-24,30,0.016543000000000002
2018-04-24,91,0.018488
2018-04-24,182,0.020304000000000003
2018-04-24,365,0.0225
2018-04-24,730,0.024746
2018-04-24,1095,0.026333000000000002
2018-04-24,1825,0.02827
2018-04-24,3650,0.029994999999999997
2018-04-24,10950,0.031825
2018-04-25,1,0.017
2018-04-25,30,0.01642
2018-04-25,91,0.018435999999999998
2018-04-25,182,0.020175000000000002
2018-04-25,365,0.0226
2018-04-25,730,0.024878
2018-04-25,1095,0.026335
2018-04-25,1825,0.028370000000000003
2018-04-25,3650,0.030259
2018-04-25,10950,0.032068
2018-04-26,1,0.017
2018-04-26,30,0.015886
2018-04-26,91,0.018077
2018-04-26,182,0.019992
2018-04-26,365,0.0225
2018-04-26,730,0.024817
2018-04-26,1095,0.026199
2018-04-26,1825,0.028130000000000002
2018-04-26,3650,0.029809000000000002
2018-04-26,10950,0.031642
2018-04-27,1,0.017
2018-04-27,30,0.015909
2018-04-27,91,0.018023
2018-04-27,182,0.020041000000000003
2018-04-27,365,0.022400000000000003
2018-04-27,730,0.024838
2018-04-27,1095,0.026178
2018-04-27,1825,0.02801
2018-04-27,3650,0.029567999999999997
2018-04-27,10950,0.031245
2018-04-30,1,0.0169
2018-04-30,30,0.016188
2018-04-30,91,0.017996
2018-04-30,182,0.020013999999999997
2018-04-30,365,0.022400000000000003
2018-04-30,730,0.024879
2018-04-30,1095,0.026263
2018-04-30,1825,0.02798
2018-04-30,3650,0.029531
2018-04-30,10950,0.031237
2018-05-01,1,0.017
2018-05-01,30,0.016111
2018-05-01,91,0.018309
2018-05-01,182,0.020278
2018-05-01,365,0.0226
2018-05-01,730,0.025042
2018-05-01,1095,0.026404
2018-05-01,1825,0.028130000000000002
2018-05-01,3650,0.029644
2018-05-01,10950,0.031286999999999995
2018-05-02,1,0.017
2018-05-02,30,0.016649
2018-05-02,91,0.018231
2018-05-02,182,0.020226
2018-05-02,365,0.022400000000000003
2018-05-02,730,0.024882
2018-05-02,1095,0.026295000000000002
2018-05-02,1825,0.02796
2018-05-02,3650,0.029663
2018-05-02,10950,0.03146
2018-05-03,1,0.017
2018-05-03,30,0.016648
2018-05-03,91,0.01823
2018-05-03,182,0.020198999999999998
2018-05-03,365,0.022400000000000003
2018-05-03,730,0.024762
2018-05-03,1095,0.026158
2018-05-03,1825,0.02781
2018-05-03,3650,0.029458
2018-05-03,10950,0.031213
2018-05-04,1,0.017
2018-05-04,30,0.01657
2018-05-04,91,0.018253
2018-05-04,182,0.020222000000000004
2018-05-04,365,0.022400000000000003
2018-05-04,730,0.024969
2018-05-04,1095,0.026332
2018-05-04,1825,0.02785
2018-05-04,3650,0.029497
2018-05-04,10950,0.031221000000000002
2018-05-07,1,0.017
2018-05-07,30,0.01662
2018-05-07,91,0.018252
2018-05-07,182,0.020272000000000002
2018-05-07,365,0.0225
2018-05-07,730,0.02497
2018-05-07,1095,0.026306
2018-05-07,1825,0.02788
2018-05-07,3650,0.029497
2018-05-07,10950,0.031229
2018-05-08,1,0.017
2018-05-08,30,0.016619
2018-05-08,91,0.018539
2018-05-08,182,0.020227
2018-05-08,365,0.0226
2018-05-08,730,0.025093999999999998
2018-05-08,1095,0.026448
2018-05-08,1825,0.028149999999999998
2018-05-08,3650,0.029759999999999998
2018-05-08,10950,0.031295
2018-05-09,1,0.017
2018-05-09,30,0.016852
2018-05-09,91,0.018793999999999998
2018-05-09,182,0.020510999999999998
2018-05-09,365,0.0227
2018-05-09,730,0.0253
2018-05-09,1095,0.026823
2018-05-09,1825,0.02841
2018-05-09,3650,0.030042
2018-05-09,10950,0.031618
2018-05-10,1,0.017
2018-05-10,30,0.016648
2018-05-10,91,0.018844
2018-05-10,182,0.02038
2018-05-10,365,0.0227
2018-05-10,730,0.025301999999999998
2018-05-10,1095,0.02685
2018-05-10,1825,0.028300000000000002
2018-05-10,3650,0.029622000000000002
2018-05-10,10950,0.031082000000000002
2018-05-11,1,0.017
2018-05-11,30,0.016493999999999998
2018-05-11,91,0.018994999999999998
2018-05-11,182,0.020429
2018-05-11,365,0.022799999999999997
2018-05-11,730,0.025349
2018-05-11,1095,0.026905000000000002
2018-05-11,1825,0.02839
2018-05-11,3650,0.029695
2018-05-11,10950,0.031041
2018-05-14,1,0.017
2018-05-14,30,0.016594
2018-05-14,91,0.018942
2018-05-14,182,0.020453000000000002
2018-05-14,365,0.022799999999999997
2018-05-14,730,0.025474999999999998
2018-05-14,1095,0.027069
2018-05-14,1825,0.02863
2018-05-14,3650,0.030024000000000002
2018-05-14,10950,0.031347
2018-05-15,1,0.017
2018-05-15,30,0.016440999999999997
2018-05-15,91,0.019
2018-05-15,182,0.020794999999999998
2018-05-15,365,0.0231
2018-05-15,730,0.025745
2018-05-15,1095,0.027452
2018-05-15,1825,0.02919
2018-05-15,3650,0.030722999999999997
2018-05-15,10950,0.032007
2018-05-16,1,0.017
2018-05-16,30,0.016674
2018-05-16,91,0.018973
2018-05-16,182,0.020794999999999998
2018-05-16,365,0.0232
2018-05-16,730,0.025851000000000002
2018-05-16,1095,0.027618
2018-05-16,1825,0.0294
2018-05-16,3650,0.030964000000000002
2018-05-16,10950,0.032172
2018-05-17,1,0.017
2018-05-17,30,0.016699
2018-05-17,91,0.018998
2018-05-17,182,0.020741999999999997
2018-05-17,365,0.0232
2018-05-17,730,0.025647000000000003
2018-05-17,1095,0.027482000000000003
2018-05-17,1825,0.029369999999999997
2018-05-17,3650,0.031112
2018-05-17,10950,0.032462
2018-05-18,1,0.017
2018-05-18,30,0.016544
2018-05-18,91,0.018816
2018-05-18,182,0.020791
2018-05-18,365,0.0232
2018-05-18,730,0.025467
2018-05-18,1095,0.027127
2018-05-18,1825,0.02889
2018-05-18,3650,0.030559
2018-05-18,10950,0.031974
2018-05-21,1,0.017
2018-05-21,30,0.01662
2018-05-21,91,0.018994
2018-05-21,182,0.02097
2018-05-21,365,0.0235
2018-05-21,730,0.025655999999999998
2018-05-21,1095,0.027292999999999998
2018-05-21,1825,0.02896
2018-05-21,3650,0.030596
2018-05-21,10950,0.032014999999999995
2018-05-22,1,0.017
2018-05-22,30,0.016416
2018-05-22,91,0.019204000000000002
2018-05-22,182,0.021236
2018-05-22,365,0.023399999999999997
2018-05-22,730,0.02568
2018-05-22,1095,0.027266
2018-05-22,1825,0.028980000000000002
2018-05-22,3650,0.030597
2018-05-22,10950,0.032048
2018-05-23,1,0.017
2018-05-23,30,0.017513
2018-05-23,91,0.01905
2018-05-23,182,0.020925
2018-05-23,365,0.0229
2018-05-23,730,0.025282
2018-05-23,1095,0.026633
2018-05-23,1825,0.02826
2018-05-23,3650,0.029935
2018-05-23,10950,0.031516999999999996
2018-05-24,1,0.017
2018-05-24,30,0.017233000000000002
2018-05-24,91,0.018921
2018-05-24,182,0.020794999999999998
2018-05-24,365,0.022799999999999997
2018-05-24,730,0.025081000000000003
2018-05-24,1095,0.026496
2018-05-24,1825,0.028149999999999998
2018-05-24,3650,0.029769999999999998
2018-05-24,10950,0.03125
2018-05-25,1,0.017
2018-05-25,30,0.016747
2018-05-25,91,0.018891
2018-05-25,182,0.020635
2018-05-25,365,0.0227
2018-05-25,730,0.024758
2018-05-25,1095,0.026082
2018-05-25,1825,0.02766
2018-05-25,3650,0.029313
2018-05-25,10950,0.03092
2018-05-28,1,0.017
2018-05-28,30,0.016747
2018-05-28,91,0.018891
2018-05-28,182,0.020635
2018-05-28,365,0.0227
2018-05-28,730,0.024758
2018-05-28,1095,0.026082
2018-05-28,1825,0.02766
2018-05-28,3650,0.029313
2018-05-28,10950,0.03092
2018-05-29,1,0.017
2018-05-29,30,0.016848000000000002
2018-05-29,91,0.018737
2018-05-29,182,0.020221
2018-05-29,365,0.0217
2018-05-29,730,0.023191000000000003
2018-05-29,1095,0.024321000000000002
2018-05-29,1825,0.025849999999999998
2018-05-29,3650,0.02781
2018-05-29,10950,0.029745
2018-05-30,1,0.017
2018-05-30,30,0.017488
2018-05-30,91,0.019127
2018-05-30,182,0.020692
2018-05-30,365,0.0223
2018-05-30,730,0.024115
2018-05-30,1095,0.025310000000000003
2018-05-30,1825,0.02682
2018-05-30,3650,0.02855
2018-05-30,10950,0.030269
2018-05-31,1,0.017
2018-05-31,30,0.01736
2018-05-31,91,0.018946
2018-05-31,182,0.020768
2018-05-31,365,0.0223
2018-05-31,730,0.024274
2018-05-31,1095,0.025501999999999997
2018-05-31,1825,0.02697
2018-05-31,3650,0.028586
2018-05-31,10950,0.030253000000000002
2018-06-01,1,0.017
2018-06-01,30,0.017204999999999998
2018-06-01,91,0.019046
2018-06-01,182,0.020868
2018-06-01,365,0.022799999999999997
2018-06-01,730,0.024716000000000002
2018-06-01,1095,0.025998
2018-06-01,1825,0.02749
2018-06-01,3650,0.029022000000000003
2018-06-01,10950,0.030506000000000002
2018-06-04,1,0.017
2018-06-04,30,0.017407
2018-06-04,91,0.019018999999999998
2018-06-04,182,0.020945000000000002
2018-06-04,365,0.023
2018-06-04,730,0.025161
2018-06-04,1095,0.026497000000000003
2018-06-04,1825,0.02795
2018-06-04,3650,0.029424000000000002
2018-06-04,10950,0.030848
2018-06-05,1,0.017
2018-06-05,30,0.017559
2018-06-05,91,0.019332000000000002
2018-06-05,182,0.021158
2018-06-05,365,0.0232
2018-06-05,730,0.024918
2018-06-05,1095,0.026191
2018-06-05,1825,0.027690000000000003
2018-06-05,3650,0.029277
2018-06-05,10950,0.03084
2018-06-06,1,0.017
2018-06-06,30,0.017971
2018-06-06,91,0.019331
2018-06-06,182,0.021183999999999998
2018-06-06,365,0.0232
2018-06-06,730,0.025161
2018-06-06,1095,0.026497000000000003
2018-06-06,1825,0.0281
2018-06-06,3650,0.029716999999999997
2018-06-06,10950,0.031217
2018-06-07,1,0.017
2018-06-07,30,0.017689999999999997
2018-06-07,91,0.019202
2018-06-07,182,0.021105
2018-06-07,365,0.0231
2018-06-07,730,0.024876
2018-06-07,1095,0.026163
2018-06-07,1825,0.027639999999999998
2018-06-07,3650,0.029203999999999997
2018-06-07,10950,0.03068
2018-06-08,1,0.017
2018-06-08,30,0.017611
2018-06-08,91,0.019071
2018-06-08,182,0.021023
2018-06-08,365,0.023
2018-06-08,730,0.024977
2018-06-08,1095,0.02633
2018-06-08,1825,0.02785
2018-06-08,3650,0.029461
2018-06-08,10950,0.030896
2018-06-11,1,0.017
2018-06-11,30,0.017915
2018-06-11,91,0.018968
2018-06-11,182,0.020815
2018-06-11,365,0.0232
2018-06-11,730,0.025202
2018-06-11,1095,0.026525
2018-06-11,1825,0.027970000000000002
2018-06-11,3650,0.029516
2018-06-11,10950,0.030935999999999998
2018-06-12,1,0.017
2018-06-12,30,0.017889
2018-06-12,91,0.019153
2018-06-12,182,0.020847
2018-06-12,365,0.0231
2018-06-12,730,0.025387
2018-06-12,1095,0.026714
2018-06-12,1825,0.0281
2018-06-12,3650,0.029608
2018-06-12,10950,0.030935
2018-06-13,1,0.017
2018-06-13,30,0.018047
2018-06-13,91,0.019202999999999998
2018-06-13,182,0.020744
2018-06-13,365,0.0235
2018-06-13,730,0.025675
2018-06-13,1095,0.026987
2018-06-13,1825,0.02831
2018-06-13,3650,0.029663
2018-06-13,10950,0.030863
2018-06-14,1,0.019
2018-06-14,30,0.017843
2018-06-14,91,0.019228000000000002
2018-06-14,182,0.020561
2018-06-14,365,0.0235
2018-06-14,730,0.025634999999999998
2018-06-14,1095,0.026876999999999998
2018-06-14,1825,0.028069999999999998
2018-06-14,3650,0.029351
2018-06-14,10950,0.030545
2018-06-15,1,0.019
2018-06-15,30,0.017991999999999998
2018-06-15,91,0.019174
2018-06-15,182,0.020583999999999998
2018-06-15,365,0.0235
2018-06-15,730,0.025471
2018-06-15,1095,0.026742
2018-06-15,1825,0.02798
2018-06-15,3650,0.029205000000000002
2018-06-15,10950,0.030465
2018-06-18,1,0.019
2018-06-18,30,0.018068
2018-06-18,91,0.019198
2018-06-18,182,0.020867
2018-06-18,365,0.0235
2018-06-18,730,0.025492
2018-06-18,1095,0.026687
2018-06-18,1825,0.027919999999999997
2018-06-18,3650,0.029169
2018-06-18,10950,0.030489000000000002
2018-06-19,1,0.0191
2018-06-19,30,0.018143
2018-06-19,91,0.01923
2018-06-19,182,0.021209
2018-06-19,365,0.023399999999999997
2018-06-19,730,0.025452
2018-06-19,1095,0.026496
2018-06-19,1825,0.02771
2018-06-19,3650,0.028967
2018-06-19,10950,0.030323000000000003
2018-06-20,1,0.0192
2018-06-20,30,0.018376999999999998
2018-06-20,91,0.019229
2018-06-20,182,0.021183999999999998
2018-06-20,365,0.0236
2018-06-20,730,0.025659
2018-06-20,1095,0.026770000000000002
2018-06-20,1825,0.02809
2018-06-20,3650,0.029389
2018-06-20,10950,0.030775
2018-06-21,1,0.0192
2018-06-21,30,0.018427
2018-06-21,91,0.019279
2018-06-21,182,0.021027
2018-06-21,365,0.023399999999999997
2018-06-21,730,0.025369000000000003
2018-06-21,1095,0.026441
2018-06-21,1825,0.027679999999999996
2018-06-21,3650,0.028967
2018-06-21,10950,0.030441
2018-06-22,1,0.0192
2018-06-22,30,0.018196
2018-06-22,91,0.019071
2018-06-22,182,0.020842
2018-06-22,365,0.0233
2018-06-22,730,0.025412
2018-06-22,1095,0.026413000000000002
2018-06-22,1825,0.027679999999999996
2018-06-22,3650,0.028949
2018-06-22,10950,0.030394
2018-06-25,1,0.0192
2018-06-25,30,0.017686999999999998
2018-06-25,91,0.01884
2018-06-25,182,0.020841
2018-06-25,365,0.023399999999999997
2018-06-25,730,0.025329
2018-06-25,1095,0.026276
2018-06-25,1825,0.02752
2018-06-25,3650,0.028803000000000002
2018-06-25,10950,0.030244
2018-06-26,1,0.0192
2018-06-26,30,0.017405999999999998
2018-06-26,91,0.019153
2018-06-26,182,0.021209
2018-06-26,365,0.0233
2018-06-26,730,0.025329
2018-06-26,1095,0.026221
2018-06-26,1825,0.027469999999999998
2018-06-26,3650,0.028766
2018-06-26,10950,0.030251
2018-06-27,1,0.0191
2018-06-27,30,0.017691
2018-06-27,91,0.019178
2018-06-27,182,0.020925
2018-06-27,365,0.0233
2018-06-27,730,0.02504
2018-06-27,1095,0.025835
2018-06-27,1825,0.02696
2018-06-27,3650,0.028256
2018-06-27,10950,0.029672999999999998
2018-06-28,1,0.0191
2018-06-28,30,0.017461
2018-06-28,91,0.019126
2018-06-28,182,0.021001
2018-06-28,365,0.0233
2018-06-28,730,0.025101
2018-06-28,1095,0.025945
2018-06-28,1825,0.027149999999999997
2018-06-28,3650,0.028365
2018-06-28,10950,0.029657
2018-06-29,1,0.0191
2018-06-29,30,0.017434
2018-06-29,91,0.019123
2018-06-29,182,0.021049000000000002
2018-06-29,365,0.0233
2018-06-29,730,0.025282
2018-06-29,1095,0.02622
2018-06-29,1825,0.027389999999999998
2018-06-29,3650,0.028601
2018-06-29,10950,0.02989
2018-07-02,1,0.0191
2018-07-02,30,0.018474
2018-07-02,91,0.019249000000000002
2018-07-02,182,0.021099999999999997
2018-07-02,365,0.023399999999999997
2018-07-02,730,0.025485
2018-07-02,1095,0.026413000000000002
2018-07-02,1825,0.027559999999999998
2018-07-02,3650,0.028711
2018-07-02,10950,0.029929
2018-07-03,1,0.0191
2018-07-03,30,0.018987
2018-07-03,91,0.019613000000000002
2018-07-03,182,0.021158
2018-07-03,365,0.0233
2018-07-03,730,0.025242
2018-07-03,1095,0.026164
2018-07-03,1825,0.02722
2018-07-03,3650,0.028309
2018-07-03,10950,0.029586
2018-07-04,1,0.0191
2018-07-04,30,0.018987
2018-07-04,91,0.019613000000000002
2018-07-04,182,0.021158
2018-07-04,365,0.0233
2018-07-04,730,0.025242
2018-07-04,1095,0.026164
2018-07-04,1825,0.02722
2018-07-04,3650,0.028309
2018-07-04,10950,0.029586
2018-07-05,1,0.0191
2018-07-05,30,0.018427
2018-07-05,91,0.019433
2018-07-05,182,0.020975
2018-07-05,365,0.0232
2018-07-05,730,0.025507
2018-07-05,1095,0.026386
2018-07-05,1825,0.027290000000000002
2018-07-05,3650,0.028291
2018-07-05,10950,0.029447
2018-07-06,1,0.0191
2018-07-06,30,0.018068999999999998
2018-07-06,91,0.019403999999999998
2018-07-06,182,0.021049000000000002
2018-07-06,365,0.023399999999999997
2018-07-06,730,0.025365000000000002
2018-07-06,1095,0.026302
2018-07-06,1825,0.02719
2018-07-06,3650,0.028217
2018-07-06,10950,0.029293
2018-07-09,1,0.0191
2018-07-09,30,0.018474
2018-07-09,91,0.019504999999999998
2018-07-09,182,0.021152
2018-07-09,365,0.023399999999999997
2018-07-09,730,0.02559
2018-07-09,1095,0.026581
2018-07-09,1825,0.02749
2018-07-09,3650,0.028564
2018-07-09,10950,0.02964
2018-07-10,1,0.0191
2018-07-10,30,0.018702
2018-07-10,91,0.019691
2018-07-10,182,0.021391
2018-07-10,365,0.0236
2018-07-10,730,0.025693
2018-07-10,1095,0.026608999999999997
2018-07-10,1825,0.02748
2018-07-10,3650,0.028491
2018-07-10,10950,0.029554999999999998
2018-07-11,1,0.0191
2018-07-11,30,0.018758999999999998
2018-07-11,91,0.019536
2018-07-11,182,0.021339
2018-07-11,365,0.0236
2018-07-11,730,0.025776
2018-07-11,1095,0.026741
2018-07-11,1825,0.02751
2018-07-11,3650,0.028491
2018-07-11,10950,0.029523999999999998
2018-07-12,1,0.0191
2018-07-12,30,0.018783
2018-07-12,91,0.019612
2018-07-12,182,0.021570999999999996
2018-07-12,365,0.0239
2018-07-12,730,0.025859
2018-07-12,1095,0.026741
2018-07-12,1825,0.02748
2018-07-12,3650,0.028454
2018-07-12,10950,0.029462000000000002
2018-07-13,1,0.0191
2018-07-13,30,0.018653
2018-07-13,91,0.01966
2018-07-13,182,0.021541
2018-07-13,365,0.023700000000000002
2018-07-13,730,0.025779999999999997
2018-07-13,1095,0.026522999999999998
2018-07-13,1825,0.02726
2018-07-13,3650,0.028271
2018-07-13,10950,0.029315
2018-07-16,1,0.0191
2018-07-16,30,0.018728
2018-07-16,91,0.019761
2018-07-16,182,0.021514000000000002
2018-07-16,365,0.0239
2018-07-16,730,0.025966
2018-07-16,1095,0.026768999999999998
2018-07-16,1825,0.027530000000000002
2018-07-16,3650,0.028582
2018-07-16,10950,0.029615999999999996
2018-07-17,1,0.0191
2018-07-17,30,0.018829
2018-07-17,91,0.020075
2018-07-17,182,0.021779000000000003
2018-07-17,365,0.0239
2018-07-17,730,0.026154
2018-07-17,1095,0.026851
2018-07-17,1825,0.02763
2018-07-17,3650,0.0286
2018-07-17,10950,0.029693999999999998
2018-07-18,1,0.0191
2018-07-18,30,0.018886
2018-07-18,91,0.019971000000000003
2018-07-18,182,0.021623999999999997
2018-07-18,365,0.024300000000000002
2018-07-18,730,0.026093
2018-07-18,1095,0.026879
2018-07-18,1825,0.027679999999999996
2018-07-18,3650,0.028692000000000002
2018-07-18,10950,0.029857
2018-07-19,1,0.0191
2018-07-19,30,0.018707
2018-07-19,91,0.019842
2018-07-19,182,0.021364
2018-07-19,365,0.024
2018-07-19,730,0.025907
2018-07-19,1095,0.026605
2018-07-19,1825,0.02734
2018-07-19,3650,0.028380000000000002
2018-07-19,10950,0.029585
2018-07-20,1,0.0191
2018-07-20,30,0.018348
2018-07-20,91,0.019684999999999998
2018-07-20,182,0.021334
2018-07-20,365,0.0241
2018-07-20,730,0.025931000000000003
2018-07-20,1095,0.026771
2018-07-20,1825,0.02765
2018-07-20,3650,0.028931
2018-07-20,10950,0.030257999999999997
2018-07-23,1,0.0191
2018-07-23,30,0.018678
2018-07-23,91,0.019556
2018-07-23,182,0.021462
2018-07-23,365,0.0242
2018-07-23,730,0.026286999999999998
2018-07-23,1095,0.027239
2018-07-23,1825,0.02819
2018-07-23,3650,0.029540999999999998
2018-07-23,10950,0.030910000000000003
2018-07-24,1,0.0191
2018-07-24,30,0.018677
2018-07-24,91,0.019844
2018-07-24,182,0.021831
2018-07-24,365,0.0242
2018-07-24,730,0.026331000000000004
2018-07-24,1095,0.027322000000000003
2018-07-24,1825,0.0282
2018-07-24,3650,0.029486
2018-07-24,10950,0.030758
2018-07-25,1,0.0191
2018-07-25,30,0.01886
2018-07-25,91,0.01992
2018-07-25,182,0.021831
2018-07-25,365,0.0242
2018-07-25,730,0.026694
2018-07-25,1095,0.027544
2018-07-25,1825,0.0285
2018-07-25,3650,0.029746
2018-07-25,10950,0.031031
2018-07-26,1,0.0191
2018-07-26,30,0.018808000000000002
2018-07-26,91,0.019816
2018-07-26,182,0.021778
2018-07-26,365,0.0241
2018-07-26,730,0.026815000000000002
2018-07-26,1095,0.027711
2018-07-26,1825,0.028610000000000003
2018-07-26,3650,0.029764
2018-07-26,10950,0.030998
2018-07-27,1,0.0191
2018-07-27,30,0.018755
2018-07-27,91,0.019813
2018-07-27,182,0.021774
2018-07-27,365,0.024300000000000002
2018-07-27,730,0.026694
2018-07-27,1095,0.027604000000000004
2018-07-27,1825,0.028399999999999998
2018-07-27,3650,0.029542000000000002
2018-07-27,10950,0.030822
2018-07-30,1,0.0191
2018-07-30,30,0.018881
2018-07-30,91,0.019812
2018-07-30,182,0.021799
2018-07-30,365,0.024300000000000002
2018-07-30,730,0.026613
2018-07-30,1095,0.027576999999999997
2018-07-30,1825,0.0285
2018-07-30,3650,0.029727999999999997
2018-07-30,10950,0.031046999999999998
2018-07-31,1,0.0191
2018-07-31,30,0.018854
2018-07-31,91,0.020203000000000002
2018-07-31,182,0.021909
2018-07-31,365,0.024399999999999998
2018-07-31,730,0.026694
2018-07-31,1095,0.027660999999999998
2018-07-31,1825,0.02849
2018-07-31,3650,0.029598
2018-07-31,10950,0.030822
2018-08-01,1,0.0191
2018-08-01,30,0.019191
2018-08-01,91,0.020176
2018-08-01,182,0.022064
2018-08-01,365,0.0245
2018-08-01,730,0.026776
2018-08-01,1095,0.027801999999999997
2018-08-01,1825,0.028759999999999997
2018-08-01,3650,0.030064
2018-08-01,10950,0.031321
2018-08-02,1,0.0191
2018-08-02,30,0.018758
2018-08-02,91,0.020021
2018-08-02,182,0.022063000000000003
2018-08-02,365,0.0245
2018-08-02,730,0.026634
2018-08-02,1095,0.027608
2018-08-02,1825,0.02856
2018-08-02,3650,0.029859
2018-08-02,10950,0.031184
2018-08-03,1,0.0191
2018-08-03,30,0.018806
2018-08-03,91,0.020017999999999998
2018-08-03,182,0.022033
2018-08-03,365,0.024300000000000002
2018-08-03,730,0.026432
2018-08-03,1095,0.027304
2018-08-03,1825,0.028130000000000002
2018-08-03,3650,0.029488
2018-08-03,10950,0.030886
2018-08-06,1,0.0191
2018-08-06,30,0.018906
2018-08-06,91,0.020068000000000003
2018-08-06,182,0.022032
2018-08-06,365,0.024399999999999998
2018-08-06,730,0.026452
2018-08-06,1095,0.027277
2018-08-06,1825,0.028050000000000002
2018-08-06,3650,0.029394999999999998
2018-08-06,10950,0.030893999999999998
2018-08-07,1,0.0191
2018-08-07,30,0.018905
2018-08-07,91,0.020433
2018-08-07,182,0.022271
2018-08-07,365,0.0245
2018-08-07,730,0.026697000000000002
2018-08-07,1095,0.027585000000000002
2018-08-07,1825,0.02842
2018-08-07,3650,0.02973
2018-08-07,10950,0.031176
2018-08-08,1,0.0191
2018-08-08,30,0.019114
2018-08-08,91,0.020482999999999998
2018-08-08,182,0.022245
2018-08-08,365,0.024399999999999998
2018-08-08,730,0.026677
2018-08-08,1095,0.027608999999999998
2018-08-08,1825,0.028319999999999998
2018-08-08,3650,0.0296
2018-08-08,10950,0.031103000000000002
2018-08-09,1,0.0191
2018-08-09,30,0.018935999999999998
2018-08-09,91,0.020430999999999998
2018-08-09,182,0.022296
2018-08-09,365,0.024399999999999998
2018-08-09,730,0.026452
2018-08-09,1095,0.027363
2018-08-09,1825,0.028079999999999997
2018-08-09,3650,0.029258000000000003
2018-08-09,10950,0.030716999999999998
2018-08-10,1,0.0191
2018-08-10,30,0.018983
2018-08-10,91,0.020427
2018-08-10,182,0.022162
2018-08-10,365,0.0242
2018-08-10,730,0.026042
2018-08-10,1095,0.026791
2018-08-10,1825,0.02746
2018-08-10,3650,0.028732
2018-08-10,10950,0.030303
2018-08-13,1,0.0191
2018-08-13,30,0.019084
2018-08-13,91,0.020375
2018-08-13,182,0.022057000000000004
2018-08-13,365,0.0242
2018-08-13,730,0.026124
2018-08-13,1095,0.026927
2018-08-13,1825,0.02751
2018-08-13,3650,0.028786
2018-08-13,10950,0.030470999999999998
2018-08-14,1,0.0191
2018-08-14,30,0.019312
2018-08-14,91,0.020664
2018-08-14,182,0.022349
2018-08-14,365,0.024399999999999998
2018-08-14,730,0.02637
2018-08-14,1095,0.027118000000000003
2018-08-14,1825,0.02773
2018-08-14,3650,0.028984999999999997
2018-08-14,10950,0.030672
2018-08-15,1,0.0191
2018-08-15,30,0.019394
2018-08-15,91,0.020534
2018-08-15,182,0.022296999999999997
2018-08-15,365,0.0245
2018-08-15,730,0.026082
2018-08-15,1095,0.026789999999999998
2018-08-15,1825,0.02735
2018-08-15,3650,0.028623
2018-08-15,10950,0.030319
2018-08-16,1,0.0192
2018-08-16,30,0.019291
2018-08-16,91,0.020456
2018-08-16,182,0.022218
2018-08-16,365,0.0245
2018-08-16,730,0.026164
2018-08-16,1095,0.026817
2018-08-16,1825,0.02742
2018-08-16,3650,0.028659
2018-08-16,10950,0.030255
2018-08-17,1,0.0192
2018-08-17,30,0.019288
2018-08-17,91,0.020325000000000003
2018-08-17,182,0.022188
2018-08-17,365,0.024399999999999998
2018-08-17,730,0.026059000000000002
2018-08-17,1095,0.026787000000000002
2018-08-17,1825,0.02742
2018-08-17,3650,0.028605000000000002
2018-08-17,10950,0.030198999999999997
2018-08-20,1,0.0192
2018-08-20,30,0.019135
2018-08-20,91,0.020324
2018-08-20,182,0.022135
2018-08-20,365,0.024300000000000002
2018-08-20,730,0.025851000000000002
2018-08-20,1095,0.026458
2018-08-20,1825,0.02698
2018-08-20,3650,0.02819
2018-08-20,10950,0.029849
2018-08-21,1,0.0192
2018-08-21,30,0.019159
2018-08-21,91,0.020614
2018-08-21,182,0.022323
2018-08-21,365,0.0245
2018-08-21,730,0.025954
2018-08-21,1095,0.026621000000000002
2018-08-21,1825,0.027120000000000002
2018-08-21,3650,0.028298
2018-08-21,10950,0.029928
2018-08-22,1,0.0192
2018-08-22,30,0.019369
2018-08-22,91,0.020714999999999997
2018-08-22,182,0.022245
2018-08-22,365,0.024300000000000002
2018-08-22,730,0.025912
2018-08-22,1095,0.02651
2018-08-22,1825,0.02705
2018-08-22,3650,0.028189000000000002
2018-08-22,10950,0.029841000000000003
2018-08-23,1,0.0192
2018-08-23,30,0.019317
2018-08-23,91,0.020739
2018-08-23,182,0.022244
2018-08-23,365,0.024300000000000002
2018-08-23,730,0.026162
2018-08-23,1095,0.026729
2018-08-23,1825,0.027229999999999997
2018-08-23,3650,0.028260999999999998
2018-08-23,10950,0.029802
2018-08-24,1,0.0192
2018-08-24,30,0.019288
2018-08-24,91,0.020863999999999997
2018-08-24,182,0.022344
2018-08-24,365,0.024399999999999998
2018-08-24,730,0.026202
2018-08-24,1095,0.026726
2018-08-24,1825,0.02713
2018-08-24,3650,0.028098
2018-08-24,10950,0.029588999999999997
2018-08-27,1,0.0192
2018-08-27,30,0.019338
2018-08-27,91,0.020964999999999998
2018-08-27,182,0.022393999999999997
2018-08-27,365,0.024700000000000003
2018-08-27,730,0.026412
2018-08-27,1095,0.027001
2018-08-27,1825,0.02742
2018-08-27,3650,0.028458999999999998
2018-08-27,10950,0.029935999999999997
2018-08-28,1,0.0192
2018-08-28,30,0.019388000000000002
2018-08-28,91,0.021099
2018-08-28,182,0.022583000000000002
2018-08-28,365,0.024700000000000003
2018-08-28,730,0.026654
2018-08-28,1095,0.027277
2018-08-28,1825,0.02775
2018-08-28,3650,0.028804
2018-08-28,10950,0.030303
2018-08-29,1,0.0192
2018-08-29,30,0.019547000000000002
2018-08-29,91,0.021175000000000003
2018-08-29,182,0.022712
2018-08-29,365,0.0248
2018-08-29,730,0.026755
2018-08-29,1095,0.027415
2018-08-29,1825,0.02783
2018-08-29,3650,0.028839999999999998
2018-08-29,10950,0.030207
2018-08-30,1,0.0192
2018-08-30,30,0.019495
2018-08-30,91,0.020969
2018-08-30,182,0.022607
2018-08-30,365,0.024700000000000003
2018-08-30,730,0.026492
2018-08-30,1095,0.02711
2018-08-30,1825,0.02751
2018-08-30,3650,0.02855
2018-08-30,10950,0.030031
2018-08-31,1,0.0191
2018-08-31,30,0.019287000000000002
2018-08-31,91,0.020938
2018-08-31,182,0.022601
2018-08-31,365,0.0246
2018-08-31,730,0.026269
2018-08-31,1095,0.026913999999999997
2018-08-31,1825,0.027389999999999998
2018-08-31,3650,0.028603999999999997
2018-08-31,10950,0.030191
2018-09-03,1,0.0191
2018-09-03,30,0.019287000000000002
2018-09-03,91,0.020938
2018-09-03,182,0.022601
2018-09-03,365,0.0246
2018-09-03,730,0.026269
2018-09-03,1095,0.026913999999999997
2018-09-03,1825,0.027389999999999998
2018-09-03,3650,0.028603999999999997
2018-09-03,10950,0.030191
2018-09-04,1,0.0192
2018-09-04,30,0.019286
2018-09-04,91,0.021091000000000002
2018-09-04,182,0.022729
2018-09-04,365,0.024900000000000002
2018-09-04,730,0.026533
2018-09-04,1095,0.027219000000000004
2018-09-04,1825,0.02773
2018-09-04,3650,0.028984999999999997
2018-09-04,10950,0.030615999999999997
2018-09-05,1,0.0192
2018-09-05,30,0.019927999999999998
2018-09-05,91,0.021303000000000002
2018-09-05,182,0.022945000000000004
2018-09-05,365,0.024900000000000002
2018-09-05,730,0.026493000000000003
2018-09-05,1095,0.02719
2018-09-05,1825,0.027690000000000003
2018-09-05,3650,0.029022000000000003
2018-09-05,10950,0.030753
2018-09-06,1,0.0192
2018-09-06,30,0.019622
2018-09-06,91,0.02125
2018-09-06,182,0.022917999999999997
2018-09-06,365,0.025
2018-09-06,730,0.02633
2018-09-06,1095,0.02694
2018-09-06,1825,0.02742
2018-09-06,3650,0.028731
2018-09-06,10950,0.030527000000000002
2018-09-07,1,0.0192
2018-09-07,30,0.019593
2018-09-07,91,0.021297999999999997
2018-09-07,182,0.022991
2018-09-07,365,0.0253
2018-09-07,730,0.027025
2018-09-07,1095,0.027719999999999998
2018-09-07,1825,0.028220000000000002
2018-09-07,3650,0.029388
2018-09-07,10950,0.031014
2018-09-10,1,0.0192
2018-09-10,30,0.019491
2018-09-10,91,0.021245
2018-09-10,182,0.023041999999999997
2018-09-10,365,0.0254
2018-09-10,730,0.027108
2018-09-10,1095,0.027776000000000002
2018-09-10,1825,0.028239999999999998
2018-09-10,3650,0.029314
2018-09-10,10950,0.03081
2018-09-11,1,0.0192
2018-09-11,30,0.019515
2018-09-11,91,0.021381
2018-09-11,182,0.023178999999999998
2018-09-11,365,0.0255
2018-09-11,730,0.027437999999999997
2018-09-11,1095,0.028168000000000002
2018-09-11,1825,0.028679999999999997
2018-09-11,3650,0.029754999999999997
2018-09-11,10950,0.031185
2018-09-12,1,0.0192
2018-09-12,30,0.019903
2018-09-12,91,0.021354
2018-09-12,182,0.023178999999999998
2018-09-12,365,0.0256
2018-09-12,730,0.027481
2018-09-12,1095,0.028184
2018-09-12,1825,0.02863
2018-09-12,3650,0.029626
2018-09-12,10950,0.031038
2018-09-13,1,0.0192
2018-09-13,30,0.019978
2018-09-13,91,0.021327
2018-09-13,182,0.023203
2018-09-13,365,0.0255
2018-09-13,730,0.027565
2018-09-13,1095,0.028239
2018-09-13,1825,0.028730000000000002
2018-09-13,3650,0.0297
2018-09-13,10950,0.031071
2018-09-14,1,0.0192
2018-09-14,30,0.020051
2018-09-14,91,0.021425999999999997
2018-09-14,182,0.023277000000000003
2018-09-14,365,0.0256
2018-09-14,730,0.027777
2018-09-14,1095,0.028540999999999997
2018-09-14,1825,0.02904
2018-09-14,3650,0.029959
2018-09-14,10950,0.031309000000000003
2018-09-17,1,0.0192
2018-09-17,30,0.019973
2018-09-17,91,0.021476000000000002
2018-09-17,182,0.023301
2018-09-17,365,0.025699999999999997
2018-09-17,730,0.027778999999999998
2018-09-17,1095,0.028432
2018-09-17,1825,0.02889
2018-09-17,3650,0.029866999999999998
2018-09-17,10950,0.031284
2018-09-18,1,0.0192
2018-09-18,30,0.020049
2018-09-18,91,0.021612
2018-09-18,182,0.023542
2018-09-18,365,0.0258
2018-09-18,730,0.027988
2018-09-18,1095,0.028818
2018-09-18,1825,0.02944
2018-09-18,3650,0.030551
2018-09-18,10950,0.032014
2018-09-19,1,0.0192
2018-09-19,30,0.020259
2018-09-19,91,0.02161
2018-09-19,182,0.023594
2018-09-19,365,0.0258
2018-09-19,730,0.027907
2018-09-19,1095,0.028845999999999997
2018-09-19,1825,0.02947
2018-09-19,3650,0.030626
2018-09-19,10950,0.032098
2018-09-20,1,0.0192
2018-09-20,30,0.02013
2018-09-20,91,0.021609
2018-09-20,182,0.023592
2018-09-20,365,0.0258
2018-09-20,730,0.028034
2018-09-20,1095,0.028929999999999997
2018-09-20,1825,0.02954
2018-09-20,3650,0.030626
2018-09-20,10950,0.031956000000000005
2018-09-21,1,0.0192
2018-09-21,30,0.020253999999999998
2018-09-21,91,0.021631
2018-09-21,182,0.023691
2018-09-21,365,0.0258
2018-09-21,730,0.027999
2018-09-21,1095,0.028878
2018-09-21,1825,0.02949
2018-09-21,3650,0.030628000000000002
2018-09-21,10950,0.031998
2018-09-24,1,0.019299999999999998
2018-09-24,30,0.020405000000000003
2018-09-24,91,0.021655
2018-09-24,182,0.023586
2018-09-24,365,0.026000000000000002
2018-09-24,730,0.028169
2018-09-24,1095,0.029017
2018-09-24,1825,0.029679999999999998
2018-09-24,3650,0.030889000000000003
2018-09-24,10950,0.032258
2018-09-25,1,0.019299999999999998
2018-09-25,30,0.020506000000000003
2018-09-25,91,0.022046999999999997
2018-09-25,182,0.023672
2018-09-25,365,0.0259
2018-09-25,730,0.028391000000000003
2018-09-25,1095,0.02913
2018-09-25,1825,0.029820000000000003
2018-09-25,3650,0.030964000000000002
2018-09-25,10950,0.032258
2018-09-26,1,0.019299999999999998
2018-09-26,30,0.021072
2018-09-26,91,0.021918000000000003
2018-09-26,182,0.023645999999999997
2018-09-26,365,0.0258
2018-09-26,730,0.028148
2018-09-26,1095,0.028769999999999997
2018-09-26,1825,0.029449999999999997
2018-09-26,3650,0.03048
2018-09-26,10950,0.031814
2018-09-27,1,0.0218
2018-09-27,30,0.020943999999999997
2018-09-27,91,0.021840000000000002
2018-09-27,182,0.023644
2018-09-27,365,0.0258
2018-09-27,730,0.028269000000000002
2018-09-27,1095,0.02891
2018-09-27,1825,0.02957
2018-09-27,3650,0.030518
2018-09-27,10950,0.031831
2018-09-28,1,0.0218
2018-09-28,30,0.021067
2018-09-28,91,0.021964
2018-09-28,182,0.023639999999999998
2018-09-28,365,0.0259
2018-09-28,730,0.028188
2018-09-28,1095,0.02883
2018-09-28,1825,0.02954
2018-09-28,3650,0.030612
2018-09-28,10950,0.032057
2018-10-01,1,0.0218
2018-10-01,30,0.021168
2018-10-01,91,0.021937
2018-10-01,182,0.023742
2018-10-01,365,0.026000000000000002
2018-10-01,730,0.028189000000000002
2018-10-01,1095,0.028859
2018-10-01,1825,0.02962
2018-10-01,3650,0.030836000000000002
2018-10-01,10950,0.032343000000000004
2018-10-02,1,0.0218
2018-10-02,30,0.021242999999999998
2018-10-02,91,0.022073
2018-10-02,182,0.023957000000000003
2018-10-02,365,0.026099999999999998
2018-10-02,730,0.028108
2018-10-02,1095,0.028832
2018-10-02,1825,0.02952
2018-10-02,3650,0.030631
2018-10-02,10950,0.032174999999999995
2018-10-03,1,0.0218
2018-10-03,30,0.021428
2018-10-03,91,0.022174
2018-10-03,182,0.024009
2018-10-03,365,0.0262
2018-10-03,730,0.02872
2018-10-03,1095,0.029643000000000003
2018-10-03,1825,0.030459999999999997
2018-10-03,3650,0.031813
2018-10-03,10950,0.033353
2018-10-04,1,0.0218
2018-10-04,30,0.021503
2018-10-04,91,0.022121
2018-10-04,182,0.024059
2018-10-04,365,0.0263
2018-10-04,730,0.028679999999999997
2018-10-04,1095,0.029617
2018-10-04,1825,0.030459999999999997
2018-10-04,3650,0.031869999999999996
2018-10-04,10950,0.033475000000000005
2018-10-05,1,0.0218
2018-10-05,30,0.021473
2018-10-05,91,0.022090000000000002
2018-10-05,182,0.024053
2018-10-05,365,0.0264
2018-10-05,730,0.028849999999999997
2018-10-05,1095,0.029821
2018-10-05,1825,0.030699999999999998
2018-10-05,3650,0.032328
2018-10-05,10950,0.034036
2018-10-08,1,0.0218
2018-10-08,30,0.021473
2018-10-08,91,0.022090000000000002
2018-10-08,182,0.024053
2018-10-08,365,0.0264
2018-10-08,730,0.028849999999999997
2018-10-08,1095,0.029821
2018-10-08,1825,0.030699999999999998
2018-10-08,3650,0.032328
2018-10-08,10950,0.034036
2018-10-09,1,0.0218
2018-10-09,30,0.021522
2018-10-09,91,0.022345
2018-10-09,182,0.024207
2018-10-09,365,0.0265
2018-10-09,730,0.028851
2018-10-09,1095,0.029794
2018-10-09,1825,0.03057
2018-10-09,3650,0.032063
2018-10-09,10950,0.033685
2018-10-10,1,0.0218
2018-10-10,30,0.021478999999999998
2018-10-10,91,0.022584
2018-10-10,182,0.024321000000000002
2018-10-10,365,0.026699999999999998
2018-10-10,730,0.028421
2018-10-10,1095,0.029289999999999997
2018-10-10,1825,0.03004
2018-10-10,3650,0.031629
2018-10-10,10950,0.033476
2018-10-11,1,0.0218
2018-10-11,30,0.021274
2018-10-11,91,0.022583000000000002
2018-10-11,182,0.024371
2018-10-11,365,0.026600000000000002
2018-10-11,730,0.028484
2018-10-11,1095,0.029352999999999997
2018-10-11,1825,0.03005
2018-10-11,3650,0.031498
2018-10-11,10950,0.033233
2018-10-12,1,0.0218
2018-10-12,30,0.021194
2018-10-12,91,0.022629999999999997
2018-10-12,182,0.02434
2018-10-12,365,0.026600000000000002
2018-10-12,730,0.028527999999999998
2018-10-12,1095,0.029408
2018-10-12,1825,0.03016
2018-10-12,3650,0.031613
2018-10-12,10950,0.033347
2018-10-15,1,0.0218
2018-10-15,30,0.021397
2018-10-15,91,0.022730999999999998
2018-10-15,182,0.024546000000000002
2018-10-15,365,0.026699999999999998
2018-10-15,730,0.02855
2018-10-15,1095,0.029408
2018-10-15,1825,0.03011
2018-10-15,3650,0.031557
2018-10-15,10950,0.033364
2018-10-16,1,0.0218
2018-10-16,30,0.021497000000000002
2018-10-16,91,0.02297
2018-10-16,182,0.02458
2018-10-16,365,0.026600000000000002
2018-10-16,730,0.028655
2018-10-16,1095,0.029518
2018-10-16,1825,0.03024
2018-10-16,3650,0.031633
2018-10-16,10950,0.033338
2018-10-17,1,0.0219
2018-10-17,30,0.021911
2018-10-17,91,0.023046
2018-10-17,182,0.024683999999999998
2018-10-17,365,0.026600000000000002
2018-10-17,730,0.028885
2018-10-17,1095,0.029821
2018-10-17,1825,0.030590000000000003
2018-10-17,3650,0.03205
2018-10-17,10950,0.033722
2018-10-18,1,0.0219
2018-10-18,30,0.021834
2018-10-18,91,0.023044
2018-10-18,182,0.024605000000000002
2018-10-18,365,0.026699999999999998
2018-10-18,730,0.028741
2018-10-18,1095,0.029574
2018-10-18,1825,0.03028
2018-10-18,3650,0.031786
2018-10-18,10950,0.033634
2018-10-19,1,0.0219
2018-10-19,30,0.021728
2018-10-19,91,0.023039999999999998
2018-10-19,182,0.024676999999999998
2018-10-19,365,0.026699999999999998
2018-10-19,730,0.029037999999999998
2018-10-19,1095,0.029824000000000003
2018-10-19,1825,0.03047
2018-10-19,3650,0.031921
2018-10-19,10950,0.033757999999999996
2018-10-22,1,0.0219
2018-10-22,30,0.0216
2018-10-22,91,0.023013
2018-10-22,182,0.024624
2018-10-22,365,0.0268
2018-10-22,730,0.029082
2018-10-22,1095,0.029853
2018-10-22,1825,0.030510000000000002
2018-10-22,3650,0.031978
2018-10-22,10950,0.033881
2018-10-23,1,0.022000000000000002
2018-10-23,30,0.021599
2018-10-23,91,0.023227
2018-10-23,182,0.024633
2018-10-23,365,0.026699999999999998
2018-10-23,730,0.02879
2018-10-23,1095,0.029522
2018-10-23,1825,0.03013
2018-10-23,3650,0.031676
2018-10-23,10950,0.033679
2018-10-24,1,0.022000000000000002
2018-10-24,30,0.021989
2018-10-24,91,0.023275999999999998
2018-10-24,182,0.02458
2018-10-24,365,0.0264
2018-10-24,730,0.028304999999999997
2018-10-24,1095,0.028831000000000002
2018-10-24,1825,0.02941
2018-10-24,3650,0.031035
2018-10-24,10950,0.033305
2018-10-25,1,0.022000000000000002
2018-10-25,30,0.021886000000000003
2018-10-25,91,0.023249
2018-10-25,182,0.024631
2018-10-25,365,0.026600000000000002
2018-10-25,730,0.028467
2018-10-25,1095,0.029024
2018-10-25,1825,0.0296
2018-10-25,3650,0.031166999999999997
2018-10-25,10950,0.033427
2018-10-26,1,0.022000000000000002
2018-10-26,30,0.021551999999999998
2018-10-26,91,0.023193000000000002
2018-10-26,182,0.024626000000000002
2018-10-26,365,0.0263
2018-10-26,730,0.028062
2018-10-26,1095,0.028554
2018-10-26,1825,0.029079999999999998
2018-10-26,3650,0.030754999999999998
2018-10-26,10950,0.033098
2018-10-29,1,0.022000000000000002
2018-10-29,30,0.021627
2018-10-29,91,0.023038
2018-10-29,182,0.024624
2018-10-29,365,0.0264
2018-10-29,730,0.028163999999999998
2018-10-29,1095,0.02872
2018-10-29,1825,0.0292
2018-10-29,3650,0.030849
2018-10-29,10950,0.033306
2018-10-30,1,0.022000000000000002
2018-10-30,30,0.0216
2018-10-30,91,0.023227
2018-10-30,182,0.02484
2018-10-30,365,0.026600000000000002
2018-10-30,730,0.028506999999999998
2018-10-30,1095,0.029079999999999998
2018-10-30,1825,0.02957
2018-10-30,3650,0.031227
2018-10-30,10950,0.033637
2018-10-31,1,0.022000000000000002
2018-10-31,30,0.021886000000000003
2018-10-31,91,0.023251
2018-10-31,182,0.024891999999999997
2018-10-31,365,0.0269
2018-10-31,730,0.028668999999999997
2018-10-31,1095,0.029247000000000002
2018-10-31,1825,0.029759999999999998
2018-10-31,3650,0.031435
2018-10-31,10950,0.033908999999999995
2018-11-01,1,0.022000000000000002
2018-11-01,30,0.021936
2018-11-01,91,0.023147
2018-11-01,182,0.024838
2018-11-01,365,0.026699999999999998
2018-11-01,730,0.028445
2018-11-01,1095,0.028997000000000002
2018-11-01,1825,0.02957
2018-11-01,3650,0.031303
2018-11-01,10950,0.03376
2018-11-02,1,0.0219
2018-11-02,30,0.021754
2018-11-02,91,0.023142
2018-11-02,182,0.024911
2018-11-02,365,0.027000000000000003
2018-11-02,730,0.029034
2018-11-02,1095,0.029695999999999997
2018-11-02,1825,0.03034
2018-11-02,3650,0.032121
2018-11-02,10950,0.03454
2018-11-05,1,0.022000000000000002
2018-11-05,30,0.021702
2018-11-05,91,0.023115
2018-11-05,182,0.024883000000000002
2018-11-05,365,0.0271
2018-11-05,730,0.029075000000000004
2018-11-05,1095,0.029724
2018-11-05,1825,0.030289999999999997
2018-11-05,3650,0.032008
2018-11-05,10950,0.034282
2018-11-06,1,0.022000000000000002
2018-11-06,30,0.021928999999999997
2018-11-06,91,0.02338
2018-11-06,182,0.025099999999999997
2018-11-06,365,0.027200000000000002
2018-11-06,730,0.029279000000000003
2018-11-06,1095,0.030067
2018-11-06,1825,0.03056
2018-11-06,3650,0.032276
2018-11-06,10950,0.034433
2018-11-07,1,0.022000000000000002
2018-11-07,30,0.02214
2018-11-07,91,0.023533
2018-11-07,182,0.025099999999999997
2018-11-07,365,0.0274
2018-11-07,730,0.029567
2018-11-07,1095,0.030369
2018-11-07,1825,0.0308
2018-11-07,3650,0.032355
2018-11-07,10950,0.034416
2018-11-08,1,0.022000000000000002
2018-11-08,30,0.021936
2018-11-08,91,0.023479999999999997
2018-11-08,182,0.025098
2018-11-08,365,0.0274
2018-11-08,730,0.02965
2018-11-08,1095,0.030424000000000003
2018-11-08,1825,0.03092
2018-11-08,3650,0.032373
2018-11-08,10950,0.034337
2018-11-09,1,0.0219
2018-11-09,30,0.021956000000000003
2018-11-09,91,0.023448000000000004
2018-11-09,182,0.025143
2018-11-09,365,0.0273
2018-11-09,730,0.029241000000000003
2018-11-09,1095,0.029929
2018-11-09,1825,0.03036
2018-11-09,3650,0.031819
2018-11-09,10950,0.033842
2018-11-12,1,0.0219
2018-11-12,30,0.021956000000000003
2018-11-12,91,0.023448000000000004
2018-11-12,182,0.025143
2018-11-12,365,0.0273
2018-11-12,730,0.029241000000000003
2018-11-12,1095,0.029929
2018-11-12,1825,0.03036
2018-11-12,3650,0.031819
2018-11-12,10950,0.033842
2018-11-13,1,0.022000000000000002
2018-11-13,30,0.022031000000000002
2018-11-13,91,0.023370000000000002
2018-11-13,182,0.025089
2018-11-13,365,0.027200000000000002
2018-11-13,730,0.028911
2018-11-13,1095,0.02949
2018-11-13,1825,0.029849999999999998
2018-11-13,3650,0.031397
2018-11-13,10950,0.033592
2018-11-14,1,0.022000000000000002
2018-11-14,30,0.022214
2018-11-14,91,0.023712
2018-11-14,182,0.025126
2018-11-14,365,0.0271
2018-11-14,730,0.028662999999999998
2018-11-14,1095,0.029216000000000002
2018-11-14,1825,0.029580000000000002
2018-11-14,3650,0.03125
2018-11-14,10950,0.033666999999999996
2018-11-15,1,0.022000000000000002
2018-11-15,30,0.02173
2018-11-15,91,0.023557
2018-11-15,182,0.025098
2018-11-15,365,0.027000000000000003
2018-11-15,730,0.028539
2018-11-15,1095,0.029051
2018-11-15,1825,0.02939
2018-11-15,3650,0.031103000000000002
2018-11-15,10950,0.033592
2018-11-16,1,0.022000000000000002
2018-11-16,30,0.021776
2018-11-16,91,0.023424
2018-11-16,182,0.024963000000000003
2018-11-16,365,0.0268
2018-11-16,730,0.027998
2018-11-16,1095,0.02842
2018-11-16,1825,0.02879
2018-11-16,3650,0.030628000000000002
2018-11-16,10950,0.033163
2018-11-19,1,0.022000000000000002
2018-11-19,30,0.021851
2018-11-19,91,0.023474
2018-11-19,182,0.024961
2018-11-19,365,0.026600000000000002
2018-11-19,730,0.027892999999999998
2018-11-19,1095,0.02831
2018-11-19,1825,0.02871
2018-11-19,3650,0.030628000000000002
2018-11-19,10950,0.033212
2018-11-20,1,0.022000000000000002
2018-11-20,30,0.021671999999999997
2018-11-20,91,0.023791000000000003
2018-11-20,182,0.025101
2018-11-20,365,0.026699999999999998
2018-11-20,730,0.028037
2018-11-20,1095,0.028474
2018-11-20,1825,0.02888
2018-11-20,3650,0.030628000000000002
2018-11-20,10950,0.033147
2018-11-21,1,0.022000000000000002
2018-11-21,30,0.022238
2018-11-21,91,0.023967000000000002
2018-11-21,182,0.025202
2018-11-21,365,0.026699999999999998
2018-11-21,730,0.028138999999999997
2018-11-21,1095,0.028501
2018-11-21,1825,0.02891
2018-11-21,3650,0.030627
2018-11-21,10950,0.033163
2018-11-22,1,0.022000000000000002
2018-11-22,30,0.022238
2018-11-22,91,0.023967000000000002
2018-11-22,182,0.025202
2018-11-22,365,0.026699999999999998
2018-11-22,730,0.028138999999999997
2018-11-22,1095,0.028501
2018-11-22,1825,0.02891
2018-11-22,3650,0.030627
2018-11-22,10950,0.033163
2018-11-23,1,0.022000000000000002
2018-11-23,30,0.022132
2018-11-23,91,0.023961999999999997
2018-11-23,182,0.025196999999999997
2018-11-23,365,0.026699999999999998
2018-11-23,730,0.028094
2018-11-23,1095,0.028361
2018-11-23,1825,0.028679999999999997
2018-11-23,3650,0.03039
2018-11-23,10950,0.033014999999999996
2018-11-26,1,0.022000000000000002
2018-11-26,30,0.021851
2018-11-26,91,0.023934999999999998
2018-11-26,182,0.025221
2018-11-26,365,0.027000000000000003
2018-11-26,730,0.028302
2018-11-26,1095,0.028554
2018-11-26,1825,0.02886
2018-11-26,3650,0.030535
2018-11-26,10950,0.033113000000000004
2018-11-27,1,0.022000000000000002
2018-11-27,30,0.021748
2018-11-27,91,0.023893
2018-11-27,182,0.025308
2018-11-27,365,0.027000000000000003
2018-11-27,730,0.028329
2018-11-27,1095,0.028609
2018-11-27,1825,0.02891
2018-11-27,3650,0.030572
2018-11-27,10950,0.033187
2018-11-28,1,0.022000000000000002
2018-11-28,30,0.022902
2018-11-28,91,0.023788999999999998
2018-11-28,182,0.025204
2018-11-28,365,0.0269
2018-11-28,730,0.028086000000000003
2018-11-28,1095,0.028415
2018-11-28,1825,0.02866
2018-11-28,3650,0.030590000000000003
2018-11-28,10950,0.033458999999999996
2018-11-29,1,0.022000000000000002
2018-11-29,30,0.022976999999999997
2018-11-29,91,0.023531
2018-11-29,182,0.025150000000000002
2018-11-29,365,0.0269
2018-11-29,730,0.028086000000000003
2018-11-29,1095,0.028276
2018-11-29,1825,0.02847
2018-11-29,3650,0.030298
2018-11-29,10950,0.033245
2018-11-30,1,0.022000000000000002
2018-11-30,30,0.023049
2018-11-30,91,0.023424
2018-11-30,182,0.025196999999999997
2018-11-30,365,0.027000000000000003
2018-11-30,730,0.027865
2018-11-30,1095,0.027997
2018-11-30,1825,0.028130000000000002
2018-11-30,3650,0.029879
2018-11-30,10950,0.0329
2018-12-03,1,0.0219
2018-12-03,30,0.022742
2018-12-03,91,0.023319999999999997
2018-12-03,182,0.025351
2018-12-03,365,0.027200000000000002
2018-12-03,730,0.028211
2018-12-03,1095,0.028274
2018-12-03,1825,0.02818
2018-12-03,3650,0.029697
2018-12-03,10950,0.032535
2018-12-04,1,0.022000000000000002
2018-12-04,30,0.023094999999999997
2018-12-04,91,0.024071
2018-12-04,182,0.025619999999999997
2018-12-04,365,0.0271
2018-12-04,730,0.027947000000000003
2018-12-04,1095,0.028050000000000002
2018-12-04,1825,0.02788
2018-12-04,3650,0.029136000000000002
2018-12-04,10950,0.031727
2018-12-05,1,0.022000000000000002
2018-12-05,30,0.023094999999999997
2018-12-05,91,0.024071
2018-12-05,182,0.025619999999999997
2018-12-05,365,0.0271
2018-12-05,730,0.027947000000000003
2018-12-05,1095,0.028050000000000002
2018-12-05,1825,0.02788
2018-12-05,3650,0.029136000000000002
2018-12-05,10950,0.031727
2018-12-06,1,0.022000000000000002
2018-12-06,30,0.022824
2018-12-06,91,0.024018
2018-12-06,182,0.025412
2018-12-06,365,0.027000000000000003
2018-12-06,730,0.0276
2018-12-06,1095,0.02766
2018-12-06,1825,0.02754
2018-12-06,3650,0.028955
2018-12-06,10950,0.031624
2018-12-07,1,0.0219
2018-12-07,30,0.022930000000000002
2018-12-07,91,0.023860000000000003
2018-12-07,182,0.025327000000000002
2018-12-07,365,0.0268
2018-12-07,730,0.027109
2018-12-07,1095,0.027127
2018-12-07,1825,0.0269
2018-12-07,3650,0.028450000000000003
2018-12-07,10950,0.031403
2018-12-10,1,0.022000000000000002
2018-12-10,30,0.023005
2018-12-10,91,0.02373
2018-12-10,182,0.025299000000000002
2018-12-10,365,0.0269
2018-12-10,730,0.027292
2018-12-10,1095,0.027320999999999998
2018-12-10,1825,0.027149999999999997
2018-12-10,3650,0.028575
2018-12-10,10950,0.031293
2018-12-11,1,0.0219
2018-12-11,30,0.022622
2018-12-11,91,0.023868
2018-12-11,182,0.025516
2018-12-11,365,0.027000000000000003
2018-12-11,730,0.027641
2018-12-11,1095,0.027625999999999998
2018-12-11,1825,0.02742
2018-12-11,3650,0.02879
2018-12-11,10950,0.031261000000000004
2018-12-12,1,0.0219
2018-12-12,30,0.022697
2018-12-12,91,0.024174
2018-12-12,182,0.025464
2018-12-12,365,0.027000000000000003
2018-12-12,730,0.027723
2018-12-12,1095,0.027755000000000002
2018-12-12,1825,0.027690000000000003
2018-12-12,3650,0.029096
2018-12-12,10950,0.031497000000000004
2018-12-13,1,0.0219
2018-12-13,30,0.022645
2018-12-13,91,0.02407
2018-12-13,182,0.025436
2018-12-13,365,0.0269
2018-12-13,730,0.02762
2018-12-13,1095,0.027563
2018-12-13,1825,0.027549999999999998
2018-12-13,3650,0.029131
2018-12-13,10950,0.031694
2018-12-14,1,0.0219
2018-12-14,30,0.023337
2018-12-14,91,0.024091
2018-12-14,182,0.025353
2018-12-14,365,0.0268
2018-12-14,730,0.02733
2018-12-14,1095,0.027207
2018-12-14,1825,0.027309999999999997
2018-12-14,3650,0.028895
2018-12-14,10950,0.031433
2018-12-17,1,0.022000000000000002
2018-12-17,30,0.023514
2018-12-17,91,0.023807000000000002
2018-12-17,182,0.025325
2018-12-17,365,0.026600000000000002
2018-12-17,730,0.026916000000000002
2018-12-17,1095,0.026824
2018-12-17,1825,0.02694
2018-12-17,3650,0.02857
2018-12-17,10950,0.031128
2018-12-18,1,0.022000000000000002
2018-12-18,30,0.023309000000000003
2018-12-18,91,0.023842
2018-12-18,182,0.025205
2018-12-18,365,0.0264
2018-12-18,730,0.026439
2018-12-18,1095,0.026277
2018-12-18,1825,0.026469999999999997
2018-12-18,3650,0.028175
2018-12-18,10950,0.030677
2018-12-19,1,0.022000000000000002
2018-12-19,30,0.023562
2018-12-19,91,0.023943
2018-12-19,182,0.02536
2018-12-19,365,0.0262
2018-12-19,730,0.026458
2018-12-19,1095,0.026194000000000002
2018-12-19,1825,0.0262
2018-12-19,3650,0.027548
2018-12-19,10950,0.029807
2018-12-20,1,0.024
2018-12-20,30,0.023535
2018-12-20,91,0.023788
2018-12-20,182,0.025306000000000002
2018-12-20,365,0.0264
2018-12-20,730,0.026705999999999997
2018-12-20,1095,0.026496
2018-12-20,1825,0.026690000000000002
2018-12-20,3650,0.028065000000000003
2018-12-20,10950,0.030484
2018-12-21,1,0.024
2018-12-21,30,0.023973
2018-12-21,91,0.023757
2018-12-21,182,0.025275
2018-12-21,365,0.0262
2018-12-21,730,0.026389
2018-12-21,1095,0.026194000000000002
2018-12-21,1825,0.026389999999999997
2018-12-21,3650,0.027902
2018-12-21,10950,0.030308
2018-12-24,1,0.024
2018-12-24,30,0.024021
2018-12-24,91,0.023729
2018-12-24,182,0.024933999999999998
2018-12-24,365,0.026099999999999998
2018-12-24,730,0.025592999999999998
2018-12-24,1095,0.025533999999999998
2018-12-24,1825,0.0258
2018-12-24,3650,0.027383
2018-12-24,10950,0.029934
2018-12-25,1,0.024
2018-12-25,30,0.024021
2018-12-25,91,0.023729
2018-12-25,182,0.024933999999999998
2018-12-25,365,0.026099999999999998
2018-12-25,730,0.025592999999999998
2018-12-25,1095,0.025533999999999998
2018-12-25,1825,0.0258
2018-12-25,3650,0.027383
2018-12-25,10950,0.029934
2018-12-26,1,0.024
2018-12-26,30,0.023969
2018-12-26,91,0.024251
2018-12-26,182,0.025255999999999997
2018-12-26,365,0.026099999999999998
2018-12-26,730,0.026150000000000003
2018-12-26,1095,0.026055000000000002
2018-12-26,1825,0.02649
2018-12-26,3650,0.028079
2018-12-26,10950,0.030645
2018-12-27,1,0.024
2018-12-27,30,0.023254999999999998
2018-12-27,91,0.023993
2018-12-27,182,0.024916
2018-12-27,365,0.0258
2018-12-27,730,0.025625
2018-12-27,1095,0.025587
2018-12-27,1825,0.02617
2018-12-27,3650,0.027666
2018-12-27,10950,0.03056
2018-12-28,1,0.024
2018-12-28,30,0.023312
2018-12-28,91,0.023706
2018-12-28,182,0.024651999999999997
2018-12-28,365,0.025699999999999997
2018-12-28,730,0.025161
2018-12-28,1095,0.024950999999999997
2018-12-28,1825,0.02556
2018-12-28,3650,0.027181999999999998
2018-12-28,10950,0.030222000000000002
2018-12-31,1,0.024
2018-12-31,30,0.024249999999999997
2018-12-31,91,0.023549
2018-12-31,182,0.024752
2018-12-31,365,0.0263
2018-12-31,730,0.024878
2018-12-31,1095,0.024563
2018-12-31,1825,0.02512
2018-12-31,3650,0.026842
2018-12-31,10950,0.030144999999999998
2019-01-01,1,0.024
2019-01-01,30,0.024249999999999997
2019-01-01,91,0.023549
2019-01-01,182,0.024752
2019-01-01,365,0.0263
2019-01-01,730,0.024878
2019-01-01,1095,0.024563
2019-01-01,1825,0.02512
2019-01-01,3650,0.026842
2019-01-01,10950,0.030144999999999998
2019-01-02,1,0.024
2019-01-02,30,0.023816
2019-01-02,91,0.024097
2019-01-02,182,0.024997
2019-01-02,365,0.026000000000000002
2019-01-02,730,0.024676
2019-01-02,1095,0.024286
2019-01-02,1825,0.02459
2019-01-02,3650,0.026204
2019-01-02,10950,0.029518
2019-01-03,1,0.024
2019-01-03,30,0.023306
2019-01-03,91,0.023993
2019-01-03,182,0.024632
2019-01-03,365,0.025
2019-01-03,730,0.023786
2019-01-03,1095,0.023376
2019-01-03,1825,0.02359
2019-01-03,3650,0.025535000000000002
2019-01-03,10950,0.029025
2019-01-04,1,0.024
2019-01-04,30,0.023719
2019-01-04,91,0.024065
2019-01-04,182,0.024991
2019-01-04,365,0.025699999999999997
2019-01-04,730,0.024937
2019-01-04,1095,0.024749
2019-01-04,1825,0.025019999999999997
2019-01-04,3650,0.026677
2019-01-04,10950,0.02981
2019-01-07,1,0.024
2019-01-07,30,0.023997
2019-01-07,91,0.024038
2019-01-07,182,0.025015
2019-01-07,365,0.0258
2019-01-07,730,0.025405999999999998
2019-01-07,1095,0.025217999999999997
2019-01-07,1825,0.02538
2019-01-07,3650,0.02696
2019-01-07,10950,0.029878000000000002
2019-01-08,1,0.024
2019-01-08,30,0.023944999999999998
2019-01-08,91,0.024381
2019-01-08,182,0.02536
2019-01-08,365,0.026000000000000002
2019-01-08,730,0.025855000000000003
2019-01-08,1095,0.025661999999999997
2019-01-08,1825,0.0258
2019-01-08,3650,0.027280000000000002
2019-01-08,10950,0.030068
2019-01-09,1,0.024
2019-01-09,30,0.023892000000000004
2019-01-09,91,0.024354
2019-01-09,182,0.025126
2019-01-09,365,0.0259
2019-01-09,730,0.025529000000000003
2019-01-09,1095,0.025299000000000002
2019-01-09,1825,0.02548
2019-01-09,3650,0.0271
2019-01-09,10950,0.030029
2019-01-10,1,0.024
2019-01-10,30,0.02384
2019-01-10,91,0.024224000000000002
2019-01-10,182,0.025046
2019-01-10,365,0.0259
2019-01-10,730,0.025755
2019-01-10,1095,0.025463
2019-01-10,1825,0.02568
2019-01-10,3650,0.027421
2019-01-10,10950,0.030627
2019-01-11,1,0.024
2019-01-11,30,0.023922
2019-01-11,91,0.024142
2019-01-11,182,0.025015
2019-01-11,365,0.0258
2019-01-11,730,0.025408
2019-01-11,1095,0.025163
2019-01-11,1825,0.0253
2019-01-11,3650,0.027007
2019-01-11,10950,0.030334
2019-01-14,1,0.024
2019-01-14,30,0.024073999999999998
2019-01-14,91,0.024115
2019-01-14,182,0.024935
2019-01-14,365,0.025699999999999997
2019-01-14,730,0.025346999999999998
2019-01-14,1095,0.025109
2019-01-14,1825,0.025249999999999998
2019-01-14,3650,0.027024
2019-01-14,10950,0.030526
2019-01-15,1,0.024
2019-01-15,30,0.023969999999999998
2019-01-15,91,0.024227
2019-01-15,182,0.025049000000000002
2019-01-15,365,0.025699999999999997
2019-01-15,730,0.025346999999999998
2019-01-15,1095,0.025136
2019-01-15,1825,0.025310000000000003
2019-01-15,3650,0.027111999999999997
2019-01-15,10950,0.030733999999999997
2019-01-16,1,0.024
2019-01-16,30,0.023867
2019-01-16,91,0.024071
2019-01-16,182,0.024891999999999997
2019-01-16,365,0.025699999999999997
2019-01-16,730,0.025409
2019-01-16,1095,0.025217999999999997
2019-01-16,1825,0.02538
2019-01-16,3650,0.027218
2019-01-16,10950,0.030711
2019-01-17,1,0.024
2019-01-17,30,0.023687
2019-01-17,91,0.023967000000000002
2019-01-17,182,0.024864
2019-01-17,365,0.025699999999999997
2019-01-17,730,0.025637
2019-01-17,1095,0.025491
2019-01-17,1825,0.02572
2019-01-17,3650,0.027504
2019-01-17,10950,0.030741
2019-01-18,1,0.024
2019-01-18,30,0.023845
2019-01-18,91,0.023934999999999998
2019-01-18,182,0.024935
2019-01-18,365,0.026000000000000002
2019-01-18,730,0.026139000000000003
2019-01-18,1095,0.025986
2019-01-18,1825,0.02624
2019-01-18,3650,0.027842
2019-01-18,10950,0.030973999999999998
2019-01-21,1,0.024
2019-01-21,30,0.023845
2019-01-21,91,0.023934999999999998
2019-01-21,182,0.024935
2019-01-21,365,0.026000000000000002
2019-01-21,730,0.026139000000000003
2019-01-21,1095,0.025986
2019-01-21,1825,0.02624
2019-01-21,3650,0.027842
2019-01-21,10950,0.030973999999999998
2019-01-22,1,0.024
2019-01-22,30,0.023716
2019-01-22,91,0.023934
2019-01-22,182,0.024882
2019-01-22,365,0.0259
2019-01-22,730,0.025869
2019-01-22,1095,0.025629
2019-01-22,1825,0.025779999999999997
2019-01-22,3650,0.027392
2019-01-22,10950,0.030594
2019-01-23,1,0.024
2019-01-23,30,0.023511
2019-01-23,91,0.023969
2019-01-23,182,0.025048
2019-01-23,365,0.0259
2019-01-23,730,0.025829
2019-01-23,1095,0.02563
2019-01-23,1825,0.02577
2019-01-23,3650,0.027409
2019-01-23,10950,0.030617000000000002
2019-01-24,1,0.024
2019-01-24,30,0.023128000000000003
2019-01-24,91,0.023531
2019-01-24,182,0.024942000000000002
2019-01-24,365,0.0258
2019-01-24,730,0.025642
2019-01-24,1095,0.025383
2019-01-24,1825,0.02551
2019-01-24,3650,0.027157
2019-01-24,10950,0.030339
2019-01-25,1,0.024
2019-01-25,30,0.023337
2019-01-25,91,0.023732000000000003
2019-01-25,182,0.025015
2019-01-25,365,0.026000000000000002
2019-01-25,730,0.026063
2019-01-25,1095,0.02588
2019-01-25,1825,0.026000000000000002
2019-01-25,3650,0.027585000000000002
2019-01-25,10950,0.030662
2019-01-28,1,0.024
2019-01-28,30,0.023794
2019-01-28,91,0.023807000000000002
2019-01-28,182,0.024935
2019-01-28,365,0.026000000000000002
2019-01-28,730,0.025897
2019-01-28,1095,0.02577
2019-01-28,1825,0.02581
2019-01-28,3650,0.027440000000000003
2019-01-28,10950,0.030662
2019-01-29,1,0.024
2019-01-29,30,0.023767
2019-01-29,91,0.024073
2019-01-29,182,0.025099999999999997
2019-01-29,365,0.026000000000000002
2019-01-29,730,0.025726
2019-01-29,1095,0.025467
2019-01-29,1825,0.025459999999999997
2019-01-29,3650,0.027098
2019-01-29,10950,0.0304
2019-01-30,1,0.024
2019-01-30,30,0.023841
2019-01-30,91,0.024123000000000002
2019-01-30,182,0.024891999999999997
2019-01-30,365,0.025699999999999997
2019-01-30,730,0.025081000000000003
2019-01-30,1095,0.024805
2019-01-30,1825,0.02484
2019-01-30,3650,0.026775000000000004
2019-01-30,10950,0.030314999999999998
2019-01-31,1,0.024
2019-01-31,30,0.023891
2019-01-31,91,0.023839000000000003
2019-01-31,182,0.024527
2019-01-31,365,0.0255
2019-01-31,730,0.024575999999999997
2019-01-31,1095,0.024336000000000003
2019-01-31,1825,0.02437
2019-01-31,3650,0.026293
2019-01-31,10950,0.029956
2019-02-01,1,0.024
2019-02-01,30,0.023973
2019-02-01,91,0.023860000000000003
2019-02-01,182,0.024574
2019-02-01,365,0.0256
2019-02-01,730,0.025019
2019-02-01,1095,0.024887000000000003
2019-02-01,1825,0.02504
2019-02-01,3650,0.026842
2019-02-01,10950,0.030253000000000002
2019-02-04,1,0.024
2019-02-04,30,0.023946000000000002
2019-02-04,91,0.023781
2019-02-04,182,0.02465
2019-02-04,365,0.025699999999999997
2019-02-04,730,0.025364
2019-02-04,1095,0.025247000000000002
2019-02-04,1825,0.02536
2019-02-04,3650,0.027235
2019-02-04,10950,0.030545
2019-02-05,1,0.024
2019-02-05,30,0.023767
2019-02-05,91,0.024047
2019-02-05,182,0.024918
2019-02-05,365,0.0256
2019-02-05,730,0.025222
2019-02-05,1095,0.024997
2019-02-05,1825,0.02511
2019-02-05,3650,0.026983
2019-02-05,10950,0.030314
2019-02-06,1,0.024
2019-02-06,30,0.023918
2019-02-06,91,0.024123000000000002
2019-02-06,182,0.024944
2019-02-06,365,0.0256
2019-02-06,730,0.025243
2019-02-06,1095,0.024973000000000002
2019-02-06,1825,0.02504
2019-02-06,3650,0.026945999999999998
2019-02-06,10950,0.030329000000000002
2019-02-07,1,0.024
2019-02-07,30,0.023788999999999998
2019-02-07,91,0.023967000000000002
2019-02-07,182,0.02476
2019-02-07,365,0.0255
2019-02-07,730,0.024794999999999998
2019-02-07,1095,0.024565
2019-02-07,1825,0.02464
2019-02-07,3650,0.026572
2019-02-07,10950,0.029946999999999998
2019-02-08,1,0.024
2019-02-08,30,0.024075000000000003
2019-02-08,91,0.024116
2019-02-08,182,0.024885
2019-02-08,365,0.0254
2019-02-08,730,0.02465
2019-02-08,1095,0.024402
2019-02-08,1825,0.024460000000000003
2019-02-08,3650,0.026339
2019-02-08,10950,0.029802
2019-02-11,1,0.024
2019-02-11,30,0.024226
2019-02-11,91,0.024243
2019-02-11,182,0.024935
2019-02-11,365,0.0255
2019-02-11,730,0.024853999999999998
2019-02-11,1095,0.024620000000000003
2019-02-11,1825,0.02467
2019-02-11,3650,0.026536
2019-02-11,10950,0.029921000000000003
2019-02-12,1,0.024
2019-02-12,30,0.024097
2019-02-12,91,0.024253
2019-02-12,182,0.024893000000000002
2019-02-12,365,0.0255
2019-02-12,730,0.025059
2019-02-12,1095,0.024891
2019-02-12,1825,0.02497
2019-02-12,3650,0.026876999999999998
2019-02-12,10950,0.030247000000000003
2019-02-13,1,0.024
2019-02-13,30,0.02407
2019-02-13,91,0.024277000000000003
2019-02-13,182,0.025048
2019-02-13,365,0.0255
2019-02-13,730,0.025305
2019-02-13,1095,0.02519
2019-02-13,1825,0.02524
2019-02-13,3650,0.027021000000000003
2019-02-13,10950,0.030310999999999998
2019-02-14,1,0.024
2019-02-14,30,0.024094
2019-02-14,91,0.024198
2019-02-14,182,0.024994000000000002
2019-02-14,365,0.0253
2019-02-14,730,0.024935
2019-02-14,1095,0.024728
2019-02-14,1825,0.02474
2019-02-14,3650,0.026536
2019-02-14,10950,0.029976
2019-02-15,1,0.024
2019-02-15,30,0.024099
2019-02-15,91,0.024192
2019-02-15,182,0.024961
2019-02-15,365,0.0255
2019-02-15,730,0.025141
2019-02-15,1095,0.02489
2019-02-15,1825,0.024940000000000004
2019-02-15,3650,0.026625999999999997
2019-02-15,10950,0.029935999999999997
2019-02-18,1,0.024
2019-02-18,30,0.024099
2019-02-18,91,0.024192
2019-02-18,182,0.024961
2019-02-18,365,0.0255
2019-02-18,730,0.025141
2019-02-18,1095,0.02489
2019-02-18,1825,0.024940000000000004
2019-02-18,3650,0.026625999999999997
2019-02-18,10950,0.029935999999999997
2019-02-19,1,0.024
2019-02-19,30,0.023894000000000002
2019-02-19,91,0.02419
2019-02-19,182,0.024933999999999998
2019-02-19,365,0.0254
2019-02-19,730,0.024872000000000002
2019-02-19,1095,0.024563
2019-02-19,1825,0.02458
2019-02-19,3650,0.026339
2019-02-19,10950,0.029778
2019-02-20,1,0.024
2019-02-20,30,0.023943
2019-02-20,91,0.024354
2019-02-20,182,0.024944
2019-02-20,365,0.0254
2019-02-20,730,0.024975
2019-02-20,1095,0.024644
2019-02-20,1825,0.02469
2019-02-20,3650,0.026447
2019-02-20,10950,0.029952
2019-02-21,1,0.024
2019-02-21,30,0.023713
2019-02-21,91,0.024429
2019-02-21,182,0.025098
2019-02-21,365,0.0255
2019-02-21,730,0.025286
2019-02-21,1095,0.025054
2019-02-21,1825,0.02514
2019-02-21,3650,0.026913999999999997
2019-02-21,10950,0.030495
2019-02-22,1,0.024
2019-02-22,30,0.024024
2019-02-22,91,0.024424
2019-02-22,182,0.025041
2019-02-22,365,0.0255
2019-02-22,730,0.024933
2019-02-22,1095,0.024615
2019-02-22,1825,0.02472
2019-02-22,3650,0.026518
2019-02-22,10950,0.030159
2019-02-25,1,0.024
2019-02-25,30,0.024226
2019-02-25,91,0.024397000000000002
2019-02-25,182,0.025039
2019-02-25,365,0.0256
2019-02-25,730,0.025057999999999997
2019-02-25,1095,0.024697
2019-02-25,1825,0.02477
2019-02-25,3650,0.026625999999999997
2019-02-25,10950,0.030271
2019-02-26,1,0.024
2019-02-26,30,0.024174
2019-02-26,91,0.024381
2019-02-26,182,0.025126
2019-02-26,365,0.0255
2019-02-26,730,0.024819
2019-02-26,1095,0.024449000000000002
2019-02-26,1825,0.024460000000000003
2019-02-26,3650,0.026357
2019-02-26,10950,0.030055000000000002
2019-02-27,1,0.024
2019-02-27,30,0.024147
2019-02-27,91,0.024354
2019-02-27,182,0.025074
2019-02-27,365,0.0254
2019-02-27,730,0.024980000000000002
2019-02-27,1095,0.024668000000000002
2019-02-27,1825,0.02481
2019-02-27,3650,0.026825
2019-02-27,10950,0.030647999999999998
2019-02-28,1,0.024
2019-02-28,30,0.024043000000000002
2019-02-28,91,0.024326
2019-02-28,182,0.024942000000000002
2019-02-28,365,0.0254
2019-02-28,730,0.025141
2019-02-28,1095,0.024943
2019-02-28,1825,0.02513
2019-02-28,3650,0.027149999999999997
2019-02-28,10950,0.030802
2019-03-01,1,0.024
2019-03-01,30,0.024177
2019-03-01,91,0.024296
2019-03-01,182,0.025015
2019-03-01,365,0.0255
2019-03-01,730,0.025526
2019-03-01,1095,0.025329
2019-03-01,1825,0.02557
2019-03-01,3650,0.027531
2019-03-01,10950,0.031225999999999997
2019-03-04,1,0.024
2019-03-04,30,0.024252
2019-03-04,91,0.024243
2019-03-04,182,0.024961
2019-03-04,365,0.0254
2019-03-04,730,0.025405
2019-03-04,1095,0.025163
2019-03-04,1825,0.02528
2019-03-04,3650,0.027223
2019-03-04,10950,0.030891000000000002
2019-03-05,1,0.024
2019-03-05,30,0.024174
2019-03-05,91,0.024329999999999997
2019-03-05,182,0.025247000000000002
2019-03-05,365,0.0254
2019-03-05,730,0.025446
2019-03-05,1095,0.025246
2019-03-05,1825,0.02529
2019-03-05,3650,0.027169
2019-03-05,10950,0.03081
2019-03-06,1,0.024
2019-03-06,30,0.024121
2019-03-06,91,0.024508000000000002
2019-03-06,182,0.025221
2019-03-06,365,0.0254
2019-03-06,730,0.025161
2019-03-06,1095,0.024942000000000002
2019-03-06,1825,0.025
2019-03-06,3650,0.026934
2019-03-06,10950,0.030705
2019-03-07,1,0.024
2019-03-07,30,0.024068999999999997
2019-03-07,91,0.024455
2019-03-07,182,0.025167000000000002
2019-03-07,365,0.0252
2019-03-07,730,0.024734
2019-03-07,1095,0.024444
2019-03-07,1825,0.02442
2019-03-07,3650,0.026393
2019-03-07,10950,0.030261999999999997
2019-03-08,1,0.024
2019-03-08,30,0.024201999999999998
2019-03-08,91,0.024398
2019-03-08,182,0.02511
2019-03-08,365,0.0253
2019-03-08,730,0.02461
2019-03-08,1095,0.024359000000000002
2019-03-08,1825,0.024310000000000002
2019-03-08,3650,0.026285
2019-03-08,10950,0.030118999999999996
2019-03-11,1,0.024
2019-03-11,30,0.024302999999999998
2019-03-11,91,0.024269
2019-03-11,182,0.025160000000000002
2019-03-11,365,0.0253
2019-03-11,730,0.024752
2019-03-11,1095,0.024497
2019-03-11,1825,0.02443
2019-03-11,3650,0.026393
2019-03-11,10950,0.030270000000000002
2019-03-12,1,0.024
2019-03-12,30,0.024174
2019-03-12,91,0.024407
2019-03-12,182,0.024971
2019-03-12,365,0.0252
2019-03-12,730,0.024506
2019-03-12,1095,0.024076
2019-03-12,1825,0.024089999999999997
2019-03-12,3650,0.026015
2019-03-12,10950,0.029912
2019-03-13,1,0.024
2019-03-13,30,0.024147
2019-03-13,91,0.024378999999999998
2019-03-13,182,0.025048
2019-03-13,365,0.0253
2019-03-13,730,0.024648
2019-03-13,1095,0.024266
2019-03-13,1825,0.024310000000000002
2019-03-13,3650,0.026213
2019-03-13,10950,0.030159
2019-03-14,1,0.024
2019-03-14,30,0.024323
2019-03-14,91,0.024352
2019-03-14,182,0.025046
2019-03-14,365,0.0252
2019-03-14,730,0.024607
2019-03-14,1095,0.024184
2019-03-14,1825,0.024310000000000002
2019-03-14,3650,0.026303
2019-03-14,10950,0.030455
2019-03-15,1,0.024
2019-03-15,30,0.024329999999999997
2019-03-15,91,0.024346999999999997
2019-03-15,182,0.024988999999999997
2019-03-15,365,0.0252
2019-03-15,730,0.024378
2019-03-15,1095,0.023885999999999998
2019-03-15,1825,0.02396
2019-03-15,3650,0.025870999999999998
2019-03-15,10950,0.030111
2019-03-18,1,0.024
2019-03-18,30,0.024302999999999998
2019-03-18,91,0.024319999999999998
2019-03-18,182,0.024961
2019-03-18,365,0.0252
2019-03-18,730,0.024521
2019-03-18,1095,0.024049
2019-03-18,1825,0.02413
2019-03-18,3650,0.026033
2019-03-18,10950,0.030174
2019-03-19,1,0.024
2019-03-19,30,0.024377
2019-03-19,91,0.024432
2019-03-19,182,0.025089999999999998
2019-03-19,365,0.025
2019-03-19,730,0.024686
2019-03-19,1095,0.024213
2019-03-19,1825,0.02426
2019-03-19,3650,0.026122999999999997
2019-03-19,10950,0.030222000000000002
2019-03-20,1,0.0241
2019-03-20,30,0.024426
2019-03-20,91,0.024533
2019-03-20,182,0.024777999999999998
2019-03-20,365,0.024700000000000003
2019-03-20,730,0.023961
2019-03-20,1095,0.02334
2019-03-20,1825,0.02329
2019-03-20,3650,0.025263
2019-03-20,10950,0.029714
2019-03-21,1,0.0241
2019-03-21,30,0.024399
2019-03-21,91,0.024583
2019-03-21,182,0.024724
2019-03-21,365,0.0248
2019-03-21,730,0.024083999999999998
2019-03-21,1095,0.023422000000000002
2019-03-21,1825,0.02342
2019-03-21,3650,0.025369000000000003
2019-03-21,10950,0.029667
2019-03-22,1,0.0241
2019-03-22,30,0.024457
2019-03-22,91,0.024424
2019-03-22,182,0.024641000000000003
2019-03-22,365,0.0245
2019-03-22,730,0.023166000000000003
2019-03-22,1095,0.022411
2019-03-22,1825,0.02243
2019-03-22,3650,0.024390000000000002
2019-03-22,10950,0.028739
2019-03-25,1,0.024
2019-03-25,30,0.024404
2019-03-25,91,0.024422000000000003
2019-03-25,182,0.024535
2019-03-25,365,0.0241
2019-03-25,730,0.022416000000000002
2019-03-25,1095,0.021647
2019-03-25,1825,0.021789999999999997
2019-03-25,3650,0.023982999999999997
2019-03-25,10950,0.028616000000000003
2019-03-26,1,0.024
2019-03-26,30,0.024428000000000002
2019-03-26,91,0.024484
2019-03-26,182,0.024752
2019-03-26,365,0.024399999999999998
2019-03-26,730,0.022662
2019-03-26,1095,0.021917
2019-03-26,1825,0.02206
2019-03-26,3650,0.02423
2019-03-26,10950,0.028731
2019-03-27,1,0.0241
2019-03-27,30,0.024299
2019-03-27,91,0.0242
2019-03-27,182,0.024491
2019-03-27,365,0.024
2019-03-27,730,0.022000000000000002
2019-03-27,1095,0.02137
2019-03-27,1825,0.02157
2019-03-27,3650,0.023665
2019-03-27,10950,0.028105
2019-03-28,1,0.0241
2019-03-28,30,0.023814000000000002
2019-03-28,91,0.024147
2019-03-28,182,0.024386
2019-03-28,365,0.024
2019-03-28,730,0.022359
2019-03-28,1095,0.021831999999999997
2019-03-28,1825,0.02215
2019-03-28,3650,0.023946000000000002
2019-03-28,10950,0.028226
2019-03-29,1,0.024300000000000002
2019-03-29,30,0.024243
2019-03-29,91,0.023809
2019-03-29,182,0.024225
2019-03-29,365,0.024
2019-03-29,730,0.0226
2019-03-29,1095,0.022045
2019-03-29,1825,0.02234
2019-03-29,3650,0.02405
2019-03-29,10950,0.028142999999999998
2019-04-01,1,0.0241
2019-04-01,30,0.024190999999999997
2019-04-01,91,0.023781
2019-04-01,182,0.024301
2019-04-01,365,0.0241
2019-04-01,730,0.023326
2019-04-01,1095,0.022921999999999998
2019-04-01,1825,0.02322
2019-04-01,3650,0.025009
2019-04-01,10950,0.028901
2019-04-02,1,0.0241
2019-04-02,30,0.024214000000000003
2019-04-02,91,0.0241
2019-04-02,182,0.024439000000000002
2019-04-02,365,0.0241
2019-04-02,730,0.023024
2019-04-02,1095,0.022564
2019-04-02,1825,0.022869999999999998
2019-04-02,3650,0.024741
2019-04-02,10950,0.028769
2019-04-03,1,0.0241
2019-04-03,30,0.024110999999999997
2019-04-03,91,0.024201
2019-04-03,182,0.024439000000000002
2019-04-03,365,0.0241
2019-04-03,730,0.023348
2019-04-03,1095,0.022948
2019-04-03,1825,0.02328
2019-04-03,3650,0.025241
2019-04-03,10950,0.029336
2019-04-04,1,0.0241
2019-04-04,30,0.02416
2019-04-04,91,0.024225
2019-04-04,182,0.024464
2019-04-04,365,0.0241
2019-04-04,730,0.023369
2019-04-04,1095,0.022919000000000002
2019-04-04,1825,0.02321
2019-04-04,3650,0.025151
2019-04-04,10950,0.029196
2019-04-05,1,0.0241
2019-04-05,30,0.024089999999999997
2019-04-05,91,0.024220000000000002
2019-04-05,182,0.024510999999999998
2019-04-05,365,0.024300000000000002
2019-04-05,730,0.023393
2019-04-05,1095,0.022889
2019-04-05,1825,0.02306
2019-04-05,3650,0.024954
2019-04-05,10950,0.029032
2019-04-08,1,0.0241
2019-04-08,30,0.024165000000000002
2019-04-08,91,0.024116
2019-04-08,182,0.024561000000000003
2019-04-08,365,0.024300000000000002
2019-04-08,730,0.023618
2019-04-08,1095,0.023136999999999998
2019-04-08,1825,0.02328
2019-04-08,3650,0.025222
2019-04-08,10950,0.029272999999999997
2019-04-09,1,0.0241
2019-04-09,30,0.024163
2019-04-09,91,0.024047
2019-04-09,182,0.024373
2019-04-09,365,0.0242
2019-04-09,730,0.023497
2019-04-09,1095,0.022915
2019-04-09,1825,0.02306
2019-04-09,3650,0.025006
2019-04-09,10950,0.029141
2019-04-10,1,0.0241
2019-04-10,30,0.023982999999999997
2019-04-10,91,0.024097
2019-04-10,182,0.024424
2019-04-10,365,0.0241
2019-04-10,730,0.023212
2019-04-10,1095,0.022690000000000002
2019-04-10,1825,0.02273
2019-04-10,3650,0.024649
2019-04-10,10950,0.028923
2019-04-11,1,0.0241
2019-04-11,30,0.023982
2019-04-11,91,0.024172
2019-04-11,182,0.024423
2019-04-11,365,0.024399999999999998
2019-04-11,730,0.023540000000000002
2019-04-11,1095,0.023041999999999997
2019-04-11,1825,0.023119999999999998
2019-04-11,3650,0.02497
2019-04-11,10950,0.029265
2019-04-12,1,0.0241
2019-04-12,30,0.023988
2019-04-12,91,0.024219
2019-04-12,182,0.024444
2019-04-12,365,0.024399999999999998
2019-04-12,730,0.023914
2019-04-12,1095,0.023612
2019-04-12,1825,0.023809999999999998
2019-04-12,3650,0.025651
2019-04-12,10950,0.029769
2019-04-15,1,0.0241
2019-04-15,30,0.024190999999999997
2019-04-15,91,0.024012
2019-04-15,182,0.024312
2019-04-15,365,0.024300000000000002
2019-04-15,730,0.023916
2019-04-15,1095,0.023559
2019-04-15,1825,0.02373
2019-04-15,3650,0.025543
2019-04-15,10950,0.029682
2019-04-16,1,0.0241
2019-04-16,30,0.024239999999999998
2019-04-16,91,0.024201
2019-04-16,182,0.024596
2019-04-16,365,0.0245
2019-04-16,730,0.024124
2019-04-16,1095,0.023832
2019-04-16,1825,0.02407
2019-04-16,3650,0.025903999999999996
2019-04-16,10950,0.029918999999999998
2019-04-17,1,0.0242
2019-04-17,30,0.024187
2019-04-17,91,0.024277000000000003
2019-04-17,182,0.024596
2019-04-17,365,0.024399999999999998
2019-04-17,730,0.024002
2019-04-17,1095,0.023751
2019-04-17,1825,0.02403
2019-04-17,3650,0.025939999999999998
2019-04-17,10950,0.029943
2019-04-18,1,0.024300000000000002
2019-04-18,30,0.024053
2019-04-18,91,0.024116
2019-04-18,182,0.024563
2019-04-18,365,0.024399999999999998
2019-04-18,730,0.023802
2019-04-18,1095,0.023482
2019-04-18,1825,0.023719999999999998
2019-04-18,3650,0.025596
2019-04-18,10950,0.029609999999999997
2019-04-19,1,0.024399999999999998
2019-04-19,30,0.024053
2019-04-19,91,0.024116
2019-04-19,182,0.024563
2019-04-19,365,0.024399999999999998
2019-04-19,730,0.023802
2019-04-19,1095,0.023482
2019-04-19,1825,0.023719999999999998
2019-04-19,3650,0.025596
2019-04-19,10950,0.029609999999999997
2019-04-22,1,0.024399999999999998
2019-04-22,30,0.024242
2019-04-22,91,0.024217
2019-04-22,182,0.024586999999999998
2019-04-22,365,0.0246
2019-04-22,730,0.023866000000000002
2019-04-22,1095,0.023537
2019-04-22,1825,0.02387
2019-04-22,3650,0.025885
2019-04-22,10950,0.029918999999999998
2019-04-23,1,0.024399999999999998
2019-04-23,30,0.024239999999999998
2019-04-23,91,0.024227
2019-04-23,182,0.024517
2019-04-23,365,0.024300000000000002
2019-04-23,730,0.023639
2019-04-23,1095,0.023319
2019-04-23,1825,0.0236
2019-04-23,3650,0.02565
2019-04-23,10950,0.0298
2019-04-24,1,0.024399999999999998
2019-04-24,30,0.02406
2019-04-24,91,0.024174
2019-04-24,182,0.024387
2019-04-24,365,0.0242
2019-04-24,730,0.023178
2019-04-24,1095,0.022827
2019-04-24,1825,0.02313
2019-04-24,3650,0.025181
2019-04-24,10950,0.029342999999999998
2019-04-25,1,0.024399999999999998
2019-04-25,30,0.024186
2019-04-25,91,0.024121
2019-04-25,182,0.024568
2019-04-25,365,0.0242
2019-04-25,730,0.023319
2019-04-25,1095,0.023018999999999998
2019-04-25,1825,0.02331
2019-04-25,3650,0.025325
2019-04-25,10950,0.029421
2019-04-26,1,0.024399999999999998
2019-04-26,30,0.023988
2019-04-26,91,0.024091
2019-04-26,182,0.024432999999999996
2019-04-26,365,0.0241
2019-04-26,730,0.022820999999999998
2019-04-26,1095,0.022471
2019-04-26,1825,0.02289
2019-04-26,3650,0.024982
2019-04-26,10950,0.029233
2019-04-29,1,0.0245
2019-04-29,30,0.02442
2019-04-29,91,0.024062999999999998
2019-04-29,182,0.024405
2019-04-29,365,0.0242
2019-04-29,730,0.022921999999999998
2019-04-29,1095,0.022663000000000003
2019-04-29,1825,0.023119999999999998
2019-04-29,3650,0.025252
2019-04-29,10950,0.029547
2019-04-30,1,0.0245
2019-04-30,30,0.024189
2019-04-30,91,0.024099
2019-04-30,182,0.024439000000000002
2019-04-30,365,0.0239
2019-04-30,730,0.022660999999999997
2019-04-30,1095,0.022387999999999998
2019-04-30,1825,0.022789999999999998
2019-04-30,3650,0.025018
2019-04-30,10950,0.029287999999999998
2019-05-01,1,0.0245
2019-05-01,30,0.02406
2019-05-01,91,0.024071
2019-05-01,182,0.024308999999999997
2019-05-01,365,0.0239
2019-05-01,730,0.023044
2019-05-01,1095,0.022772999999999998
2019-05-01,1825,0.023010000000000003
2019-05-01,3650,0.024998999999999997
2019-05-01,10950,0.029037999999999998
2019-05-02,1,0.0241
2019-05-02,30,0.024033000000000002
2019-05-02,91,0.024172
2019-05-02,182,0.024489999999999998
2019-05-02,365,0.0241
2019-05-02,730,0.023448000000000004
2019-05-02,1095,0.023159
2019-05-02,1825,0.02346
2019-05-02,3650,0.025414
2019-05-02,10950,0.029296000000000003
2019-05-03,1,0.024
2019-05-03,30,0.024039
2019-05-03,91,0.024168
2019-05-03,182,0.024485
2019-05-03,365,0.0241
2019-05-03,730,0.023330000000000004
2019-05-03,1095,0.022995
2019-05-03,1825,0.023239999999999997
2019-05-03,3650,0.025249999999999998
2019-05-03,10950,0.029186
2019-05-06,1,0.024
2019-05-06,30,0.024293
2019-05-06,91,0.024115
2019-05-06,182,0.024430999999999998
2019-05-06,365,0.0239
2019-05-06,730,0.022904
2019-05-06,1095,0.02247
2019-05-06,1825,0.022639999999999997
2019-05-06,3650,0.024692
2019-05-06,10950,0.028883000000000002
2019-05-07,1,0.024
2019-05-07,30,0.024189
2019-05-07,91,0.024124
2019-05-07,182,0.024192
2019-05-07,365,0.023700000000000002
2019-05-07,730,0.022844000000000003
2019-05-07,1095,0.02247
2019-05-07,1825,0.02259
2019-05-07,3650,0.024565999999999998
2019-05-07,10950,0.028643000000000002
2019-05-08,1,0.0239
2019-05-08,30,0.024187
2019-05-08,91,0.024225
2019-05-08,182,0.024373
2019-05-08,365,0.023700000000000002
2019-05-08,730,0.022966
2019-05-08,1095,0.022604000000000003
2019-05-08,1825,0.022860000000000002
2019-05-08,3650,0.024835
2019-05-08,10950,0.028937
2019-05-09,1,0.023799999999999998
2019-05-09,30,0.024186
2019-05-09,91,0.024172
2019-05-09,182,0.024345
2019-05-09,365,0.0236
2019-05-09,730,0.02258
2019-05-09,1095,0.022170000000000002
2019-05-09,1825,0.02246
2019-05-09,3650,0.024423
2019-05-09,10950,0.028612000000000002
2019-05-10,1,0.023799999999999998
2019-05-10,30,0.024141
2019-05-10,91,0.024168
2019-05-10,182,0.024314
2019-05-10,365,0.0236
2019-05-10,730,0.022660999999999997
2019-05-10,1095,0.022306
2019-05-10,1825,0.022639999999999997
2019-05-10,3650,0.024672
2019-05-10,10950,0.028866999999999997
2019-05-13,1,0.023799999999999998
2019-05-13,30,0.024114
2019-05-13,91,0.023961
2019-05-13,182,0.024157
2019-05-13,365,0.0232
2019-05-13,730,0.021884
2019-05-13,1095,0.021466
2019-05-13,1825,0.021840000000000002
2019-05-13,3650,0.024014999999999998
2019-05-13,10950,0.028362
2019-05-14,1,0.023799999999999998
2019-05-14,30,0.024036
2019-05-14,91,0.023919000000000003
2019-05-14,182,0.024231
2019-05-14,365,0.0232
2019-05-14,730,0.021965
2019-05-14,1095,0.021547
2019-05-14,1825,0.02189
2019-05-14,3650,0.024104
2019-05-14,10950,0.028485
2019-05-15,1,0.024
2019-05-15,30,0.023881
2019-05-15,91,0.023917
2019-05-15,182,0.024179
2019-05-15,365,0.023
2019-05-15,730,0.021596
2019-05-15,1095,0.021141999999999998
2019-05-15,1825,0.02149
2019-05-15,3650,0.023732000000000003
2019-05-15,10950,0.028199000000000002
2019-05-16,1,0.0239
2019-05-16,30,0.023497
2019-05-16,91,0.023864999999999997
2019-05-16,182,0.024177
2019-05-16,365,0.0233
2019-05-16,730,0.021922
2019-05-16,1095,0.021385
2019-05-16,1825,0.0217
2019-05-16,3650,0.023944
2019-05-16,10950,0.028338000000000002
2019-05-17,1,0.0239
2019-05-17,30,0.023809
2019-05-17,91,0.023732000000000003
2019-05-17,182,0.024121
2019-05-17,365,0.0233
2019-05-17,730,0.021981
2019-05-17,1095,0.02144
2019-05-17,1825,0.02175
2019-05-17,3650,0.023909
2019-05-17,10950,0.028253
2019-05-20,1,0.0239
2019-05-20,30,0.023757
2019-05-20,91,0.023653
2019-05-20,182,0.024014999999999998
2019-05-20,365,0.023399999999999997
2019-05-20,730,0.022208000000000002
2019-05-20,1095,0.021739
2019-05-20,1825,0.02205
2019-05-20,3650,0.024157
2019-05-20,10950,0.028369
2019-05-21,1,0.0239
2019-05-21,30,0.023601999999999998
2019-05-21,91,0.023663
2019-05-21,182,0.024127
2019-05-21,365,0.0236
2019-05-21,730,0.022538
2019-05-21,1095,0.021984
2019-05-21,1825,0.022269999999999998
2019-05-21,3650,0.024264
2019-05-21,10950,0.028439000000000002
2019-05-22,1,0.023799999999999998
2019-05-22,30,0.023524
2019-05-22,91,0.023660999999999998
2019-05-22,182,0.024023
2019-05-22,365,0.023700000000000002
2019-05-22,730,0.022227
2019-05-22,1095,0.021602999999999997
2019-05-22,1825,0.0218
2019-05-22,3650,0.02382
2019-05-22,10950,0.028076
2019-05-23,1,0.023799999999999998
2019-05-23,30,0.023344
2019-05-23,91,0.023506
2019-05-23,182,0.023839000000000003
2019-05-23,365,0.0232
2019-05-23,730,0.02146
2019-05-23,1095,0.020895
2019-05-23,1825,0.021150000000000002
2019-05-23,3650,0.023184999999999997
2019-05-23,10950,0.027534999999999997
2019-05-24,1,0.023799999999999998
2019-05-24,30,0.023604
2019-05-24,91,0.023371
2019-05-24,182,0.023755000000000002
2019-05-24,365,0.0233
2019-05-24,730,0.021641
2019-05-24,1095,0.021030000000000004
2019-05-24,1825,0.02121
2019-05-24,3650,0.023201999999999997
2019-05-24,10950,0.027511999999999998
2019-05-27,1,0.023799999999999998
2019-05-27,30,0.023604
2019-05-27,91,0.023371
2019-05-27,182,0.023755000000000002
2019-05-27,365,0.0233
2019-05-27,730,0.021641
2019-05-27,1095,0.021030000000000004
2019-05-27,1825,0.02121
2019-05-27,3650,0.023201999999999997
2019-05-27,10950,0.027511999999999998
2019-05-28,1,0.0239
2019-05-28,30,0.023475000000000003
2019-05-28,91,0.023396
2019-05-28,182,0.023649
2019-05-28,365,0.0231
2019-05-28,730,0.021244
2019-05-28,1095,0.020593
2019-05-28,1825,0.02069
2019-05-28,3650,0.022658
2019-05-28,10950,0.027045
2019-05-29,1,0.0239
2019-05-29,30,0.023422000000000002
2019-05-29,91,0.023481000000000002
2019-05-29,182,0.023738000000000002
2019-05-29,365,0.023
2019-05-29,730,0.02109
2019-05-29,1095,0.020565000000000003
2019-05-29,1825,0.020710000000000003
2019-05-29,3650,0.022605
2019-05-29,10950,0.026926000000000002
2019-05-30,1,0.0239
2019-05-30,30,0.023548
2019-05-30,91,0.023634
2019-05-30,182,0.023815
2019-05-30,365,0.0229
2019-05-30,730,0.020609000000000002
2019-05-30,1095,0.020045
2019-05-30,1825,0.02021
2019-05-30,3650,0.022133
2019-05-30,10950,0.0264
2019-05-31,1,0.024
2019-05-31,30,0.023172
2019-05-31,91,0.023399
2019-05-31,182,0.023445999999999998
2019-05-31,365,0.022099999999999998
2019-05-31,730,0.019221
2019-05-31,1095,0.018731
2019-05-31,1825,0.019119999999999998
2019-05-31,3650,0.021246
2019-05-31,10950,0.025685
2019-06-03,1,0.023799999999999998
2019-06-03,30,0.023424999999999998
2019-06-03,91,0.023243
2019-06-03,182,0.022924000000000003
2019-06-03,365,0.021099999999999997
2019-06-03,730,0.018317
2019-06-03,1095,0.017884999999999998
2019-06-03,1825,0.01836
2019-06-03,3650,0.020710000000000003
2019-06-03,10950,0.025311
2019-06-04,1,0.023799999999999998
2019-06-04,30,0.023322
2019-06-04,91,0.023342
2019-06-04,182,0.022660999999999997
2019-06-04,365,0.021099999999999997
2019-06-04,730,0.018834
2019-06-04,1095,0.018481
2019-06-04,1825,0.01898
2019-06-04,3650,0.021296
2019-06-04,10950,0.026113
2019-06-05,1,0.023799999999999998
2019-06-05,30,0.022861
2019-06-05,91,0.023365999999999998
2019-06-05,182,0.022323
2019-06-05,365,0.0204
2019-06-05,730,0.018569
2019-06-05,1095,0.018233
2019-06-05,1825,0.01877
2019-06-05,3650,0.021348
2019-06-05,10950,0.026465000000000002
2019-06-06,1,0.023700000000000002
2019-06-06,30,0.022783
2019-06-06,91,0.023056
2019-06-06,182,0.022011
2019-06-06,365,0.0202
2019-06-06,730,0.018787
2019-06-06,1095,0.018421
2019-06-06,1825,0.01884
2019-06-06,3650,0.021174
2019-06-06,10950,0.026135000000000002
2019-06-07,1,0.023700000000000002
2019-06-07,30,0.022508
2019-06-07,91,0.022666
2019-06-07,182,0.021412
2019-06-07,365,0.0197
2019-06-07,730,0.018494
2019-06-07,1095,0.018167
2019-06-07,1825,0.01854
2019-06-07,3650,0.020809
2019-06-07,10950,0.02572
2019-06-10,1,0.023700000000000002
2019-06-10,30,0.022788
2019-06-10,91,0.022716
2019-06-10,182,0.02185
2019-06-10,365,0.0203
2019-06-10,730,0.019036
2019-06-10,1095,0.01874
2019-06-10,1825,0.01916
2019-06-10,3650,0.021484
2019-06-10,10950,0.026288
2019-06-11,1,0.023700000000000002
2019-06-11,30,0.022480000000000003
2019-06-11,91,0.022456999999999998
2019-06-11,182,0.022099
2019-06-11,365,0.020499999999999997
2019-06-11,730,0.019296999999999998
2019-06-11,1095,0.018793
2019-06-11,1825,0.01916
2019-06-11,3650,0.021431
2019-06-11,10950,0.026149
2019-06-12,1,0.023700000000000002
2019-06-12,30,0.021867
2019-06-12,91,0.022147999999999998
2019-06-12,182,0.021943
2019-06-12,365,0.0202
2019-06-12,730,0.018786
2019-06-12,1095,0.018172999999999998
2019-06-12,1825,0.01872
2019-06-12,3650,0.021204999999999998
2019-06-12,10950,0.026156000000000002
2019-06-13,1,0.023700000000000002
2019-06-13,30,0.021636000000000002
2019-06-13,91,0.021686
2019-06-13,182,0.021707999999999998
2019-06-13,365,0.02
2019-06-13,730,0.018357000000000002
2019-06-13,1095,0.017769
2019-06-13,1825,0.01839
2019-06-13,3650,0.020945000000000002
2019-06-13,10950,0.026002
2019-06-14,1,0.0236
2019-06-14,30,0.022227999999999998
2019-06-14,91,0.021682
2019-06-14,182,0.021703999999999998
2019-06-14,365,0.02
2019-06-14,730,0.018405
2019-06-14,1095,0.017823
2019-06-14,1825,0.01833
2019-06-14,3650,0.020804
2019-06-14,10950,0.025856
2019-06-17,1,0.023799999999999998
2019-06-17,30,0.022073
2019-06-17,91,0.021783
2019-06-17,182,0.02191
2019-06-17,365,0.0203
2019-06-17,730,0.018687
2019-06-17,1095,0.01812
2019-06-17,1825,0.01856
2019-06-17,3650,0.020942
2019-06-17,10950,0.025827
2019-06-18,1,0.023700000000000002
2019-06-18,30,0.02169
2019-06-18,91,0.022108
2019-06-18,182,0.021839
2019-06-18,365,0.0204
2019-06-18,730,0.018643
2019-06-18,1095,0.017985
2019-06-18,1825,0.01833
2019-06-18,3650,0.020595
2019-06-18,10950,0.025488
2019-06-19,1,0.023700000000000002
2019-06-19,30,0.021255000000000003
2019-06-19,91,0.021591999999999997
2019-06-19,182,0.020697
2019-06-19,365,0.0196
2019-06-19,730,0.017351000000000002
2019-06-19,1095,0.01688
2019-06-19,1825,0.017589999999999998
2019-06-19,3650,0.020232999999999998
2019-06-19,10950,0.025351
2019-06-20,1,0.023700000000000002
2019-06-20,30,0.020871
2019-06-20,91,0.021283
2019-06-20,182,0.020617999999999997
2019-06-20,365,0.0191
2019-06-20,730,0.017775
2019-06-20,1095,0.017311
2019-06-20,1825,0.01782
2019-06-20,3650,0.020284
2019-06-20,10950,0.025400999999999996
2019-06-21,1,0.023799999999999998
2019-06-21,30,0.02108
2019-06-21,91,0.020997
2019-06-21,182,0.020407
2019-06-21,365,0.0195
2019-06-21,730,0.017678
2019-06-21,1095,0.017229
2019-06-21,1825,0.01791
2019-06-21,3650,0.02054
2019-06-21,10950,0.025841
2019-06-24,1,0.023799999999999998
2019-06-24,30,0.021103999999999998
2019-06-24,91,0.021046999999999996
2019-06-24,182,0.020509
2019-06-24,365,0.0192
2019-06-24,730,0.017324
2019-06-24,1095,0.016822999999999998
2019-06-24,1825,0.01748
2019-06-24,3650,0.020143
2019-06-24,10950,0.025442999999999997
2019-06-25,1,0.023799999999999998
2019-06-25,30,0.020975999999999998
2019-06-25,91,0.021208
2019-06-25,182,0.020852
2019-06-25,365,0.019299999999999998
2019-06-25,730,0.017318
2019-06-25,1095,0.016741
2019-06-25,1825,0.01726
2019-06-25,3650,0.01985
2019-06-25,10950,0.025192000000000003
2019-06-26,1,0.023799999999999998
2019-06-26,30,0.020975
2019-06-26,91,0.021387
2019-06-26,182,0.02106
2019-06-26,365,0.0196
2019-06-26,730,0.017689
2019-06-26,1095,0.017418
2019-06-26,1825,0.01796
2019-06-26,3650,0.020468
2019-06-26,10950,0.025695000000000003
2019-06-27,1,0.023799999999999998
2019-06-27,30,0.020718
2019-06-27,91,0.021334
2019-06-27,182,0.021033
2019-06-27,365,0.019299999999999998
2019-06-27,730,0.017449
2019-06-27,1095,0.017092
2019-06-27,1825,0.01771
2019-06-27,3650,0.020139999999999998
2019-06-27,10950,0.025292
2019-06-28,1,0.024
2019-06-28,30,0.021259
2019-06-28,91,0.020868
2019-06-28,182,0.020899
2019-06-28,365,0.0192
2019-06-28,730,0.017549
2019-06-28,1095,0.017064
2019-06-28,1825,0.017669999999999998
2019-06-28,3650,0.020051
2019-06-28,10950,0.025291
2019-07-01,1,0.0239
2019-07-01,30,0.021691
2019-07-01,91,0.021072999999999998
2019-07-01,182,0.020872
2019-07-01,365,0.0194
2019-07-01,730,0.017872
2019-07-01,1095,0.017390000000000003
2019-07-01,1825,0.0179
2019-07-01,3650,0.02024
2019-07-01,10950,0.025478
2019-07-02,1,0.024
2019-07-02,30,0.022071999999999998
2019-07-02,91,0.021722
2019-07-02,182,0.020641
2019-07-02,365,0.0191
2019-07-02,730,0.017613
2019-07-02,1095,0.01709
2019-07-02,1825,0.01744
2019-07-02,3650,0.01974
2019-07-02,10950,0.025013
2019-07-03,1,0.0241
2019-07-03,30,0.022299000000000003
2019-07-03,91,0.022028
2019-07-03,182,0.020768
2019-07-03,365,0.0191
2019-07-03,730,0.017596
2019-07-03,1095,0.017062
2019-07-03,1825,0.01734
2019-07-03,3650,0.019498
2019-07-03,10950,0.024666
2019-07-04,1,0.0241
2019-07-04,30,0.022299000000000003
2019-07-04,91,0.022028
2019-07-04,182,0.020768
2019-07-04,365,0.0191
2019-07-04,730,0.017596
2019-07-04,1095,0.017062
2019-07-04,1825,0.01734
2019-07-04,3650,0.019498
2019-07-04,10950,0.024666
2019-07-05,1,0.0242
2019-07-05,30,0.022508
2019-07-05,91,0.022151999999999998
2019-07-05,182,0.021179
2019-07-05,365,0.019799999999999998
2019-07-05,730,0.018593
2019-07-05,1095,0.018129
2019-07-05,1825,0.01832
2019-07-05,3650,0.020338
2019-07-05,10950,0.025419
2019-07-08,1,0.0241
2019-07-08,30,0.022252
2019-07-08,91,0.022305000000000002
2019-07-08,182,0.021126
2019-07-08,365,0.0199
2019-07-08,730,0.0189
2019-07-08,1095,0.018349999999999998
2019-07-08,1825,0.01856
2019-07-08,3650,0.020476
2019-07-08,10950,0.02529
2019-07-09,1,0.0241
2019-07-09,30,0.022071999999999998
2019-07-09,91,0.022355
2019-07-09,182,0.021268
2019-07-09,365,0.02
2019-07-09,730,0.019066
2019-07-09,1095,0.018571
2019-07-09,1825,0.018799999999999997
2019-07-09,3650,0.020648
2019-07-09,10950,0.025404
2019-07-10,1,0.0241
2019-07-10,30,0.021663
2019-07-10,91,0.021686999999999998
2019-07-10,182,0.020619000000000002
2019-07-10,365,0.019299999999999998
2019-07-10,730,0.018277
2019-07-10,1095,0.017984
2019-07-10,1825,0.018269999999999998
2019-07-10,3650,0.020613000000000003
2019-07-10,10950,0.025758
2019-07-11,1,0.024
2019-07-11,30,0.021509
2019-07-11,91,0.021404
2019-07-11,182,0.020721
2019-07-11,365,0.0197
2019-07-11,730,0.018625
2019-07-11,1095,0.018494999999999998
2019-07-11,1825,0.01893
2019-07-11,3650,0.021377999999999998
2019-07-11,10950,0.026593
2019-07-12,1,0.023799999999999998
2019-07-12,30,0.021335000000000003
2019-07-12,91,0.021297999999999997
2019-07-12,182,0.020692
2019-07-12,365,0.0196
2019-07-12,730,0.018471
2019-07-12,1095,0.018253
2019-07-12,1825,0.01872
2019-07-12,3650,0.021219000000000002
2019-07-12,10950,0.026467
2019-07-15,1,0.024
2019-07-15,30,0.021563
2019-07-15,91,0.021270999999999998
2019-07-15,182,0.020482999999999998
2019-07-15,365,0.0195
2019-07-15,730,0.01829
2019-07-15,1095,0.018065
2019-07-15,1825,0.01845
2019-07-15,3650,0.020887
2019-07-15,10950,0.026105999999999997
2019-07-16,1,0.0241
2019-07-16,30,0.021537
2019-07-16,91,0.02144
2019-07-16,182,0.020541
2019-07-16,365,0.02
2019-07-16,730,0.018498
2019-07-16,1095,0.018308
2019-07-16,1825,0.01869
2019-07-16,3650,0.021026
2019-07-16,10950,0.026121
2019-07-17,1,0.0241
2019-07-17,30,0.021229
2019-07-17,91,0.02113
2019-07-17,182,0.020333999999999998
2019-07-17,365,0.0195
2019-07-17,730,0.018111
2019-07-17,1095,0.017823
2019-07-17,1825,0.01814
2019-07-17,3650,0.020451
2019-07-17,10950,0.025568
2019-07-18,1,0.0241
2019-07-18,30,0.020744
2019-07-18,91,0.020204
2019-07-18,182,0.019814000000000002
2019-07-18,365,0.019
2019-07-18,730,0.017559
2019-07-18,1095,0.017338
2019-07-18,1825,0.017669999999999998
2019-07-18,3650,0.020242
2019-07-18,10950,0.02564
2019-07-19,1,0.0241
2019-07-19,30,0.020851
2019-07-19,91,0.020637
2019-07-19,182,0.020251
2019-07-19,365,0.0194
2019-07-19,730,0.018183
2019-07-19,1095,0.017851
2019-07-19,1825,0.01816
2019-07-19,3650,0.020552
2019-07-19,10950,0.025792000000000002
2019-07-22,1,0.024
2019-07-22,30,0.021155
2019-07-22,91,0.020662
2019-07-22,182,0.020535
2019-07-22,365,0.0195
2019-07-22,730,0.018123
2019-07-22,1095,0.017769999999999998
2019-07-22,1825,0.01804
2019-07-22,3650,0.020464000000000003
2019-07-22,10950,0.025712000000000002
2019-07-23,1,0.024
2019-07-23,30,0.020950000000000003
2019-07-23,91,0.020412
2019-07-23,182,0.020825999999999997
2019-07-23,365,0.0197
2019-07-23,730,0.018373999999999998
2019-07-23,1095,0.018041
2019-07-23,1825,0.018340000000000002
2019-07-23,3650,0.020812
2019-07-23,10950,0.026156000000000002
2019-07-24,1,0.024
2019-07-24,30,0.020720000000000002
2019-07-24,91,0.020925
2019-07-24,182,0.020749
2019-07-24,365,0.019799999999999998
2019-07-24,730,0.018179
2019-07-24,1095,0.017824
2019-07-24,1825,0.01811
2019-07-24,3650,0.020428
2019-07-24,10950,0.025726
2019-07-25,1,0.024
2019-07-25,30,0.020897000000000002
2019-07-25,91,0.021
2019-07-25,182,0.020798999999999998
2019-07-25,365,0.0199
2019-07-25,730,0.018639
2019-07-25,1095,0.018314
2019-07-25,1825,0.01859
2019-07-25,3650,0.02081
2019-07-25,10950,0.026083
2019-07-26,1,0.024
2019-07-26,30,0.021029
2019-07-26,91,0.021124999999999998
2019-07-26,182,0.020874
2019-07-26,365,0.02
2019-07-26,730,0.018519
2019-07-26,1095,0.018179
2019-07-26,1825,0.01849
2019-07-26,3650,0.020703
2019-07-26,10950,0.025922
2019-07-29,1,0.024
2019-07-29,30,0.021155
2019-07-29,91,0.020996
2019-07-29,182,0.020872
2019-07-29,365,0.019799999999999998
2019-07-29,730,0.018579000000000002
2019-07-29,1095,0.018207
2019-07-29,1825,0.01848
2019-07-29,3650,0.020649999999999998
2019-07-29,10950,0.025907
2019-07-30,1,0.0239
2019-07-30,30,0.020593
2019-07-30,91,0.020592000000000003
2019-07-30,182,0.020562999999999998
2019-07-30,365,0.0197
2019-07-30,730,0.018459
2019-07-30,1095,0.018099
2019-07-30,1825,0.01843
2019-07-30,3650,0.020579999999999998
2019-07-30,10950,0.025798
2019-07-31,1,0.024
2019-07-31,30,0.019878
2019-07-31,91,0.020616
2019-07-31,182,0.020666000000000004
2019-07-31,365,0.02
2019-07-31,730,0.018721
2019-07-31,1095,0.018263
2019-07-31,1825,0.01828
2019-07-31,3650,0.020144000000000002
2019-07-31,10950,0.025249
2019-08-01,1,0.021400000000000002
2019-08-01,30,0.020566
2019-08-01,91,0.020744
2019-08-01,182,0.020329
2019-08-01,365,0.018799999999999997
2019-08-01,730,0.01734
2019-08-01,1095,0.016845000000000002
2019-08-01,1825,0.01684
2019-08-01,3650,0.018935
2019-08-01,10950,0.02442
2019-08-02,1,0.021400000000000002
2019-08-02,30,0.020672000000000003
2019-08-02,91,0.020482999999999998
2019-08-02,182,0.019962999999999998
2019-08-02,365,0.018500000000000003
2019-08-02,730,0.017118
2019-08-02,1095,0.016679
2019-08-02,1825,0.01659
2019-08-02,3650,0.018452
2019-08-02,10950,0.02382
2019-08-05,1,0.0213
2019-08-05,30,0.020671
2019-08-05,91,0.019969
2019-08-05,182,0.019781
2019-08-05,365,0.0178
2019-08-05,730,0.015733
2019-08-05,1095,0.01529
2019-08-05,1825,0.015189999999999999
2019-08-05,3650,0.017075
2019-08-05,10950,0.022543
2019-08-06,1,0.0213
2019-08-06,30,0.020415000000000003
2019-08-06,91,0.02028
2019-08-06,182,0.019867
2019-08-06,365,0.018000000000000002
2019-08-06,730,0.01583
2019-08-06,1095,0.015233000000000002
2019-08-06,1825,0.01514
2019-08-06,3650,0.017023
2019-08-06,10950,0.022330000000000003
2019-08-07,1,0.0212
2019-08-07,30,0.020108
2019-08-07,91,0.020125
2019-08-07,182,0.019530000000000002
2019-08-07,365,0.0175
2019-08-07,730,0.016069
2019-08-07,1095,0.015455000000000002
2019-08-07,1825,0.01551
2019-08-07,3650,0.017342
2019-08-07,10950,0.022522
2019-08-08,1,0.0212
2019-08-08,30,0.020234000000000002
2019-08-08,91,0.020072
2019-08-08,182,0.019503
2019-08-08,365,0.0179
2019-08-08,730,0.016188
2019-08-08,1095,0.015482000000000001
2019-08-08,1825,0.01546
2019-08-08,3650,0.017172
2019-08-08,10950,0.022243
2019-08-09,1,0.0212
2019-08-09,30,0.020392
2019-08-09,91,0.019864
2019-08-09,182,0.019448
2019-08-09,365,0.0178
2019-08-09,730,0.016466
2019-08-09,1095,0.01591
2019-08-09,1825,0.0158
2019-08-09,3650,0.017447
2019-08-09,10950,0.022586
2019-08-12,1,0.0212
2019-08-12,30,0.020696
2019-08-12,91,0.019684
2019-08-12,182,0.019292
2019-08-12,365,0.0175
2019-08-12,730,0.015837
2019-08-12,1095,0.015106999999999999
2019-08-12,1825,0.01494
2019-08-12,3650,0.016454
2019-08-12,10950,0.021324999999999997
2019-08-13,1,0.0212
2019-08-13,30,0.020466
2019-08-13,91,0.019873000000000002
2019-08-13,182,0.019530000000000002
2019-08-13,365,0.018600000000000002
2019-08-13,730,0.016666
2019-08-13,1095,0.016097999999999998
2019-08-13,1825,0.01585
2019-08-13,3650,0.017035
2019-08-13,10950,0.021633
2019-08-14,1,0.0212
2019-08-14,30,0.019726
2019-08-14,91,0.019384
2019-08-14,182,0.018986
2019-08-14,365,0.0179
2019-08-14,730,0.015771
2019-08-14,1095,0.015241
2019-08-14,1825,0.0149
2019-08-14,3650,0.015792
2019-08-14,10950,0.020179999999999997
2019-08-15,1,0.0213
2019-08-15,30,0.019954
2019-08-15,91,0.018793
2019-08-15,182,0.018467
2019-08-15,365,0.0172
2019-08-15,730,0.014957
2019-08-15,1095,0.014464999999999999
2019-08-15,1825,0.01425
2019-08-15,3650,0.015269
2019-08-15,10950,0.019729
2019-08-16,1,0.0213
2019-08-16,30,0.020341
2019-08-16,91,0.018585
2019-08-16,182,0.018438
2019-08-16,365,0.0171
2019-08-16,730,0.014763
2019-08-16,1095,0.014303
2019-08-16,1825,0.014190000000000001
2019-08-16,3650,0.015538000000000001
2019-08-16,10950,0.020348
2019-08-19,1,0.0213
2019-08-19,30,0.020594
2019-08-19,91,0.018943
2019-08-19,182,0.018799999999999997
2019-08-19,365,0.0175
2019-08-19,730,0.015453
2019-08-19,1095,0.014919
2019-08-19,1825,0.01478
2019-08-19,3650,0.016063
2019-08-19,10950,0.020874
2019-08-20,1,0.0213
2019-08-20,30,0.020516999999999997
2019-08-20,91,0.019
2019-08-20,182,0.018831
2019-08-20,365,0.0172
2019-08-20,730,0.015123
2019-08-20,1095,0.014436
2019-08-20,1825,0.014339999999999999
2019-08-20,3650,0.015555000000000001
2019-08-20,10950,0.020375
2019-08-21,1,0.0212
2019-08-21,30,0.020413999999999998
2019-08-21,91,0.019718
2019-08-21,182,0.018934
2019-08-21,365,0.0177
2019-08-21,730,0.015733
2019-08-21,1095,0.015
2019-08-21,1825,0.01474
2019-08-21,3650,0.015893
2019-08-21,10950,0.020723
2019-08-22,1,0.0212
2019-08-22,30,0.020438
2019-08-22,91,0.019819
2019-08-22,182,0.019037
2019-08-22,365,0.0179
2019-08-22,730,0.016121
2019-08-22,1095,0.015323
2019-08-22,1825,0.01502
2019-08-22,3650,0.016131
2019-08-22,10950,0.021046999999999996
2019-08-23,1,0.0212
2019-08-23,30,0.020111
2019-08-23,91,0.019534
2019-08-23,182,0.01862
2019-08-23,365,0.0173
2019-08-23,730,0.015331999999999998
2019-08-23,1095,0.014514
2019-08-23,1825,0.01418
2019-08-23,3650,0.015350999999999998
2019-08-23,10950,0.020252
2019-08-26,1,0.0212
2019-08-26,30,0.0209
2019-08-26,91,0.019764
2019-08-26,182,0.018799999999999997
2019-08-26,365,0.0175
2019-08-26,730,0.015390999999999998
2019-08-26,1095,0.014567000000000002
2019-08-26,1825,0.01418
2019-08-26,3650,0.015350999999999998
2019-08-26,10950,0.020354
2019-08-27,1,0.0212
2019-08-27,30,0.020721
2019-08-27,91,0.019694
2019-08-27,182,0.01865
2019-08-27,365,0.0177
2019-08-27,730,0.015223
2019-08-27,1095,0.014323999999999998
2019-08-27,1825,0.01379
2019-08-27,3650,0.014711
2019-08-27,10950,0.019501
2019-08-28,1,0.0212
2019-08-28,30,0.020567000000000002
2019-08-28,91,0.019796
2019-08-28,182,0.01865
2019-08-28,365,0.0174
2019-08-28,730,0.015
2019-08-28,1095,0.014162
2019-08-28,1825,0.0138
2019-08-28,3650,0.014794
2019-08-28,10950,0.019714
2019-08-29,1,0.0212
2019-08-29,30,0.020590999999999998
2019-08-29,91,0.019795
2019-08-29,182,0.018726
2019-08-29,365,0.0175
2019-08-29,730,0.0152
2019-08-29,1095,0.014403999999999998
2019-08-29,1825,0.01397
2019-08-29,3650,0.014945
2019-08-29,10950,0.01964
2019-08-30,1,0.0213
2019-08-30,30,0.020849000000000003
2019-08-30,91,0.019764999999999998
2019-08-30,182,0.018671
2019-08-30,365,0.0176
2019-08-30,730,0.01504
2019-08-30,1095,0.014266000000000001
2019-08-30,1825,0.01387
2019-08-30,3650,0.014961
2019-08-30,10950,0.019625999999999998
2019-09-02,1,0.0213
2019-09-02,30,0.020849000000000003
2019-09-02,91,0.019764999999999998
2019-09-02,182,0.018671
2019-09-02,365,0.0176
2019-09-02,730,0.01504
2019-09-02,1095,0.014266000000000001
2019-09-02,1825,0.01387
2019-09-02,3650,0.014961
2019-09-02,10950,0.019625999999999998
2019-09-03,1,0.0213
2019-09-03,30,0.020593
2019-09-03,91,0.019507
2019-09-03,182,0.018515
2019-09-03,365,0.0172
2019-09-03,730,0.01452
2019-09-03,1095,0.013723
2019-09-03,1825,0.013300000000000001
2019-09-03,3650,0.014573000000000001
2019-09-03,10950,0.019525999999999998
2019-09-04,1,0.0213
2019-09-04,30,0.020413999999999998
2019-09-04,91,0.019434
2019-09-04,182,0.018494
2019-09-04,365,0.0169
2019-09-04,730,0.014319
2019-09-04,1095,0.013559000000000002
2019-09-04,1825,0.01319
2019-09-04,3650,0.014657
2019-09-04,10950,0.019699
2019-09-05,1,0.0213
2019-09-05,30,0.020311
2019-09-05,91,0.019509000000000002
2019-09-05,182,0.018648
2019-09-05,365,0.0173
2019-09-05,730,0.015260000000000001
2019-09-05,1095,0.01459
2019-09-05,1825,0.01427
2019-09-05,3650,0.015586
2019-09-05,10950,0.020495
2019-09-06,1,0.0212
2019-09-06,30,0.020238999999999997
2019-09-06,91,0.019481
2019-09-06,182,0.01862
2019-09-06,365,0.0173
2019-09-06,730,0.015402
2019-09-06,1095,0.01478
2019-09-06,1825,0.014339999999999999
2019-09-06,3650,0.015602
2019-09-06,10950,0.02025
2019-09-09,1,0.0213
2019-09-09,30,0.020339999999999997
2019-09-09,91,0.01948
2019-09-09,182,0.01867
2019-09-09,365,0.0174
2019-09-09,730,0.015928
2019-09-09,1095,0.015327
2019-09-09,1825,0.015
2019-09-09,3650,0.016437999999999998
2019-09-09,10950,0.021280999999999998
2019-09-10,1,0.0213
2019-09-10,30,0.020312999999999998
2019-09-10,91,0.019334
2019-09-10,182,0.018855999999999998
2019-09-10,365,0.0181
2019-09-10,730,0.01676
2019-09-10,1095,0.016234
2019-09-10,1825,0.01592
2019-09-10,3650,0.017316
2019-09-10,10950,0.022163
2019-09-11,1,0.0213
2019-09-11,30,0.020108
2019-09-11,91,0.019436
2019-09-11,182,0.018753
2019-09-11,365,0.0179
2019-09-11,730,0.016742
2019-09-11,1095,0.016126
2019-09-11,1825,0.01594
2019-09-11,3650,0.017384999999999998
2019-09-11,10950,0.022212999999999997
2019-09-12,1,0.0213
2019-09-12,30,0.020081
2019-09-12,91,0.019511
2019-09-12,182,0.018933
2019-09-12,365,0.0182
2019-09-12,730,0.017192
2019-09-12,1095,0.016583
2019-09-12,1825,0.01636
2019-09-12,3650,0.017715
2019-09-12,10950,0.022557
2019-09-13,1,0.021400000000000002
2019-09-13,30,0.019754
2019-09-13,91,0.01956
2019-09-13,182,0.019111
2019-09-13,365,0.018799999999999997
2019-09-13,730,0.017999
2019-09-13,1095,0.01758
2019-09-13,1825,0.01752
2019-09-13,3650,0.018958
2019-09-13,10950,0.023708
2019-09-16,1,0.0225
2019-09-16,30,0.020543
2019-09-16,91,0.019764
2019-09-16,182,0.019214
2019-09-16,365,0.018600000000000002
2019-09-16,730,0.017593
2019-09-16,1095,0.017177
2019-09-16,1825,0.017
2019-09-16,3650,0.018467
2019-09-16,10950,0.023183
2019-09-17,1,0.023
2019-09-17,30,0.020516999999999997
2019-09-17,91,0.019719
2019-09-17,182,0.019064
2019-09-17,365,0.0187
2019-09-17,730,0.017248
2019-09-17,1095,0.016801
2019-09-17,1825,0.016579999999999998
2019-09-17,3650,0.018012999999999998
2019-09-17,10950,0.02268
2019-09-18,1,0.0225
2019-09-18,30,0.019267
2019-09-18,91,0.019307
2019-09-18,182,0.018908
2019-09-18,365,0.0187
2019-09-18,730,0.017621
2019-09-18,1095,0.017046
2019-09-18,1825,0.01678
2019-09-18,3650,0.017961
2019-09-18,10950,0.02242
2019-09-19,1,0.019
2019-09-19,30,0.019291
2019-09-19,91,0.019178
2019-09-19,182,0.019166000000000002
2019-09-19,365,0.018799999999999997
2019-09-19,730,0.017378
2019-09-19,1095,0.016857999999999998
2019-09-19,1825,0.01661
2019-09-19,3650,0.01784
2019-09-19,10950,0.022277
2019-09-20,1,0.019
2019-09-20,30,0.019295
2019-09-20,91,0.01897
2019-09-20,182,0.018982000000000002
2019-09-20,365,0.0184
2019-09-20,730,0.01683
2019-09-20,1095,0.01616
2019-09-20,1825,0.01601
2019-09-20,3650,0.017215
2019-09-20,10950,0.021616
2019-09-23,1,0.019
2019-09-23,30,0.019192
2019-09-23,91,0.018892
2019-09-23,182,0.019059
2019-09-23,365,0.0181
2019-09-23,730,0.016812
2019-09-23,1095,0.016161000000000002
2019-09-23,1825,0.01603
2019-09-23,3650,0.017266999999999998
2019-09-23,10950,0.021729
2019-09-24,1,0.019
2019-09-24,30,0.018911
2019-09-24,91,0.019026
2019-09-24,182,0.018857
2019-09-24,365,0.0178
2019-09-24,730,0.016256
2019-09-24,1095,0.015485
2019-09-24,1825,0.01529
2019-09-24,3650,0.016456
2019-09-24,10950,0.021036000000000003
2019-09-25,1,0.019
2019-09-25,30,0.018094
2019-09-25,91,0.01882
2019-09-25,182,0.018882
2019-09-25,365,0.0182
2019-09-25,730,0.016795
2019-09-25,1095,0.016163
2019-09-25,1825,0.01609
2019-09-25,3650,0.017372000000000002
2019-09-25,10950,0.021863
2019-09-26,1,0.018500000000000003
2019-09-26,30,0.017915
2019-09-26,91,0.018024
2019-09-26,182,0.0187
2019-09-26,365,0.0179
2019-09-26,730,0.016555
2019-09-26,1095,0.015919000000000003
2019-09-26,1825,0.01581
2019-09-26,3650,0.016921
2019-09-26,10950,0.021419
2019-09-27,1,0.0183
2019-09-27,30,0.018607
2019-09-27,91,0.01779
2019-09-27,182,0.018283
2019-09-27,365,0.0174
2019-09-27,730,0.016315
2019-09-27,1095,0.015732
2019-09-27,1825,0.015629999999999998
2019-09-27,3650,0.016801
2019-09-27,10950,0.021286
2019-09-30,1,0.019
2019-09-30,30,0.018581
2019-09-30,91,0.018071
2019-09-30,182,0.018127
2019-09-30,365,0.0175
2019-09-30,730,0.016217
2019-09-30,1095,0.015596
2019-09-30,1825,0.015449999999999998
2019-09-30,3650,0.016646
2019-09-30,10950,0.021105
2019-10-01,1,0.018799999999999997
2019-10-01,30,0.017713
2019-10-01,91,0.017618
2019-10-01,182,0.017847
2019-10-01,365,0.0173
2019-10-01,730,0.015459
2019-10-01,1095,0.014918
2019-10-01,1825,0.014910000000000001
2019-10-01,3650,0.016353
2019-10-01,10950,0.020925
2019-10-02,1,0.018500000000000003
2019-10-02,30,0.017203
2019-10-02,91,0.017387
2019-10-02,182,0.017407
2019-10-02,365,0.0167
2019-10-02,730,0.01478
2019-10-02,1095,0.014320999999999999
2019-10-02,1825,0.01432
2019-10-02,3650,0.015992
2019-10-02,10950,0.020876000000000002
2019-10-03,1,0.0183
2019-10-03,30,0.016998
2019-10-03,91,0.016901
2019-10-03,182,0.016554
2019-10-03,365,0.0158
2019-10-03,730,0.013900999999999998
2019-10-03,1095,0.013453
2019-10-03,1825,0.01348
2019-10-03,3650,0.015341
2019-10-03,10950,0.020321
2019-10-04,1,0.0182
2019-10-04,30,0.016390000000000002
2019-10-04,91,0.016873
2019-10-04,182,0.016396
2019-10-04,365,0.0158
2019-10-04,730,0.014036
2019-10-04,1095,0.013585
2019-10-04,1825,0.01348
2019-10-04,3650,0.01529
2019-10-04,10950,0.020151
2019-10-07,1,0.0182
2019-10-07,30,0.017485
2019-10-07,91,0.017025
2019-10-07,182,0.017041
2019-10-07,365,0.016399999999999998
2019-10-07,730,0.014617
2019-10-07,1095,0.014127
2019-10-07,1825,0.013919999999999998
2019-10-07,3650,0.01558
2019-10-07,10950,0.020484
2019-10-08,1,0.0182
2019-10-08,30,0.016541
2019-10-08,91,0.016667
2019-10-08,182,0.016813
2019-10-08,365,0.016200000000000003
2019-10-08,730,0.014194
2019-10-08,1095,0.013691
2019-10-08,1825,0.01353
2019-10-08,3650,0.015288999999999999
2019-10-08,10950,0.020293000000000002
2019-10-09,1,0.0182
2019-10-09,30,0.01677
2019-10-09,91,0.016742999999999997
2019-10-09,182,0.016709
2019-10-09,365,0.0159
2019-10-09,730,0.014657
2019-10-09,1095,0.014256999999999999
2019-10-09,1825,0.014039999999999999
2019-10-09,3650,0.015836
2019-10-09,10950,0.020841
2019-10-10,1,0.0182
2019-10-10,30,0.016922
2019-10-10,91,0.016639
2019-10-10,182,0.01676
2019-10-10,365,0.0163
2019-10-10,730,0.015424
2019-10-10,1095,0.015033000000000001
2019-10-10,1825,0.01489
2019-10-10,3650,0.016680999999999998
2019-10-10,10950,0.021615000000000002
2019-10-11,1,0.0182
2019-10-11,30,0.017434
2019-10-11,91,0.016611
2019-10-11,182,0.016551
2019-10-11,365,0.0167
2019-10-11,730,0.015913999999999998
2019-10-11,1095,0.01565
2019-10-11,1825,0.01555
2019-10-11,3650,0.01729
2019-10-11,10950,0.021941000000000002
2019-10-14,1,0.0182
2019-10-14,30,0.017434
2019-10-14,91,0.016611
2019-10-14,182,0.016551
2019-10-14,365,0.0167
2019-10-14,730,0.015913999999999998
2019-10-14,1095,0.01565
2019-10-14,1825,0.01555
2019-10-14,3650,0.01729
2019-10-14,10950,0.021941000000000002
2019-10-15,1,0.019
2019-10-15,30,0.01728
2019-10-15,91,0.016482
2019-10-15,182,0.016576
2019-10-15,365,0.0165
2019-10-15,730,0.01618
2019-10-15,1095,0.015974
2019-10-15,1825,0.01598
2019-10-15,3650,0.01771
2019-10-15,10950,0.022348
2019-10-16,1,0.019
2019-10-16,30,0.017023999999999997
2019-10-16,91,0.016512
2019-10-16,182,0.016295999999999998
2019-10-16,365,0.0159
2019-10-16,730,0.015835
2019-10-16,1095,0.015626
2019-10-16,1825,0.01562
2019-10-16,3650,0.017395
2019-10-16,10950,0.022248
2019-10-17,1,0.018500000000000003
2019-10-17,30,0.017049
2019-10-17,91,0.016639
2019-10-17,182,0.016218
2019-10-17,365,0.0159
2019-10-17,730,0.015999
2019-10-17,1095,0.015763
2019-10-17,1825,0.01577
2019-10-17,3650,0.017518
2019-10-17,10950,0.022341000000000003
2019-10-18,1,0.018500000000000003
2019-10-18,30,0.016899
2019-10-18,91,0.01656
2019-10-18,182,0.01619
2019-10-18,365,0.0158
2019-10-18,730,0.015736
2019-10-18,1095,0.015552
2019-10-18,1825,0.01568
2019-10-18,3650,0.017536
2019-10-18,10950,0.022492
2019-10-21,1,0.018500000000000003
2019-10-21,30,0.017459
2019-10-21,91,0.016508000000000002
2019-10-21,182,0.016292
2019-10-21,365,0.0159
2019-10-21,730,0.01621
2019-10-21,1095,0.016013
2019-10-21,1825,0.01611
2019-10-21,3650,0.017993
2019-10-21,10950,0.022913000000000003
2019-10-22,1,0.018500000000000003
2019-10-22,30,0.017484
2019-10-22,91,0.016385
2019-10-22,182,0.016271
2019-10-22,365,0.0159
2019-10-22,730,0.015944
2019-10-22,1095,0.015798
2019-10-22,1825,0.01587
2019-10-22,3650,0.017606999999999998
2019-10-22,10950,0.022521
2019-10-23,1,0.018500000000000003
2019-10-23,30,0.01733
2019-10-23,91,0.016512
2019-10-23,182,0.016348
2019-10-23,365,0.0158
2019-10-23,730,0.015817
2019-10-23,1095,0.0158
2019-10-23,1825,0.01592
2019-10-23,3650,0.017642
2019-10-23,10950,0.022543
2019-10-24,1,0.018500000000000003
2019-10-24,30,0.017355
2019-10-24,91,0.016614
2019-10-24,182,0.016476
2019-10-24,365,0.0159
2019-10-24,730,0.015777
2019-10-24,1095,0.015774999999999997
2019-10-24,1825,0.01584
2019-10-24,3650,0.01766
2019-10-24,10950,0.022622
2019-10-25,1,0.0183
2019-10-25,30,0.017052
2019-10-25,91,0.016612000000000002
2019-10-25,182,0.016474
2019-10-25,365,0.016
2019-10-25,730,0.016176
2019-10-25,1095,0.016134
2019-10-25,1825,0.01621
2019-10-25,3650,0.017943
2019-10-25,10950,0.022869999999999998
2019-10-28,1,0.0183
2019-10-28,30,0.016923999999999998
2019-10-28,91,0.016278
2019-10-28,182,0.01637
2019-10-28,365,0.016
2019-10-28,730,0.016434999999999998
2019-10-28,1095,0.016463000000000002
2019-10-28,1825,0.01663
2019-10-28,3650,0.018420000000000002
2019-10-28,10950,0.023339
2019-10-29,1,0.0182
2019-10-29,30,0.016388
2019-10-29,91,0.016008
2019-10-29,182,0.01627
2019-10-29,365,0.0159
2019-10-29,730,0.016415
2019-10-29,1095,0.016492
2019-10-29,1825,0.01663
2019-10-29,3650,0.018385
2019-10-29,10950,0.023347000000000003
2019-10-30,1,0.0182
2019-10-30,30,0.015878
2019-10-30,91,0.015726
2019-10-30,182,0.016064000000000002
2019-10-30,365,0.0159
2019-10-30,730,0.015976
2019-10-30,1095,0.015949
2019-10-30,1825,0.01607
2019-10-30,3650,0.017715
2019-10-30,10950,0.022521
2019-10-31,1,0.0158
2019-10-31,30,0.015392999999999999
2019-10-31,91,0.01524
2019-10-31,182,0.015469
2019-10-31,365,0.015300000000000001
2019-10-31,730,0.015239
2019-10-31,1095,0.015161
2019-10-31,1825,0.0152
2019-10-31,3650,0.01691
2019-10-31,10950,0.021791
2019-11-01,1,0.015700000000000002
2019-11-01,30,0.015319000000000001
2019-11-01,91,0.015136
2019-11-01,182,0.015312
2019-11-01,365,0.015300000000000001
2019-11-01,730,0.01552
2019-11-01,1095,0.015438
2019-11-01,1825,0.01543
2019-11-01,3650,0.017103
2019-11-01,10950,0.021897000000000003
2019-11-04,1,0.015600000000000001
2019-11-04,30,0.015523
2019-11-04,91,0.015288999999999999
2019-11-04,182,0.015518
2019-11-04,365,0.015600000000000001
2019-11-04,730,0.015822
2019-11-04,1095,0.015877
2019-11-04,1825,0.01594
2019-11-04,3650,0.017769999999999998
2019-11-04,10950,0.022629999999999997
2019-11-05,1,0.015600000000000001
2019-11-05,30,0.01542
2019-11-05,91,0.01536
2019-11-05,182,0.01565
2019-11-05,365,0.016200000000000003
2019-11-05,730,0.016245
2019-11-05,1095,0.016372
2019-11-05,1825,0.01665
2019-11-05,3650,0.018584
2019-11-05,10950,0.023384000000000002
2019-11-06,1,0.0155
2019-11-06,30,0.015139
2019-11-06,91,0.01541
2019-11-06,182,0.015547
2019-11-06,365,0.0158
2019-11-06,730,0.016086
2019-11-06,1095,0.016117
2019-11-06,1825,0.016319999999999998
2019-11-06,3650,0.018283
2019-11-06,10950,0.023156
2019-11-07,1,0.0155
2019-11-07,30,0.015189
2019-11-07,91,0.015538000000000001
2019-11-07,182,0.01565
2019-11-07,365,0.0158
2019-11-07,730,0.016672
2019-11-07,1095,0.016889
2019-11-07,1825,0.017310000000000002
2019-11-07,3650,0.019173
2019-11-07,10950,0.023974000000000002
2019-11-08,1,0.0155
2019-11-08,30,0.015497
2019-11-08,91,0.015432999999999999
2019-11-08,182,0.015647
2019-11-08,365,0.0158
2019-11-08,730,0.016742
2019-11-08,1095,0.017026
2019-11-08,1825,0.01746
2019-11-08,3650,0.019417
2019-11-08,10950,0.024243
2019-11-11,1,0.0155
2019-11-11,30,0.015497
2019-11-11,91,0.015432999999999999
2019-11-11,182,0.015647
2019-11-11,365,0.0158
2019-11-11,730,0.016742
2019-11-11,1095,0.017026
2019-11-11,1825,0.01746
2019-11-11,3650,0.019417
2019-11-11,10950,0.024243
2019-11-12,1,0.0155
2019-11-12,30,0.015496000000000001
2019-11-12,91,0.015637
2019-11-12,182,0.015672
2019-11-12,365,0.0158
2019-11-12,730,0.016623000000000002
2019-11-12,1095,0.016919
2019-11-12,1825,0.0174
2019-11-12,3650,0.019347
2019-11-12,10950,0.024162
2019-11-13,1,0.0155
2019-11-13,30,0.01547
2019-11-13,91,0.015641000000000002
2019-11-13,182,0.015780000000000002
2019-11-13,365,0.015700000000000002
2019-11-13,730,0.01636
2019-11-13,1095,0.016544
2019-11-13,1825,0.01692
2019-11-13,3650,0.01886
2019-11-13,10950,0.023648
2019-11-14,1,0.0155
2019-11-14,30,0.015597000000000001
2019-11-14,91,0.015615
2019-11-14,182,0.015727
2019-11-14,365,0.0155
2019-11-14,730,0.015913999999999998
2019-11-14,1095,0.015929
2019-11-14,1825,0.01629
2019-11-14,3650,0.018186
2019-11-14,10950,0.022997
2019-11-15,1,0.0155
2019-11-15,30,0.015549
2019-11-15,91,0.015612999999999998
2019-11-15,182,0.015725
2019-11-15,365,0.0154
2019-11-15,730,0.016101
2019-11-15,1095,0.016116
2019-11-15,1825,0.016479999999999998
2019-11-15,3650,0.018308
2019-11-15,10950,0.023046999999999998
2019-11-18,1,0.0155
2019-11-18,30,0.015674999999999998
2019-11-18,91,0.015535
2019-11-18,182,0.015673
2019-11-18,365,0.0154
2019-11-18,730,0.01598
2019-11-18,1095,0.016035
2019-11-18,1825,0.01636
2019-11-18,3650,0.018153
2019-11-18,10950,0.02299
2019-11-19,1,0.0155
2019-11-19,30,0.015598
2019-11-19,91,0.015539
2019-11-19,182,0.015625
2019-11-19,365,0.0154
2019-11-19,730,0.015961
2019-11-19,1095,0.015927
2019-11-19,1825,0.016220000000000002
2019-11-19,3650,0.017825999999999998
2019-11-19,10950,0.022513000000000002
2019-11-20,1,0.0155
2019-11-20,30,0.015571999999999999
2019-11-20,91,0.015564
2019-11-20,182,0.01565
2019-11-20,365,0.0154
2019-11-20,730,0.015757
2019-11-20,1095,0.015658000000000002
2019-11-20,1825,0.0159
2019-11-20,3650,0.017449
2019-11-20,10950,0.022090000000000002
2019-11-21,1,0.0155
2019-11-21,30,0.015648
2019-11-21,91,0.01564
2019-11-21,182,0.015676000000000002
2019-11-21,365,0.0155
2019-11-21,730,0.016046
2019-11-21,1095,0.015926
2019-11-21,1825,0.016200000000000003
2019-11-21,3650,0.017723
2019-11-21,10950,0.022315
2019-11-22,1,0.0155
2019-11-22,30,0.015600000000000001
2019-11-22,91,0.015766
2019-11-22,182,0.015751
2019-11-22,365,0.015600000000000001
2019-11-22,730,0.016277
2019-11-22,1095,0.016087
2019-11-22,1825,0.01625
2019-11-22,3650,0.017706
2019-11-22,10950,0.022209
2019-11-25,1,0.0155
2019-11-25,30,0.015955999999999998
2019-11-25,91,0.015817
2019-11-25,182,0.015957
2019-11-25,365,0.0158
2019-11-25,730,0.016134
2019-11-25,1095,0.015979
2019-11-25,1825,0.016120000000000002
2019-11-25,3650,0.017551
2019-11-25,10950,0.022012999999999998
2019-11-26,1,0.0155
2019-11-26,30,0.016132999999999998
2019-11-26,91,0.015778
2019-11-26,182,0.016114
2019-11-26,365,0.0159
2019-11-26,730,0.015819
2019-11-26,1095,0.015762
2019-11-26,1825,0.015969999999999998
2019-11-26,3650,0.017414
2019-11-26,10950,0.021789999999999997
2019-11-27,1,0.0155
2019-11-27,30,0.01631
2019-11-27,91,0.015853
2019-11-27,182,0.016063
2019-11-27,365,0.016
2019-11-27,730,0.016259
2019-11-27,1095,0.016141000000000003
2019-11-27,1825,0.0163
2019-11-27,3650,0.017654
2019-11-27,10950,0.021901
2019-11-28,1,0.0155
2019-11-28,30,0.016035
2019-11-28,91,0.015853
2019-11-28,182,0.016063
2019-11-28,365,0.016
2019-11-28,730,0.016259
2019-11-28,1095,0.016141000000000003
2019-11-28,1825,0.0163
2019-11-28,3650,0.017654
2019-11-28,10950,0.021901
2019-11-29,1,0.015600000000000001
2019-11-29,30,0.015931
2019-11-29,91,0.015672
2019-11-29,182,0.016009
2019-11-29,365,0.016
2019-11-29,730,0.016119
2019-11-29,1095,0.016086
2019-11-29,1825,0.01627
2019-11-29,3650,0.017758
2019-11-29,10950,0.022054
2019-12-02,1,0.015600000000000001
2019-12-02,30,0.01621
2019-12-02,91,0.015493
2019-12-02,182,0.015905
2019-12-02,365,0.016
2019-12-02,730,0.016
2019-12-02,1095,0.01614
2019-12-02,1825,0.01643
2019-12-02,3650,0.018189
2019-12-02,10950,0.02266
2019-12-03,1,0.0155
2019-12-03,30,0.016031
2019-12-03,91,0.01559
2019-12-03,182,0.015572999999999998
2019-12-03,365,0.015700000000000002
2019-12-03,730,0.01538
2019-12-03,1095,0.015378000000000001
2019-12-03,1825,0.01543
2019-12-03,3650,0.017157
2019-12-03,10950,0.021636000000000002
2019-12-04,1,0.0155
2019-12-04,30,0.015954
2019-12-04,91,0.015359000000000001
2019-12-04,182,0.015366999999999999
2019-12-04,365,0.015600000000000001
2019-12-04,730,0.015721
2019-12-04,1095,0.015813
2019-12-04,1825,0.01601
2019-12-04,3650,0.01774
2019-12-04,10950,0.022271
2019-12-05,1,0.0155
2019-12-05,30,0.015724000000000002
2019-12-05,91,0.015256
2019-12-05,182,0.01534
2019-12-05,365,0.015600000000000001
2019-12-05,730,0.015923
2019-12-05,1095,0.016085000000000002
2019-12-05,1825,0.01634
2019-12-05,3650,0.018103
2019-12-05,10950,0.022595999999999998
2019-12-06,1,0.0155
2019-12-06,30,0.014835000000000001
2019-12-06,91,0.015049
2019-12-06,182,0.015364
2019-12-06,365,0.015700000000000002
2019-12-06,730,0.016149
2019-12-06,1095,0.016386
2019-12-06,1825,0.01663
2019-12-06,3650,0.018363
2019-12-06,10950,0.022774000000000003
2019-12-09,1,0.0155
2019-12-09,30,0.015064
2019-12-09,91,0.01533
2019-12-09,182,0.015415000000000002
2019-12-09,365,0.015600000000000001
2019-12-09,730,0.01613
2019-12-09,1095,0.016276
2019-12-09,1825,0.01657
2019-12-09,3650,0.018189999999999998
2019-12-09,10950,0.022546
2019-12-10,1,0.0155
2019-12-10,30,0.015216
2019-12-10,91,0.015411
2019-12-10,182,0.015521
2019-12-10,365,0.015600000000000001
2019-12-10,730,0.016517
2019-12-10,1095,0.016652
2019-12-10,1825,0.01687
2019-12-10,3650,0.018416
2019-12-10,10950,0.022645
2019-12-11,1,0.0155
2019-12-11,30,0.015165
2019-12-11,91,0.015615
2019-12-11,182,0.015521
2019-12-11,365,0.0155
2019-12-11,730,0.016132999999999998
2019-12-11,1095,0.016223
2019-12-11,1825,0.016390000000000002
2019-12-11,3650,0.017914
2019-12-11,10950,0.022263
2019-12-12,1,0.0155
2019-12-12,30,0.015419
2019-12-12,91,0.015461
2019-12-12,182,0.015547
2019-12-12,365,0.0155
2019-12-12,730,0.016582
2019-12-12,1095,0.01684
2019-12-12,1825,0.01727
2019-12-12,3650,0.018922
2019-12-12,10950,0.023103
2019-12-13,1,0.0155
2019-12-13,30,0.015396
2019-12-13,91,0.015562
2019-12-13,182,0.015519
2019-12-13,365,0.0154
2019-12-13,730,0.016037
2019-12-13,1095,0.016196
2019-12-13,1825,0.01654
2019-12-13,3650,0.018226
2019-12-13,10950,0.022524000000000002
2019-12-16,1,0.015600000000000001
2019-12-16,30,0.01537
2019-12-16,91,0.015484
2019-12-16,182,0.015725
2019-12-16,365,0.0154
2019-12-16,730,0.016263
2019-12-16,1095,0.016517999999999998
2019-12-16,1825,0.01702
2019-12-16,3650,0.018713
2019-12-16,10950,0.022866
2019-12-17,1,0.0155
2019-12-17,30,0.01542
2019-12-17,91,0.015386
2019-12-17,182,0.015574
2019-12-17,365,0.015300000000000001
2019-12-17,730,0.016224000000000002
2019-12-17,1095,0.016519
2019-12-17,1825,0.017070000000000002
2019-12-17,3650,0.018801000000000002
2019-12-17,10950,0.02306
2019-12-18,1,0.0155
2019-12-18,30,0.015496000000000001
2019-12-18,91,0.015512999999999999
2019-12-18,182,0.01565
2019-12-18,365,0.0154
2019-12-18,730,0.016287
2019-12-18,1095,0.016653
2019-12-18,1825,0.01734
2019-12-18,3650,0.019169000000000002
2019-12-18,10950,0.023472
2019-12-19,1,0.0155
2019-12-19,30,0.015087999999999999
2019-12-19,91,0.015615
2019-12-19,182,0.015598
2019-12-19,365,0.0152
2019-12-19,730,0.016268
2019-12-19,1095,0.0166
2019-12-19,1825,0.01732
2019-12-19,3650,0.019204000000000002
2019-12-19,10950,0.023538
2019-12-20,1,0.0155
2019-12-20,30,0.01537
2019-12-20,91,0.015612999999999998
2019-12-20,182,0.015596
2019-12-20,365,0.0152
2019-12-20,730,0.016294
2019-12-20,1095,0.016573
2019-12-20,1825,0.01732
2019-12-20,3650,0.019171
2019-12-20,10950,0.023420999999999997
2019-12-23,1,0.0155
2019-12-23,30,0.015523
2019-12-23,91,0.015561
2019-12-23,182,0.015776
2019-12-23,365,0.015300000000000001
2019-12-23,730,0.016523
2019-12-23,1095,0.016763
2019-12-23,1825,0.0175
2019-12-23,3650,0.019294
2019-12-23,10950,0.023567
2019-12-24,1,0.0155
2019-12-24,30,0.015317
2019-12-24,91,0.015667
2019-12-24,182,0.015986
2019-12-24,365,0.015300000000000001
2019-12-24,730,0.01621
2019-12-24,1095,0.016385
2019-12-24,1825,0.0171
2019-12-24,3650,0.018996
2019-12-24,10950,0.02329
2019-12-25,1,0.0155
2019-12-25,30,0.015317
2019-12-25,91,0.015667
2019-12-25,182,0.015986
2019-12-25,365,0.015300000000000001
2019-12-25,730,0.01621
2019-12-25,1095,0.016385
2019-12-25,1825,0.0171
2019-12-25,3650,0.018996
2019-12-25,10950,0.02329
2019-12-26,1,0.0155
2019-12-26,30,0.015419
2019-12-26,91,0.01564
2019-12-26,182,0.015908
2019-12-26,365,0.015300000000000001
2019-12-26,730,0.01631
2019-12-26,1095,0.016439
2019-12-26,1825,0.0172
2019-12-26,3650,0.018944000000000003
2019-12-26,10950,0.023218000000000003
2019-12-27,1,0.0155
2019-12-27,30,0.014962999999999999
2019-12-27,91,0.01551
2019-12-27,182,0.015725
2019-12-27,365,0.0151
2019-12-27,730,0.015812
2019-12-27,1095,0.015978000000000003
2019-12-27,1825,0.01679
2019-12-27,3650,0.018752
2019-12-27,10950,0.02316
2019-12-30,1,0.0155
2019-12-30,30,0.014656
2019-12-30,91,0.015202
2019-12-30,182,0.015699
2019-12-30,365,0.015700000000000002
2019-12-30,730,0.015653
2019-12-30,1095,0.015896
2019-12-30,1825,0.01672
2019-12-30,3650,0.018788
2019-12-30,10950,0.023297
2019-12-31,1,0.0155
2019-12-31,30,0.014299
2019-12-31,91,0.015436
2019-12-31,182,0.015780000000000002
2019-12-31,365,0.0159
2019-12-31,730,0.015691
2019-12-31,1095,0.016086
2019-12-31,1825,0.01692
2019-12-31,3650,0.019175
2019-12-31,10950,0.023896
2020-01-01,1,0.0155
2020-01-01,30,0.014299
2020-01-01,91,0.015436
2020-01-01,182,0.015780000000000002
2020-01-01,365,0.0159
2020-01-01,730,0.015691
2020-01-01,1095,0.016086
2020-01-01,1825,0.01692
2020-01-01,3650,0.019175
2020-01-01,10950,0.023896
2020-01-02,1,0.0155
2020-01-02,30,0.014603999999999999
2020-01-02,91,0.015256
2020-01-02,182,0.015624
2020-01-02,365,0.015600000000000001
2020-01-02,730,0.01569
2020-01-02,1095,0.015922000000000002
2020-01-02,1825,0.01667
2020-01-02,3650,0.018771
2020-01-02,10950,0.023312
2020-01-03,1,0.0155
2020-01-03,30,0.014886
2020-01-03,91,0.015075
2020-01-03,182,0.015287
2020-01-03,365,0.0155
2020-01-03,730,0.015246
2020-01-03,1095,0.015403
2020-01-03,1825,0.0159
2020-01-03,3650,0.017881
2020-01-03,10950,0.022444000000000002
2020-01-06,1,0.0155
2020-01-06,30,0.015088999999999998
2020-01-06,91,0.015177000000000001
2020-01-06,182,0.015363
2020-01-06,365,0.0154
2020-01-06,730,0.015445
2020-01-06,1095,0.015566
2020-01-06,1825,0.01607
2020-01-06,3650,0.01809
2020-01-06,10950,0.022858
2020-01-07,1,0.0155
2020-01-07,30,0.014884999999999999
2020-01-07,91,0.015104
2020-01-07,182,0.015418000000000001
2020-01-07,365,0.015300000000000001
2020-01-07,730,0.015404
2020-01-07,1095,0.015565
2020-01-07,1825,0.01613
2020-01-07,3650,0.018177000000000002
2020-01-07,10950,0.023052000000000003
2020-01-08,1,0.0155
2020-01-08,30,0.014961
2020-01-08,91,0.015257
2020-01-08,182,0.015392
2020-01-08,365,0.0155
2020-01-08,730,0.015806
2020-01-08,1095,0.016071
2020-01-08,1825,0.01664
2020-01-08,3650,0.018737999999999998
2020-01-08,10950,0.023624999999999997
2020-01-09,1,0.0155
2020-01-09,30,0.014935
2020-01-09,91,0.015231
2020-01-09,182,0.015417
2020-01-09,365,0.0154
2020-01-09,730,0.015785
2020-01-09,1095,0.015964
2020-01-09,1825,0.01654
2020-01-09,3650,0.018545
2020-01-09,10950,0.023297
2020-01-10,1,0.0154
2020-01-10,30,0.014962999999999999
2020-01-10,91,0.015305
2020-01-10,182,0.015416000000000001
2020-01-10,365,0.015300000000000001
2020-01-10,730,0.015702
2020-01-10,1095,0.01583
2020-01-10,1825,0.016319999999999998
2020-01-10,3650,0.018196
2020-01-10,10950,0.022786
2020-01-13,1,0.0154
2020-01-13,30,0.015217000000000001
2020-01-13,91,0.015356000000000002
2020-01-13,182,0.015491999999999999
2020-01-13,365,0.015300000000000001
2020-01-13,730,0.015843
2020-01-13,1095,0.015964
2020-01-13,1825,0.0165
2020-01-13,3650,0.018459
2020-01-13,10950,0.023014999999999997
2020-01-14,1,0.0154
2020-01-14,30,0.015191
2020-01-14,91,0.015513999999999998
2020-01-14,182,0.015650999999999998
2020-01-14,365,0.015300000000000001
2020-01-14,730,0.015700000000000002
2020-01-14,1095,0.015776
2020-01-14,1825,0.01621
2020-01-14,3650,0.018109
2020-01-14,10950,0.0227
2020-01-15,1,0.0154
2020-01-15,30,0.015189999999999999
2020-01-15,91,0.015564
2020-01-15,182,0.01565
2020-01-15,365,0.0154
2020-01-15,730,0.015536000000000001
2020-01-15,1095,0.015588999999999999
2020-01-15,1825,0.01599
2020-01-15,3650,0.01783
2020-01-15,10950,0.022359
2020-01-16,1,0.0154
2020-01-16,30,0.014986
2020-01-16,91,0.015461
2020-01-16,182,0.015547
2020-01-16,365,0.0154
2020-01-16,730,0.015657
2020-01-16,1095,0.015751
2020-01-16,1825,0.01626
2020-01-16,3650,0.018074
2020-01-16,10950,0.022578
2020-01-17,1,0.0155
2020-01-17,30,0.015242
2020-01-17,91,0.015535
2020-01-17,182,0.015569999999999999
2020-01-17,365,0.015600000000000001
2020-01-17,730,0.015592
2020-01-17,1095,0.015672
2020-01-17,1825,0.016200000000000003
2020-01-17,3650,0.018215
2020-01-17,10950,0.022807
2020-01-20,1,0.0155
2020-01-20,30,0.015242
2020-01-20,91,0.015535
2020-01-20,182,0.015569999999999999
2020-01-20,365,0.015600000000000001
2020-01-20,730,0.015592
2020-01-20,1095,0.015672
2020-01-20,1825,0.016200000000000003
2020-01-20,3650,0.018215
2020-01-20,10950,0.022807
2020-01-21,1,0.0155
2020-01-21,30,0.015088999999999998
2020-01-21,91,0.01533
2020-01-21,182,0.01544
2020-01-21,365,0.0154
2020-01-21,730,0.015304
2020-01-21,1095,0.015323
2020-01-21,1825,0.01576
2020-01-21,3650,0.017743
2020-01-21,10950,0.022358
2020-01-22,1,0.0155
2020-01-22,30,0.015114
2020-01-22,91,0.015436
2020-01-22,182,0.015521
2020-01-22,365,0.0155
2020-01-22,730,0.015283
2020-01-22,1095,0.015269
2020-01-22,1825,0.01576
2020-01-22,3650,0.017691
2020-01-22,10950,0.022216999999999997
2020-01-23,1,0.0155
2020-01-23,30,0.015061999999999999
2020-01-23,91,0.015486999999999999
2020-01-23,182,0.015521
2020-01-23,365,0.0155
2020-01-23,730,0.015137000000000001
2020-01-23,1095,0.015053
2020-01-23,1825,0.01548
2020-01-23,3650,0.017325
2020-01-23,10950,0.021782
2020-01-24,1,0.0155
2020-01-24,30,0.015116000000000001
2020-01-24,91,0.015254
2020-01-24,182,0.015338000000000001
2020-01-24,365,0.0155
2020-01-24,730,0.014946999999999998
2020-01-24,1095,0.014756
2020-01-24,1825,0.01505
2020-01-24,3650,0.016839
2020-01-24,10950,0.021324
2020-01-27,1,0.0155
2020-01-27,30,0.015115
2020-01-27,91,0.01533
2020-01-27,182,0.015312
2020-01-27,365,0.015300000000000001
2020-01-27,730,0.014409
2020-01-27,1095,0.014162
2020-01-27,1825,0.014419999999999999
2020-01-27,3650,0.01608
2020-01-27,10950,0.020567000000000002
2020-01-28,1,0.0155
2020-01-28,30,0.015114
2020-01-28,91,0.015462
2020-01-28,182,0.015676000000000002
2020-01-28,365,0.015300000000000001
2020-01-28,730,0.014624999999999999
2020-01-28,1095,0.014539999999999999
2020-01-28,1825,0.0148
2020-01-28,3650,0.016562
2020-01-28,10950,0.021118
2020-01-29,1,0.0155
2020-01-29,30,0.015012000000000001
2020-01-29,91,0.01541
2020-01-29,182,0.015547
2020-01-29,365,0.0151
2020-01-29,730,0.014128
2020-01-29,1095,0.013891
2020-01-29,1825,0.014070000000000001
2020-01-29,3650,0.015839000000000002
2020-01-29,10950,0.020392
2020-01-30,1,0.016
2020-01-30,30,0.015087999999999999
2020-01-30,91,0.015512
2020-01-30,182,0.015495000000000002
2020-01-30,365,0.0148
2020-01-30,730,0.014128
2020-01-30,1095,0.013916999999999999
2020-01-30,1825,0.014070000000000001
2020-01-30,3650,0.015856
2020-01-30,10950,0.020506000000000003
2020-01-31,1,0.0159
2020-01-31,30,0.015243
2020-01-31,91,0.015382
2020-01-31,182,0.015235
2020-01-31,365,0.014499999999999999
2020-01-31,730,0.013132
2020-01-31,1095,0.01294
2020-01-31,1825,0.01314
2020-01-31,3650,0.015068
2020-01-31,10950,0.019996
2020-02-03,1,0.0159
2020-02-03,30,0.015472
2020-02-03,91,0.015535
2020-02-03,182,0.015363
2020-02-03,365,0.0146
2020-02-03,730,0.01353
2020-02-03,1095,0.013317
2020-02-03,1825,0.01348
2020-02-03,3650,0.015271999999999999
2020-02-03,10950,0.020069
2020-02-04,1,0.0159
2020-02-04,30,0.015395
2020-02-04,91,0.015462
2020-02-04,182,0.015572999999999998
2020-02-04,365,0.0148
2020-02-04,730,0.01409
2020-02-04,1095,0.013966000000000001
2020-02-04,1825,0.014199999999999999
2020-02-04,3650,0.015991
2020-02-04,10950,0.020769000000000003
2020-02-05,1,0.0159
2020-02-05,30,0.015368
2020-02-05,91,0.015486999999999999
2020-02-05,182,0.015572999999999998
2020-02-05,365,0.0149
2020-02-05,730,0.014431000000000001
2020-02-05,1095,0.014373
2020-02-05,1825,0.01464
2020-02-05,3650,0.016508000000000002
2020-02-05,10950,0.021385
2020-02-06,1,0.0159
2020-02-06,30,0.01547
2020-02-06,91,0.015588999999999999
2020-02-06,182,0.015676000000000002
2020-02-06,365,0.0151
2020-02-06,730,0.014452
2020-02-06,1095,0.014372000000000001
2020-02-06,1825,0.01462
2020-02-06,3650,0.016422000000000003
2020-02-06,10950,0.021089000000000004
2020-02-07,1,0.0158
2020-02-07,30,0.015446999999999999
2020-02-07,91,0.015357
2020-02-07,182,0.015519
2020-02-07,365,0.0149
2020-02-07,730,0.014011000000000001
2020-02-07,1095,0.013906
2020-02-07,1825,0.01405
2020-02-07,3650,0.015834
2020-02-07,10950,0.020484
2020-02-10,1,0.0158
2020-02-10,30,0.015523
2020-02-10,91,0.015432999999999999
2020-02-10,182,0.015389
2020-02-10,365,0.014499999999999999
2020-02-10,730,0.013931
2020-02-10,1095,0.013769
2020-02-10,1825,0.01389
2020-02-10,3650,0.015696
2020-02-10,10950,0.020389
2020-02-11,1,0.0158
2020-02-11,30,0.015598
2020-02-11,91,0.01559
2020-02-11,182,0.015316000000000001
2020-02-11,365,0.0148
2020-02-11,730,0.014234
2020-02-11,1095,0.013986
2020-02-11,1825,0.01422
2020-02-11,3650,0.016006
2020-02-11,10950,0.020659
2020-02-12,1,0.0158
2020-02-12,30,0.015547
2020-02-12,91,0.015691999999999998
2020-02-12,182,0.015444
2020-02-12,365,0.0149
2020-02-12,730,0.014437
2020-02-12,1095,0.014205
2020-02-12,1825,0.01451
2020-02-12,3650,0.016333
2020-02-12,10950,0.02089
2020-02-13,1,0.0158
2020-02-13,30,0.015673
2020-02-13,91,0.015717000000000002
2020-02-13,182,0.015521
2020-02-13,365,0.0148
2020-02-13,730,0.014438
2020-02-13,1095,0.014178
2020-02-13,1825,0.014450000000000001
2020-02-13,3650,0.016173
2020-02-13,10950,0.020706000000000002
2020-02-14,1,0.0158
2020-02-14,30,0.015828
2020-02-14,91,0.015688999999999998
2020-02-14,182,0.015389
2020-02-14,365,0.0149
2020-02-14,730,0.014279
2020-02-14,1095,0.013964
2020-02-14,1825,0.01417
2020-02-14,3650,0.015848
2020-02-14,10950,0.020391
2020-02-17,1,0.0158
2020-02-17,30,0.015828
2020-02-17,91,0.015688999999999998
2020-02-17,182,0.015389
2020-02-17,365,0.0149
2020-02-17,730,0.014279
2020-02-17,1095,0.013964
2020-02-17,1825,0.01417
2020-02-17,3650,0.015848
2020-02-17,10950,0.020391
2020-02-18,1,0.0159
2020-02-18,30,0.015955
2020-02-18,91,0.015688
2020-02-18,182,0.015337
2020-02-18,365,0.0147
2020-02-18,730,0.014116
2020-02-18,1095,0.013777
2020-02-18,1825,0.01399
2020-02-18,3650,0.015609999999999999
2020-02-18,10950,0.020111
2020-02-19,1,0.0159
2020-02-19,30,0.015878
2020-02-19,91,0.015691999999999998
2020-02-19,182,0.015418000000000001
2020-02-19,365,0.0147
2020-02-19,730,0.014218999999999999
2020-02-19,1095,0.013911
2020-02-19,1825,0.01409
2020-02-19,3650,0.015661
2020-02-19,10950,0.020139
2020-02-20,1,0.0159
2020-02-20,30,0.015851999999999998
2020-02-20,91,0.015717000000000002
2020-02-20,182,0.015366
2020-02-20,365,0.0146
2020-02-20,730,0.013892
2020-02-20,1095,0.013589
2020-02-20,1825,0.013640000000000001
2020-02-20,3650,0.015152
2020-02-20,10950,0.019606
2020-02-21,1,0.0158
2020-02-21,30,0.015753
2020-02-21,91,0.015459
2020-02-21,182,0.015158
2020-02-21,365,0.0143
2020-02-21,730,0.013543000000000001
2020-02-21,1095,0.013186
2020-02-21,1825,0.01324
2020-02-21,3650,0.014713
2020-02-21,10950,0.019147
2020-02-24,1,0.0158
2020-02-24,30,0.015905
2020-02-24,91,0.015254
2020-02-24,182,0.014693000000000001
2020-02-24,365,0.013500000000000002
2020-02-24,730,0.012476000000000001
2020-02-24,1095,0.012032000000000001
2020-02-24,1825,0.0121
2020-02-24,3650,0.013705
2020-02-24,10950,0.018347
2020-02-25,1,0.0158
2020-02-25,30,0.015828
2020-02-25,91,0.015104
2020-02-25,182,0.014464
2020-02-25,365,0.013000000000000001
2020-02-25,730,0.012248000000000002
2020-02-25,1095,0.01179
2020-02-25,1825,0.01184
2020-02-25,3650,0.013521
2020-02-25,10950,0.018254
2020-02-26,1,0.0158
2020-02-26,30,0.015700000000000002
2020-02-26,91,0.015078000000000001
2020-02-26,182,0.014129000000000001
2020-02-26,365,0.0126
2020-02-26,730,0.011647000000000001
2020-02-26,1095,0.011467
2020-02-26,1825,0.01161
2020-02-26,3650,0.013371
2020-02-26,10950,0.018241
2020-02-27,1,0.0158
2020-02-27,30,0.015087999999999999
2020-02-27,91,0.014207000000000001
2020-02-27,182,0.012917000000000001
2020-02-27,365,0.0118
2020-02-27,730,0.010615000000000001
2020-02-27,1095,0.010502000000000001
2020-02-27,1825,0.01069
2020-02-27,3650,0.012607
2020-02-27,10950,0.017577
2020-02-28,1,0.0158
2020-02-28,30,0.0143
2020-02-28,91,0.012669999999999999
2020-02-28,182,0.011527
2020-02-28,365,0.0097
2020-02-28,730,0.009130000000000001
2020-02-28,1095,0.008972
2020-02-28,1825,0.00936
2020-02-28,3650,0.011486000000000001
2020-02-28,10950,0.016752
2020-03-02,1,0.0159
2020-03-02,30,0.014402
2020-03-02,91,0.011877
2020-03-02,182,0.010345
2020-03-02,365,0.0089
2020-03-02,730,0.009029
2020-03-02,1095,0.008994
2020-03-02,1825,0.00943
2020-03-02,3650,0.011632
2020-03-02,10950,0.017213
2020-03-03,1,0.0159
2020-03-03,30,0.010785
2020-03-03,91,0.009197
2020-03-03,182,0.008093
2020-03-03,365,0.0073
2020-03-03,730,0.006991000000000001
2020-03-03,1095,0.007076
2020-03-03,1825,0.00745
2020-03-03,3650,0.00999
2020-03-03,10950,0.016145
2020-03-04,1,0.0109
2020-03-04,30,0.009843
2020-03-04,91,0.007104
2020-03-04,182,0.006663
2020-03-04,365,0.0059
2020-03-04,730,0.006926
2020-03-04,1095,0.007176
2020-03-04,1825,0.00784
2020-03-04,3650,0.010522
2020-03-04,10950,0.017014
2020-03-05,1,0.0109
2020-03-05,30,0.008698000000000001
2020-03-05,91,0.006109
2020-03-05,182,0.005183999999999999
2020-03-05,365,0.0048
2020-03-05,730,0.005973000000000001
2020-03-05,1095,0.006242
2020-03-05,1825,0.006790000000000001
2020-03-05,3650,0.00912
2020-03-05,10950,0.015406999999999999
2020-03-06,1,0.0109
2020-03-06,30,0.007553
2020-03-06,91,0.004504
2020-03-06,182,0.003784
2020-03-06,365,0.0039000000000000003
2020-03-06,730,0.005062
2020-03-06,1095,0.005585
2020-03-06,1825,0.0060999999999999995
2020-03-06,3650,0.007623
2020-03-06,10950,0.012874000000000002
2020-03-09,1,0.0109
2020-03-09,30,0.0057469999999999995
2020-03-09,91,0.0034089999999999997
2020-03-09,182,0.0036820000000000004
2020-03-09,365,0.0031
2020-03-09,730,0.00381
2020-03-09,1095,0.004308
2020-03-09,1825,0.00479
2020-03-09,3650,0.0054069999999999995
2020-03-09,10950,0.009953
2020-03-10,1,0.0109
2020-03-10,30,0.005645
2020-03-10,91,0.004326
2020-03-10,182,0.004228
2020-03-10,365,0.0043
2020-03-10,730,0.005342
2020-03-10,1095,0.006261
2020-03-10,1825,0.0067
2020-03-10,3650,0.00803
2020-03-10,10950,0.012799
2020-03-11,1,0.0109
2020-03-11,30,0.0040420000000000005
2020-03-11,91,0.0039429999999999995
2020-03-11,182,0.003794
2020-03-11,365,0.004
2020-03-11,730,0.005195
2020-03-11,1095,0.006371
2020-03-11,1825,0.00705
2020-03-11,3650,0.008695000000000001
2020-03-11,10950,0.013918999999999999
2020-03-12,1,0.011000000000000001
2020-03-12,30,0.00211
2020-03-12,91,0.003027
2020-03-12,182,0.0032329999999999998
2020-03-12,365,0.0039000000000000003
2020-03-12,730,0.00481
2020-03-12,1095,0.005579
2020-03-12,1825,0.00607
2020-03-12,3650,0.008042
2020-03-12,10950,0.014399
2020-03-13,1,0.011000000000000001
2020-03-13,30,0.0026690000000000004
2020-03-13,91,0.002441
2020-03-13,182,0.003437
2020-03-13,365,0.0038
2020-03-13,730,0.004903
2020-03-13,1095,0.006000999999999999
2020-03-13,1825,0.00718
2020-03-13,3650,0.009603
2020-03-13,10950,0.015293000000000001
2020-03-16,1,0.0025
2020-03-16,30,0.0020080000000000002
2020-03-16,91,0.001933
2020-03-16,182,0.0025700000000000002
2020-03-16,365,0.0029
2020-03-16,730,0.0035989999999999998
2020-03-16,1095,0.004264
2020-03-16,1825,0.00492
2020-03-16,3650,0.007181999999999999
2020-03-16,10950,0.012841
2020-03-17,1,0.0025
2020-03-17,30,0.00043200000000000004
2020-03-17,91,0.001373
2020-03-17,182,0.002309
2020-03-17,365,0.003
2020-03-17,730,0.004925
2020-03-17,1095,0.006161
2020-03-17,1825,0.0074399999999999996
2020-03-17,3650,0.010784
2020-03-17,10950,0.016843999999999998
2020-03-18,1,0.0025
2020-03-18,30,-0.000127
2020-03-18,91,-0.000127
2020-03-18,182,0.0006090000000000001
2020-03-18,365,0.0021
2020-03-18,730,0.005337
2020-03-18,1095,0.006507
2020-03-18,1825,0.007890000000000001
2020-03-18,3650,0.011915
2020-03-18,10950,0.017875000000000002
2020-03-19,1,0.002
2020-03-19,30,-0.000559
2020-03-19,91,-0.000254
2020-03-19,182,2.5e-05
2020-03-19,365,0.002
2020-03-19,730,0.004507
2020-03-19,1095,0.005528
2020-03-19,1825,0.0069
2020-03-19,3650,0.011404000000000001
2020-03-19,10950,0.017848
2020-03-20,1,0.0015
2020-03-20,30,-0.000152
2020-03-20,91,-0.00033
2020-03-20,182,-0.000152
2020-03-20,365,0.0015
2020-03-20,730,0.003134
2020-03-20,1095,0.003733
2020-03-20,1825,0.0046
2020-03-20,3650,0.008454
2020-03-20,10950,0.014169000000000001
2020-03-23,1,0.0015
2020-03-23,30,-0.00038100000000000005
2020-03-23,91,-0.000356
2020-03-23,182,0.000228
2020-03-23,365,0.0017000000000000001
2020-03-23,730,0.0031230000000000003
2020-03-23,1095,0.003336
2020-03-23,1825,0.00413
2020-03-23,3650,0.007863
2020-03-23,10950,0.013509
2020-03-24,1,0.0012
2020-03-24,30,-0.000457
2020-03-24,91,-0.00038100000000000005
2020-03-24,182,0.0006850000000000001
2020-03-24,365,0.0025
2020-03-24,730,0.003715
2020-03-24,1095,0.0041530000000000004
2020-03-24,1825,0.00523
2020-03-24,3650,0.008466
2020-03-24,10950,0.013954
2020-03-25,1,0.001
2020-03-25,30,-0.0017280000000000002
2020-03-25,91,-0.0008129999999999999
2020-03-25,182,0.00020299999999999997
2020-03-25,365,0.0019
2020-03-25,730,0.0032990000000000003
2020-03-25,1095,0.003914
2020-03-25,1825,0.00526
2020-03-25,3650,0.008673
2020-03-25,10950,0.014448
2020-03-26,1,0.001
2020-03-26,30,-0.001245
2020-03-26,91,-0.001372
2020-03-26,182,-0.000279
2020-03-26,365,0.0013
2020-03-26,730,0.0029270000000000003
2020-03-26,1095,0.003675
2020-03-26,1825,0.00527
2020-03-26,3650,0.008447
2020-03-26,10950,0.01431
2020-03-27,1,0.001
2020-03-27,30,-0.000963
2020-03-27,91,-0.00038100000000000005
2020-03-27,182,-0.000177
2020-03-27,365,0.0011
2020-03-27,730,0.002418
2020-03-27,1095,0.002904
2020-03-27,1825,0.00395
2020-03-27,3650,0.006745999999999999
2020-03-27,10950,0.012635
2020-03-30,1,0.0009
2020-03-30,30,-7.6e-05
2020-03-30,91,0.00010200000000000001
2020-03-30,182,0.000177
2020-03-30,365,0.0014000000000000002
2020-03-30,730,0.002281
2020-03-30,1095,0.0029549999999999997
2020-03-30,1825,0.00414
2020-03-30,3650,0.0072640000000000005
2020-03-30,10950,0.013366
2020-03-31,1,0.0008
2020-03-31,30,7.6e-05
2020-03-31,91,0.00061
2020-03-31,182,0.0013950000000000002
2020-03-31,365,0.0017000000000000001
2020-03-31,730,0.002455
2020-03-31,1095,0.002926
2020-03-31,1825,0.00382
2020-03-31,3650,0.0066949999999999996
2020-03-31,10950,0.013213999999999998
2020-04-01,1,0.0006
2020-04-01,30,-0.000101
2020-04-01,91,0.00038100000000000005
2020-04-01,182,0.001217
2020-04-01,365,0.0016
2020-04-01,730,0.002061
2020-04-01,1095,0.0025540000000000003
2020-04-01,1825,0.0035199999999999997
2020-04-01,3650,0.005832
2020-04-01,10950,0.012191
2020-04-02,1,0.0005
2020-04-02,30,5.1000000000000006e-05
2020-04-02,91,0.000458
2020-04-02,182,0.001344
2020-04-02,365,0.0014000000000000002
2020-04-02,730,0.002255
2020-04-02,1095,0.0027900000000000004
2020-04-02,1825,0.00382
2020-04-02,3650,0.00597
2020-04-02,10950,0.012394
2020-04-03,1,0.0005
2020-04-03,30,0.00020299999999999997
2020-04-03,91,0.000585
2020-04-03,182,0.001344
2020-04-03,365,0.0015
2020-04-03,730,0.002289
2020-04-03,1095,0.002997
2020-04-03,1825,0.00385
2020-04-03,3650,0.005948
2020-04-03,10950,0.012094
2020-04-06,1,0.0005
2020-04-06,30,0.000608
2020-04-06,91,0.0005340000000000001
2020-04-06,182,0.0012939999999999998
2020-04-06,365,0.002
2020-04-06,730,0.0026219999999999998
2020-04-06,1095,0.003342
2020-04-06,1825,0.00441
2020-04-06,3650,0.006697999999999999
2020-04-06,10950,0.012785
2020-04-07,1,0.0005
2020-04-07,30,0.000482
2020-04-07,91,0.001144
2020-04-07,182,0.001552
2020-04-07,365,0.002
2020-04-07,730,0.002601
2020-04-07,1095,0.0034960000000000004
2020-04-07,1825,0.00458
2020-04-07,3650,0.007122000000000001
2020-04-07,10950,0.012945
2020-04-08,1,0.0005
2020-04-08,30,0.0005319999999999999
2020-04-08,91,0.0016270000000000002
2020-04-08,182,0.002112
2020-04-08,365,0.0023
2020-04-08,730,0.00252
2020-04-08,1095,0.003391
2020-04-08,1825,0.004719999999999999
2020-04-08,3650,0.007722
2020-04-08,10950,0.013765000000000001
2020-04-09,1,0.0005
2020-04-09,30,0.0014199999999999998
2020-04-09,91,0.001933
2020-04-09,182,0.0022389999999999997
2020-04-09,365,0.0025
2020-04-09,730,0.002254
2020-04-09,1095,0.0029449999999999997
2020-04-09,1825,0.004050000000000001
2020-04-09,3650,0.0071909999999999995
2020-04-09,10950,0.013434999999999999
2020-04-10,1,0.0005
2020-04-10,30,0.001318
2020-04-10,91,0.001933
2020-04-10,182,0.0022389999999999997
2020-04-10,365,0.0025
2020-04-10,730,0.002254
2020-04-10,1095,0.0029449999999999997
2020-04-10,1825,0.004050000000000001
2020-04-10,3650,0.0071909999999999995
2020-04-10,10950,0.013434999999999999
2020-04-13,1,0.0005
2020-04-13,30,0.0014449999999999999
2020-04-13,91,0.001933
2020-04-13,182,0.002417
2020-04-13,365,0.0027
2020-04-13,730,0.002452
2020-04-13,1095,0.0032069999999999998
2020-04-13,1825,0.0045000000000000005
2020-04-13,3650,0.007713
2020-04-13,10950,0.014071
2020-04-14,1,0.0005
2020-04-14,30,0.0011409999999999999
2020-04-14,91,0.001373
2020-04-14,182,0.001928
2020-04-14,365,0.0025
2020-04-14,730,0.00219
2020-04-14,1095,0.0028399999999999996
2020-04-14,1825,0.00421
2020-04-14,3650,0.00752
2020-04-14,10950,0.014017
2020-04-15,1,0.0005
2020-04-15,30,0.000634
2020-04-15,91,0.00117
2020-04-15,182,0.0017000000000000001
2020-04-15,365,0.0019
2020-04-15,730,0.001969
2020-04-15,1095,0.002369
2020-04-15,1825,0.0033900000000000002
2020-04-15,3650,0.006316
2020-04-15,10950,0.012655000000000001
2020-04-16,1,0.0005
2020-04-16,30,0.000482
2020-04-16,91,0.001119
2020-04-16,182,0.001598
2020-04-16,365,0.0017000000000000001
2020-04-16,730,0.002066
2020-04-16,1095,0.002552
2020-04-16,1825,0.00357
2020-04-16,3650,0.006267
2020-04-16,10950,0.012234
2020-04-17,1,0.0005
2020-04-17,30,0.0007599999999999999
2020-04-17,91,0.0008640000000000001
2020-04-17,182,0.001547
2020-04-17,365,0.0016
2020-04-17,730,0.002019
2020-04-17,1095,0.0025
2020-04-17,1825,0.0036
2020-04-17,3650,0.006417000000000001
2020-04-17,10950,0.012601
2020-04-20,1,0.0005
2020-04-20,30,0.0007099999999999999
2020-04-20,91,0.000712
2020-04-20,182,0.001167
2020-04-20,365,0.0015
2020-04-20,730,0.002016
2020-04-20,1095,0.0025
2020-04-20,1825,0.00344
2020-04-20,3650,0.006052999999999999
2020-04-20,10950,0.012164
2020-04-21,1,0.0005
2020-04-21,30,0.000583
2020-04-21,91,0.0008640000000000001
2020-04-21,182,0.001192
2020-04-21,365,0.0017000000000000001
2020-04-21,730,0.002034
2020-04-21,1095,0.002421
2020-04-21,1825,0.00336
2020-04-21,3650,0.005691000000000001
2020-04-21,10950,0.011626000000000001
2020-04-22,1,0.0005
2020-04-22,30,0.000583
2020-04-22,91,0.000915
2020-04-22,182,0.0012939999999999998
2020-04-22,365,0.0016
2020-04-22,730,0.002133
2020-04-22,1095,0.002605
2020-04-22,1825,0.00368
2020-04-22,3650,0.00619
2020-04-22,10950,0.012145999999999999
2020-04-23,1,0.0004
2020-04-23,30,0.000431
2020-04-23,91,0.0009660000000000001
2020-04-23,182,0.001091
2020-04-23,365,0.0017000000000000001
2020-04-23,730,0.002191
2020-04-23,1095,0.0026850000000000003
2020-04-23,1825,0.0037
2020-04-23,3650,0.006015
2020-04-23,10950,0.011803999999999999
2020-04-24,1,0.0005
2020-04-24,30,0.000608
2020-04-24,91,0.000991
2020-04-24,182,0.001192
2020-04-24,365,0.0018
2020-04-24,730,0.002245
2020-04-24,1095,0.002712
2020-04-24,1825,0.00374
2020-04-24,3650,0.006008
2020-04-24,10950,0.011696
2020-04-27,1,0.0004
2020-04-27,30,0.000608
2020-04-27,91,0.000915
2020-04-27,182,0.001167
2020-04-27,365,0.0017000000000000001
2020-04-27,730,0.002223
2020-04-27,1095,0.0028710000000000003
2020-04-27,1825,0.004050000000000001
2020-04-27,3650,0.006605
2020-04-27,10950,0.012557
2020-04-28,1,0.0004
2020-04-28,30,0.000684
2020-04-28,91,0.0008640000000000001
2020-04-28,182,0.001243
2020-04-28,365,0.0016
2020-04-28,730,0.002112
2020-04-28,1095,0.0026590000000000003
2020-04-28,1825,0.00376
2020-04-28,3650,0.006129
2020-04-28,10950,0.012041999999999999
2020-04-29,1,0.0004
2020-04-29,30,0.000583
2020-04-29,91,0.000788
2020-04-29,182,0.000964
2020-04-29,365,0.0018
2020-04-29,730,0.002014
2020-04-29,1095,0.002526
2020-04-29,1825,0.00368
2020-04-29,3650,0.006269
2020-04-29,10950,0.012499
2020-04-30,1,0.0005
2020-04-30,30,0.000482
2020-04-30,91,0.000788
2020-04-30,182,0.0010140000000000001
2020-04-30,365,0.0016
2020-04-30,730,0.001956
2020-04-30,1095,0.002447
2020-04-30,1825,0.00363
2020-04-30,3650,0.006392999999999999
2020-04-30,10950,0.012848
2020-05-01,1,0.0005
2020-05-01,30,0.000659
2020-05-01,91,0.000991
2020-05-01,182,0.0009130000000000001
2020-05-01,365,0.0017000000000000001
2020-05-01,730,0.0019
2020-05-01,1095,0.0023669999999999997
2020-05-01,1825,0.0034999999999999996
2020-05-01,3650,0.006118
2020-05-01,10950,0.012485999999999999
2020-05-04,1,0.0005
2020-05-04,30,0.000862
2020-05-04,91,0.000991
2020-05-04,182,0.001116
2020-05-04,365,0.0016
2020-05-04,730,0.001822
2020-05-04,1095,0.00242
2020-05-04,1825,0.00365
2020-05-04,3650,0.0063360000000000005
2020-05-04,10950,0.012765
2020-05-05,1,0.0005
2020-05-05,30,0.000862
2020-05-05,91,0.0009660000000000001
2020-05-05,182,0.001119
2020-05-05,365,0.0016
2020-05-05,730,0.001882
2020-05-05,1095,0.002473
2020-05-05,1825,0.00376
2020-05-05,3650,0.006619000000000001
2020-05-05,10950,0.01332
2020-05-06,1,0.0005
2020-05-06,30,0.000634
2020-05-06,91,0.0010680000000000002
2020-05-06,182,0.001399
2020-05-06,365,0.0016
2020-05-06,730,0.001784
2020-05-06,1095,0.00242
2020-05-06,1825,0.00373
2020-05-06,3650,0.00703
2020-05-06,10950,0.013937
2020-05-07,1,0.0005
2020-05-07,30,0.000558
2020-05-07,91,0.000839
2020-05-07,182,0.001246
2020-05-07,365,0.0015
2020-05-07,730,0.0013880000000000001
2020-05-07,1095,0.001913
2020-05-07,1825,0.00306
2020-05-07,3650,0.006409000000000001
2020-05-07,10950,0.01329
2020-05-08,1,0.0005
2020-05-08,30,0.0005319999999999999
2020-05-08,91,0.000941
2020-05-08,182,0.001323
2020-05-08,365,0.0015
2020-05-08,730,0.001568
2020-05-08,1095,0.002152
2020-05-08,1825,0.00335
2020-05-08,3650,0.006831
2020-05-08,10950,0.013828
2020-05-11,1,0.0005
2020-05-11,30,0.000887
2020-05-11,91,0.001042
2020-05-11,182,0.00145
2020-05-11,365,0.0016
2020-05-11,730,0.0017469999999999999
2020-05-11,1095,0.002232
2020-05-11,1825,0.0035199999999999997
2020-05-11,3650,0.007098999999999999
2020-05-11,10950,0.014159999999999999
2020-05-12,1,0.0005
2020-05-12,30,0.0008110000000000001
2020-05-12,91,0.0011949999999999999
2020-05-12,182,0.001522
2020-05-12,365,0.0016
2020-05-12,730,0.0015890000000000001
2020-05-12,1095,0.002034
2020-05-12,1825,0.0032500000000000003
2020-05-12,3650,0.006651000000000001
2020-05-12,10950,0.013697999999999998
2020-05-13,1,0.0005
2020-05-13,30,0.000684
2020-05-13,91,0.001093
2020-05-13,182,0.0013700000000000001
2020-05-13,365,0.0015
2020-05-13,730,0.0015890000000000001
2020-05-13,1095,0.002034
2020-05-13,1825,0.00317
2020-05-13,3650,0.0065249999999999996
2020-05-13,10950,0.013451
2020-05-14,1,0.0005
2020-05-14,30,0.0005070000000000001
2020-05-14,91,0.001093
2020-05-14,182,0.0014199999999999998
2020-05-14,365,0.0015
2020-05-14,730,0.00147
2020-05-14,1095,0.001877
2020-05-14,1825,0.00306
2020-05-14,3650,0.0062180000000000004
2020-05-14,10950,0.012908999999999999
2020-05-15,1,0.0005
2020-05-15,30,0.000659
2020-05-15,91,0.000991
2020-05-15,182,0.001344
2020-05-15,365,0.0015
2020-05-15,730,0.001451
2020-05-15,1095,0.0018260000000000001
2020-05-15,1825,0.00309
2020-05-15,3650,0.0064280000000000006
2020-05-15,10950,0.013266
2020-05-18,1,0.0005
2020-05-18,30,0.000837
2020-05-18,91,0.001042
2020-05-18,182,0.0014199999999999998
2020-05-18,365,0.0017000000000000001
2020-05-18,730,0.001772
2020-05-18,1095,0.002273
2020-05-18,1825,0.0037199999999999998
2020-05-18,3650,0.007257
2020-05-18,10950,0.014365000000000001
2020-05-19,1,0.0005
2020-05-19,30,0.0008110000000000001
2020-05-19,91,0.001144
2020-05-19,182,0.0013950000000000002
2020-05-19,365,0.0016
2020-05-19,730,0.001652
2020-05-19,1095,0.002064
2020-05-19,1825,0.00333
2020-05-19,3650,0.006882
2020-05-19,10950,0.014089
2020-05-20,1,0.0005
2020-05-20,30,0.000608
2020-05-20,91,0.001144
2020-05-20,182,0.0012939999999999998
2020-05-20,365,0.0016
2020-05-20,730,0.001633
2020-05-20,1095,0.002117
2020-05-20,1825,0.0033900000000000002
2020-05-20,3650,0.006801000000000001
2020-05-20,10950,0.013977999999999999
2020-05-21,1,0.0005
2020-05-21,30,0.000735
2020-05-21,91,0.0010680000000000002
2020-05-21,182,0.0013950000000000002
2020-05-21,365,0.0016
2020-05-21,730,0.001653
2020-05-21,1095,0.002118
2020-05-21,1825,0.0033900000000000002
2020-05-21,3650,0.00672
2020-05-21,10950,0.013859999999999999
2020-05-22,1,0.0005
2020-05-22,30,0.000837
2020-05-22,91,0.001144
2020-05-22,182,0.001344
2020-05-22,365,0.0017000000000000001
2020-05-22,730,0.001676
2020-05-22,1095,0.002068
2020-05-22,1825,0.00335
2020-05-22,3650,0.0065910000000000005
2020-05-22,10950,0.013705
2020-05-25,1,0.0005
2020-05-25,30,0.000837
2020-05-25,91,0.001144
2020-05-25,182,0.001344
2020-05-25,365,0.0017000000000000001
2020-05-25,730,0.001676
2020-05-25,1095,0.002068
2020-05-25,1825,0.00335
2020-05-25,3650,0.0065910000000000005
2020-05-25,10950,0.013705
2020-05-26,1,0.0005
2020-05-26,30,0.000837
2020-05-26,91,0.0011690000000000001
2020-05-26,182,0.0014199999999999998
2020-05-26,365,0.0017000000000000001
2020-05-26,730,0.001717
2020-05-26,1095,0.002122
2020-05-26,1825,0.0034899999999999996
2020-05-26,3650,0.006965
2020-05-26,10950,0.014446
2020-05-27,1,0.0005
2020-05-27,30,0.0009379999999999999
2020-05-27,91,0.0013980000000000002
2020-05-27,182,0.001674
2020-05-27,365,0.0018
2020-05-27,730,0.001799
2020-05-27,1095,0.002202
2020-05-27,1825,0.0034899999999999996
2020-05-27,3650,0.0068189999999999995
2020-05-27,10950,0.014399
2020-05-28,1,0.0005
2020-05-28,30,0.0011409999999999999
2020-05-28,91,0.001424
2020-05-28,182,0.0016239999999999998
2020-05-28,365,0.0017000000000000001
2020-05-28,730,0.001701
2020-05-28,1095,0.00215
2020-05-28,1825,0.0033900000000000002
2020-05-28,3650,0.0069
2020-05-28,10950,0.014518999999999999
2020-05-29,1,0.0005
2020-05-29,30,0.001115
2020-05-29,91,0.001246
2020-05-29,182,0.001522
2020-05-29,365,0.0017000000000000001
2020-05-29,730,0.001603
2020-05-29,1095,0.00194
2020-05-29,1825,0.0030399999999999997
2020-05-29,3650,0.006526
2020-05-29,10950,0.014064
2020-06-01,1,0.0005
2020-06-01,30,0.001065
2020-06-01,91,0.001246
2020-06-01,182,0.001547
2020-06-01,365,0.0017000000000000001
2020-06-01,730,0.001564
2020-06-01,1095,0.001941
2020-06-01,1825,0.00306
2020-06-01,3650,0.0065910000000000005
2020-06-01,10950,0.014505999999999998
2020-06-02,1,0.0006
2020-06-02,30,0.001039
2020-06-02,91,0.0013950000000000002
2020-06-02,182,0.001552
2020-06-02,365,0.0017000000000000001
2020-06-02,730,0.001623
2020-06-02,1095,0.002048
2020-06-02,1825,0.00319
2020-06-02,3650,0.0068520000000000005
2020-06-02,10950,0.014873
2020-06-03,1,0.0006
2020-06-03,30,0.001166
2020-06-03,91,0.001471
2020-06-03,182,0.001679
2020-06-03,365,0.0017000000000000001
2020-06-03,730,0.0019
2020-06-03,1095,0.002422
2020-06-03,1825,0.00366
2020-06-03,3650,0.007458
2020-06-03,10950,0.015305
2020-06-04,1,0.0006
2020-06-04,30,0.00109
2020-06-04,91,0.0014199999999999998
2020-06-04,182,0.0017299999999999998
2020-06-04,365,0.0017000000000000001
2020-06-04,730,0.00194
2020-06-04,1095,0.00253
2020-06-04,1825,0.00409
2020-06-04,3650,0.008234
2020-06-04,10950,0.016318
2020-06-05,1,0.0007000000000000001
2020-06-05,30,0.001115
2020-06-05,91,0.001471
2020-06-05,182,0.001781
2020-06-05,365,0.0018
2020-06-05,730,0.002062
2020-06-05,1095,0.002828
2020-06-05,1825,0.0046500000000000005
2020-06-05,3650,0.008951
2020-06-05,10950,0.016656
2020-06-08,1,0.0007000000000000001
2020-06-08,30,0.001318
2020-06-08,91,0.001572
2020-06-08,182,0.001832
2020-06-08,365,0.0019
2020-06-08,730,0.002261
2020-06-08,1095,0.0028299999999999996
2020-06-08,1825,0.0044800000000000005
2020-06-08,3650,0.008752
2020-06-08,10950,0.016417
2020-06-09,1,0.0007000000000000001
2020-06-09,30,0.001318
2020-06-09,91,0.001576
2020-06-09,182,0.001827
2020-06-09,365,0.0019
2020-06-09,730,0.0020239999999999998
2020-06-09,1095,0.002631
2020-06-09,1825,0.00402
2020-06-09,3650,0.008253
2020-06-09,10950,0.015758
2020-06-10,1,0.0008
2020-06-10,30,0.001191
2020-06-10,91,0.001653
2020-06-10,182,0.001725
2020-06-10,365,0.0018
2020-06-10,730,0.0016669999999999999
2020-06-10,1095,0.001977
2020-06-10,1825,0.00316
2020-06-10,3650,0.0072629999999999995
2020-06-10,10950,0.015063
2020-06-11,1,0.0008
2020-06-11,30,0.001166
2020-06-11,91,0.0016020000000000001
2020-06-11,182,0.001801
2020-06-11,365,0.0019
2020-06-11,730,0.001967
2020-06-11,1095,0.002291
2020-06-11,1825,0.0032400000000000003
2020-06-11,3650,0.006690000000000001
2020-06-11,10950,0.014018999999999998
2020-06-12,1,0.0008
2020-06-12,30,0.001242
2020-06-12,91,0.0015
2020-06-12,182,0.001776
2020-06-12,365,0.0018
2020-06-12,730,0.00193
2020-06-12,1095,0.0022389999999999997
2020-06-12,1825,0.00329
2020-06-12,3650,0.007034
2020-06-12,10950,0.014568000000000001
2020-06-15,1,0.0009
2020-06-15,30,0.001344
2020-06-15,91,0.0015260000000000002
2020-06-15,182,0.001776
2020-06-15,365,0.0017000000000000001
2020-06-15,730,0.00189
2020-06-15,1095,0.002238
2020-06-15,1825,0.0034300000000000003
2020-06-15,3650,0.007215
2020-06-15,10950,0.014608000000000001
2020-06-16,1,0.0009
2020-06-16,30,0.0012670000000000001
2020-06-16,91,0.0015210000000000002
2020-06-16,182,0.0018520000000000001
2020-06-16,365,0.0018
2020-06-16,730,0.001992
2020-06-16,1095,0.00229
2020-06-16,1825,0.00345
2020-06-16,3650,0.007528
2020-06-16,10950,0.015430999999999999
2020-06-17,1,0.0009
2020-06-17,30,0.001217
2020-06-17,91,0.001471
2020-06-17,182,0.001674
2020-06-17,365,0.0019
2020-06-17,730,0.0019520000000000002
2020-06-17,1095,0.002264
2020-06-17,1825,0.00345
2020-06-17,3650,0.00738
2020-06-17,10950,0.015295000000000001
2020-06-18,1,0.0009
2020-06-18,30,0.00109
2020-06-18,91,0.0014449999999999999
2020-06-18,182,0.001674
2020-06-18,365,0.0019
2020-06-18,730,0.001933
2020-06-18,1095,0.002238
2020-06-18,1825,0.00334
2020-06-18,3650,0.007084
2020-06-18,10950,0.014816000000000001
2020-06-19,1,0.0009
2020-06-19,30,0.0011409999999999999
2020-06-19,91,0.001471
2020-06-19,182,0.0016489999999999999
2020-06-19,365,0.0018
2020-06-19,730,0.0018549999999999999
2020-06-19,1095,0.002184
2020-06-19,1825,0.0032700000000000003
2020-06-19,3650,0.006937
2020-06-19,10950,0.014582
2020-06-22,1,0.0008
2020-06-22,30,0.001217
2020-06-22,91,0.0013950000000000002
2020-06-22,182,0.001623
2020-06-22,365,0.0017000000000000001
2020-06-22,730,0.001917
2020-06-22,1095,0.00221
2020-06-22,1825,0.0034000000000000002
2020-06-22,3650,0.007085
2020-06-22,10950,0.014641999999999999
2020-06-23,1,0.0008
2020-06-23,30,0.001039
2020-06-23,91,0.001344
2020-06-23,182,0.001674
2020-06-23,365,0.0018
2020-06-23,730,0.0018570000000000001
2020-06-23,1095,0.002131
2020-06-23,1825,0.00331
2020-06-23,3650,0.007118
2020-06-23,10950,0.014917
2020-06-24,1,0.0008
2020-06-24,30,0.000989
2020-06-24,91,0.001369
2020-06-24,182,0.001598
2020-06-24,365,0.0017000000000000001
2020-06-24,730,0.0018759999999999998
2020-06-24,1095,0.002104
2020-06-24,1825,0.00316
2020-06-24,3650,0.006790000000000001
2020-06-24,10950,0.014291
2020-06-25,1,0.0008
2020-06-25,30,0.0010140000000000001
2020-06-25,91,0.001369
2020-06-25,182,0.0016239999999999998
2020-06-25,365,0.0017000000000000001
2020-06-25,730,0.0018570000000000001
2020-06-25,1095,0.002051
2020-06-25,1825,0.00333
2020-06-25,3650,0.006856
2020-06-25,10950,0.014343999999999999
2020-06-26,1,0.0008
2020-06-26,30,0.001065
2020-06-26,91,0.001369
2020-06-26,182,0.001573
2020-06-26,365,0.0017000000000000001
2020-06-26,730,0.001661
2020-06-26,1095,0.001838
2020-06-26,1825,0.0030299999999999997
2020-06-26,3650,0.006412999999999999
2020-06-26,10950,0.013701000000000001
2020-06-29,1,0.0008
2020-06-29,30,0.001217
2020-06-29,91,0.001217
2020-06-29,182,0.001547
2020-06-29,365,0.0016
2020-06-29,730,0.001485
2020-06-29,1095,0.001679
2020-06-29,1825,0.0027400000000000002
2020-06-29,3650,0.006234
2020-06-29,10950,0.013734
2020-06-30,1,0.0008
2020-06-30,30,0.0009130000000000001
2020-06-30,91,0.0012929999999999999
2020-06-30,182,0.0012970000000000002
2020-06-30,365,0.0016
2020-06-30,730,0.001485
2020-06-30,1095,0.0017310000000000001
2020-06-30,1825,0.0028899999999999998
2020-06-30,3650,0.006561
2020-06-30,10950,0.014107000000000001
2020-07-01,1,0.0008
2020-07-01,30,0.001065
2020-07-01,91,0.0012929999999999999
2020-07-01,182,0.0015010000000000002
2020-07-01,365,0.0016
2020-07-01,730,0.001603
2020-07-01,1095,0.00189
2020-07-01,1825,0.00312
2020-07-01,3650,0.006757999999999999
2020-07-01,10950,0.014232
2020-07-02,1,0.0009
2020-07-02,30,0.0011409999999999999
2020-07-02,91,0.001369
2020-07-02,182,0.0015010000000000002
2020-07-02,365,0.0016
2020-07-02,730,0.0015260000000000002
2020-07-02,1095,0.001808
2020-07-02,1825,0.00297
2020-07-02,3650,0.006693
2020-07-02,10950,0.014272
2020-07-03,1,0.0009
2020-07-03,30,0.00109
2020-07-03,91,0.001369
2020-07-03,182,0.0015010000000000002
2020-07-03,365,0.0016
2020-07-03,730,0.0015260000000000002
2020-07-03,1095,0.001808
2020-07-03,1825,0.00297
2020-07-03,3650,0.006693
2020-07-03,10950,0.014272
2020-07-06,1,0.0009
2020-07-06,30,0.0011409999999999999
2020-07-06,91,0.001369
2020-07-06,182,0.001577
2020-07-06,365,0.0016
2020-07-06,730,0.001566
2020-07-06,1095,0.0018599999999999999
2020-07-06,1825,0.0030299999999999997
2020-07-06,3650,0.006758999999999999
2020-07-06,10950,0.014392
2020-07-07,1,0.0009
2020-07-07,30,0.001115
2020-07-07,91,0.0013980000000000002
2020-07-07,182,0.001573
2020-07-07,365,0.0015
2020-07-07,730,0.001567
2020-07-07,1095,0.001806
2020-07-07,1825,0.0028699999999999997
2020-07-07,3650,0.006397000000000001
2020-07-07,10950,0.013748
2020-07-08,1,0.0009
2020-07-08,30,0.0010140000000000001
2020-07-08,91,0.001348
2020-07-08,182,0.001497
2020-07-08,365,0.0015
2020-07-08,730,0.001587
2020-07-08,1095,0.0018509999999999998
2020-07-08,1825,0.00301
2020-07-08,3650,0.006644
2020-07-08,10950,0.013996
2020-07-09,1,0.0009
2020-07-09,30,0.0009379999999999999
2020-07-09,91,0.001246
2020-07-09,182,0.001471
2020-07-09,365,0.0015
2020-07-09,730,0.0015079999999999998
2020-07-09,1095,0.001772
2020-07-09,1825,0.0028399999999999996
2020-07-09,3650,0.006135000000000001
2020-07-09,10950,0.013134
2020-07-10,1,0.0009
2020-07-10,30,0.0009379999999999999
2020-07-10,91,0.001246
2020-07-10,182,0.001446
2020-07-10,365,0.0015
2020-07-10,730,0.001529
2020-07-10,1095,0.0018509999999999998
2020-07-10,1825,0.00306
2020-07-10,3650,0.0064470000000000005
2020-07-10,10950,0.013359000000000001
2020-07-13,1,0.0009
2020-07-13,30,0.001065
2020-07-13,91,0.001271
2020-07-13,182,0.0013950000000000002
2020-07-13,365,0.0016
2020-07-13,730,0.0015090000000000001
2020-07-13,1095,0.001772
2020-07-13,1825,0.0028599999999999997
2020-07-13,3650,0.006183999999999999
2020-07-13,10950,0.013077
2020-07-14,1,0.0009
2020-07-14,30,0.001039
2020-07-14,91,0.001318
2020-07-14,182,0.0014199999999999998
2020-07-14,365,0.0017000000000000001
2020-07-14,730,0.00157
2020-07-14,1095,0.0018509999999999998
2020-07-14,1825,0.0029
2020-07-14,3650,0.006233
2020-07-14,10950,0.013108999999999999
2020-07-15,1,0.001
2020-07-15,30,0.001115
2020-07-15,91,0.001268
2020-07-15,182,0.0013189999999999999
2020-07-15,365,0.0015
2020-07-15,730,0.00155
2020-07-15,1095,0.001799
2020-07-15,1825,0.0028899999999999998
2020-07-15,3650,0.006299
2020-07-15,10950,0.013321000000000001
2020-07-16,1,0.001
2020-07-16,30,0.001039
2020-07-16,91,0.00104
2020-07-16,182,0.0013189999999999999
2020-07-16,365,0.0014000000000000002
2020-07-16,730,0.00145
2020-07-16,1095,0.001721
2020-07-16,1825,0.0027600000000000003
2020-07-16,3650,0.006168
2020-07-16,10950,0.013083000000000001
2020-07-17,1,0.0009
2020-07-17,30,0.0010140000000000001
2020-07-17,91,0.001039
2020-07-17,182,0.001243
2020-07-17,365,0.0014000000000000002
2020-07-17,730,0.001451
2020-07-17,1095,0.001749
2020-07-17,1825,0.0028399999999999996
2020-07-17,3650,0.006266000000000001
2020-07-17,10950,0.013289
2020-07-20,1,0.001
2020-07-20,30,0.0010140000000000001
2020-07-20,91,0.00109
2020-07-20,182,0.001192
2020-07-20,365,0.0014000000000000002
2020-07-20,730,0.001472
2020-07-20,1095,0.001749
2020-07-20,1825,0.0027900000000000004
2020-07-20,3650,0.006102
2020-07-20,10950,0.013116000000000001
2020-07-21,1,0.001
2020-07-21,30,0.000786
2020-07-21,91,0.00109
2020-07-21,182,0.001268
2020-07-21,365,0.0015
2020-07-21,730,0.001411
2020-07-21,1095,0.0016439999999999998
2020-07-21,1825,0.00265
2020-07-21,3650,0.006004000000000001
2020-07-21,10950,0.01309
2020-07-22,1,0.0009
2020-07-22,30,0.0008110000000000001
2020-07-22,91,0.001116
2020-07-22,182,0.001243
2020-07-22,365,0.0014000000000000002
2020-07-22,730,0.001492
2020-07-22,1095,0.001724
2020-07-22,1825,0.0027500000000000003
2020-07-22,3650,0.005971
2020-07-22,10950,0.012929999999999999
2020-07-23,1,0.0009
2020-07-23,30,0.0007599999999999999
2020-07-23,91,0.0010140000000000001
2020-07-23,182,0.001268
2020-07-23,365,0.0014000000000000002
2020-07-23,730,0.0015129999999999998
2020-07-23,1095,0.001724
2020-07-23,1825,0.00272
2020-07-23,3650,0.0057740000000000005
2020-07-23,10950,0.012311
2020-07-24,1,0.0009
2020-07-24,30,0.000786
2020-07-24,91,0.001039
2020-07-24,182,0.001243
2020-07-24,365,0.0016
2020-07-24,730,0.001473
2020-07-24,1095,0.0016719999999999999
2020-07-24,1825,0.0027600000000000003
2020-07-24,3650,0.005888
2020-07-24,10950,0.012293
2020-07-27,1,0.001
2020-07-27,30,0.000887
2020-07-27,91,0.000963
2020-07-27,182,0.001268
2020-07-27,365,0.0014000000000000002
2020-07-27,730,0.0015140000000000002
2020-07-27,1095,0.001779
2020-07-27,1825,0.0028599999999999997
2020-07-27,3650,0.006151
2020-07-27,10950,0.012601
2020-07-28,1,0.001
2020-07-28,30,0.000862
2020-07-28,91,0.000989
2020-07-28,182,0.001119
2020-07-28,365,0.0014000000000000002
2020-07-28,730,0.001387
2020-07-28,1095,0.0016200000000000001
2020-07-28,1825,0.00265
2020-07-28,3650,0.00579
2020-07-28,10950,0.012168000000000002
2020-07-29,1,0.001
2020-07-29,30,0.000837
2020-07-29,91,0.000963
2020-07-29,182,0.000992
2020-07-29,365,0.0013
2020-07-29,730,0.0013089999999999998
2020-07-29,1095,0.001488
2020-07-29,1825,0.00252
2020-07-29,3650,0.0057410000000000004
2020-07-29,10950,0.012362
2020-07-30,1,0.001
2020-07-30,30,0.000735
2020-07-30,91,0.000862
2020-07-30,182,0.000915
2020-07-30,365,0.0011
2020-07-30,730,0.001172
2020-07-30,1095,0.001303
2020-07-30,1825,0.00232
2020-07-30,3650,0.005462
2020-07-30,10950,0.012068
2020-07-31,1,0.001
2020-07-31,30,0.0008110000000000001
2020-07-31,91,0.000837
2020-07-31,182,0.00089
2020-07-31,365,0.0011
2020-07-31,730,0.001054
2020-07-31,1095,0.001144
2020-07-31,1825,0.0020499999999999997
2020-07-31,3650,0.005282
2020-07-31,10950,0.011924999999999998
2020-08-03,1,0.001
2020-08-03,30,0.000837
2020-08-03,91,0.000837
2020-08-03,182,0.0009660000000000001
2020-08-03,365,0.0012
2020-08-03,730,0.001093
2020-08-03,1095,0.001197
2020-08-03,1825,0.00219
2020-08-03,3650,0.005543
2020-08-03,10950,0.012318
2020-08-04,1,0.001
2020-08-04,30,0.000786
2020-08-04,91,0.0008640000000000001
2020-08-04,182,0.0010140000000000001
2020-08-04,365,0.0014000000000000002
2020-08-04,730,0.0010730000000000002
2020-08-04,1095,0.001117
2020-08-04,1825,0.00191
2020-08-04,3650,0.005069000000000001
2020-08-04,10950,0.011857
2020-08-05,1,0.001
2020-08-05,30,0.0007099999999999999
2020-08-05,91,0.000941
2020-08-05,182,0.0011409999999999999
2020-08-05,365,0.0012
2020-08-05,730,0.001171
2020-08-05,1095,0.0012770000000000001
2020-08-05,1825,0.0022400000000000002
2020-08-05,3650,0.005476999999999999
2020-08-05,10950,0.012217
2020-08-06,1,0.001
2020-08-06,30,0.0007099999999999999
2020-08-06,91,0.0008640000000000001
2020-08-06,182,0.001065
2020-08-06,365,0.0014000000000000002
2020-08-06,730,0.001151
2020-08-06,1095,0.0012770000000000001
2020-08-06,1825,0.00215
2020-08-06,3650,0.0053620000000000004
2020-08-06,10950,0.011980999999999999
2020-08-07,1,0.001
2020-08-07,30,0.000735
2020-08-07,91,0.00089
2020-08-07,182,0.00104
2020-08-07,365,0.0014000000000000002
2020-08-07,730,0.0012900000000000001
2020-08-07,1095,0.0014099999999999998
2020-08-07,1825,0.00232
2020-08-07,3650,0.005639999999999999
2020-08-07,10950,0.012336
2020-08-10,1,0.001
2020-08-10,30,0.0007599999999999999
2020-08-10,91,0.000915
2020-08-10,182,0.001091
2020-08-10,365,0.0013
2020-08-10,730,0.00131
2020-08-10,1095,0.001437
2020-08-10,1825,0.0023699999999999997
2020-08-10,3650,0.005755
2020-08-10,10950,0.012538
2020-08-11,1,0.001
2020-08-11,30,0.000659
2020-08-11,91,0.000989
2020-08-11,182,0.001167
2020-08-11,365,0.0015
2020-08-11,730,0.001489
2020-08-11,1095,0.001679
2020-08-11,1825,0.0027600000000000003
2020-08-11,3650,0.006415
2020-08-11,10950,0.01329
2020-08-12,1,0.001
2020-08-12,30,0.000684
2020-08-12,91,0.0009379999999999999
2020-08-12,182,0.001116
2020-08-12,365,0.0013
2020-08-12,730,0.001609
2020-08-12,1095,0.001904
2020-08-12,1825,0.0030499999999999998
2020-08-12,3650,0.0067469999999999995
2020-08-12,10950,0.013737999999999998
2020-08-13,1,0.001
2020-08-13,30,0.0007099999999999999
2020-08-13,91,0.0009379999999999999
2020-08-13,182,0.001091
2020-08-13,365,0.0014000000000000002
2020-08-13,730,0.0016289999999999998
2020-08-13,1095,0.002009
2020-08-13,1825,0.00322
2020-08-13,3650,0.007208
2020-08-13,10950,0.014277
2020-08-14,1,0.001
2020-08-14,30,0.0007599999999999999
2020-08-14,91,0.000887
2020-08-14,182,0.0011409999999999999
2020-08-14,365,0.0013
2020-08-14,730,0.00145
2020-08-14,1095,0.0018
2020-08-14,1825,0.00295
2020-08-14,3650,0.0070940000000000005
2020-08-14,10950,0.014471000000000001
2020-08-17,1,0.001
2020-08-17,30,0.0008110000000000001
2020-08-17,91,0.000862
2020-08-17,182,0.00104
2020-08-17,365,0.0013
2020-08-17,730,0.0015110000000000002
2020-08-17,1095,0.0018
2020-08-17,1825,0.0028899999999999998
2020-08-17,3650,0.006882
2020-08-17,10950,0.014341
2020-08-18,1,0.0009
2020-08-18,30,0.000735
2020-08-18,91,0.0009130000000000001
2020-08-18,182,0.0011409999999999999
2020-08-18,365,0.0013
2020-08-18,730,0.001431
2020-08-18,1095,0.001669
2020-08-18,1825,0.0027800000000000004
2020-08-18,3650,0.006686999999999999
2020-08-18,10950,0.013955
2020-08-19,1,0.0009
2020-08-19,30,0.000583
2020-08-19,91,0.0009379999999999999
2020-08-19,182,0.0011409999999999999
2020-08-19,365,0.0013
2020-08-19,730,0.001391
2020-08-19,1095,0.00167
2020-08-19,1825,0.0028399999999999996
2020-08-19,3650,0.006801000000000001
2020-08-19,10950,0.014237999999999999
2020-08-20,1,0.0009
2020-08-20,30,0.000608
2020-08-20,91,0.000887
2020-08-20,182,0.001116
2020-08-20,365,0.0012
2020-08-20,730,0.001411
2020-08-20,1095,0.0016439999999999998
2020-08-20,1825,0.0027300000000000002
2020-08-20,3650,0.006509
2020-08-20,10950,0.013833
2020-08-21,1,0.0009
2020-08-21,30,0.0007099999999999999
2020-08-21,91,0.000887
2020-08-21,182,0.001091
2020-08-21,365,0.0013
2020-08-21,730,0.001432
2020-08-21,1095,0.0016189999999999998
2020-08-21,1825,0.00265
2020-08-21,3650,0.006281999999999999
2020-08-21,10950,0.013407
2020-08-24,1,0.0009
2020-08-24,30,0.000684
2020-08-24,91,0.000862
2020-08-24,182,0.001091
2020-08-24,365,0.0014000000000000002
2020-08-24,730,0.0015129999999999998
2020-08-24,1095,0.001751
2020-08-24,1825,0.0028299999999999996
2020-08-24,3650,0.006542
2020-08-24,10950,0.013559000000000002
2020-08-25,1,0.0009
2020-08-25,30,0.0007099999999999999
2020-08-25,91,0.000887
2020-08-25,182,0.001094
2020-08-25,365,0.0013
2020-08-25,730,0.001493
2020-08-25,1095,0.001778
2020-08-25,1825,0.00294
2020-08-25,3650,0.006835
2020-08-25,10950,0.013935
2020-08-26,1,0.0009
2020-08-26,30,0.000659
2020-08-26,91,0.0009130000000000001
2020-08-26,182,0.0010680000000000002
2020-08-26,365,0.0012
2020-08-26,730,0.0015040000000000001
2020-08-26,1095,0.0017519999999999999
2020-08-26,1825,0.0028599999999999997
2020-08-26,3650,0.006884
2020-08-26,10950,0.014135
2020-08-27,1,0.0008
2020-08-27,30,0.0007599999999999999
2020-08-27,91,0.0009379999999999999
2020-08-27,182,0.0010680000000000002
2020-08-27,365,0.0013
2020-08-27,730,0.001583
2020-08-27,1095,0.001911
2020-08-27,1825,0.00314
2020-08-27,3650,0.007522
2020-08-27,10950,0.015096
2020-08-28,1,0.0009
2020-08-28,30,0.000735
2020-08-28,91,0.000963
2020-08-28,182,0.001017
2020-08-28,365,0.0012
2020-08-28,730,0.00127
2020-08-28,1095,0.0014349999999999999
2020-08-28,1825,0.0027
2020-08-28,3650,0.0072109999999999995
2020-08-28,10950,0.015009999999999999
2020-08-31,1,0.0009
2020-08-31,30,0.0008110000000000001
2020-08-31,91,0.0009379999999999999
2020-08-31,182,0.0010680000000000002
2020-08-31,365,0.0012
2020-08-31,730,0.0013089999999999998
2020-08-31,1095,0.001489
2020-08-31,1825,0.00268
2020-08-31,3650,0.007048
2020-08-31,10950,0.014747
2020-09-01,1,0.0009
2020-09-01,30,0.000862
2020-09-01,91,0.000991
2020-09-01,182,0.001116
2020-09-01,365,0.0012
2020-09-01,730,0.0013089999999999998
2020-09-01,1095,0.001462
2020-09-01,1825,0.00254
2020-09-01,3650,0.0066890000000000005
2020-09-01,10950,0.014199999999999999
2020-09-02,1,0.0009
2020-09-02,30,0.000887
2020-09-02,91,0.000991
2020-09-02,182,0.001091
2020-09-02,365,0.0013
2020-09-02,730,0.0013289999999999999
2020-09-02,1095,0.001489
2020-09-02,1825,0.00252
2020-09-02,3650,0.006477
2020-09-02,10950,0.013788
2020-09-03,1,0.0009
2020-09-03,30,0.000837
2020-09-03,91,0.000991
2020-09-03,182,0.001116
2020-09-03,365,0.0012
2020-09-03,730,0.00127
2020-09-03,1095,0.001436
2020-09-03,1825,0.00249
2020-09-03,3650,0.006347
2020-09-03,10950,0.013616
2020-09-04,1,0.0009
2020-09-04,30,0.000862
2020-09-04,91,0.000991
2020-09-04,182,0.0011409999999999999
2020-09-04,365,0.0013
2020-09-04,730,0.001428
2020-09-04,1095,0.0017310000000000001
2020-09-04,1825,0.003
2020-09-04,3650,0.00718
2020-09-04,10950,0.014714
2020-09-07,1,0.0009
2020-09-07,30,0.000862
2020-09-07,91,0.000991
2020-09-07,182,0.0011409999999999999
2020-09-07,365,0.0013
2020-09-07,730,0.001428
2020-09-07,1095,0.0017310000000000001
2020-09-07,1825,0.003
2020-09-07,3650,0.00718
2020-09-07,10950,0.014714
2020-09-08,1,0.0009
2020-09-08,30,0.000837
2020-09-08,91,0.001093
2020-09-08,182,0.001192
2020-09-08,365,0.0015
2020-09-08,730,0.0014080000000000002
2020-09-08,1095,0.001651
2020-09-08,1825,0.00268
2020-09-08,3650,0.006788
2020-09-08,10950,0.014213
2020-09-09,1,0.0009
2020-09-09,30,0.0008110000000000001
2020-09-09,91,0.0010140000000000001
2020-09-09,182,0.001217
2020-09-09,365,0.0014000000000000002
2020-09-09,730,0.0014680000000000001
2020-09-09,1095,0.00172
2020-09-09,1825,0.0028199999999999996
2020-09-09,3650,0.007000999999999999
2020-09-09,10950,0.014570000000000001
2020-09-10,1,0.0009
2020-09-10,30,0.000862
2020-09-10,91,0.00104
2020-09-10,182,0.001167
2020-09-10,365,0.0015
2020-09-10,730,0.001389
2020-09-10,1095,0.001616
2020-09-10,1825,0.00268
2020-09-10,3650,0.006772
2020-09-10,10950,0.014187
2020-09-11,1,0.0009
2020-09-11,30,0.000837
2020-09-11,91,0.00109
2020-09-11,182,0.001167
2020-09-11,365,0.0013
2020-09-11,730,0.00127
2020-09-11,1095,0.0015110000000000002
2020-09-11,1825,0.00252
2020-09-11,3650,0.006658
2020-09-11,10950,0.014116
2020-09-14,1,0.0009
2020-09-14,30,0.000862
2020-09-14,91,0.001039
2020-09-14,182,0.0011409999999999999
2020-09-14,365,0.0014000000000000002
2020-09-14,730,0.0013700000000000001
2020-09-14,1095,0.0015890000000000001
2020-09-14,1825,0.00265
2020-09-14,3650,0.006723
2020-09-14,10950,0.014116
2020-09-15,1,0.0009
2020-09-15,30,0.0008110000000000001
2020-09-15,91,0.000989
2020-09-15,182,0.001116
2020-09-15,365,0.0013
2020-09-15,730,0.0013900000000000002
2020-09-15,1095,0.001616
2020-09-15,1825,0.0027300000000000002
2020-09-15,3650,0.006789
2020-09-15,10950,0.01431
2020-09-16,1,0.0009
2020-09-16,30,0.0007599999999999999
2020-09-16,91,0.0009379999999999999
2020-09-16,182,0.001116
2020-09-16,365,0.0012
2020-09-16,730,0.0013700000000000001
2020-09-16,1095,0.001616
2020-09-16,1825,0.0028299999999999996
2020-09-16,3650,0.0069689999999999995
2020-09-16,10950,0.01459
2020-09-17,1,0.0009
2020-09-17,30,0.000684
2020-09-17,91,0.000837
2020-09-17,182,0.001091
2020-09-17,365,0.0012
2020-09-17,730,0.00135
2020-09-17,1095,0.00159
2020-09-17,1825,0.0027800000000000004
2020-09-17,3650,0.006887
2020-09-17,10950,0.014388000000000001
2020-09-18,1,0.0009
2020-09-18,30,0.000684
2020-09-18,91,0.0008110000000000001
2020-09-18,182,0.001065
2020-09-18,365,0.0013
2020-09-18,730,0.001391
2020-09-18,1095,0.001618
2020-09-18,1825,0.0028299999999999996
2020-09-18,3650,0.006937
2020-09-18,10950,0.014532
2020-09-21,1,0.0009
2020-09-21,30,0.000735
2020-09-21,91,0.000786
2020-09-21,182,0.0010140000000000001
2020-09-21,365,0.0012
2020-09-21,730,0.001371
2020-09-21,1095,0.001539
2020-09-21,1825,0.00267
2020-09-21,3650,0.006658
2020-09-21,10950,0.014148
2020-09-22,1,0.0009
2020-09-22,30,0.000684
2020-09-22,91,0.000862
2020-09-22,182,0.000862
2020-09-22,365,0.0012
2020-09-22,730,0.001351
2020-09-22,1095,0.001539
2020-09-22,1825,0.00267
2020-09-22,3650,0.0067079999999999996
2020-09-22,10950,0.014233
2020-09-23,1,0.0009
2020-09-23,30,0.0007099999999999999
2020-09-23,91,0.000887
2020-09-23,182,0.000989
2020-09-23,365,0.0013
2020-09-23,730,0.001387
2020-09-23,1095,0.001592
2020-09-23,1825,0.00272
2020-09-23,3650,0.006724
2020-09-23,10950,0.014168
2020-09-24,1,0.0009
2020-09-24,30,0.000684
2020-09-24,91,0.0009130000000000001
2020-09-24,182,0.000989
2020-09-24,365,0.0012
2020-09-24,730,0.001328
2020-09-24,1095,0.001566
2020-09-24,1825,0.0027600000000000003
2020-09-24,3650,0.006659000000000001
2020-09-24,10950,0.014077
2020-09-25,1,0.0009
2020-09-25,30,0.000684
2020-09-25,91,0.0009130000000000001
2020-09-25,182,0.000989
2020-09-25,365,0.0012
2020-09-25,730,0.0012889999999999998
2020-09-25,1095,0.001488
2020-09-25,1825,0.00268
2020-09-25,3650,0.0065439999999999995
2020-09-25,10950,0.014007
2020-09-28,1,0.0009
2020-09-28,30,0.0007099999999999999
2020-09-28,91,0.000887
2020-09-28,182,0.000964
2020-09-28,365,0.0012
2020-09-28,730,0.00125
2020-09-28,1095,0.0014349999999999999
2020-09-28,1825,0.0025900000000000003
2020-09-28,3650,0.006528000000000001
2020-09-28,10950,0.014149
2020-09-29,1,0.0009
2020-09-29,30,0.000634
2020-09-29,91,0.0008640000000000001
2020-09-29,182,0.0010140000000000001
2020-09-29,365,0.0012
2020-09-29,730,0.00123
2020-09-29,1095,0.001462
2020-09-29,1825,0.00256
2020-09-29,3650,0.006495
2020-09-29,10950,0.014149
2020-09-30,1,0.0009
2020-09-30,30,0.000659
2020-09-30,91,0.000915
2020-09-30,182,0.0010140000000000001
2020-09-30,365,0.0012
2020-09-30,730,0.00127
2020-09-30,1095,0.001568
2020-09-30,1825,0.0027800000000000004
2020-09-30,3650,0.006840000000000001
2020-09-30,10950,0.014552
2020-10-01,1,0.0009
2020-10-01,30,0.0007099999999999999
2020-10-01,91,0.0008640000000000001
2020-10-01,182,0.0010140000000000001
2020-10-01,365,0.0012
2020-10-01,730,0.00127
2020-10-01,1095,0.001568
2020-10-01,1825,0.0027300000000000002
2020-10-01,3650,0.006774
2020-10-01,10950,0.014552
2020-10-02,1,0.0009
2020-10-02,30,0.0008110000000000001
2020-10-02,91,0.0008640000000000001
2020-10-02,182,0.000989
2020-10-02,365,0.0012
2020-10-02,730,0.0012889999999999998
2020-10-02,1095,0.0016489999999999999
2020-10-02,1825,0.0028699999999999997
2020-10-02,3650,0.007005
2020-10-02,10950,0.014868
2020-10-05,1,0.0009
2020-10-05,30,0.0008110000000000001
2020-10-05,91,0.0008640000000000001
2020-10-05,182,0.0010140000000000001
2020-10-05,365,0.0012
2020-10-05,730,0.001447
2020-10-05,1095,0.001889
2020-10-05,1825,0.00336
2020-10-05,3650,0.007817
2020-10-05,10950,0.015892
2020-10-06,1,0.0009
2020-10-06,30,0.000786
2020-10-06,91,0.000837
2020-10-06,182,0.001065
2020-10-06,365,0.0014000000000000002
2020-10-06,730,0.001467
2020-10-06,1095,0.0017829999999999999
2020-10-06,1825,0.00312
2020-10-06,3650,0.007352999999999999
2020-10-06,10950,0.015366
2020-10-07,1,0.0009
2020-10-07,30,0.0008110000000000001
2020-10-07,91,0.0009130000000000001
2020-10-07,182,0.00104
2020-10-07,365,0.0013
2020-10-07,730,0.001507
2020-10-07,1095,0.001982
2020-10-07,1825,0.0034300000000000003
2020-10-07,3650,0.007868
2020-10-07,10950,0.015859
2020-10-08,1,0.0009
2020-10-08,30,0.000837
2020-10-08,91,0.000887
2020-10-08,182,0.001065
2020-10-08,365,0.0013
2020-10-08,730,0.0015079999999999998
2020-10-08,1095,0.001956
2020-10-08,1825,0.00338
2020-10-08,3650,0.007852
2020-10-08,10950,0.015866
2020-10-09,1,0.0009
2020-10-09,30,0.000862
2020-10-09,91,0.0009379999999999999
2020-10-09,182,0.0011409999999999999
2020-10-09,365,0.0015
2020-10-09,730,0.001529
2020-10-09,1095,0.001982
2020-10-09,1825,0.00338
2020-10-09,3650,0.007737000000000001
2020-10-09,10950,0.015717000000000002
2020-10-12,1,0.0009
2020-10-12,30,0.000862
2020-10-12,91,0.0009379999999999999
2020-10-12,182,0.0011409999999999999
2020-10-12,365,0.0015
2020-10-12,730,0.001529
2020-10-12,1095,0.001982
2020-10-12,1825,0.00338
2020-10-12,3650,0.007737000000000001
2020-10-12,10950,0.015717000000000002
2020-10-13,1,0.0009
2020-10-13,30,0.000862
2020-10-13,91,0.000887
2020-10-13,182,0.001091
2020-10-13,365,0.0013
2020-10-13,730,0.0013900000000000002
2020-10-13,1095,0.0017460000000000002
2020-10-13,1825,0.0030499999999999998
2020-10-13,3650,0.007272
2020-10-13,10950,0.015106999999999999
2020-10-14,1,0.0009
2020-10-14,30,0.000862
2020-10-14,91,0.000989
2020-10-14,182,0.001116
2020-10-14,365,0.0013
2020-10-14,730,0.0013900000000000002
2020-10-14,1095,0.0017460000000000002
2020-10-14,1825,0.0030499999999999998
2020-10-14,3650,0.007256
2020-10-14,10950,0.015054000000000001
2020-10-15,1,0.0009
2020-10-15,30,0.0007099999999999999
2020-10-15,91,0.0009379999999999999
2020-10-15,182,0.001116
2020-10-15,365,0.0012
2020-10-15,730,0.0013900000000000002
2020-10-15,1095,0.0017469999999999999
2020-10-15,1825,0.00314
2020-10-15,3650,0.0073219999999999995
2020-10-15,10950,0.015134000000000002
2020-10-16,1,0.0009
2020-10-16,30,0.000837
2020-10-16,91,0.0009130000000000001
2020-10-16,182,0.001116
2020-10-16,365,0.0012
2020-10-16,730,0.001431
2020-10-16,1095,0.001801
2020-10-16,1825,0.00322
2020-10-16,3650,0.007456000000000001
2020-10-16,10950,0.015287
2020-10-19,1,0.0009
2020-10-19,30,0.000837
2020-10-19,91,0.000887
2020-10-19,182,0.001091
2020-10-19,365,0.0013
2020-10-19,730,0.001451
2020-10-19,1095,0.001906
2020-10-19,1825,0.00335
2020-10-19,3650,0.00769
2020-10-19,10950,0.015597000000000001
2020-10-20,1,0.0009
2020-10-20,30,0.000735
2020-10-20,91,0.000862
2020-10-20,182,0.001065
2020-10-20,365,0.0013
2020-10-20,730,0.001431
2020-10-20,1095,0.0018809999999999999
2020-10-20,1825,0.00335
2020-10-20,3650,0.007857
2020-10-20,10950,0.015915
2020-10-21,1,0.0009
2020-10-21,30,0.0007099999999999999
2020-10-21,91,0.000887
2020-10-21,182,0.001091
2020-10-21,365,0.0013
2020-10-21,730,0.001472
2020-10-21,1095,0.00196
2020-10-21,1825,0.00356
2020-10-21,3650,0.008226
2020-10-21,10950,0.016354
2020-10-22,1,0.0009
2020-10-22,30,0.0007099999999999999
2020-10-22,91,0.000887
2020-10-22,182,0.001091
2020-10-22,365,0.0013
2020-10-22,730,0.0015329999999999999
2020-10-22,1095,0.0020399999999999997
2020-10-22,1825,0.00375
2020-10-22,3650,0.008562
2020-10-22,10950,0.016756
2020-10-23,1,0.0009
2020-10-23,30,0.0007099999999999999
2020-10-23,91,0.000862
2020-10-23,182,0.001065
2020-10-23,365,0.0012
2020-10-23,730,0.001554
2020-10-23,1095,0.002016
2020-10-23,1825,0.00377
2020-10-23,3650,0.008428999999999999
2020-10-23,10950,0.01641
2020-10-26,1,0.0009
2020-10-26,30,0.0007099999999999999
2020-10-26,91,0.000761
2020-10-26,182,0.00104
2020-10-26,365,0.0012
2020-10-26,730,0.001494
2020-10-26,1095,0.00191
2020-10-26,1825,0.0035199999999999997
2020-10-26,3650,0.00801
2020-10-26,10950,0.015909
2020-10-27,1,0.0009
2020-10-27,30,0.000634
2020-10-27,91,0.00089
2020-10-27,182,0.0010140000000000001
2020-10-27,365,0.0012
2020-10-27,730,0.001453
2020-10-27,1095,0.001805
2020-10-27,1825,0.00331
2020-10-27,3650,0.007676
2020-10-27,10950,0.015529999999999999
2020-10-28,1,0.0009
2020-10-28,30,0.000608
2020-10-28,91,0.0008640000000000001
2020-10-28,182,0.0010140000000000001
2020-10-28,365,0.0012
2020-10-28,730,0.001466
2020-10-28,1095,0.001806
2020-10-28,1825,0.00331
2020-10-28,3650,0.00771
2020-10-28,10950,0.015537
2020-10-29,1,0.0009
2020-10-29,30,0.0007599999999999999
2020-10-29,91,0.0008640000000000001
2020-10-29,182,0.000989
2020-10-29,365,0.0012
2020-10-29,730,0.001466
2020-10-29,1095,0.0018859999999999999
2020-10-29,1825,0.0037099999999999998
2020-10-29,3650,0.00823
2020-10-29,10950,0.016019000000000002
2020-10-30,1,0.0009
2020-10-30,30,0.0007599999999999999
2020-10-30,91,0.0008640000000000001
2020-10-30,182,0.000964
2020-10-30,365,0.0013
2020-10-30,730,0.0015249999999999999
2020-10-30,1095,0.001967
2020-10-30,1825,0.00385
2020-10-30,3650,0.008737
2020-10-30,10950,0.016597999999999998
2020-11-02,1,0.0009
2020-11-02,30,0.0008110000000000001
2020-11-02,91,0.0008640000000000001
2020-11-02,182,0.0009379999999999999
2020-11-02,365,0.0013
2020-11-02,730,0.001545
2020-11-02,1095,0.001941
2020-11-02,1825,0.00376
2020-11-02,3650,0.008434
2020-11-02,10950,0.016163
2020-11-03,1,0.0009
2020-11-03,30,0.000786
2020-11-03,91,0.000887
2020-11-03,182,0.00104
2020-11-03,365,0.0014000000000000002
2020-11-03,730,0.001663
2020-11-03,1095,0.002102
2020-11-03,1825,0.00396
2020-11-03,3650,0.008993
2020-11-03,10950,0.0168
2020-11-04,1,0.0009
2020-11-04,30,0.000735
2020-11-04,91,0.000862
2020-11-04,182,0.0009379999999999999
2020-11-04,365,0.0012
2020-11-04,730,0.001447
2020-11-04,1095,0.0018360000000000002
2020-11-04,1825,0.00329
2020-11-04,3650,0.007629
2020-11-04,10950,0.01541
2020-11-05,1,0.0009
2020-11-05,30,0.0007599999999999999
2020-11-05,91,0.000862
2020-11-05,182,0.0009130000000000001
2020-11-05,365,0.0012
2020-11-05,730,0.001447
2020-11-05,1095,0.0018629999999999999
2020-11-05,1825,0.0032700000000000003
2020-11-05,3650,0.007629
2020-11-05,10950,0.015236000000000001
2020-11-06,1,0.0009
2020-11-06,30,0.000735
2020-11-06,91,0.000862
2020-11-06,182,0.0009130000000000001
2020-11-06,365,0.0012
2020-11-06,730,0.001527
2020-11-06,1095,0.001972
2020-11-06,1825,0.00362
2020-11-06,3650,0.008185
2020-11-06,10950,0.016
2020-11-09,1,0.0009
2020-11-09,30,0.000862
2020-11-09,91,0.000887
2020-11-09,182,0.0009130000000000001
2020-11-09,365,0.0012
2020-11-09,730,0.001706
2020-11-09,1095,0.002321
2020-11-09,1825,0.0042899999999999995
2020-11-09,3650,0.009235
2020-11-09,10950,0.017089
2020-11-10,1,0.0009
2020-11-10,30,0.0008110000000000001
2020-11-10,91,0.000887
2020-11-10,182,0.000964
2020-11-10,365,0.0012
2020-11-10,730,0.001807
2020-11-10,1095,0.002526
2020-11-10,1825,0.00455
2020-11-10,3650,0.009595
2020-11-10,10950,0.017415
2020-11-11,1,0.0009
2020-11-11,30,0.0008110000000000001
2020-11-11,91,0.000887
2020-11-11,182,0.000964
2020-11-11,365,0.0012
2020-11-11,730,0.001807
2020-11-11,1095,0.002526
2020-11-11,1825,0.00455
2020-11-11,3650,0.009753
2020-11-11,10950,0.017415
2020-11-12,1,0.0009
2020-11-12,30,0.0008110000000000001
2020-11-12,91,0.000862
2020-11-12,182,0.000964
2020-11-12,365,0.0013
2020-11-12,730,0.001768
2020-11-12,1095,0.002264
2020-11-12,1825,0.00392
2020-11-12,3650,0.008815
2020-11-12,10950,0.016385
2020-11-13,1,0.0009
2020-11-13,30,0.000786
2020-11-13,91,0.000837
2020-11-13,182,0.0009130000000000001
2020-11-13,365,0.0012
2020-11-13,730,0.00179
2020-11-13,1095,0.002343
2020-11-13,1825,0.00407
2020-11-13,3650,0.008963
2020-11-13,10950,0.016469
2020-11-16,1,0.0009
2020-11-16,30,0.0008110000000000001
2020-11-16,91,0.000761
2020-11-16,182,0.0009130000000000001
2020-11-16,365,0.0012
2020-11-16,730,0.001771
2020-11-16,1095,0.002317
2020-11-16,1825,0.00407
2020-11-16,3650,0.009061
2020-11-16,10950,0.016628
2020-11-17,1,0.0009
2020-11-17,30,0.0007099999999999999
2020-11-17,91,0.000786
2020-11-17,182,0.000888
2020-11-17,365,0.0012
2020-11-17,730,0.001692
2020-11-17,1095,0.002185
2020-11-17,1825,0.0038
2020-11-17,3650,0.00857
2020-11-17,10950,0.016059
2020-11-18,1,0.0009
2020-11-18,30,0.000583
2020-11-18,91,0.0007099999999999999
2020-11-18,182,0.000862
2020-11-18,365,0.0011
2020-11-18,730,0.001732
2020-11-18,1095,0.002264
2020-11-18,1825,0.00396
2020-11-18,3650,0.008701
2020-11-18,10950,0.016
2020-11-19,1,0.0008
2020-11-19,30,0.000456
2020-11-19,91,0.000583
2020-11-19,182,0.000837
2020-11-19,365,0.0011
2020-11-19,730,0.0016120000000000002
2020-11-19,1095,0.002132
2020-11-19,1825,0.00374
2020-11-19,3650,0.008293
2020-11-19,10950,0.015453
2020-11-20,1,0.0008
2020-11-20,30,0.000583
2020-11-20,91,0.000634
2020-11-20,182,0.0008110000000000001
2020-11-20,365,0.0011
2020-11-20,730,0.001573
2020-11-20,1095,0.002079
2020-11-20,1825,0.0037199999999999998
2020-11-20,3650,0.008243
2020-11-20,10950,0.015196000000000001
2020-11-23,1,0.0008
2020-11-23,30,0.000659
2020-11-23,91,0.000659
2020-11-23,182,0.000786
2020-11-23,365,0.001
2020-11-23,730,0.001594
2020-11-23,1095,0.002131
2020-11-23,1825,0.00385
2020-11-23,3650,0.008537
2020-11-23,10950,0.015531
2020-11-24,1,0.0008
2020-11-24,30,0.000608
2020-11-24,91,0.000737
2020-11-24,182,0.000862
2020-11-24,365,0.0011
2020-11-24,730,0.0016020000000000001
2020-11-24,1095,0.002157
2020-11-24,1825,0.00396
2020-11-24,3650,0.008799
2020-11-24,10950,0.016052
2020-11-25,1,0.0008
2020-11-25,30,0.000558
2020-11-25,91,0.000788
2020-11-25,182,0.0008110000000000001
2020-11-25,365,0.0011
2020-11-25,730,0.001583
2020-11-25,1095,0.002051
2020-11-25,1825,0.00395
2020-11-25,3650,0.008816000000000001
2020-11-25,10950,0.016236999999999998
2020-11-26,1,0.0008
2020-11-26,30,0.0007099999999999999
2020-11-26,91,0.000788
2020-11-26,182,0.0008110000000000001
2020-11-26,365,0.0011
2020-11-26,730,0.001583
2020-11-26,1095,0.002051
2020-11-26,1825,0.00395
2020-11-26,3650,0.008816000000000001
2020-11-26,10950,0.016236999999999998
2020-11-27,1,0.0008
2020-11-27,30,0.000735
2020-11-27,91,0.000737
2020-11-27,182,0.000786
2020-11-27,365,0.0011
2020-11-27,730,0.0015240000000000002
2020-11-27,1095,0.001917
2020-11-27,1825,0.00366
2020-11-27,3650,0.008373
2020-11-27,10950,0.015699
2020-11-30,1,0.0009
2020-11-30,30,0.0007599999999999999
2020-11-30,91,0.000712
2020-11-30,182,0.0009130000000000001
2020-11-30,365,0.0011
2020-11-30,730,0.001485
2020-11-30,1095,0.0018640000000000002
2020-11-30,1825,0.00362
2020-11-30,3650,0.008389
2020-11-30,10950,0.015673
2020-12-01,1,0.0009
2020-12-01,30,0.000634
2020-12-01,91,0.000761
2020-12-01,182,0.000888
2020-12-01,365,0.0012
2020-12-01,730,0.0016619999999999998
2020-12-01,1095,0.002155
2020-12-01,1825,0.00417
2020-12-01,3650,0.009260000000000001
2020-12-01,10950,0.016682
2020-12-02,1,0.0009
2020-12-02,30,0.000634
2020-12-02,91,0.000761
2020-12-02,182,0.000862
2020-12-02,365,0.0011
2020-12-02,730,0.0015840000000000001
2020-12-02,1095,0.0021279999999999997
2020-12-02,1825,0.00415
2020-12-02,3650,0.00936
2020-12-02,10950,0.016856
2020-12-03,1,0.0009
2020-12-03,30,0.000659
2020-12-03,91,0.000761
2020-12-03,182,0.0008110000000000001
2020-12-03,365,0.001
2020-12-03,730,0.0014860000000000001
2020-12-03,1095,0.0019950000000000002
2020-12-03,1825,0.00395
2020-12-03,3650,0.009063
2020-12-03,10950,0.016529000000000002
2020-12-04,1,0.0009
2020-12-04,30,0.000684
2020-12-04,91,0.000735
2020-12-04,182,0.0009130000000000001
2020-12-04,365,0.0011
2020-12-04,730,0.001507
2020-12-04,1095,0.0021
2020-12-04,1825,0.00418
2020-12-04,3650,0.009659
2020-12-04,10950,0.017344
2020-12-07,1,0.0009
2020-12-07,30,0.0007099999999999999
2020-12-07,91,0.000684
2020-12-07,182,0.000862
2020-12-07,365,0.001
2020-12-07,730,0.0014080000000000002
2020-12-07,1095,0.001966
2020-12-07,1825,0.00387
2020-12-07,3650,0.009228
2020-12-07,10950,0.016796
2020-12-08,1,0.0009
2020-12-08,30,0.000634
2020-12-08,91,0.000684
2020-12-08,182,0.000862
2020-12-08,365,0.001
2020-12-08,730,0.0015079999999999998
2020-12-08,1095,0.002019
2020-12-08,1825,0.00393
2020-12-08,3650,0.009179
2020-12-08,10950,0.016621999999999998
2020-12-09,1,0.0009
2020-12-09,30,0.000634
2020-12-09,91,0.0007099999999999999
2020-12-09,182,0.0008110000000000001
2020-12-09,365,0.001
2020-12-09,730,0.001488
2020-12-09,1095,0.002113
2020-12-09,1825,0.00404
2020-12-09,3650,0.009361000000000001
2020-12-09,10950,0.016843
2020-12-10,1,0.0009
2020-12-10,30,0.000583
2020-12-10,91,0.0007099999999999999
2020-12-10,182,0.000761
2020-12-10,365,0.001
2020-12-10,730,0.001369
2020-12-10,1095,0.001929
2020-12-10,1825,0.00387
2020-12-10,3650,0.009063
2020-12-10,10950,0.01627
2020-12-11,1,0.0009
2020-12-11,30,0.000634
2020-12-11,91,0.000634
2020-12-11,182,0.000761
2020-12-11,365,0.001
2020-12-11,730,0.00115
2020-12-11,1095,0.0017460000000000002
2020-12-11,1825,0.00366
2020-12-11,3650,0.008964
2020-12-11,10950,0.01627
2020-12-14,1,0.0009
2020-12-14,30,0.000659
2020-12-14,91,0.000634
2020-12-14,182,0.000761
2020-12-14,365,0.001
2020-12-14,730,0.00115
2020-12-14,1095,0.001694
2020-12-14,1825,0.00358
2020-12-14,3650,0.008931
2020-12-14,10950,0.01629
2020-12-15,1,0.0009
2020-12-15,30,0.000659
2020-12-15,91,0.000659
2020-12-15,182,0.0007099999999999999
2020-12-15,365,0.0009
2020-12-15,730,0.00113
2020-12-15,1095,0.001721
2020-12-15,1825,0.00365
2020-12-15,3650,0.00908
2020-12-15,10950,0.016502
2020-12-16,1,0.0009
2020-12-16,30,0.0007099999999999999
2020-12-16,91,0.000761
2020-12-16,182,0.000837
2020-12-16,365,0.0009
2020-12-16,730,0.00115
2020-12-16,1095,0.0017469999999999999
2020-12-16,1825,0.00368
2020-12-16,3650,0.009163
2020-12-16,10950,0.016555
2020-12-17,1,0.0009
2020-12-17,30,0.0007099999999999999
2020-12-17,91,0.0008110000000000001
2020-12-17,182,0.000862
2020-12-17,365,0.0009
2020-12-17,730,0.00121
2020-12-17,1095,0.0018260000000000001
2020-12-17,1825,0.00379
2020-12-17,3650,0.009328999999999999
2020-12-17,10950,0.016803
2020-12-18,1,0.0009
2020-12-18,30,0.000684
2020-12-18,91,0.0008110000000000001
2020-12-18,182,0.000837
2020-12-18,365,0.0009
2020-12-18,730,0.00121
2020-12-18,1095,0.001802
2020-12-18,1825,0.00383
2020-12-18,3650,0.009462
2020-12-18,10950,0.016918
2020-12-21,1,0.0009
2020-12-21,30,0.0007099999999999999
2020-12-21,91,0.0008110000000000001
2020-12-21,182,0.000888
2020-12-21,365,0.0009
2020-12-21,730,0.00121
2020-12-21,1095,0.001776
2020-12-21,1825,0.00381
2020-12-21,3650,0.009346
2020-12-21,10950,0.016730000000000002
2020-12-22,1,0.0009
2020-12-22,30,0.000608
2020-12-22,91,0.000761
2020-12-22,182,0.0008110000000000001
2020-12-22,365,0.0009
2020-12-22,730,0.001129
2020-12-22,1095,0.001645
2020-12-22,1825,0.00363
2020-12-22,3650,0.009164
2020-12-22,10950,0.016482
2020-12-23,1,0.0009
2020-12-23,30,0.0007099999999999999
2020-12-23,91,0.000786
2020-12-23,182,0.000862
2020-12-23,365,0.0009
2020-12-23,730,0.0011690000000000001
2020-12-23,1095,0.001671
2020-12-23,1825,0.0037099999999999998
2020-12-23,3650,0.00943
2020-12-23,10950,0.016810000000000002
2020-12-24,1,0.0009
2020-12-24,30,0.000735
2020-12-24,91,0.0008110000000000001
2020-12-24,182,0.0009130000000000001
2020-12-24,365,0.001
2020-12-24,730,0.001189
2020-12-24,1095,0.001646
2020-12-24,1825,0.00363
2020-12-24,3650,0.009231
2020-12-24,10950,0.016602
2020-12-25,1,0.0009
2020-12-25,30,0.0007599999999999999
2020-12-25,91,0.0008110000000000001
2020-12-25,182,0.0009130000000000001
2020-12-25,365,0.001
2020-12-25,730,0.001189
2020-12-25,1095,0.001646
2020-12-25,1825,0.00363
2020-12-25,3650,0.009231
2020-12-25,10950,0.016602
2020-12-28,1,0.0009
2020-12-28,30,0.000837
2020-12-28,91,0.000837
2020-12-28,182,0.0009379999999999999
2020-12-28,365,0.0011
2020-12-28,730,0.001189
2020-12-28,1095,0.001647
2020-12-28,1825,0.00356
2020-12-28,3650,0.009231
2020-12-28,10950,0.016589
2020-12-29,1,0.0009
2020-12-29,30,0.0008110000000000001
2020-12-29,91,0.000862
2020-12-29,182,0.000862
2020-12-29,365,0.0011
2020-12-29,730,0.00125
2020-12-29,1095,0.0017000000000000001
2020-12-29,1825,0.00379
2020-12-29,3650,0.009364
2020-12-29,10950,0.01675
2020-12-30,1,0.0009
2020-12-30,30,0.00035499999999999996
2020-12-30,91,0.0007099999999999999
2020-12-30,182,0.000735
2020-12-30,365,0.0012
2020-12-30,730,0.001211
2020-12-30,1095,0.001648
2020-12-30,1825,0.00369
2020-12-30,3650,0.009231
2020-12-30,10950,0.016556
2020-12-31,1,0.0009
2020-12-31,30,0.000304
2020-12-31,91,0.000583
2020-12-31,182,0.0008110000000000001
2020-12-31,365,0.001
2020-12-31,730,0.001211
2020-12-31,1095,0.0016489999999999999
2020-12-31,1825,0.00362
2020-12-31,3650,0.009132
2020-12-31,10950,0.016449000000000002
2021-01-01,1,0.0009
2021-01-01,30,0.000431
2021-01-01,91,0.000583
2021-01-01,182,0.0008110000000000001
2021-01-01,365,0.001
2021-01-01,730,0.001211
2021-01-01,1095,0.0016489999999999999
2021-01-01,1825,0.00362
2021-01-01,3650,0.009132
2021-01-01,10950,0.016449000000000002
2021-01-04,1,0.0009
2021-01-04,30,0.000735
2021-01-04,91,0.000634
2021-01-04,182,0.000761
2021-01-04,365,0.001
2021-01-04,730,0.001132
2021-01-04,1095,0.001569
2021-01-04,1825,0.0034999999999999996
2021-01-04,3650,0.009132
2021-01-04,10950,0.016556
2021-01-05,1,0.0009
2021-01-05,30,0.000735
2021-01-05,91,0.000761
2021-01-05,182,0.000761
2021-01-05,365,0.001
2021-01-05,730,0.001211
2021-01-05,1095,0.001703
2021-01-05,1825,0.00377
2021-01-05,3650,0.009549
2021-01-05,10950,0.017081
2021-01-06,1,0.0009
2021-01-06,30,0.000786
2021-01-06,91,0.0008110000000000001
2021-01-06,182,0.000837
2021-01-06,365,0.0011
2021-01-06,730,0.001369
2021-01-06,1095,0.001997
2021-01-06,1825,0.0042699999999999995
2021-01-06,3650,0.010355000000000001
2021-01-06,10950,0.01814
2021-01-07,1,0.0009
2021-01-07,30,0.000735
2021-01-07,91,0.000786
2021-01-07,182,0.000786
2021-01-07,365,0.0011
2021-01-07,730,0.001369
2021-01-07,1095,0.002132
2021-01-07,1825,0.0046
2021-01-07,3650,0.010794999999999999
2021-01-07,10950,0.018527000000000002
2021-01-08,1,0.0009
2021-01-08,30,0.0007599999999999999
2021-01-08,91,0.0007099999999999999
2021-01-08,182,0.0008110000000000001
2021-01-08,365,0.001
2021-01-08,730,0.0013289999999999999
2021-01-08,1095,0.002188
2021-01-08,1825,0.00484
2021-01-08,3650,0.011153
2021-01-08,10950,0.018733
2021-01-11,1,0.0009
2021-01-11,30,0.0007099999999999999
2021-01-11,91,0.0008110000000000001
2021-01-11,182,0.0008110000000000001
2021-01-11,365,0.001
2021-01-11,730,0.001449
2021-01-11,1095,0.002243
2021-01-11,1825,0.00507
2021-01-11,3650,0.01146
2021-01-11,10950,0.018832
2021-01-12,1,0.0009
2021-01-12,30,0.000735
2021-01-12,91,0.000761
2021-01-12,182,0.000837
2021-01-12,365,0.0011
2021-01-12,730,0.001449
2021-01-12,1095,0.002322
2021-01-12,1825,0.005
2021-01-12,3650,0.011291
2021-01-12,10950,0.018719
2021-01-13,1,0.0009
2021-01-13,30,0.000735
2021-01-13,91,0.0008110000000000001
2021-01-13,182,0.0008110000000000001
2021-01-13,365,0.0012
2021-01-13,730,0.0014299999999999998
2021-01-13,1095,0.002191
2021-01-13,1825,0.004699999999999999
2021-01-13,3650,0.010832
2021-01-13,10950,0.018154999999999998
2021-01-14,1,0.0009
2021-01-14,30,0.000684
2021-01-14,91,0.000735
2021-01-14,182,0.000862
2021-01-14,365,0.001
2021-01-14,730,0.0013900000000000002
2021-01-14,1095,0.0022170000000000002
2021-01-14,1825,0.00484
2021-01-14,3650,0.011292
2021-01-14,10950,0.018719
2021-01-15,1,0.0009
2021-01-15,30,0.000684
2021-01-15,91,0.000761
2021-01-15,182,0.0008110000000000001
2021-01-15,365,0.001
2021-01-15,730,0.00133
2021-01-15,1095,0.0020369999999999997
2021-01-15,1825,0.00451
2021-01-15,3650,0.010835
2021-01-15,10950,0.018331
2021-01-18,1,0.0009
2021-01-18,30,0.000684
2021-01-18,91,0.000761
2021-01-18,182,0.0008110000000000001
2021-01-18,365,0.001
2021-01-18,730,0.00133
2021-01-18,1095,0.0020369999999999997
2021-01-18,1825,0.00451
2021-01-18,3650,0.010835
2021-01-18,10950,0.018331
2021-01-19,1,0.0009
2021-01-19,30,0.000659
2021-01-19,91,0.0007099999999999999
2021-01-19,182,0.000837
2021-01-19,365,0.001
2021-01-19,730,0.00131
2021-01-19,1095,0.0019850000000000002
2021-01-19,1825,0.00446
2021-01-19,3650,0.010886
2021-01-19,10950,0.018338
2021-01-20,1,0.0009
2021-01-20,30,0.000659
2021-01-20,91,0.000735
2021-01-20,182,0.000862
2021-01-20,365,0.001
2021-01-20,730,0.00127
2021-01-20,1095,0.001907
2021-01-20,1825,0.00441
2021-01-20,3650,0.010802
2021-01-20,10950,0.018296
2021-01-21,1,0.0008
2021-01-21,30,0.000482
2021-01-21,91,0.0007099999999999999
2021-01-21,182,0.000862
2021-01-21,365,0.001
2021-01-21,730,0.001189
2021-01-21,1095,0.0018549999999999999
2021-01-21,1825,0.00446
2021-01-21,3650,0.011057999999999998
2021-01-21,10950,0.018692
2021-01-22,1,0.0008
2021-01-22,30,0.000608
2021-01-22,91,0.0007099999999999999
2021-01-22,182,0.0008110000000000001
2021-01-22,365,0.001
2021-01-22,730,0.001209
2021-01-22,1095,0.0018559999999999998
2021-01-22,1825,0.00432
2021-01-22,3650,0.010854999999999998
2021-01-22,10950,0.018466
2021-01-25,1,0.0008
2021-01-25,30,0.000659
2021-01-25,91,0.000684
2021-01-25,182,0.000837
2021-01-25,365,0.001
2021-01-25,730,0.001149
2021-01-25,1095,0.001725
2021-01-25,1825,0.004030000000000001
2021-01-25,3650,0.010295
2021-01-25,10950,0.017920000000000002
2021-01-26,1,0.0008
2021-01-26,30,0.000456
2021-01-26,91,0.000634
2021-01-26,182,0.000735
2021-01-26,365,0.0009
2021-01-26,730,0.001211
2021-01-26,1095,0.001778
2021-01-26,1825,0.00409
2021-01-26,3650,0.010347
2021-01-26,10950,0.017906
2021-01-27,1,0.0008
2021-01-27,30,0.00033
2021-01-27,91,0.000608
2021-01-27,182,0.000735
2021-01-27,365,0.0009
2021-01-27,730,0.001191
2021-01-27,1095,0.0017519999999999999
2021-01-27,1825,0.0041199999999999995
2021-01-27,3650,0.010161
2021-01-27,10950,0.01774
2021-01-28,1,0.0007000000000000001
2021-01-28,30,0.000228
2021-01-28,91,0.0005319999999999999
2021-01-28,182,0.000735
2021-01-28,365,0.0008
2021-01-28,730,0.001172
2021-01-28,1095,0.001806
2021-01-28,1825,0.00428
2021-01-28,3650,0.010449
2021-01-28,10950,0.018046
2021-01-29,1,0.0007000000000000001
2021-01-29,30,0.000456
2021-01-29,91,0.000482
2021-01-29,182,0.000659
2021-01-29,365,0.001
2021-01-29,730,0.001093
2021-01-29,1095,0.001701
2021-01-29,1825,0.00421
2021-01-29,3650,0.010655
2021-01-29,10950,0.018290999999999998
2021-02-01,1,0.0008
2021-02-01,30,0.000431
2021-02-01,91,0.000482
2021-02-01,182,0.000659
2021-02-01,365,0.0008
2021-02-01,730,0.0010730000000000002
2021-02-01,1095,0.0017280000000000002
2021-02-01,1825,0.00425
2021-02-01,3650,0.010792
2021-02-01,10950,0.018538
2021-02-02,1,0.0008
2021-02-02,30,0.000304
2021-02-02,91,0.000456
2021-02-02,182,0.000659
2021-02-02,365,0.0008
2021-02-02,730,0.001132
2021-02-02,1095,0.0017549999999999998
2021-02-02,1825,0.00441
2021-02-02,3650,0.010963
2021-02-02,10950,0.018694
2021-02-03,1,0.0008
2021-02-03,30,0.00020299999999999997
2021-02-03,91,0.00040599999999999995
2021-02-03,182,0.0005070000000000001
2021-02-03,365,0.0008
2021-02-03,730,0.001171
2021-02-03,1095,0.001862
2021-02-03,1825,0.0046300000000000004
2021-02-03,3650,0.011374
2021-02-03,10950,0.019252000000000002
2021-02-04,1,0.0008
2021-02-04,30,0.000127
2021-02-04,91,0.000228
2021-02-04,182,0.00040599999999999995
2021-02-04,365,0.0007000000000000001
2021-02-04,730,0.001112
2021-02-04,1095,0.0018360000000000002
2021-02-04,1825,0.00458
2021-02-04,3650,0.011392
2021-02-04,10950,0.019382999999999997
2021-02-05,1,0.0008
2021-02-05,30,0.000101
2021-02-05,91,0.00020299999999999997
2021-02-05,182,0.000431
2021-02-05,365,0.0006
2021-02-05,730,0.001013
2021-02-05,1095,0.0017569999999999999
2021-02-05,1825,0.0046300000000000004
2021-02-05,3650,0.011635
2021-02-05,10950,0.019711
2021-02-08,1,0.0007000000000000001
2021-02-08,30,0.000304
2021-02-08,91,0.00025299999999999997
2021-02-08,182,0.000431
2021-02-08,365,0.0007000000000000001
2021-02-08,730,0.001111
2021-02-08,1095,0.001865
2021-02-08,1825,0.00479
2021-02-08,3650,0.011705
2021-02-08,10950,0.019529
2021-02-09,1,0.0008
2021-02-09,30,0.00025299999999999997
2021-02-09,91,0.00025299999999999997
2021-02-09,182,0.00040599999999999995
2021-02-09,365,0.0007000000000000001
2021-02-09,730,0.001151
2021-02-09,1095,0.0018659999999999998
2021-02-09,1825,0.004739999999999999
2021-02-09,3650,0.011568
2021-02-09,10950,0.019478
2021-02-10,1,0.0008
2021-02-10,30,0.000304
2021-02-10,91,0.00037999999999999997
2021-02-10,182,0.0005070000000000001
2021-02-10,365,0.0007000000000000001
2021-02-10,730,0.001071
2021-02-10,1095,0.001799
2021-02-10,1825,0.00451
2021-02-10,3650,0.011225
2021-02-10,10950,0.019074
2021-02-11,1,0.0008
2021-02-11,30,0.00020299999999999997
2021-02-11,91,0.00035499999999999996
2021-02-11,182,0.0005070000000000001
2021-02-11,365,0.0007000000000000001
2021-02-11,730,0.001091
2021-02-11,1095,0.0018509999999999998
2021-02-11,1825,0.00464
2021-02-11,3650,0.011632
2021-02-11,10950,0.0195
2021-02-12,1,0.0008
2021-02-12,30,0.00020299999999999997
2021-02-12,91,0.00035499999999999996
2021-02-12,182,0.0005070000000000001
2021-02-12,365,0.0006
2021-02-12,730,0.00109
2021-02-12,1095,0.00193
2021-02-12,1825,0.00492
2021-02-12,3650,0.012081999999999999
2021-02-12,10950,0.020086
2021-02-15,1,0.0008
2021-02-15,30,0.00020299999999999997
2021-02-15,91,0.00035499999999999996
2021-02-15,182,0.0005070000000000001
2021-02-15,365,0.0006
2021-02-15,730,0.00109
2021-02-15,1095,0.00193
2021-02-15,1825,0.00492
2021-02-15,3650,0.012081999999999999
2021-02-15,10950,0.020086
2021-02-16,1,0.0008
2021-02-16,30,0.000304
2021-02-16,91,0.00033
2021-02-16,182,0.000482
2021-02-16,365,0.0008
2021-02-16,730,0.0011899999999999999
2021-02-16,1095,0.002298
2021-02-16,1825,0.0057399999999999994
2021-02-16,3650,0.013141
2021-02-16,10950,0.020918000000000003
2021-02-17,1,0.0008
2021-02-17,30,0.00025299999999999997
2021-02-17,91,0.00033
2021-02-17,182,0.0005070000000000001
2021-02-17,365,0.0007000000000000001
2021-02-17,730,0.001029
2021-02-17,1095,0.002036
2021-02-17,1825,0.00547
2021-02-17,3650,0.012702999999999999
2021-02-17,10950,0.020371
2021-02-18,1,0.0007000000000000001
2021-02-18,30,0.000101
2021-02-18,91,0.000279
2021-02-18,182,0.00035499999999999996
2021-02-18,365,0.0006
2021-02-18,730,0.001049
2021-02-18,1095,0.0020369999999999997
2021-02-18,1825,0.00555
2021-02-18,3650,0.012956
2021-02-18,10950,0.020817000000000002
2021-02-19,1,0.0007000000000000001
2021-02-19,30,0.000127
2021-02-19,91,0.000279
2021-02-19,182,0.000304
2021-02-19,365,0.0007000000000000001
2021-02-19,730,0.001048
2021-02-19,1095,0.002065
2021-02-19,1825,0.00577
2021-02-19,3650,0.013364000000000001
2021-02-19,10950,0.021335000000000003
2021-02-22,1,0.0007000000000000001
2021-02-22,30,0.00020299999999999997
2021-02-22,91,0.000279
2021-02-22,182,0.00040599999999999995
2021-02-22,365,0.0006
2021-02-22,730,0.001109
2021-02-22,1095,0.002251
2021-02-22,1825,0.00599
2021-02-22,3650,0.013653
2021-02-22,10950,0.021733
2021-02-23,1,0.0007000000000000001
2021-02-23,30,0.000177
2021-02-23,91,0.000228
2021-02-23,182,0.000482
2021-02-23,365,0.0008
2021-02-23,730,0.001108
2021-02-23,1095,0.0021460000000000003
2021-02-23,1825,0.00567
2021-02-23,3650,0.013415999999999999
2021-02-23,10950,0.0218
2021-02-24,1,0.0007000000000000001
2021-02-24,30,0.00020299999999999997
2021-02-24,91,0.000304
2021-02-24,182,0.000456
2021-02-24,365,0.0008
2021-02-24,730,0.00123
2021-02-24,1095,0.0023580000000000003
2021-02-24,1825,0.00601
2021-02-24,3650,0.013755999999999999
2021-02-24,10950,0.022324999999999998
2021-02-25,1,0.0007000000000000001
2021-02-25,30,0.00020299999999999997
2021-02-25,91,0.00033
2021-02-25,182,0.000558
2021-02-25,365,0.0009
2021-02-25,730,0.00172
2021-02-25,1095,0.003553
2021-02-25,1825,0.00821
2021-02-25,3650,0.015199
2021-02-25,10950,0.022734
2021-02-26,1,0.0007000000000000001
2021-02-26,30,0.000152
2021-02-26,91,0.00033
2021-02-26,182,0.000456
2021-02-26,365,0.0008
2021-02-26,730,0.00127
2021-02-26,1095,0.002761
2021-02-26,1825,0.00732
2021-02-26,3650,0.014049
2021-02-26,10950,0.021513
2021-03-01,1,0.0007000000000000001
2021-03-01,30,0.00033
2021-03-01,91,0.00033
2021-03-01,182,0.0005070000000000001
2021-03-01,365,0.0008
2021-03-01,730,0.001191
2021-03-01,1095,0.002496
2021-03-01,1825,0.00697
2021-03-01,3650,0.01417
2021-03-01,10950,0.021906
2021-03-02,1,0.0007000000000000001
2021-03-02,30,0.00035499999999999996
2021-03-02,91,0.000304
2021-03-02,182,0.0005319999999999999
2021-03-02,365,0.0008
2021-03-02,730,0.001211
2021-03-02,1095,0.002444
2021-03-02,1825,0.00661
2021-03-02,3650,0.013914
2021-03-02,10950,0.021913000000000002
2021-03-03,1,0.0007000000000000001
2021-03-03,30,0.00033
2021-03-03,91,0.00035499999999999996
2021-03-03,182,0.000558
2021-03-03,365,0.0008
2021-03-03,730,0.0014069999999999998
2021-03-03,1095,0.002898
2021-03-03,1825,0.00732
2021-03-03,3650,0.014807999999999998
2021-03-03,10950,0.022759
2021-03-04,1,0.0007000000000000001
2021-03-04,30,0.000279
2021-03-04,91,0.000304
2021-03-04,182,0.0005070000000000001
2021-03-04,365,0.0008
2021-03-04,730,0.001447
2021-03-04,1095,0.003087
2021-03-04,1825,0.00791
2021-03-04,3650,0.01564
2021-03-04,10950,0.023205
2021-03-05,1,0.0007000000000000001
2021-03-05,30,0.000279
2021-03-05,91,0.00025299999999999997
2021-03-05,182,0.000482
2021-03-05,365,0.0008
2021-03-05,730,0.001369
2021-03-05,1095,0.003065
2021-03-05,1825,0.00799
2021-03-05,3650,0.015661
2021-03-05,10950,0.022974
2021-03-08,1,0.0007000000000000001
2021-03-08,30,0.000279
2021-03-08,91,0.00033
2021-03-08,182,0.000482
2021-03-08,365,0.0009
2021-03-08,730,0.0016259999999999998
2021-03-08,1095,0.0033889999999999997
2021-03-08,1825,0.008539999999999999
2021-03-08,3650,0.015907
2021-03-08,10950,0.023159
2021-03-09,1,0.0007000000000000001
2021-03-09,30,0.00020299999999999997
2021-03-09,91,0.000279
2021-03-09,182,0.00035499999999999996
2021-03-09,365,0.001
2021-03-09,730,0.0016070000000000001
2021-03-09,1095,0.003176
2021-03-09,1825,0.008060000000000001
2021-03-09,3650,0.015263
2021-03-09,10950,0.022334999999999997
2021-03-10,1,0.0007000000000000001
2021-03-10,30,0.000228
2021-03-10,91,0.000304
2021-03-10,182,0.000431
2021-03-10,365,0.0008
2021-03-10,730,0.0015279999999999998
2021-03-10,1095,0.0032329999999999998
2021-03-10,1825,0.00791
2021-03-10,3650,0.015178
2021-03-10,10950,0.022381
2021-03-11,1,0.0007000000000000001
2021-03-11,30,0.000152
2021-03-11,91,0.000279
2021-03-11,182,0.000456
2021-03-11,365,0.0008
2021-03-11,730,0.001389
2021-03-11,1095,0.003155
2021-03-11,1825,0.00787
2021-03-11,3650,0.01537
2021-03-11,10950,0.022945000000000004
2021-03-12,1,0.0007000000000000001
2021-03-12,30,0.000101
2021-03-12,91,0.00020299999999999997
2021-03-12,182,0.00033
2021-03-12,365,0.0009
2021-03-12,730,0.00147
2021-03-12,1095,0.003364
2021-03-12,1825,0.008409999999999999
2021-03-12,3650,0.016247
2021-03-12,10950,0.023776000000000002
2021-03-15,1,0.0007000000000000001
2021-03-15,30,5.1000000000000006e-05
2021-03-15,91,0.000127
2021-03-15,182,0.00040599999999999995
2021-03-15,365,0.0008
2021-03-15,730,0.00151
2021-03-15,1095,0.003339
2021-03-15,1825,0.00828
2021-03-15,3650,0.016055
2021-03-15,10950,0.023573
2021-03-16,1,0.0007000000000000001
2021-03-16,30,5.1000000000000006e-05
2021-03-16,91,0.000127
2021-03-16,182,0.000456
2021-03-16,365,0.0007000000000000001
2021-03-16,730,0.00149
2021-03-16,1095,0.00334
2021-03-16,1825,0.0083
2021-03-16,3650,0.016179
2021-03-16,10950,0.023784999999999997
2021-03-17,1,0.0007000000000000001
2021-03-17,30,-2.5e-05
2021-03-17,91,2.5e-05
2021-03-17,182,0.000431
2021-03-17,365,0.0007000000000000001
2021-03-17,730,0.00133
2021-03-17,1095,0.002999
2021-03-17,1825,0.00799
2021-03-17,3650,0.016427
2021-03-17,10950,0.02418
2021-03-18,1,0.0007000000000000001
2021-03-18,30,-7.6e-05
2021-03-18,91,-2.5e-05
2021-03-18,182,0.000254
2021-03-18,365,0.0008
2021-03-18,730,0.0015310000000000002
2021-03-18,1095,0.003236
2021-03-18,1825,0.00864
2021-03-18,3650,0.017082
2021-03-18,10950,0.024483
2021-03-19,1,0.0007000000000000001
2021-03-19,30,-7.6e-05
2021-03-19,91,-2.5e-05
2021-03-19,182,0.00020299999999999997
2021-03-19,365,0.0007000000000000001
2021-03-19,730,0.001492
2021-03-19,1095,0.003291
2021-03-19,1825,0.00881
2021-03-19,3650,0.01721
2021-03-19,10950,0.024333
2021-03-22,1,0.0007000000000000001
2021-03-22,30,-2.5e-05
2021-03-22,91,2.5e-05
2021-03-22,182,0.000279
2021-03-22,365,0.0006
2021-03-22,730,0.001472
2021-03-22,1095,0.003186
2021-03-22,1825,0.00864
2021-03-22,3650,0.016946000000000003
2021-03-22,10950,0.023984000000000002
2021-03-23,1,0.0007000000000000001
2021-03-23,30,5.1000000000000006e-05
2021-03-23,91,2.5e-05
2021-03-23,182,0.00035499999999999996
2021-03-23,365,0.0008
2021-03-23,730,0.001452
2021-03-23,1095,0.003054
2021-03-23,1825,0.008159999999999999
2021-03-23,3650,0.016206
2021-03-23,10950,0.023264
2021-03-24,1,0.0007000000000000001
2021-03-24,30,2.5e-05
2021-03-24,91,0.000152
2021-03-24,182,0.00033
2021-03-24,365,0.0007000000000000001
2021-03-24,730,0.001465
2021-03-24,1095,0.0030020000000000003
2021-03-24,1825,0.00808
2021-03-24,3650,0.016084
2021-03-24,10950,0.023094999999999997
2021-03-25,1,0.0007000000000000001
2021-03-25,30,2.5e-05
2021-03-25,91,0.000152
2021-03-25,182,0.00033
2021-03-25,365,0.0007000000000000001
2021-03-25,730,0.001367
2021-03-25,1095,0.0029230000000000003
2021-03-25,1825,0.00836
2021-03-25,3650,0.016332
2021-03-25,10950,0.023568
2021-03-26,1,0.0007000000000000001
2021-03-26,30,2.5e-05
2021-03-26,91,0.000152
2021-03-26,182,0.00033
2021-03-26,365,0.0006
2021-03-26,730,0.001387
2021-03-26,1095,0.0030830000000000002
2021-03-26,1825,0.00866
2021-03-26,3650,0.01676
2021-03-26,10950,0.023781
2021-03-29,1,0.0007000000000000001
2021-03-29,30,2.5e-05
2021-03-29,91,0.000101
2021-03-29,182,0.000228
2021-03-29,365,0.0006
2021-03-29,730,0.0014069999999999998
2021-03-29,1095,0.0031369999999999996
2021-03-29,1825,0.00888
2021-03-29,3650,0.017081
2021-03-29,10950,0.02405
2021-03-30,1,0.0007000000000000001
2021-03-30,30,-5.1000000000000006e-05
2021-03-30,91,0.000101
2021-03-30,182,0.000304
2021-03-30,365,0.0006
2021-03-30,730,0.001465
2021-03-30,1095,0.003217
2021-03-30,1825,0.00897
2021-03-30,3650,0.017029000000000002
2021-03-30,10950,0.023687
2021-03-31,1,0.0006
2021-03-31,30,-2.5e-05
2021-03-31,91,0.000152
2021-03-31,182,0.000304
2021-03-31,365,0.0007000000000000001
2021-03-31,730,0.001603
2021-03-31,1095,0.003458
2021-03-31,1825,0.009399999999999999
2021-03-31,3650,0.017404
2021-03-31,10950,0.024106000000000002
2021-04-01,1,0.0007000000000000001
2021-04-01,30,7.6e-05
2021-04-01,91,0.000127
2021-04-01,182,0.00033
2021-04-01,365,0.0006
2021-04-01,730,0.001585
2021-04-01,1095,0.0033539999999999998
2021-04-01,1825,0.00902
2021-04-01,3650,0.016699
2021-04-01,10950,0.023322
2021-04-02,1,0.0007000000000000001
2021-04-02,30,7.6e-05
2021-04-02,91,0.000127
2021-04-02,182,0.000279
2021-04-02,365,0.0007000000000000001
2021-04-02,730,0.001862
2021-04-02,1095,0.0038369999999999997
2021-04-02,1825,0.00978
2021-04-02,3650,0.017216
2021-04-02,10950,0.023563999999999998
2021-04-05,1,0.0007000000000000001
2021-04-05,30,0.000101
2021-04-05,91,0.000152
2021-04-05,182,0.000279
2021-04-05,365,0.0006
2021-04-05,730,0.001664
2021-04-05,1095,0.003516
2021-04-05,1825,0.00923
2021-04-05,3650,0.017003
2021-04-05,10950,0.023462999999999998
2021-04-06,1,0.0007000000000000001
2021-04-06,30,7.6e-05
2021-04-06,91,0.000152
2021-04-06,182,0.000254
2021-04-06,365,0.0006
2021-04-06,730,0.001566
2021-04-06,1095,0.003329
2021-04-06,1825,0.00873
2021-04-06,3650,0.01656
2021-04-06,10950,0.02323
2021-04-07,1,0.0007000000000000001
2021-04-07,30,5.1000000000000006e-05
2021-04-07,91,0.000101
2021-04-07,182,0.00020299999999999997
2021-04-07,365,0.0006
2021-04-07,730,0.001527
2021-04-07,1095,0.003276
2021-04-07,1825,0.0087
2021-04-07,3650,0.016739
2021-04-07,10950,0.023612
2021-04-08,1,0.0007000000000000001
2021-04-08,30,2.5e-05
2021-04-08,91,0.000101
2021-04-08,182,0.000254
2021-04-08,365,0.0005
2021-04-08,730,0.001488
2021-04-08,1095,0.00317
2021-04-08,1825,0.00836
2021-04-08,3650,0.016191999999999998
2021-04-08,10950,0.023067999999999998
2021-04-09,1,0.0007000000000000001
2021-04-09,30,5.1000000000000006e-05
2021-04-09,91,7.6e-05
2021-04-09,182,0.000304
2021-04-09,365,0.0006
2021-04-09,730,0.001548
2021-04-09,1095,0.003333
2021-04-09,1825,0.00864
2021-04-09,3650,0.016585000000000003
2021-04-09,10950,0.023292999999999998
2021-04-12,1,0.0007000000000000001
2021-04-12,30,2.5e-05
2021-04-12,91,7.6e-05
2021-04-12,182,0.000304
2021-04-12,365,0.0006
2021-04-12,730,0.001668
2021-04-12,1095,0.003495
2021-04-12,1825,0.00882
2021-04-12,3650,0.016656999999999998
2021-04-12,10950,0.023332000000000002
2021-04-13,1,0.0007000000000000001
2021-04-13,30,5.1000000000000006e-05
2021-04-13,91,0.000101
2021-04-13,182,0.00035499999999999996
2021-04-13,365,0.0006
2021-04-13,730,0.0015890000000000001
2021-04-13,1095,0.0034879999999999998
2021-04-13,1825,0.008369999999999999
2021-04-13,3650,0.016145
2021-04-13,10950,0.022938999999999998
2021-04-14,1,0.0007000000000000001
2021-04-14,30,5.1000000000000006e-05
2021-04-14,91,0.000152
2021-04-14,182,0.00035499999999999996
2021-04-14,365,0.0006
2021-04-14,730,0.00161
2021-04-14,1095,0.0035399999999999997
2021-04-14,1825,0.00856
2021-04-14,3650,0.016323
2021-04-14,10950,0.023115999999999998
2021-04-15,1,0.0007000000000000001
2021-04-15,30,-2.5e-05
2021-04-15,91,5.1000000000000006e-05
2021-04-15,182,0.000304
2021-04-15,365,0.0006
2021-04-15,730,0.00159
2021-04-15,1095,0.003357
2021-04-15,1825,0.00818
2021-04-15,3650,0.015759000000000002
2021-04-15,10950,0.022694000000000002
2021-04-16,1,0.0007000000000000001
2021-04-16,30,2.5e-05
2021-04-16,91,0.000101
2021-04-16,182,0.00035499999999999996
2021-04-16,365,0.0006
2021-04-16,730,0.0016120000000000002
2021-04-16,1095,0.003408
2021-04-16,1825,0.00832
2021-04-16,3650,0.015798
2021-04-16,10950,0.022649
2021-04-19,1,0.0007000000000000001
2021-04-19,30,2.5e-05
2021-04-19,91,0.000152
2021-04-19,182,0.00035499999999999996
2021-04-19,365,0.0008
2021-04-19,730,0.001572
2021-04-19,1095,0.0033550000000000003
2021-04-19,1825,0.0083
2021-04-19,3650,0.016047
2021-04-19,10950,0.022963
2021-04-20,1,0.0007000000000000001
2021-04-20,30,2.5e-05
2021-04-20,91,0.000127
2021-04-20,182,0.00033
2021-04-20,365,0.0007000000000000001
2021-04-20,730,0.001492
2021-04-20,1095,0.0031709999999999998
2021-04-20,1825,0.00793
2021-04-20,3650,0.015588999999999999
2021-04-20,10950,0.022511999999999997
2021-04-21,1,0.0007000000000000001
2021-04-21,30,-5.1000000000000006e-05
2021-04-21,91,0.000127
2021-04-21,182,0.000304
2021-04-21,365,0.0007000000000000001
2021-04-21,730,0.001472
2021-04-21,1095,0.003144
2021-04-21,1825,0.007980000000000001
2021-04-21,3650,0.015555000000000001
2021-04-21,10950,0.022505
2021-04-22,1,0.0007000000000000001
2021-04-22,30,-5.1000000000000006e-05
2021-04-22,91,0.000152
2021-04-22,182,0.000279
2021-04-22,365,0.0006
2021-04-22,730,0.001472
2021-04-22,1095,0.003117
2021-04-22,1825,0.00792
2021-04-22,3650,0.01538
2021-04-22,10950,0.02218
2021-04-23,1,0.0007000000000000001
2021-04-23,30,2.5e-05
2021-04-23,91,0.000152
2021-04-23,182,0.000254
2021-04-23,365,0.0007000000000000001
2021-04-23,730,0.001575
2021-04-23,1095,0.003327
2021-04-23,1825,0.00817
2021-04-23,3650,0.015577
2021-04-23,10950,0.022339
2021-04-26,1,0.0007000000000000001
2021-04-26,30,5.1000000000000006e-05
2021-04-26,91,7.6e-05
2021-04-26,182,0.000254
2021-04-26,365,0.0006
2021-04-26,730,0.0016769999999999999
2021-04-26,1095,0.003406
2021-04-26,1825,0.0083
2021-04-26,3650,0.015667
2021-04-26,10950,0.022400000000000003
2021-04-27,1,0.0007000000000000001
2021-04-27,30,-2.5e-05
2021-04-27,91,2.5e-05
2021-04-27,182,0.000304
2021-04-27,365,0.0006
2021-04-27,730,0.001798
2021-04-27,1095,0.003564
2021-04-27,1825,0.00882
2021-04-27,3650,0.016215999999999998
2021-04-27,10950,0.022942
2021-04-28,1,0.0007000000000000001
2021-04-28,30,-2.5e-05
2021-04-28,91,2.5e-05
2021-04-28,182,0.000228
2021-04-28,365,0.0005
2021-04-28,730,0.0016409999999999999
2021-04-28,1095,0.0033250000000000003
2021-04-28,1825,0.00852
2021-04-28,3650,0.016094
2021-04-28,10950,0.022889
2021-04-29,1,0.0006
2021-04-29,30,-5.1000000000000006e-05
2021-04-29,91,2.5e-05
2021-04-29,182,0.000254
2021-04-29,365,0.0005
2021-04-29,730,0.0016220000000000002
2021-04-29,1095,0.003352
2021-04-29,1825,0.00864
2021-04-29,3650,0.016343
2021-04-29,10950,0.022982
2021-04-30,1,0.0005
2021-04-30,30,-2.5e-05
2021-04-30,91,2.5e-05
2021-04-30,182,0.000228
2021-04-30,365,0.0005
2021-04-30,730,0.0015840000000000001
2021-04-30,1095,0.003297
2021-04-30,1825,0.00848
2021-04-30,3650,0.016259
2021-04-30,10950,0.022967
2021-05-03,1,0.0006
2021-05-03,30,-2.5e-05
2021-05-03,91,5.1000000000000006e-05
2021-05-03,182,0.000304
2021-05-03,365,0.0006
2021-05-03,730,0.001585
2021-05-03,1095,0.00319
2021-05-03,1825,0.008239999999999999
2021-05-03,3650,0.015976
2021-05-03,10950,0.022837
2021-05-04,1,0.0006
2021-05-04,30,-5.1000000000000006e-05
2021-05-04,91,7.6e-05
2021-05-04,182,0.00033
2021-05-04,365,0.0006
2021-05-04,730,0.001585
2021-05-04,1095,0.0031630000000000004
2021-05-04,1825,0.00818
2021-05-04,3650,0.015924
2021-05-04,10950,0.022615
2021-05-05,1,0.0006
2021-05-05,30,2.5e-05
2021-05-05,91,0.000101
2021-05-05,182,0.00033
2021-05-05,365,0.0006
2021-05-05,730,0.0015060000000000002
2021-05-05,1095,0.0030559999999999997
2021-05-05,1825,0.007940000000000001
2021-05-05,3650,0.01566
2021-05-05,10950,0.022425
2021-05-06,1,0.0006
2021-05-06,30,-2.5e-05
2021-05-06,91,0.000101
2021-05-06,182,0.00033
2021-05-06,365,0.0005
2021-05-06,730,0.001527
2021-05-06,1095,0.0031090000000000002
2021-05-06,1825,0.00805
2021-05-06,3650,0.015696
2021-05-06,10950,0.022417
2021-05-07,1,0.0006
2021-05-07,30,2.5e-05
2021-05-07,91,5.1000000000000006e-05
2021-05-07,182,0.000279
2021-05-07,365,0.0005
2021-05-07,730,0.001448
2021-05-07,1095,0.002893
2021-05-07,1825,0.00775
2021-05-07,3650,0.015771
2021-05-07,10950,0.022768999999999998
2021-05-10,1,0.0006
2021-05-10,30,2.5e-05
2021-05-10,91,-2.5e-05
2021-05-10,182,0.000279
2021-05-10,365,0.0005
2021-05-10,730,0.0015279999999999998
2021-05-10,1095,0.0029720000000000002
2021-05-10,1825,0.007850000000000001
2021-05-10,3650,0.01602
2021-05-10,10950,0.023256000000000002
2021-05-11,1,0.0006
2021-05-11,30,-2.5e-05
2021-05-11,91,5.1000000000000006e-05
2021-05-11,182,0.000304
2021-05-11,365,0.0005
2021-05-11,730,0.001588
2021-05-11,1095,0.003025
2021-05-11,1825,0.00801
2021-05-11,3650,0.016217
2021-05-11,10950,0.023451
2021-05-12,1,0.0006
2021-05-12,30,-5.1000000000000006e-05
2021-05-12,91,5.1000000000000006e-05
2021-05-12,182,0.000279
2021-05-12,365,0.0005
2021-05-12,730,0.0016289999999999998
2021-05-12,1095,0.0035499999999999998
2021-05-12,1825,0.00864
2021-05-12,3650,0.016916
2021-05-12,10950,0.024113000000000002
2021-05-13,1,0.0006
2021-05-13,30,-2.5e-05
2021-05-13,91,7.6e-05
2021-05-13,182,0.000254
2021-05-13,365,0.0005
2021-05-13,730,0.001529
2021-05-13,1095,0.00334
2021-05-13,1825,0.00828
2021-05-13,3650,0.016574
2021-05-13,10950,0.023955
2021-05-14,1,0.0006
2021-05-14,30,-2.5e-05
2021-05-14,91,-2.5e-05
2021-05-14,182,0.000254
2021-05-14,365,0.0006
2021-05-14,730,0.00147
2021-05-14,1095,0.003261
2021-05-14,1825,0.00814
2021-05-14,3650,0.016284
2021-05-14,10950,0.023401
2021-05-17,1,0.0006
2021-05-17,30,-2.5e-05
2021-05-17,91,5.1000000000000006e-05
2021-05-17,182,0.000254
2021-05-17,365,0.0006
2021-05-17,730,0.0015310000000000002
2021-05-17,1095,0.00334
2021-05-17,1825,0.00836
2021-05-17,3650,0.016488
2021-05-17,10950,0.023626
2021-05-18,1,0.0006
2021-05-18,30,-5.1000000000000006e-05
2021-05-18,91,2.5e-05
2021-05-18,182,0.000254
2021-05-18,365,0.0006
2021-05-18,730,0.0014910000000000001
2021-05-18,1095,0.0032619999999999997
2021-05-18,1825,0.00819
2021-05-18,3650,0.016369
2021-05-18,10950,0.023597
2021-05-19,1,0.0006
2021-05-19,30,-7.6e-05
2021-05-19,91,2.5e-05
2021-05-19,182,0.00020299999999999997
2021-05-19,365,0.0005
2021-05-19,730,0.001552
2021-05-19,1095,0.0034739999999999997
2021-05-19,1825,0.008579999999999999
2021-05-19,3650,0.01671
2021-05-19,10950,0.023691
2021-05-20,1,0.0006
2021-05-20,30,-2.5e-05
2021-05-20,91,2.5e-05
2021-05-20,182,0.000152
2021-05-20,365,0.0005
2021-05-20,730,0.001451
2021-05-20,1095,0.003211
2021-05-20,1825,0.00813
2021-05-20,3650,0.01625
2021-05-20,10950,0.023306
2021-05-21,1,0.0006
2021-05-21,30,-5.1000000000000006e-05
2021-05-21,91,-2.5e-05
2021-05-21,182,7.6e-05
2021-05-21,365,0.0004
2021-05-21,730,0.0015329999999999999
2021-05-21,1095,0.003266
2021-05-21,1825,0.00822
2021-05-21,3650,0.016215999999999998
2021-05-21,10950,0.023176000000000002
2021-05-24,1,0.0006
2021-05-24,30,-7.6e-05
2021-05-24,91,2.5e-05
2021-05-24,182,0.000152
2021-05-24,365,0.0004
2021-05-24,730,0.001493
2021-05-24,1095,0.0031869999999999997
2021-05-24,1825,0.00804
2021-05-24,3650,0.016012
2021-05-24,10950,0.022989000000000002
2021-05-25,1,0.0006
2021-05-25,30,-2.5e-05
2021-05-25,91,7.6e-05
2021-05-25,182,0.000279
2021-05-25,365,0.0004
2021-05-25,730,0.0014119999999999998
2021-05-25,1095,0.0030020000000000003
2021-05-25,1825,0.00773
2021-05-25,3650,0.015588
2021-05-25,10950,0.022477
2021-05-26,1,0.0006
2021-05-26,30,-7.6e-05
2021-05-26,91,5.1000000000000006e-05
2021-05-26,182,0.000254
2021-05-26,365,0.0004
2021-05-26,730,0.001485
2021-05-26,1095,0.003029
2021-05-26,1825,0.00783
2021-05-26,3650,0.015757
2021-05-26,10950,0.022561
2021-05-27,1,0.0006
2021-05-27,30,-5.1000000000000006e-05
2021-05-27,91,2.5e-05
2021-05-27,182,0.000254
2021-05-27,365,0.0004
2021-05-27,730,0.001446
2021-05-27,1095,0.0030299999999999997
2021-05-27,1825,0.008159999999999999
2021-05-27,3650,0.016062
2021-05-27,10950,0.022825
2021-05-28,1,0.0005
2021-05-28,30,-7.6e-05
2021-05-28,91,2.5e-05
2021-05-28,182,0.00020299999999999997
2021-05-28,365,0.0005
2021-05-28,730,0.0014069999999999998
2021-05-28,1095,0.002979
2021-05-28,1825,0.008
2021-05-28,3650,0.015943
2021-05-28,10950,0.022824
2021-05-31,1,0.0005
2021-05-31,30,-7.6e-05
2021-05-31,91,2.5e-05
2021-05-31,182,0.00020299999999999997
2021-05-31,365,0.0005
2021-05-31,730,0.0014069999999999998
2021-05-31,1095,0.002979
2021-05-31,1825,0.008
2021-05-31,3650,0.015943
2021-05-31,10950,0.022824
2021-06-01,1,0.0006
2021-06-01,30,-2.5e-05
2021-06-01,91,7.6e-05
2021-06-01,182,0.000304
2021-06-01,365,0.0004
2021-06-01,730,0.001466
2021-06-01,1095,0.0030320000000000004
2021-06-01,1825,0.00805
2021-06-01,3650,0.016062
2021-06-01,10950,0.022867000000000002
2021-06-02,1,0.0006
2021-06-02,30,-2.5e-05
2021-06-02,91,0.000127
2021-06-02,182,0.000304
2021-06-02,365,0.0005
2021-06-02,730,0.001446
2021-06-02,1095,0.003006
2021-06-02,1825,0.007940000000000001
2021-06-02,3650,0.015875
2021-06-02,10950,0.022717
2021-06-03,1,0.0006
2021-06-03,30,-2.5e-05
2021-06-03,91,0.000127
2021-06-03,182,0.000304
2021-06-03,365,0.0004
2021-06-03,730,0.001545
2021-06-03,1095,0.003247
2021-06-03,1825,0.008409999999999999
2021-06-03,3650,0.01625
2021-06-03,10950,0.022959999999999998
2021-06-04,1,0.0006
2021-06-04,30,-7.6e-05
2021-06-04,91,0.000127
2021-06-04,182,0.000279
2021-06-04,365,0.0005
2021-06-04,730,0.001448
2021-06-04,1095,0.0030080000000000003
2021-06-04,1825,0.0078000000000000005
2021-06-04,3650,0.015534
2021-06-04,10950,0.022313
2021-06-07,1,0.0006
2021-06-07,30,-5.1000000000000006e-05
2021-06-07,91,0.000177
2021-06-07,182,0.00033
2021-06-07,365,0.0005
2021-06-07,730,0.001547
2021-06-07,1095,0.003089
2021-06-07,1825,0.007940000000000001
2021-06-07,3650,0.015687
2021-06-07,10950,0.022468
2021-06-08,1,0.0006
2021-06-08,30,-5.1000000000000006e-05
2021-06-08,91,0.000228
2021-06-08,182,0.00035499999999999996
2021-06-08,365,0.0005
2021-06-08,730,0.0015079999999999998
2021-06-08,1095,0.0029820000000000003
2021-06-08,1825,0.00773
2021-06-08,3650,0.015331
2021-06-08,10950,0.022151
2021-06-09,1,0.0006
2021-06-09,30,-5.1000000000000006e-05
2021-06-09,91,0.000177
2021-06-09,182,0.00033
2021-06-09,365,0.0005
2021-06-09,730,0.001548
2021-06-09,1095,0.003128
2021-06-09,1825,0.00751
2021-06-09,3650,0.014908
2021-06-09,10950,0.021684000000000002
2021-06-10,1,0.0006
2021-06-10,30,-5.1000000000000006e-05
2021-06-10,91,0.00020299999999999997
2021-06-10,182,0.00033
2021-06-10,365,0.0005
2021-06-10,730,0.001429
2021-06-10,1095,0.002893
2021-06-10,1825,0.00712
2021-06-10,3650,0.014317999999999999
2021-06-10,10950,0.021269999999999997
2021-06-11,1,0.0006
2021-06-11,30,-2.5e-05
2021-06-11,91,0.00020299999999999997
2021-06-11,182,0.00035499999999999996
2021-06-11,365,0.0005
2021-06-11,730,0.001469
2021-06-11,1095,0.0030759999999999997
2021-06-11,1825,0.0074
2021-06-11,3650,0.014518
2021-06-11,10950,0.021379000000000002
2021-06-14,1,0.0006
2021-06-14,30,5.1000000000000006e-05
2021-06-14,91,0.000127
2021-06-14,182,0.000279
2021-06-14,365,0.0005
2021-06-14,730,0.00157
2021-06-14,1095,0.003312
2021-06-14,1825,0.00784
2021-06-14,3650,0.01494
2021-06-14,10950,0.021821999999999998
2021-06-15,1,0.0006
2021-06-15,30,0.000101
2021-06-15,91,0.000127
2021-06-15,182,0.00035499999999999996
2021-06-15,365,0.0008
2021-06-15,730,0.0016300000000000002
2021-06-15,1095,0.003339
2021-06-15,1825,0.00781
2021-06-15,3650,0.014922
2021-06-15,10950,0.021863999999999998
2021-06-16,1,0.0006
2021-06-16,30,0.00025299999999999997
2021-06-16,91,0.000228
2021-06-16,182,0.000431
2021-06-16,365,0.0008
2021-06-16,730,0.002052
2021-06-16,1095,0.004129
2021-06-16,1825,0.008960000000000001
2021-06-16,3650,0.015754
2021-06-16,10950,0.022073
2021-06-17,1,0.001
2021-06-17,30,0.00033
2021-06-17,91,0.00025299999999999997
2021-06-17,182,0.00040599999999999995
2021-06-17,365,0.0008
2021-06-17,730,0.0020930000000000002
2021-06-17,1095,0.004315
2021-06-17,1825,0.00882
2021-06-17,3650,0.01504
2021-06-17,10950,0.020926999999999998
2021-06-18,1,0.001
2021-06-18,30,0.000304
2021-06-18,91,0.000279
2021-06-18,182,0.000482
2021-06-18,365,0.0009
2021-06-18,730,0.002541
2021-06-18,1095,0.004691
2021-06-18,1825,0.00876
2021-06-18,3650,0.014381
2021-06-18,10950,0.020127000000000003
2021-06-21,1,0.001
2021-06-21,30,0.00033
2021-06-21,91,0.000304
2021-06-21,182,0.00040599999999999995
2021-06-21,365,0.0009
2021-06-21,730,0.002543
2021-06-21,1095,0.004693
2021-06-21,1825,0.00888
2021-06-21,3650,0.014886
2021-06-21,10950,0.021097
2021-06-22,1,0.001
2021-06-22,30,0.00035499999999999996
2021-06-22,91,0.000304
2021-06-22,182,0.000456
2021-06-22,365,0.0009
2021-06-22,730,0.002281
2021-06-22,1095,0.00435
2021-06-22,1825,0.00856
2021-06-22,3650,0.014632000000000001
2021-06-22,10950,0.020859000000000003
2021-06-23,1,0.001
2021-06-23,30,0.00040599999999999995
2021-06-23,91,0.00035499999999999996
2021-06-23,182,0.000456
2021-06-23,365,0.0008
2021-06-23,730,0.0026219999999999998
2021-06-23,1095,0.004617
2021-06-23,1825,0.00883
2021-06-23,3650,0.014852
2021-06-23,10950,0.021082999999999998
2021-06-24,1,0.001
2021-06-24,30,0.000456
2021-06-24,91,0.000431
2021-06-24,182,0.000482
2021-06-24,365,0.0008
2021-06-24,730,0.0026810000000000002
2021-06-24,1095,0.004699
2021-06-24,1825,0.00914
2021-06-24,3650,0.014919
2021-06-24,10950,0.020981
2021-06-25,1,0.001
2021-06-25,30,0.00040599999999999995
2021-06-25,91,0.000431
2021-06-25,182,0.0005070000000000001
2021-06-25,365,0.0009
2021-06-25,730,0.002661
2021-06-25,1095,0.004732
2021-06-25,1825,0.00923
2021-06-25,3650,0.015241
2021-06-25,10950,0.021487
2021-06-28,1,0.001
2021-06-28,30,0.000431
2021-06-28,91,0.00040599999999999995
2021-06-28,182,0.000456
2021-06-28,365,0.0008
2021-06-28,730,0.002543
2021-06-28,1095,0.004574
2021-06-28,1825,0.00897
2021-06-28,3650,0.014764999999999999
2021-06-28,10950,0.020946
2021-06-29,1,0.001
2021-06-29,30,0.000304
2021-06-29,91,0.00040599999999999995
2021-06-29,182,0.000456
2021-06-29,365,0.0008
2021-06-29,730,0.002504
2021-06-29,1095,0.004549
2021-06-29,1825,0.0089
2021-06-29,3650,0.014697
2021-06-29,10950,0.020836999999999998
2021-06-30,1,0.0008
2021-06-30,30,0.00037999999999999997
2021-06-30,91,0.00040599999999999995
2021-06-30,182,0.000456
2021-06-30,365,0.0007000000000000001
2021-06-30,730,0.002486
2021-06-30,1095,0.004604
2021-06-30,1825,0.00891
2021-06-30,3650,0.01468
2021-06-30,10950,0.020857
2021-07-01,1,0.001
2021-07-01,30,0.00037999999999999997
2021-07-01,91,0.00040599999999999995
2021-07-01,182,0.000431
2021-07-01,365,0.0009
2021-07-01,730,0.0025269999999999997
2021-07-01,1095,0.00466
2021-07-01,1825,0.00894
2021-07-01,3650,0.014578
2021-07-01,10950,0.020607
2021-07-02,1,0.001
2021-07-02,30,0.000431
2021-07-02,91,0.00037999999999999997
2021-07-02,182,0.00040599999999999995
2021-07-02,365,0.0008
2021-07-02,730,0.002336
2021-07-02,1095,0.004372
2021-07-02,1825,0.008579999999999999
2021-07-02,3650,0.014237999999999999
2021-07-02,10950,0.020404
2021-07-05,1,0.001
2021-07-05,30,0.000431
2021-07-05,91,0.00037999999999999997
2021-07-05,182,0.00040599999999999995
2021-07-05,365,0.0008
2021-07-05,730,0.002336
2021-07-05,1095,0.004372
2021-07-05,1825,0.008579999999999999
2021-07-05,3650,0.014237999999999999
2021-07-05,10950,0.020404
2021-07-06,1,0.001
2021-07-06,30,0.000456
2021-07-06,91,0.000431
2021-07-06,182,0.000456
2021-07-06,365,0.0007000000000000001
2021-07-06,730,0.002179
2021-07-06,1095,0.004025
2021-07-06,1825,0.00797
2021-07-06,3650,0.013481
2021-07-06,10950,0.019739
2021-07-07,1,0.001
2021-07-07,30,0.000456
2021-07-07,91,0.000456
2021-07-07,182,0.0005070000000000001
2021-07-07,365,0.0008
2021-07-07,730,0.002141
2021-07-07,1095,0.003973
2021-07-07,1825,0.0078000000000000005
2021-07-07,3650,0.013163000000000001
2021-07-07,10950,0.019378
2021-07-08,1,0.001
2021-07-08,30,0.000431
2021-07-08,91,0.000456
2021-07-08,182,0.000482
2021-07-08,365,0.0007000000000000001
2021-07-08,730,0.001944
2021-07-08,1095,0.0036249999999999998
2021-07-08,1825,0.00743
2021-07-08,3650,0.012928
2021-07-08,10950,0.019266000000000002
2021-07-09,1,0.001
2021-07-09,30,0.00040599999999999995
2021-07-09,91,0.000431
2021-07-09,182,0.000482
2021-07-09,365,0.0008
2021-07-09,730,0.0021260000000000003
2021-07-09,1095,0.003924
2021-07-09,1825,0.00786
2021-07-09,3650,0.013595
2021-07-09,10950,0.019889
2021-07-12,1,0.001
2021-07-12,30,0.000431
2021-07-12,91,0.000456
2021-07-12,182,0.000456
2021-07-12,365,0.0008
2021-07-12,730,0.002267
2021-07-12,1095,0.004033999999999999
2021-07-12,1825,0.00795
2021-07-12,3650,0.013645000000000001
2021-07-12,10950,0.019975
2021-07-13,1,0.001
2021-07-13,30,0.00035499999999999996
2021-07-13,91,0.00040599999999999995
2021-07-13,182,0.0005070000000000001
2021-07-13,365,0.0008
2021-07-13,730,0.0025280000000000003
2021-07-13,1095,0.0046689999999999995
2021-07-13,1825,0.00847
2021-07-13,3650,0.014166000000000002
2021-07-13,10950,0.020469
2021-07-14,1,0.001
2021-07-14,30,0.00040599999999999995
2021-07-14,91,0.000431
2021-07-14,182,0.000456
2021-07-14,365,0.0008
2021-07-14,730,0.00223
2021-07-14,1095,0.004301
2021-07-14,1825,0.00795
2021-07-14,3650,0.013459
2021-07-14,10950,0.019710000000000002
2021-07-15,1,0.001
2021-07-15,30,0.00037999999999999997
2021-07-15,91,0.00037999999999999997
2021-07-15,182,0.000456
2021-07-15,365,0.0007000000000000001
2021-07-15,730,0.002231
2021-07-15,1095,0.004328
2021-07-15,1825,0.00776
2021-07-15,3650,0.012988999999999999
2021-07-15,10950,0.019206
2021-07-16,1,0.001
2021-07-16,30,0.00035499999999999996
2021-07-16,91,0.000431
2021-07-16,182,0.000456
2021-07-16,365,0.0008
2021-07-16,730,0.002215
2021-07-16,1095,0.004277
2021-07-16,1825,0.00775
2021-07-16,3650,0.012903
2021-07-16,10950,0.019192
2021-07-19,1,0.001
2021-07-19,30,0.000304
2021-07-19,91,0.00035499999999999996
2021-07-19,182,0.00040599999999999995
2021-07-19,365,0.0007000000000000001
2021-07-19,730,0.002156
2021-07-19,1095,0.003882
2021-07-19,1825,0.00705
2021-07-19,3650,0.011888000000000001
2021-07-19,10950,0.018197
2021-07-20,1,0.001
2021-07-20,30,0.00035499999999999996
2021-07-20,91,0.00040599999999999995
2021-07-20,182,0.000456
2021-07-20,365,0.0008
2021-07-20,730,0.001996
2021-07-20,1095,0.003645
2021-07-20,1825,0.006860000000000001
2021-07-20,3650,0.012218
2021-07-20,10950,0.018771
2021-07-21,1,0.001
2021-07-21,30,0.00035499999999999996
2021-07-21,91,0.000431
2021-07-21,182,0.000456
2021-07-21,365,0.0007000000000000001
2021-07-21,730,0.002078
2021-07-21,1095,0.003856
2021-07-21,1825,0.00737
2021-07-21,3650,0.012884
2021-07-21,10950,0.019387
2021-07-22,1,0.001
2021-07-22,30,0.00035499999999999996
2021-07-22,91,0.00040599999999999995
2021-07-22,182,0.000456
2021-07-22,365,0.0007000000000000001
2021-07-22,730,0.001998
2021-07-22,1095,0.003776
2021-07-22,1825,0.0072
2021-07-22,3650,0.012783
2021-07-22,10950,0.019165
2021-07-23,1,0.001
2021-07-23,30,0.00035499999999999996
2021-07-23,91,0.000431
2021-07-23,182,0.000456
2021-07-23,365,0.0007000000000000001
2021-07-23,730,0.001981
2021-07-23,1095,0.003723
2021-07-23,1825,0.00713
2021-07-23,3650,0.012763
2021-07-23,10950,0.019151
2021-07-26,1,0.001
2021-07-26,30,0.00037999999999999997
2021-07-26,91,0.00040599999999999995
2021-07-26,182,0.000456
2021-07-26,365,0.0008
2021-07-26,730,0.001941
2021-07-26,1095,0.003776
2021-07-26,1825,0.0072299999999999994
2021-07-26,3650,0.012896000000000001
2021-07-26,10950,0.019418
2021-07-27,1,0.001
2021-07-27,30,0.00035499999999999996
2021-07-27,91,0.00040599999999999995
2021-07-27,182,0.000456
2021-07-27,365,0.0007000000000000001
2021-07-27,730,0.002035
2021-07-27,1095,0.0036170000000000004
2021-07-27,1825,0.006999999999999999
2021-07-27,3650,0.012411
2021-07-27,10950,0.018935999999999998
2021-07-28,1,0.001
2021-07-28,30,0.00033
2021-07-28,91,0.000456
2021-07-28,182,0.000456
2021-07-28,365,0.0007000000000000001
2021-07-28,730,0.002016
2021-07-28,1095,0.003644
2021-07-28,1825,0.00713
2021-07-28,3650,0.012327
2021-07-28,10950,0.018801000000000002
2021-07-29,1,0.001
2021-07-29,30,0.00033
2021-07-29,91,0.000431
2021-07-29,182,0.000456
2021-07-29,365,0.0008
2021-07-29,730,0.002035
2021-07-29,1095,0.003723
2021-07-29,1825,0.00736
2021-07-29,3650,0.012693000000000001
2021-07-29,10950,0.019195
2021-07-30,1,0.0007000000000000001
2021-07-30,30,0.00033
2021-07-30,91,0.00040599999999999995
2021-07-30,182,0.000456
2021-07-30,365,0.0007000000000000001
2021-07-30,730,0.0018390000000000001
2021-07-30,1095,0.003377
2021-07-30,1825,0.0069099999999999995
2021-07-30,3650,0.012223
2021-07-30,10950,0.018922
2021-08-02,1,0.001
2021-08-02,30,0.00037999999999999997
2021-08-02,91,0.00040599999999999995
2021-08-02,182,0.000456
2021-08-02,365,0.0007000000000000001
2021-08-02,730,0.001722
2021-08-02,1095,0.00319
2021-08-02,1825,0.006540000000000001
2021-08-02,3650,0.011773
2021-08-02,10950,0.018498
2021-08-03,1,0.001
2021-08-03,30,0.00033
2021-08-03,91,0.00040599999999999995
2021-08-03,182,0.000456
2021-08-03,365,0.0007000000000000001
2021-08-03,730,0.001703
2021-08-03,1095,0.0031630000000000004
2021-08-03,1825,0.00649
2021-08-03,3650,0.011722
2021-08-03,10950,0.018408
2021-08-04,1,0.001
2021-08-04,30,0.00033
2021-08-04,91,0.000456
2021-08-04,182,0.000456
2021-08-04,365,0.0007000000000000001
2021-08-04,730,0.001802
2021-08-04,1095,0.0034029999999999998
2021-08-04,1825,0.0067800000000000004
2021-08-04,3650,0.011819999999999999
2021-08-04,10950,0.018389
2021-08-05,1,0.001
2021-08-05,30,0.00033
2021-08-05,91,0.000456
2021-08-05,182,0.000456
2021-08-05,365,0.0008
2021-08-05,730,0.00198
2021-08-05,1095,0.00375
2021-08-05,1825,0.0072499999999999995
2021-08-05,3650,0.012235000000000001
2021-08-05,10950,0.018612
2021-08-06,1,0.001
2021-08-06,30,0.000279
2021-08-06,91,0.000431
2021-08-06,182,0.000431
2021-08-06,365,0.0009
2021-08-06,730,0.002083
2021-08-06,1095,0.004072
2021-08-06,1825,0.00768
2021-08-06,3650,0.012969
2021-08-06,10950,0.019454
2021-08-09,1,0.001
2021-08-09,30,0.000304
2021-08-09,91,0.000456
2021-08-09,182,0.00040599999999999995
2021-08-09,365,0.0008
2021-08-09,730,0.002203
2021-08-09,1095,0.004233
2021-08-09,1825,0.00796
2021-08-09,3650,0.013237
2021-08-09,10950,0.019703
2021-08-10,1,0.001
2021-08-10,30,0.00035499999999999996
2021-08-10,91,0.000431
2021-08-10,182,0.000482
2021-08-10,365,0.0008
2021-08-10,730,0.002383
2021-08-10,1095,0.004503
2021-08-10,1825,0.00827
2021-08-10,3650,0.01349
2021-08-10,10950,0.019988
2021-08-11,1,0.001
2021-08-11,30,0.000304
2021-08-11,91,0.0005070000000000001
2021-08-11,182,0.000456
2021-08-11,365,0.0008
2021-08-11,730,0.002186
2021-08-11,1095,0.004486
2021-08-11,1825,0.00809
2021-08-11,3650,0.013303
2021-08-11,10950,0.019988
2021-08-12,1,0.001
2021-08-12,30,0.00025299999999999997
2021-08-12,91,0.000431
2021-08-12,182,0.00040599999999999995
2021-08-12,365,0.0009
2021-08-12,730,0.0022270000000000002
2021-08-12,1095,0.0045639999999999995
2021-08-12,1825,0.00825
2021-08-12,3650,0.01359
2021-08-12,10950,0.019988
2021-08-13,1,0.001
2021-08-13,30,0.000304
2021-08-13,91,0.000456
2021-08-13,182,0.00040599999999999995
2021-08-13,365,0.0008
2021-08-13,730,0.002071
2021-08-13,1095,0.004301
2021-08-13,1825,0.00774
2021-08-13,3650,0.012766999999999999
2021-08-13,10950,0.019291
2021-08-16,1,0.001
2021-08-16,30,0.000279
2021-08-16,91,0.000608
2021-08-16,182,0.000431
2021-08-16,365,0.0008
2021-08-16,730,0.002092
2021-08-16,1095,0.004223
2021-08-16,1825,0.0076300000000000005
2021-08-16,3650,0.01265
2021-08-16,10950,0.01927
2021-08-17,1,0.001
2021-08-17,30,0.000228
2021-08-17,91,0.000608
2021-08-17,182,0.000456
2021-08-17,365,0.0007000000000000001
2021-08-17,730,0.002133
2021-08-17,1095,0.00425
2021-08-17,1825,0.00768
2021-08-17,3650,0.012617
2021-08-17,10950,0.019189
2021-08-18,1,0.0009
2021-08-18,30,0.000177
2021-08-18,91,0.0005319999999999999
2021-08-18,182,0.000456
2021-08-18,365,0.0007000000000000001
2021-08-18,730,0.002155
2021-08-18,1095,0.004277
2021-08-18,1825,0.0077
2021-08-18,3650,0.012583
2021-08-18,10950,0.018972
2021-08-19,1,0.0009
2021-08-19,30,0.000177
2021-08-19,91,0.000456
2021-08-19,182,0.00037999999999999997
2021-08-19,365,0.0006
2021-08-19,730,0.002196
2021-08-19,1095,0.004303
2021-08-19,1825,0.00769
2021-08-19,3650,0.012433000000000001
2021-08-19,10950,0.018709
2021-08-20,1,0.0009
2021-08-20,30,0.000279
2021-08-20,91,0.000431
2021-08-20,182,0.000431
2021-08-20,365,0.0006
2021-08-20,730,0.002241
2021-08-20,1095,0.004437
2021-08-20,1825,0.00783
2021-08-20,3650,0.012549999999999999
2021-08-20,10950,0.018688
2021-08-23,1,0.0009
2021-08-23,30,0.000304
2021-08-23,91,0.00040599999999999995
2021-08-23,182,0.000431
2021-08-23,365,0.0007000000000000001
2021-08-23,730,0.002242
2021-08-23,1095,0.004332
2021-08-23,1825,0.0077
2021-08-23,3650,0.012517
2021-08-23,10950,0.018708
2021-08-24,1,0.0009
2021-08-24,30,0.00020299999999999997
2021-08-24,91,0.00037999999999999997
2021-08-24,182,0.000456
2021-08-24,365,0.0006
2021-08-24,730,0.002223
2021-08-24,1095,0.004439
2021-08-24,1825,0.00797
2021-08-24,3650,0.012935
2021-08-24,10950,0.019160999999999997
2021-08-25,1,0.0009
2021-08-25,30,0.00020299999999999997
2021-08-25,91,0.000456
2021-08-25,182,0.000456
2021-08-25,365,0.0007000000000000001
2021-08-25,730,0.002386
2021-08-25,1095,0.0044919999999999995
2021-08-25,1825,0.00819
2021-08-25,3650,0.013389999999999999
2021-08-25,10950,0.019482
2021-08-26,1,0.0009
2021-08-26,30,0.00020299999999999997
2021-08-26,91,0.000431
2021-08-26,182,0.000456
2021-08-26,365,0.0007000000000000001
2021-08-26,730,0.002406
2021-08-26,1095,0.004573
2021-08-26,1825,0.0085
2021-08-26,3650,0.013491
2021-08-26,10950,0.019468
2021-08-27,1,0.0008
2021-08-27,30,0.000228
2021-08-27,91,0.000456
2021-08-27,182,0.000456
2021-08-27,365,0.0007000000000000001
2021-08-27,730,0.002151
2021-08-27,1095,0.004202
2021-08-27,1825,0.00801
2021-08-27,3650,0.01307
2021-08-27,10950,0.019167
2021-08-30,1,0.0008
2021-08-30,30,0.000304
2021-08-30,91,0.00040599999999999995
2021-08-30,182,0.000456
2021-08-30,365,0.0008
2021-08-30,730,0.002014
2021-08-30,1095,0.003936
2021-08-30,1825,0.00768
2021-08-30,3650,0.012785
2021-08-30,10950,0.018964
2021-08-31,1,0.0006
2021-08-31,30,0.00025299999999999997
2021-08-31,91,0.00035499999999999996
2021-08-31,182,0.0005070000000000001
2021-08-31,365,0.0007000000000000001
2021-08-31,730,0.0020930000000000002
2021-08-31,1095,0.004043
2021-08-31,1825,0.0077800000000000005
2021-08-31,3650,0.013087999999999999
2021-08-31,10950,0.019323999999999997
2021-09-01,1,0.0008
2021-09-01,30,0.00033
2021-09-01,91,0.00035499999999999996
2021-09-01,182,0.000431
2021-09-01,365,0.0007000000000000001
2021-09-01,730,0.002094
2021-09-01,1095,0.004043
2021-09-01,1825,0.00774
2021-09-01,3650,0.012936000000000001
2021-09-01,10950,0.019133
2021-09-02,1,0.0008
2021-09-02,30,0.000304
2021-09-02,91,0.00040599999999999995
2021-09-02,182,0.000456
2021-09-02,365,0.0007000000000000001
2021-09-02,730,0.002056
2021-09-02,1095,0.0039900000000000005
2021-09-02,1825,0.00766
2021-09-02,3650,0.012835000000000001
2021-09-02,10950,0.01897
2021-09-03,1,0.0008
2021-09-03,30,0.000304
2021-09-03,91,0.00033
2021-09-03,182,0.000431
2021-09-03,365,0.0008
2021-09-03,730,0.002061
2021-09-03,1095,0.004071
2021-09-03,1825,0.00784
2021-09-03,3650,0.013223
2021-09-03,10950,0.01942
2021-09-06,1,0.0008
2021-09-06,30,0.000304
2021-09-06,91,0.00033
2021-09-06,182,0.000431
2021-09-06,365,0.0008
2021-09-06,730,0.002061
2021-09-06,1095,0.004071
2021-09-06,1825,0.00784
2021-09-06,3650,0.013223
2021-09-06,10950,0.01942
2021-09-07,1,0.0008
2021-09-07,30,0.00025299999999999997
2021-09-07,91,0.00033
2021-09-07,182,0.00035499999999999996
2021-09-07,365,0.0008
2021-09-07,730,0.002201
2021-09-07,1095,0.004233
2021-09-07,1825,0.00823
2021-09-07,3650,0.013732
2021-09-07,10950,0.019868
2021-09-08,1,0.0008
2021-09-08,30,0.00033
2021-09-08,91,0.00037999999999999997
2021-09-08,182,0.000456
2021-09-08,365,0.0008
2021-09-08,730,0.002162
2021-09-08,1095,0.004432
2021-09-08,1825,0.008100000000000001
2021-09-08,3650,0.013375999999999999
2021-09-08,10950,0.019557
2021-09-09,1,0.0008
2021-09-09,30,0.00037999999999999997
2021-09-09,91,0.00035499999999999996
2021-09-09,182,0.000456
2021-09-09,365,0.0007000000000000001
2021-09-09,730,0.002124
2021-09-09,1095,0.004354
2021-09-09,1825,0.007890000000000001
2021-09-09,3650,0.012971
2021-09-09,10950,0.018977
2021-09-10,1,0.0008
2021-09-10,30,0.00040599999999999995
2021-09-10,91,0.00037999999999999997
2021-09-10,182,0.000456
2021-09-10,365,0.0008
2021-09-10,730,0.002127
2021-09-10,1095,0.004432
2021-09-10,1825,0.00817
2021-09-10,3650,0.013411
2021-09-10,10950,0.019337
2021-09-13,1,0.0008
2021-09-13,30,0.00037999999999999997
2021-09-13,91,0.00033
2021-09-13,182,0.00035499999999999996
2021-09-13,365,0.0007000000000000001
2021-09-13,730,0.0021290000000000002
2021-09-13,1095,0.004406
2021-09-13,1825,0.008060000000000001
2021-09-13,3650,0.013259
2021-09-13,10950,0.019044000000000002
2021-09-14,1,0.0008
2021-09-14,30,0.00037999999999999997
2021-09-14,91,0.000304
2021-09-14,182,0.000456
2021-09-14,365,0.0007000000000000001
2021-09-14,730,0.00207
2021-09-14,1095,0.004327
2021-09-14,1825,0.00787
2021-09-14,3650,0.012836
2021-09-14,10950,0.018592
2021-09-15,1,0.0008
2021-09-15,30,0.00035499999999999996
2021-09-15,91,0.00033
2021-09-15,182,0.00040599999999999995
2021-09-15,365,0.0007000000000000001
2021-09-15,730,0.002111
2021-09-15,1095,0.004354
2021-09-15,1825,0.007980000000000001
2021-09-15,3650,0.012988
2021-09-15,10950,0.018592
2021-09-16,1,0.0008
2021-09-16,30,0.000304
2021-09-16,91,0.000279
2021-09-16,182,0.00040599999999999995
2021-09-16,365,0.0007000000000000001
2021-09-16,730,0.002193
2021-09-16,1095,0.004592
2021-09-16,1825,0.008409999999999999
2021-09-16,3650,0.013378000000000001
2021-09-16,10950,0.018834
2021-09-17,1,0.0008
2021-09-17,30,0.00037999999999999997
2021-09-17,91,0.000304
2021-09-17,182,0.00040599999999999995
2021-09-17,365,0.0007000000000000001
2021-09-17,730,0.0022170000000000002
2021-09-17,1095,0.004699999999999999
2021-09-17,1825,0.00862
2021-09-17,3650,0.013616
2021-09-17,10950,0.018989
2021-09-20,1,0.0008
2021-09-20,30,0.000482
2021-09-20,91,0.00020299999999999997
2021-09-20,182,0.00037999999999999997
2021-09-20,365,0.0007000000000000001
2021-09-20,730,0.0021579999999999998
2021-09-20,1095,0.004568
2021-09-20,1825,0.00825
2021-09-20,3650,0.013107
2021-09-20,10950,0.018471
2021-09-21,1,0.0008
2021-09-21,30,0.00037999999999999997
2021-09-21,91,0.00020299999999999997
2021-09-21,182,0.000304
2021-09-21,365,0.0007000000000000001
2021-09-21,730,0.0021390000000000003
2021-09-21,1095,0.004543
2021-09-21,1825,0.00831
2021-09-21,3650,0.013226
2021-09-21,10950,0.018557999999999998
2021-09-22,1,0.0008
2021-09-22,30,0.00035499999999999996
2021-09-22,91,0.00025299999999999997
2021-09-22,182,0.00037999999999999997
2021-09-22,365,0.0008
2021-09-22,730,0.002363
2021-09-22,1095,0.004835
2021-09-22,1825,0.00852
2021-09-22,3650,0.013006
2021-09-22,10950,0.018078
2021-09-23,1,0.0008
2021-09-23,30,0.00033
2021-09-23,91,0.000228
2021-09-23,182,0.00040599999999999995
2021-09-23,365,0.0008
2021-09-23,730,0.0026079999999999996
2021-09-23,1095,0.00534
2021-09-23,1825,0.00949
2021-09-23,3650,0.014301
2021-09-23,10950,0.019398
2021-09-24,1,0.0008
2021-09-24,30,0.000482
2021-09-24,91,0.00025299999999999997
2021-09-24,182,0.00040599999999999995
2021-09-24,365,0.0008
2021-09-24,730,0.0026950000000000003
2021-09-24,1095,0.005397999999999999
2021-09-24,1825,0.00949
2021-09-24,3650,0.014509000000000001
2021-09-24,10950,0.019833
2021-09-27,1,0.0008
2021-09-27,30,0.000431
2021-09-27,91,0.000228
2021-09-27,182,0.000456
2021-09-27,365,0.0009
2021-09-27,730,0.002779
2021-09-27,1095,0.005533
2021-09-27,1825,0.00987
2021-09-27,3650,0.014871
2021-09-27,10950,0.019944
2021-09-28,1,0.0008
2021-09-28,30,0.000482
2021-09-28,91,0.00025299999999999997
2021-09-28,182,0.000482
2021-09-28,365,0.0009
2021-09-28,730,0.00301
2021-09-28,1095,0.005508
2021-09-28,1825,0.0102
2021-09-28,3650,0.015374
2021-09-28,10950,0.02086
2021-09-29,1,0.0008
2021-09-29,30,0.00033
2021-09-29,91,0.000304
2021-09-29,182,0.000456
2021-09-29,365,0.0009
2021-09-29,730,0.002892
2021-09-29,1095,0.005242
2021-09-29,1825,0.00991
2021-09-29,3650,0.015167
2021-09-29,10950,0.020604
2021-09-30,1,0.0006
2021-09-30,30,0.000431
2021-09-30,91,0.00033
2021-09-30,182,0.000456
2021-09-30,365,0.0009
2021-09-30,730,0.002755
2021-09-30,1095,0.005083
2021-09-30,1825,0.00966
2021-09-30,3650,0.014873
2021-09-30,10950,0.020449000000000002
2021-10-01,1,0.0008
2021-10-01,30,0.00037999999999999997
2021-10-01,91,0.000304
2021-10-01,182,0.000431
2021-10-01,365,0.0009
2021-10-01,730,0.0026379999999999997
2021-10-01,1095,0.004846
2021-10-01,1825,0.009300000000000001
2021-10-01,3650,0.014616
2021-10-01,10950,0.020287000000000003
2021-10-04,1,0.0008
2021-10-04,30,0.000837
2021-10-04,91,0.00025299999999999997
2021-10-04,182,0.000456
2021-10-04,365,0.0009
2021-10-04,730,0.0027760000000000003
2021-10-04,1095,0.004981
2021-10-04,1825,0.00945
2021-10-04,3650,0.014789000000000002
2021-10-04,10950,0.020442000000000002
2021-10-05,1,0.0008
2021-10-05,30,0.000887
2021-10-05,91,0.00035499999999999996
2021-10-05,182,0.0005070000000000001
2021-10-05,365,0.0009
2021-10-05,730,0.002836
2021-10-05,1095,0.00517
2021-10-05,1825,0.00974
2021-10-05,3650,0.015258
2021-10-05,10950,0.020953
2021-10-06,1,0.0008
2021-10-06,30,2.5e-05
2021-10-06,91,0.00040599999999999995
2021-10-06,182,0.000482
2021-10-06,365,0.001
2021-10-06,730,0.0029349999999999997
2021-10-06,1095,0.005333
2021-10-06,1825,0.00983
2021-10-06,3650,0.015205999999999999
2021-10-06,10950,0.020789
2021-10-07,1,0.0008
2021-10-07,30,2.5e-05
2021-10-07,91,0.000431
2021-10-07,182,0.0005070000000000001
2021-10-07,365,0.001
2021-10-07,730,0.003055
2021-10-07,1095,0.005603
2021-10-07,1825,0.01023
2021-10-07,3650,0.015729
2021-10-07,10950,0.021263
2021-10-08,1,0.0008
2021-10-08,30,0.000101
2021-10-08,91,0.000456
2021-10-08,182,0.000558
2021-10-08,365,0.0009
2021-10-08,730,0.0031780000000000003
2021-10-08,1095,0.0058
2021-10-08,1825,0.01061
2021-10-08,3650,0.016118
2021-10-08,10950,0.021640000000000003
2021-10-11,1,0.0008
2021-10-11,30,0.000101
2021-10-11,91,0.000456
2021-10-11,182,0.000558
2021-10-11,365,0.0009
2021-10-11,730,0.0031780000000000003
2021-10-11,1095,0.0058
2021-10-11,1825,0.01061
2021-10-11,3650,0.016118
2021-10-11,10950,0.021640000000000003
2021-10-12,1,0.0008
2021-10-12,30,5.1000000000000006e-05
2021-10-12,91,0.00040599999999999995
2021-10-12,182,0.000456
2021-10-12,365,0.001
2021-10-12,730,0.0033789999999999996
2021-10-12,1095,0.006018
2021-10-12,1825,0.01073
2021-10-12,3650,0.015769
2021-10-12,10950,0.020954
2021-10-13,1,0.0008
2021-10-13,30,7.6e-05
2021-10-13,91,0.00040599999999999995
2021-10-13,182,0.0005070000000000001
2021-10-13,365,0.0011
2021-10-13,730,0.00358
2021-10-13,1095,0.006487000000000001
2021-10-13,1825,0.010709999999999999
2021-10-13,3650,0.015368
2021-10-13,10950,0.020287000000000003
2021-10-14,1,0.0008
2021-10-14,30,-5.1000000000000006e-05
2021-10-14,91,0.00035499999999999996
2021-10-14,182,0.0005319999999999999
2021-10-14,365,0.001
2021-10-14,730,0.003602
2021-10-14,1095,0.0063549999999999995
2021-10-14,1825,0.010509999999999999
2021-10-14,3650,0.015106999999999999
2021-10-14,10950,0.020146
2021-10-15,1,0.0008
2021-10-15,30,0.00025299999999999997
2021-10-15,91,0.000431
2021-10-15,182,0.0005070000000000001
2021-10-15,365,0.0012
2021-10-15,730,0.003948999999999999
2021-10-15,1095,0.006937
2021-10-15,1825,0.01126
2021-10-15,3650,0.015703
2021-10-15,10950,0.020413999999999998
2021-10-18,1,0.0008
2021-10-18,30,0.00037999999999999997
2021-10-18,91,0.00040599999999999995
2021-10-18,182,0.0005070000000000001
2021-10-18,365,0.0011
2021-10-18,730,0.004254
2021-10-18,1095,0.007362
2021-10-18,1825,0.01171
2021-10-18,3650,0.016002000000000002
2021-10-18,10950,0.020336
2021-10-19,1,0.0008
2021-10-19,30,0.00033
2021-10-19,91,0.00040599999999999995
2021-10-19,182,0.000431
2021-10-19,365,0.0011
2021-10-19,730,0.003953
2021-10-19,1095,0.007150999999999999
2021-10-19,1825,0.01163
2021-10-19,3650,0.016372
2021-10-19,10950,0.020847
2021-10-20,1,0.0008
2021-10-20,30,0.00033
2021-10-20,91,0.000431
2021-10-20,182,0.0005070000000000001
2021-10-20,365,0.001
2021-10-20,730,0.0038540000000000002
2021-10-20,1095,0.007150999999999999
2021-10-20,1825,0.011659999999999998
2021-10-20,3650,0.016567000000000002
2021-10-20,10950,0.021343
2021-10-21,1,0.0008
2021-10-21,30,0.00033
2021-10-21,91,0.000456
2021-10-21,182,0.000558
2021-10-21,365,0.0012
2021-10-21,730,0.004545
2021-10-21,1095,0.007951
2021-10-21,1825,0.012410000000000001
2021-10-21,3650,0.017011000000000002
2021-10-21,10950,0.021474000000000004
2021-10-22,1,0.0008
2021-10-22,30,0.00035499999999999996
2021-10-22,91,0.0005070000000000001
2021-10-22,182,0.0006090000000000001
2021-10-22,365,0.0013
2021-10-22,730,0.004534
2021-10-22,1095,0.007688
2021-10-22,1825,0.01196
2021-10-22,3650,0.016324
2021-10-22,10950,0.020682999999999997
2021-10-25,1,0.0008
2021-10-25,30,0.000482
2021-10-25,91,0.000482
2021-10-25,182,0.0005319999999999999
2021-10-25,365,0.0014000000000000002
2021-10-25,730,0.004353
2021-10-25,1095,0.007449
2021-10-25,1825,0.01173
2021-10-25,3650,0.016307000000000002
2021-10-25,10950,0.020812
2021-10-26,1,0.0008
2021-10-26,30,0.000482
2021-10-26,91,0.000482
2021-10-26,182,0.0005319999999999999
2021-10-26,365,0.0014000000000000002
2021-10-26,730,0.004396
2021-10-26,1095,0.007557
2021-10-26,1825,0.01176
2021-10-26,3650,0.016079
2021-10-26,10950,0.020407
2021-10-27,1,0.0008
2021-10-27,30,0.000482
2021-10-27,91,0.000482
2021-10-27,182,0.000558
2021-10-27,365,0.0012
2021-10-27,730,0.0050290000000000005
2021-10-27,1095,0.007719
2021-10-27,1825,0.01151
2021-10-27,3650,0.015413
2021-10-27,10950,0.019507
2021-10-28,1,0.0008
2021-10-28,30,0.000482
2021-10-28,91,0.000456
2021-10-28,182,0.000558
2021-10-28,365,0.0015
2021-10-28,730,0.0048909999999999995
2021-10-28,1095,0.007613
2021-10-28,1825,0.011859999999999999
2021-10-28,3650,0.0158
2021-10-28,10950,0.019811000000000002
2021-10-29,1,0.0007000000000000001
2021-10-29,30,0.000482
2021-10-29,91,0.000482
2021-10-29,182,0.000558
2021-10-29,365,0.0015
2021-10-29,730,0.00497
2021-10-29,1095,0.007536
2021-10-29,1825,0.011850000000000001
2021-10-29,3650,0.015521
2021-10-29,10950,0.019328
2021-11-01,1,0.0008
2021-11-01,30,0.000456
2021-11-01,91,0.00040599999999999995
2021-11-01,182,0.000583
2021-11-01,365,0.0015
2021-11-01,730,0.004992
2021-11-01,1095,0.007618000000000001
2021-11-01,1825,0.011779999999999999
2021-11-01,3650,0.015557000000000001
2021-11-01,10950,0.019576
2021-11-02,1,0.0008
2021-11-02,30,0.00035499999999999996
2021-11-02,91,0.00040599999999999995
2021-11-02,182,0.000659
2021-11-02,365,0.0015
2021-11-02,730,0.004499
2021-11-02,1095,0.007161999999999999
2021-11-02,1825,0.01149
2021-11-02,3650,0.015488
2021-11-02,10950,0.019589000000000002
2021-11-03,1,0.0008
2021-11-03,30,0.00037999999999999997
2021-11-03,91,0.00040599999999999995
2021-11-03,182,0.000659
2021-11-03,365,0.0017000000000000001
2021-11-03,730,0.004659
2021-11-03,1095,0.00754
2021-11-03,1825,0.011899999999999999
2021-11-03,3650,0.016034
2021-11-03,10950,0.020203000000000002
2021-11-04,1,0.0008
2021-11-04,30,0.000304
2021-11-04,91,0.00033
2021-11-04,182,0.000634
2021-11-04,365,0.0014000000000000002
2021-11-04,730,0.004244
2021-11-04,1095,0.006895
2021-11-04,1825,0.011120000000000001
2021-11-04,3650,0.015262
2021-11-04,10950,0.019631
2021-11-05,1,0.0008
2021-11-05,30,0.000304
2021-11-05,91,0.00037999999999999997
2021-11-05,182,0.0006090000000000001
2021-11-05,365,0.0014000000000000002
2021-11-05,730,0.004008
2021-11-05,1095,0.006573
2021-11-05,1825,0.01057
2021-11-05,3650,0.014513
2021-11-05,10950,0.01887
2021-11-08,1,0.0008
2021-11-08,30,0.00033
2021-11-08,91,0.00035499999999999996
2021-11-08,182,0.000583
2021-11-08,365,0.0016
2021-11-08,730,0.004426
2021-11-08,1095,0.007167
2021-11-08,1825,0.01118
2021-11-08,3650,0.014897
2021-11-08,10950,0.018816
2021-11-09,1,0.0008
2021-11-09,30,0.00037999999999999997
2021-11-09,91,0.00037999999999999997
2021-11-09,182,0.000558
2021-11-09,365,0.0014000000000000002
2021-11-09,730,0.004208
2021-11-09,1095,0.0072629999999999995
2021-11-09,1825,0.010820000000000001
2021-11-09,3650,0.014358
2021-11-09,10950,0.018178
2021-11-10,1,0.0008
2021-11-10,30,0.00037999999999999997
2021-11-10,91,0.000431
2021-11-10,182,0.000583
2021-11-10,365,0.0017000000000000001
2021-11-10,730,0.005129
2021-11-10,1095,0.008478
2021-11-10,1825,0.01218
2021-11-10,3650,0.015493
2021-11-10,10950,0.019039999999999998
2021-11-11,1,0.0008
2021-11-11,30,0.00040599999999999995
2021-11-11,91,0.000431
2021-11-11,182,0.000583
2021-11-11,365,0.0017000000000000001
2021-11-11,730,0.005129
2021-11-11,1095,0.008478
2021-11-11,1825,0.01218
2021-11-11,3650,0.015493
2021-11-11,10950,0.018997
2021-11-12,1,0.0008
2021-11-12,30,0.00040599999999999995
2021-11-12,91,0.00040599999999999995
2021-11-12,182,0.0006090000000000001
2021-11-12,365,0.0017000000000000001
2021-11-12,730,0.005115
2021-11-12,1095,0.008425
2021-11-12,1825,0.012230000000000001
2021-11-12,3650,0.015612999999999998
2021-11-12,10950,0.019308000000000002
2021-11-15,1,0.0008
2021-11-15,30,0.00035499999999999996
2021-11-15,91,0.000431
2021-11-15,182,0.000583
2021-11-15,365,0.0018
2021-11-15,730,0.005157
2021-11-15,1095,0.008664
2021-11-15,1825,0.01254
2021-11-15,3650,0.016145
2021-11-15,10950,0.019959
2021-11-16,1,0.0008
2021-11-16,30,0.00040599999999999995
2021-11-16,91,0.00037999999999999997
2021-11-16,182,0.000558
2021-11-16,365,0.0017000000000000001
2021-11-16,730,0.0051790000000000004
2021-11-16,1095,0.008692
2021-11-16,1825,0.012669999999999999
2021-11-16,3650,0.016335
2021-11-16,10950,0.020285
2021-11-17,1,0.0008
2021-11-17,30,0.000431
2021-11-17,91,0.00040599999999999995
2021-11-17,182,0.000558
2021-11-17,365,0.0018
2021-11-17,730,0.004979
2021-11-17,1095,0.008427
2021-11-17,1825,0.01232
2021-11-17,3650,0.015889
2021-11-17,10950,0.019755
2021-11-18,1,0.0008
2021-11-18,30,0.000304
2021-11-18,91,0.000482
2021-11-18,182,0.0006090000000000001
2021-11-18,365,0.0018
2021-11-18,730,0.005021
2021-11-18,1095,0.008428
2021-11-18,1825,0.01221
2021-11-18,3650,0.015854999999999998
2021-11-18,10950,0.019684999999999998
2021-11-19,1,0.0008
2021-11-19,30,0.000862
2021-11-19,91,0.00040599999999999995
2021-11-19,182,0.000558
2021-11-19,365,0.0018
2021-11-19,730,0.005067
2021-11-19,1095,0.008591
2021-11-19,1825,0.012230000000000001
2021-11-19,3650,0.015462
2021-11-19,10950,0.0191
2021-11-22,1,0.0008
2021-11-22,30,0.000583
2021-11-22,91,0.00040599999999999995
2021-11-22,182,0.000583
2021-11-22,365,0.002
2021-11-22,730,0.005842000000000001
2021-11-22,1095,0.009393
2021-11-22,1825,0.01318
2021-11-22,3650,0.016236
2021-11-22,10950,0.019615
2021-11-23,1,0.0008
2021-11-23,30,0.000456
2021-11-23,91,0.00040599999999999995
2021-11-23,182,0.0006850000000000001
2021-11-23,365,0.0021
2021-11-23,730,0.006142
2021-11-23,1095,0.009422
2021-11-23,1825,0.0134
2021-11-23,3650,0.016651
2021-11-23,10950,0.020229
2021-11-24,1,0.0008
2021-11-24,30,0.000558
2021-11-24,91,0.0005319999999999999
2021-11-24,182,0.000888
2021-11-24,365,0.0024
2021-11-24,730,0.006398
2021-11-24,1095,0.00964
2021-11-24,1825,0.01344
2021-11-24,3650,0.016341
2021-11-24,10950,0.019594
2021-11-25,1,0.0008
2021-11-25,30,0.000837
2021-11-25,91,0.0005319999999999999
2021-11-25,182,0.000888
2021-11-25,365,0.0024
2021-11-25,730,0.006398
2021-11-25,1095,0.00964
2021-11-25,1825,0.01344
2021-11-25,3650,0.016341
2021-11-25,10950,0.019594
2021-11-26,1,0.0008
2021-11-26,30,0.000786
2021-11-26,91,0.00037999999999999997
2021-11-26,182,0.000761
2021-11-26,365,0.002
2021-11-26,730,0.00498
2021-11-26,1095,0.008008
2021-11-26,1825,0.01161
2021-11-26,3650,0.014731000000000001
2021-11-26,10950,0.018213
2021-11-29,1,0.0008
2021-11-29,30,0.0005319999999999999
2021-11-29,91,0.00037999999999999997
2021-11-29,182,0.000837
2021-11-29,365,0.0021
2021-11-29,730,0.004843
2021-11-29,1095,0.007794
2021-11-29,1825,0.011519999999999999
2021-11-29,3650,0.014986999999999999
2021-11-29,10950,0.018545
2021-11-30,1,0.0007000000000000001
2021-11-30,30,0.000963
2021-11-30,91,0.000456
2021-11-30,182,0.0009379999999999999
2021-11-30,365,0.0024
2021-11-30,730,0.00565
2021-11-30,1095,0.008385
2021-11-30,1825,0.01161
2021-11-30,3650,0.014443
2021-11-30,10950,0.017911
2021-12-01,1,0.0008
2021-12-01,30,0.000786
2021-12-01,91,0.00040599999999999995
2021-12-01,182,0.000888
2021-12-01,365,0.0025
2021-12-01,730,0.0055130000000000005
2021-12-01,1095,0.008171000000000001
2021-12-01,1825,0.01137
2021-12-01,3650,0.014036999999999999
2021-12-01,10950,0.017393000000000002
2021-12-02,1,0.0008
2021-12-02,30,0.000583
2021-12-02,91,0.00035499999999999996
2021-12-02,182,0.000862
2021-12-02,365,0.0027
2021-12-02,730,0.006126
2021-12-02,1095,0.008952
2021-12-02,1825,0.01208
2021-12-02,3650,0.014443
2021-12-02,10950,0.017625
2021-12-03,1,0.0008
2021-12-03,30,0.00035499999999999996
2021-12-03,91,0.000431
2021-12-03,182,0.000862
2021-12-03,365,0.0026
2021-12-03,730,0.005873000000000001
2021-12-03,1095,0.008497
2021-12-03,1825,0.01134
2021-12-03,3650,0.01343
2021-12-03,10950,0.016727000000000002
2021-12-06,1,0.0008
2021-12-06,30,0.00035499999999999996
2021-12-06,91,0.00037999999999999997
2021-12-06,182,0.000964
2021-12-06,365,0.0028000000000000004
2021-12-06,730,0.006312
2021-12-06,1095,0.009038000000000001
2021-12-06,1825,0.01207
2021-12-06,3650,0.014341999999999999
2021-12-06,10950,0.017704
2021-12-07,1,0.0008
2021-12-07,30,0.00040599999999999995
2021-12-07,91,0.000558
2021-12-07,182,0.001446
2021-12-07,365,0.0031
2021-12-07,730,0.0068920000000000006
2021-12-07,1095,0.009636
2021-12-07,1825,0.01256
2021-12-07,3650,0.014733000000000001
2021-12-07,10950,0.018025
2021-12-08,1,0.0008
2021-12-08,30,0.00033
2021-12-08,91,0.000583
2021-12-08,182,0.001192
2021-12-08,365,0.0029
2021-12-08,730,0.006815
2021-12-08,1095,0.010027
2021-12-08,1825,0.01275
2021-12-08,3650,0.015212000000000002
2021-12-08,10950,0.018928
2021-12-09,1,0.0008
2021-12-09,30,0.000127
2021-12-09,91,0.000482
2021-12-09,182,0.001192
2021-12-09,365,0.0028000000000000004
2021-12-09,730,0.006876999999999999
2021-12-09,1095,0.010159
2021-12-09,1825,0.01269
2021-12-09,3650,0.014990000000000002
2021-12-09,10950,0.018763000000000002
2021-12-10,1,0.0008
2021-12-10,30,0.000127
2021-12-10,91,0.000482
2021-12-10,182,0.001116
2021-12-10,365,0.0027
2021-12-10,730,0.006543
2021-12-10,1095,0.009868
2021-12-10,1825,0.01252
2021-12-10,3650,0.014837
2021-12-10,10950,0.018777
2021-12-13,1,0.0008
2021-12-13,30,-5.1000000000000006e-05
2021-12-13,91,0.000456
2021-12-13,182,0.0011409999999999999
2021-12-13,365,0.0027
2021-12-13,730,0.006324
2021-12-13,1095,0.009497
2021-12-13,1825,0.01205
2021-12-13,3650,0.014156
2021-12-13,10950,0.017998
2021-12-14,1,0.0008
2021-12-14,30,-5.1000000000000006e-05
2021-12-14,91,0.00037999999999999997
2021-12-14,182,0.001167
2021-12-14,365,0.0026
2021-12-14,730,0.006568000000000001
2021-12-14,1095,0.009735
2021-12-14,1825,0.01237
2021-12-14,3650,0.014411
2021-12-14,10950,0.01828
2021-12-15,1,0.0008
2021-12-15,30,2.5e-05
2021-12-15,91,0.00037999999999999997
2021-12-15,182,0.001167
2021-12-15,365,0.0029
2021-12-15,730,0.006631000000000001
2021-12-15,1095,0.009735
2021-12-15,1825,0.01246
2021-12-15,3650,0.014565
2021-12-15,10950,0.018599
2021-12-16,1,0.0008
2021-12-16,30,-2.5e-05
2021-12-16,91,0.000304
2021-12-16,182,0.0011409999999999999
2021-12-16,365,0.0026
2021-12-16,730,0.006128
2021-12-16,1095,0.008993
2021-12-16,1825,0.01165
2021-12-16,3650,0.014106
2021-12-16,10950,0.018524
2021-12-17,1,0.0008
2021-12-17,30,0.000177
2021-12-17,91,0.000304
2021-12-17,182,0.001192
2021-12-17,365,0.0027
2021-12-17,730,0.006376
2021-12-17,1095,0.009176
2021-12-17,1825,0.01176
2021-12-17,3650,0.014020999999999999
2021-12-17,10950,0.018064
2021-12-20,1,0.0008
2021-12-20,30,0.000228
2021-12-20,91,0.00037999999999999997
2021-12-20,182,0.0012939999999999998
2021-12-20,365,0.0027
2021-12-20,730,0.0063170000000000006
2021-12-20,1095,0.009094999999999999
2021-12-20,1825,0.01168
2021-12-20,3650,0.014225000000000002
2021-12-20,10950,0.018511
2021-12-21,1,0.0008
2021-12-21,30,0.000177
2021-12-21,91,0.0005070000000000001
2021-12-21,182,0.001522
2021-12-21,365,0.0029
2021-12-21,730,0.006665
2021-12-21,1095,0.009439999999999999
2021-12-21,1825,0.01218
2021-12-21,3650,0.014617
2021-12-21,10950,0.018627
2021-12-22,1,0.0008
2021-12-22,30,0.000177
2021-12-22,91,0.000583
2021-12-22,182,0.001573
2021-12-22,365,0.0028000000000000004
2021-12-22,730,0.006606
2021-12-22,1095,0.009439999999999999
2021-12-22,1825,0.01217
2021-12-22,3650,0.014515
2021-12-22,10950,0.01849
2021-12-23,1,0.0008
2021-12-23,30,0.000152
2021-12-23,91,0.000558
2021-12-23,182,0.001573
2021-12-23,365,0.0031
2021-12-23,730,0.006881000000000001
2021-12-23,1095,0.009677999999999999
2021-12-23,1825,0.012430000000000002
2021-12-23,3650,0.014927
2021-12-23,10950,0.019052
2021-12-24,1,0.0008
2021-12-24,30,0.000127
2021-12-24,91,0.000558
2021-12-24,182,0.001573
2021-12-24,365,0.0031
2021-12-24,730,0.006881000000000001
2021-12-24,1095,0.009677999999999999
2021-12-24,1825,0.012430000000000002
2021-12-24,3650,0.014927
2021-12-24,10950,0.019052
2021-12-27,1,0.0008
2021-12-27,30,0.00020299999999999997
2021-12-27,91,0.00040599999999999995
2021-12-27,182,0.0017000000000000001
2021-12-27,365,0.0033
2021-12-27,730,0.006987
2021-12-27,1095,0.009758
2021-12-27,1825,0.012470000000000002
2021-12-27,3650,0.014756
2021-12-27,10950,0.018838999999999998
2021-12-28,1,0.0008
2021-12-28,30,0.000152
2021-12-28,91,0.000431
2021-12-28,182,0.001928
2021-12-28,365,0.0039000000000000003
2021-12-28,730,0.0075
2021-12-28,1095,0.009731
2021-12-28,1825,0.01246
2021-12-28,3650,0.014806999999999999
2021-12-28,10950,0.018997
2021-12-29,1,0.0008
2021-12-29,30,-0.000127
2021-12-29,91,0.00037999999999999997
2021-12-29,182,0.001877
2021-12-29,365,0.0038
2021-12-29,730,0.007461
2021-12-29,1095,0.009839
2021-12-29,1825,0.01298
2021-12-29,3650,0.015496000000000001
2021-12-29,10950,0.019610000000000002
2021-12-30,1,0.0008
2021-12-30,30,-0.000127
2021-12-30,91,0.000304
2021-12-30,182,0.001725
2021-12-30,365,0.0038
2021-12-30,730,0.0072440000000000004
2021-12-30,1095,0.009516
2021-12-30,1825,0.01265
2021-12-30,3650,0.015083
2021-12-30,10950,0.01917
2021-12-31,1,0.0007000000000000001
2021-12-31,30,0.000152
2021-12-31,91,0.000304
2021-12-31,182,0.001776
2021-12-31,365,0.0039000000000000003
2021-12-31,730,0.0073219999999999995
2021-12-31,1095,0.009569
2021-12-31,1825,0.01264
2021-12-31,3650,0.015101
2021-12-31,10950,0.019032
2022-01-03,1,0.0008
2022-01-03,30,0.00035499999999999996
2022-01-03,91,0.0005319999999999999
2022-01-03,182,0.001928
2022-01-03,365,0.004
2022-01-03,730,0.007678000000000001
2022-01-03,1095,0.010162
2022-01-03,1825,0.013560000000000001
2022-01-03,3650,0.01628
2022-01-03,10950,0.02024
2022-01-04,1,0.0008
2022-01-04,30,0.00037999999999999997
2022-01-04,91,0.000735
2022-01-04,182,0.0021060000000000002
2022-01-04,365,0.0038
2022-01-04,730,0.007599
2022-01-04,1095,0.010135
2022-01-04,1825,0.013580000000000002
2022-01-04,3650,0.016473
2022-01-04,10950,0.020649999999999998
2022-01-05,1,0.0008
2022-01-05,30,0.00040599999999999995
2022-01-05,91,0.000837
2022-01-05,182,0.002233
2022-01-05,365,0.0040999999999999995
2022-01-05,730,0.008256
2022-01-05,1095,0.010839000000000001
2022-01-05,1825,0.01431
2022-01-05,3650,0.017052
2022-01-05,10950,0.020947
2022-01-06,1,0.0008
2022-01-06,30,0.00040599999999999995
2022-01-06,91,0.0009130000000000001
2022-01-06,182,0.002284
2022-01-06,365,0.0045000000000000005
2022-01-06,730,0.008656
2022-01-06,1095,0.011328
2022-01-06,1825,0.0147
2022-01-06,3650,0.017211
2022-01-06,10950,0.020758000000000002
2022-01-07,1,0.0008
2022-01-07,30,0.00037999999999999997
2022-01-07,91,0.0009130000000000001
2022-01-07,182,0.002309
2022-01-07,365,0.0043
2022-01-07,730,0.008621
2022-01-07,1095,0.011523
2022-01-07,1825,0.015
2022-01-07,3650,0.01762
2022-01-07,10950,0.021158999999999997
2022-01-10,1,0.0008
2022-01-10,30,0.00035499999999999996
2022-01-10,91,0.000862
2022-01-10,182,0.002512
2022-01-10,365,0.0046
2022-01-10,730,0.008944
2022-01-10,1095,0.011852
2022-01-10,1825,0.015189999999999999
2022-01-10,3650,0.017603
2022-01-10,10950,0.02089
2022-01-11,1,0.0008
2022-01-11,30,0.00033
2022-01-11,91,0.00109
2022-01-11,182,0.0026650000000000003
2022-01-11,365,0.0046
2022-01-11,730,0.008825
2022-01-11,1095,0.011744000000000001
2022-01-11,1825,0.015009999999999999
2022-01-11,3650,0.017357
2022-01-11,10950,0.020621999999999998
2022-01-12,1,0.0008
2022-01-12,30,0.000304
2022-01-12,91,0.0011409999999999999
2022-01-12,182,0.002716
2022-01-12,365,0.0048
2022-01-12,730,0.009189000000000001
2022-01-12,1095,0.012317
2022-01-12,1825,0.0152
2022-01-12,3650,0.017428
2022-01-12,10950,0.020861
2022-01-13,1,0.0008
2022-01-13,30,0.00025299999999999997
2022-01-13,91,0.0011409999999999999
2022-01-13,182,0.002716
2022-01-13,365,0.004699999999999999
2022-01-13,730,0.008929
2022-01-13,1095,0.011942999999999999
2022-01-13,1825,0.01474
2022-01-13,3650,0.017041
2022-01-13,10950,0.020427
2022-01-14,1,0.0008
2022-01-14,30,0.00035499999999999996
2022-01-14,91,0.001116
2022-01-14,182,0.002817
2022-01-14,365,0.0051
2022-01-14,730,0.009668
2022-01-14,1095,0.012665
2022-01-14,1825,0.01559
2022-01-14,3650,0.017841
2022-01-14,10950,0.021219000000000002
2022-01-17,1,0.0008
2022-01-17,30,0.00035499999999999996
2022-01-17,91,0.001116
2022-01-17,182,0.002817
2022-01-17,365,0.0051
2022-01-17,730,0.009668
2022-01-17,1095,0.012665
2022-01-17,1825,0.01559
2022-01-17,3650,0.017841
2022-01-17,10950,0.021219000000000002
2022-01-18,1,0.0008
2022-01-18,30,0.00035499999999999996
2022-01-18,91,0.001242
2022-01-18,182,0.003453
2022-01-18,365,0.0058
2022-01-18,730,0.010425
2022-01-18,1095,0.013578
2022-01-18,1825,0.01659
2022-01-18,3650,0.018734999999999998
2022-01-18,10950,0.021879
2022-01-19,1,0.0008
2022-01-19,30,0.00033
2022-01-19,91,0.001648
2022-01-19,182,0.00358
2022-01-19,365,0.005699999999999999
2022-01-19,730,0.010572
2022-01-19,1095,0.013634
2022-01-19,1825,0.0165
2022-01-19,3650,0.018646
2022-01-19,10950,0.02176
2022-01-20,1,0.0008
2022-01-20,30,0.000304
2022-01-20,91,0.001648
2022-01-20,182,0.003453
2022-01-20,365,0.006
2022-01-20,730,0.010249
2022-01-20,1095,0.013098
2022-01-20,1825,0.01587
2022-01-20,3650,0.01804
2022-01-20,10950,0.021168999999999997
2022-01-21,1,0.0008
2022-01-21,30,0.000279
2022-01-21,91,0.0015970000000000001
2022-01-21,182,0.003478
2022-01-21,365,0.0058
2022-01-21,730,0.010014
2022-01-21,1095,0.012861000000000001
2022-01-21,1825,0.01559
2022-01-21,3650,0.017581
2022-01-21,10950,0.020710000000000003
2022-01-24,1,0.0008
2022-01-24,30,0.00035499999999999996
2022-01-24,91,0.001547
2022-01-24,182,0.003428
2022-01-24,365,0.0058
2022-01-24,730,0.00971
2022-01-24,1095,0.012565999999999999
2022-01-24,1825,0.01548
2022-01-24,3650,0.017706
2022-01-24,10950,0.021118
2022-01-25,1,0.0008
2022-01-25,30,0.00037999999999999997
2022-01-25,91,0.0017749999999999999
2022-01-25,182,0.003784
2022-01-25,365,0.006500000000000001
2022-01-25,730,0.010174
2022-01-25,1095,0.012648
2022-01-25,1825,0.01555
2022-01-25,3650,0.017689
2022-01-25,10950,0.021118
2022-01-26,1,0.0008
2022-01-26,30,0.000228
2022-01-26,91,0.0018509999999999998
2022-01-26,182,0.0039369999999999995
2022-01-26,365,0.006999999999999999
2022-01-26,730,0.011504
2022-01-26,1095,0.014001
2022-01-26,1825,0.01685
2022-01-26,3650,0.018637
2022-01-26,10950,0.021648999999999998
2022-01-27,1,0.0008
2022-01-27,30,0.00020299999999999997
2022-01-27,91,0.001902
2022-01-27,182,0.004242
2022-01-27,365,0.0075
2022-01-27,730,0.011881999999999998
2022-01-27,1095,0.014194
2022-01-27,1825,0.01659
2022-01-27,3650,0.017994
2022-01-27,10950,0.020928
2022-01-28,1,0.0008
2022-01-28,30,0.000177
2022-01-28,91,0.0017499999999999998
2022-01-28,182,0.004064
2022-01-28,365,0.0075
2022-01-28,730,0.011623000000000001
2022-01-28,1095,0.013739
2022-01-28,1825,0.01613
2022-01-28,3650,0.017694
2022-01-28,10950,0.020733
2022-01-31,1,0.0008
2022-01-31,30,0.000304
2022-01-31,91,0.0018
2022-01-31,182,0.004547
2022-01-31,365,0.0078000000000000005
2022-01-31,730,0.011787
2022-01-31,1095,0.013769
2022-01-31,1825,0.0161
2022-01-31,3650,0.017766999999999998
2022-01-31,10950,0.021075
2022-02-01,1,0.0008
2022-02-01,30,0.000279
2022-02-01,91,0.001902
2022-02-01,182,0.004751
2022-02-01,365,0.0078000000000000005
2022-02-01,730,0.011651
2022-02-01,1095,0.013771
2022-02-01,1825,0.01619
2022-02-01,3650,0.017875000000000002
2022-02-01,10950,0.02109
2022-02-02,1,0.0008
2022-02-02,30,0.000228
2022-02-02,91,0.0018509999999999998
2022-02-02,182,0.004471
2022-02-02,365,0.0076
2022-02-02,730,0.011535
2022-02-02,1095,0.013691
2022-02-02,1825,0.01609
2022-02-02,3650,0.017751
2022-02-02,10950,0.021082999999999998
2022-02-03,1,0.0008
2022-02-03,30,0.000177
2022-02-03,91,0.001902
2022-02-03,182,0.004699999999999999
2022-02-03,365,0.0078000000000000005
2022-02-03,730,0.011959
2022-02-03,1095,0.014212
2022-02-03,1825,0.01671
2022-02-03,3650,0.018306
2022-02-03,10950,0.021516999999999998
2022-02-04,1,0.0008
2022-02-04,30,0.000279
2022-02-04,91,0.002232
2022-02-04,182,0.005439
2022-02-04,365,0.0089
2022-02-04,730,0.013099000000000001
2022-02-04,1095,0.015346
2022-02-04,1825,0.0177
2022-02-04,3650,0.019085
2022-02-04,10950,0.022101000000000003
2022-02-07,1,0.0008
2022-02-07,30,0.000279
2022-02-07,91,0.002105
2022-02-07,182,0.0053879999999999996
2022-02-07,365,0.0088
2022-02-07,730,0.012903
2022-02-07,1095,0.015267
2022-02-07,1825,0.01766
2022-02-07,3650,0.019159
2022-02-07,10950,0.022168999999999998
2022-02-08,1,0.0008
2022-02-08,30,0.000228
2022-02-08,91,0.0026119999999999997
2022-02-08,182,0.005694
2022-02-08,365,0.0091
2022-02-08,730,0.013413999999999999
2022-02-08,1095,0.015795
2022-02-08,1825,0.01818
2022-02-08,3650,0.019632
2022-02-08,10950,0.022570999999999997
2022-02-09,1,0.0008
2022-02-09,30,0.000177
2022-02-09,91,0.0026889999999999996
2022-02-09,182,0.00577
2022-02-09,365,0.0091
2022-02-09,730,0.013644
2022-02-09,1095,0.016286000000000002
2022-02-09,1825,0.01818
2022-02-09,3650,0.019415
2022-02-09,10950,0.022449
2022-02-10,1,0.0008
2022-02-10,30,0.00020299999999999997
2022-02-10,91,0.0037040000000000003
2022-02-10,182,0.0075309999999999995
2022-02-10,365,0.011399999999999999
2022-02-10,730,0.015786
2022-02-10,1095,0.018171
2022-02-10,1825,0.01952
2022-02-10,3650,0.020294
2022-02-10,10950,0.023163
2022-02-11,1,0.0008
2022-02-11,30,0.000101
2022-02-11,91,0.0033989999999999997
2022-02-11,182,0.006790000000000001
2022-02-11,365,0.010700000000000001
2022-02-11,730,0.014997
2022-02-11,1095,0.017254000000000002
2022-02-11,1825,0.01856
2022-02-11,3650,0.019371
2022-02-11,10950,0.022385000000000002
2022-02-14,1,0.0008
2022-02-14,30,2.5e-05
2022-02-14,91,0.003679
2022-02-14,182,0.007147
2022-02-14,365,0.0113
2022-02-14,730,0.015744
2022-02-14,1095,0.017982
2022-02-14,1825,0.01913
2022-02-14,3650,0.019875
2022-02-14,10950,0.022861
2022-02-15,1,0.0008
2022-02-15,30,2.5e-05
2022-02-15,91,0.003806
2022-02-15,182,0.007097
2022-02-15,365,0.0111
2022-02-15,730,0.015774
2022-02-15,1095,0.018039
2022-02-15,1825,0.01942
2022-02-15,3650,0.020434
2022-02-15,10950,0.023572000000000003
2022-02-16,1,0.0008
2022-02-16,30,5.1000000000000006e-05
2022-02-16,91,0.003653
2022-02-16,182,0.006535
2022-02-16,365,0.0109
2022-02-16,730,0.015208
2022-02-16,1095,0.017582
2022-02-16,1825,0.01919
2022-02-16,3650,0.020381999999999997
2022-02-16,10950,0.023454000000000003
2022-02-17,1,0.0008
2022-02-17,30,5.1000000000000006e-05
2022-02-17,91,0.003374
2022-02-17,182,0.006229
2022-02-17,365,0.0105
2022-02-17,730,0.014662
2022-02-17,1095,0.016936
2022-02-17,1825,0.018420000000000002
2022-02-17,3650,0.019615
2022-02-17,10950,0.022941
2022-02-18,1,0.0008
2022-02-18,30,0.000127
2022-02-18,91,0.003196
2022-02-18,182,0.0061270000000000005
2022-02-18,365,0.0103
2022-02-18,730,0.014654
2022-02-18,1095,0.016753
2022-02-18,1825,0.01821
2022-02-18,3650,0.019286
2022-02-18,10950,0.022399
2022-02-21,1,0.0008
2022-02-21,30,0.000127
2022-02-21,91,0.003196
2022-02-21,182,0.0061270000000000005
2022-02-21,365,0.0103
2022-02-21,730,0.014654
2022-02-21,1095,0.016753
2022-02-21,1825,0.01821
2022-02-21,3650,0.019286
2022-02-21,10950,0.022399
2022-02-22,1,0.0008
2022-02-22,30,-5.1000000000000006e-05
2022-02-22,91,0.0032719999999999997
2022-02-22,182,0.006662
2022-02-22,365,0.011699999999999999
2022-02-22,730,0.015491
2022-02-22,1095,0.017487
2022-02-22,1825,0.01864
2022-02-22,3650,0.01939
2022-02-22,10950,0.022371
2022-02-23,1,0.0008
2022-02-23,30,-2.5e-05
2022-02-23,91,0.00345
2022-02-23,182,0.007046
2022-02-23,365,0.0116
2022-02-23,730,0.016016
2022-02-23,1095,0.017816000000000002
2022-02-23,1825,0.019039999999999998
2022-02-23,3650,0.019912
2022-02-23,10950,0.022941
2022-02-24,1,0.0008
2022-02-24,30,-0.00020299999999999997
2022-02-24,91,0.003019
2022-02-24,182,0.0064080000000000005
2022-02-24,365,0.0108
2022-02-24,730,0.015797000000000002
2022-02-24,1095,0.017546
2022-02-24,1825,0.01863
2022-02-24,3650,0.019633
2022-02-24,10950,0.022782
2022-02-25,1,0.0008
2022-02-25,30,0.00040599999999999995
2022-02-25,91,0.0029170000000000003
2022-02-25,182,0.006816
2022-02-25,365,0.0113
2022-02-25,730,0.015697000000000003
2022-02-25,1095,0.017606999999999998
2022-02-25,1825,0.01867
2022-02-25,3650,0.019617
2022-02-25,10950,0.022738
2022-02-28,1,0.0008
2022-02-28,30,0.000482
2022-02-28,91,0.0029170000000000003
2022-02-28,182,0.006202999999999999
2022-02-28,365,0.0101
2022-02-28,730,0.014322999999999999
2022-02-28,1095,0.016220000000000002
2022-02-28,1825,0.01719
2022-02-28,3650,0.01825
2022-02-28,10950,0.021611
2022-03-01,1,0.0008
2022-03-01,30,0.000634
2022-03-01,91,0.003019
2022-03-01,182,0.005847
2022-03-01,365,0.0091
2022-03-01,730,0.013407
2022-03-01,1095,0.015081
2022-03-01,1825,0.01595
2022-03-01,3650,0.017275
2022-03-01,10950,0.021046
2022-03-02,1,0.0008
2022-03-02,30,0.000786
2022-03-02,91,0.003247
2022-03-02,182,0.0064080000000000005
2022-03-02,365,0.0106
2022-03-02,730,0.01512
2022-03-02,1095,0.016767
2022-03-02,1825,0.01757
2022-03-02,3650,0.018767
2022-03-02,10950,0.022484999999999998
2022-03-03,1,0.0008
2022-03-03,30,0.0014449999999999999
2022-03-03,91,0.003247
2022-03-03,182,0.00628
2022-03-03,365,0.0108
2022-03-03,730,0.015300000000000001
2022-03-03,1095,0.016822999999999998
2022-03-03,1825,0.01734
2022-03-03,3650,0.018405
2022-03-03,10950,0.022199
2022-03-04,1,0.0008
2022-03-04,30,0.001166
2022-03-04,91,0.003095
2022-03-04,182,0.00628
2022-03-04,365,0.0105
2022-03-04,730,0.014759
2022-03-04,1095,0.016062
2022-03-04,1825,0.016390000000000002
2022-03-04,3650,0.017307
2022-03-04,10950,0.021554000000000004
2022-03-07,1,0.0008
2022-03-07,30,0.0015210000000000002
2022-03-07,91,0.00312
2022-03-07,182,0.0066879999999999995
2022-03-07,365,0.010700000000000001
2022-03-07,730,0.015503
2022-03-07,1095,0.016803
2022-03-07,1825,0.01706
2022-03-07,3650,0.017734
2022-03-07,10950,0.021857
2022-03-08,1,0.0008
2022-03-08,30,0.001344
2022-03-08,91,0.0033989999999999997
2022-03-08,182,0.006867
2022-03-08,365,0.011200000000000002
2022-03-08,730,0.015987
2022-03-08,1095,0.017463
2022-03-08,1825,0.01778
2022-03-08,3650,0.018456
2022-03-08,10950,0.022269999999999998
2022-03-09,1,0.0008
2022-03-09,30,0.001318
2022-03-09,91,0.0035770000000000003
2022-03-09,182,0.007046
2022-03-09,365,0.0115
2022-03-09,730,0.016798
2022-03-09,1095,0.018494999999999998
2022-03-09,1825,0.018799999999999997
2022-03-09,3650,0.019531
2022-03-09,10950,0.023351999999999998
2022-03-10,1,0.0008
2022-03-10,30,0.001065
2022-03-10,91,0.0035770000000000003
2022-03-10,182,0.007097
2022-03-10,365,0.011899999999999999
2022-03-10,730,0.016963
2022-03-10,1095,0.018791
2022-03-10,1825,0.01925
2022-03-10,3650,0.019864
2022-03-10,10950,0.02367
2022-03-11,1,0.0008
2022-03-11,30,0.0014960000000000002
2022-03-11,91,0.003552
2022-03-11,182,0.0071979999999999995
2022-03-11,365,0.012199999999999999
2022-03-11,730,0.01748
2022-03-11,1095,0.019196
2022-03-11,1825,0.01948
2022-03-11,3650,0.019917
2022-03-11,10950,0.023537
2022-03-14,1,0.0008
2022-03-14,30,0.0019270000000000001
2022-03-14,91,0.0038050000000000002
2022-03-14,182,0.007837
2022-03-14,365,0.0128
2022-03-14,730,0.018609
2022-03-14,1095,0.020468
2022-03-14,1825,0.02092
2022-03-14,3650,0.021330000000000002
2022-03-14,10950,0.02471
2022-03-15,1,0.0008
2022-03-15,30,0.002003
2022-03-15,91,0.004339
2022-03-15,182,0.008348
2022-03-15,365,0.0128
2022-03-15,730,0.018491
2022-03-15,1095,0.020471
2022-03-15,1825,0.021070000000000002
2022-03-15,3650,0.021436999999999998
2022-03-15,10950,0.024779
2022-03-16,1,0.0008
2022-03-16,30,0.0015970000000000001
2022-03-16,91,0.0038309999999999998
2022-03-16,182,0.007991
2022-03-16,365,0.013500000000000002
2022-03-16,730,0.019379
2022-03-16,1095,0.021398
2022-03-16,1825,0.02182
2022-03-16,3650,0.021848999999999997
2022-03-16,10950,0.024527999999999998
2022-03-17,1,0.0033
2022-03-17,30,0.001344
2022-03-17,91,0.003755
2022-03-17,182,0.00771
2022-03-17,365,0.013000000000000001
2022-03-17,730,0.019138
2022-03-17,1095,0.021129
2022-03-17,1825,0.02145
2022-03-17,3650,0.021706
2022-03-17,10950,0.024687999999999998
2022-03-18,1,0.0033
2022-03-18,30,0.0018759999999999998
2022-03-18,91,0.003653
2022-03-18,182,0.0077859999999999995
2022-03-18,365,0.0129
2022-03-18,730,0.019362
2022-03-18,1095,0.021384
2022-03-18,1825,0.02144
2022-03-18,3650,0.021494
2022-03-18,10950,0.024201999999999998
2022-03-21,1,0.0033
2022-03-21,30,0.002003
2022-03-21,91,0.004263
2022-03-21,182,0.008603
2022-03-21,365,0.013999999999999999
2022-03-21,730,0.021152999999999998
2022-03-21,1095,0.0232
2022-03-21,1825,0.02323
2022-03-21,3650,0.022896
2022-03-21,10950,0.025173
2022-03-22,1,0.0033
2022-03-22,30,0.001572
2022-03-22,91,0.0046689999999999995
2022-03-22,182,0.009423
2022-03-22,365,0.0159
2022-03-22,730,0.021641
2022-03-22,1095,0.023812000000000003
2022-03-22,1825,0.024
2022-03-22,3650,0.023825
2022-03-22,10950,0.026011000000000003
2022-03-23,1,0.0033
2022-03-23,30,0.0009130000000000001
2022-03-23,91,0.004441
2022-03-23,182,0.009013
2022-03-23,365,0.0152
2022-03-23,730,0.020960999999999997
2022-03-23,1095,0.023072
2022-03-23,1825,0.0232
2022-03-23,3650,0.022917
2022-03-23,10950,0.024842
2022-03-24,1,0.0033
2022-03-24,30,0.001242
2022-03-24,91,0.004719999999999999
2022-03-24,182,0.009294
2022-03-24,365,0.0155
2022-03-24,730,0.021387
2022-03-24,1095,0.023713
2022-03-24,1825,0.02399
2022-03-24,3650,0.023718
2022-03-24,10950,0.025383
2022-03-25,1,0.0033
2022-03-25,30,0.0012670000000000001
2022-03-25,91,0.005203
2022-03-25,182,0.009729
2022-03-25,365,0.0167
2022-03-25,730,0.022696
2022-03-25,1095,0.025036
2022-03-25,1825,0.025459999999999997
2022-03-25,3650,0.024731
2022-03-25,10950,0.025846
2022-03-28,1,0.0033
2022-03-28,30,0.001724
2022-03-28,91,0.005279000000000001
2022-03-28,182,0.009779
2022-03-28,365,0.0169
2022-03-28,730,0.023277000000000003
2022-03-28,1095,0.025655999999999998
2022-03-28,1825,0.02558
2022-03-28,3650,0.024585
2022-03-28,10950,0.025398999999999998
2022-03-29,1,0.0033
2022-03-29,30,0.0014199999999999998
2022-03-29,91,0.005178
2022-03-29,182,0.010343999999999999
2022-03-29,365,0.0167
2022-03-29,730,0.023645999999999997
2022-03-29,1095,0.025495999999999998
2022-03-29,1825,0.025
2022-03-29,3650,0.023944
2022-03-29,10950,0.025012
2022-03-30,1,0.0033
2022-03-30,30,0.000862
2022-03-30,91,0.005178
2022-03-30,182,0.009986
2022-03-30,365,0.016399999999999998
2022-03-30,730,0.023062999999999997
2022-03-30,1095,0.024832
2022-03-30,1825,0.024399999999999998
2022-03-30,3650,0.023488000000000002
2022-03-30,10950,0.024743
2022-03-31,1,0.0033
2022-03-31,30,0.00109
2022-03-31,91,0.004822
2022-03-31,182,0.010088
2022-03-31,365,0.0163
2022-03-31,730,0.023344999999999998
2022-03-31,1095,0.025118
2022-03-31,1825,0.024620000000000003
2022-03-31,3650,0.02338
2022-03-31,10950,0.024476
2022-04-01,1,0.0033
2022-04-01,30,0.000989
2022-04-01,91,0.005101
2022-04-01,182,0.010471
2022-04-01,365,0.0172
2022-04-01,730,0.024564
2022-04-01,1095,0.026319
2022-04-01,1825,0.0256
2022-04-01,3650,0.023822
2022-04-01,10950,0.024317000000000002
2022-04-04,1,0.0033
2022-04-04,30,0.0014199999999999998
2022-04-04,91,0.005431
2022-04-04,182,0.010522
2022-04-04,365,0.0172
2022-04-04,730,0.024221
2022-04-04,1095,0.026017000000000002
2022-04-04,1825,0.02552
2022-04-04,3650,0.023950999999999997
2022-04-04,10950,0.02456
2022-04-05,1,0.0033
2022-04-05,30,0.0014449999999999999
2022-04-05,91,0.006194
2022-04-05,182,0.010857
2022-04-05,365,0.0177
2022-04-05,730,0.025139
2022-04-05,1095,0.02704
2022-04-05,1825,0.02697
2022-04-05,3650,0.025469
2022-04-05,10950,0.025729000000000002
2022-04-06,1,0.0033
2022-04-06,30,0.001242
2022-04-06,91,0.006601
2022-04-06,182,0.011164
2022-04-06,365,0.0179
2022-04-06,730,0.024714
2022-04-06,1095,0.026539999999999998
2022-04-06,1825,0.02683
2022-04-06,3650,0.025975
2022-04-06,10950,0.02626
2022-04-07,1,0.0033
2022-04-07,30,0.0014199999999999998
2022-04-07,91,0.006703
2022-04-07,182,0.011137999999999999
2022-04-07,365,0.0178
2022-04-07,730,0.024595
2022-04-07,1095,0.026605
2022-04-07,1825,0.02709
2022-04-07,3650,0.026578
2022-04-07,10950,0.026789999999999998
2022-04-08,1,0.0033
2022-04-08,30,0.001749
2022-04-08,91,0.006804
2022-04-08,182,0.011393
2022-04-08,365,0.0181
2022-04-08,730,0.025115
2022-04-08,1095,0.027254
2022-04-08,1825,0.027559999999999998
2022-04-08,3650,0.027000000000000003
2022-04-08,10950,0.027181999999999998
2022-04-11,1,0.0033
2022-04-11,30,0.0019270000000000001
2022-04-11,91,0.0069310000000000005
2022-04-11,182,0.011342000000000001
2022-04-11,365,0.018500000000000003
2022-04-11,730,0.024975
2022-04-11,1095,0.027205
2022-04-11,1825,0.02791
2022-04-11,3650,0.027801
2022-04-11,10950,0.028083999999999998
2022-04-12,1,0.0033
2022-04-12,30,0.001572
2022-04-12,91,0.007034
2022-04-12,182,0.011651
2022-04-12,365,0.0177
2022-04-12,730,0.024054000000000002
2022-04-12,1095,0.026222
2022-04-12,1825,0.0269
2022-04-12,3650,0.027212999999999998
2022-04-12,10950,0.028092000000000002
2022-04-13,1,0.0033
2022-04-13,30,0.0019270000000000001
2022-04-13,91,0.007364000000000001
2022-04-13,182,0.011523
2022-04-13,365,0.0178
2022-04-13,730,0.023481000000000002
2022-04-13,1095,0.025649
2022-04-13,1825,0.026539999999999998
2022-04-13,3650,0.026987
2022-04-13,10950,0.028109000000000002
2022-04-14,1,0.0033
2022-04-14,30,0.002104
2022-04-14,91,0.007491
2022-04-14,182,0.012034
2022-04-14,365,0.0184
2022-04-14,730,0.024539
2022-04-14,1095,0.026796
2022-04-14,1825,0.02788
2022-04-14,3650,0.028275
2022-04-14,10950,0.029147
2022-04-15,1,0.0033
2022-04-15,30,0.003017
2022-04-15,91,0.007491
2022-04-15,182,0.012034
2022-04-15,365,0.0184
2022-04-15,730,0.024539
2022-04-15,1095,0.026796
2022-04-15,1825,0.02788
2022-04-15,3650,0.028275
2022-04-15,10950,0.029147
2022-04-18,1,0.0033
2022-04-18,30,0.003524
2022-04-18,91,0.007592
2022-04-18,182,0.012162
2022-04-18,365,0.0184
2022-04-18,730,0.02448
2022-04-18,1095,0.026742
2022-04-18,1825,0.02791
2022-04-18,3650,0.028527
2022-04-18,10950,0.029407000000000003
2022-04-19,1,0.0033
2022-04-19,30,0.002916
2022-04-19,91,0.007899
2022-04-19,182,0.012702999999999999
2022-04-19,365,0.0194
2022-04-19,730,0.025915
2022-04-19,1095,0.028199000000000002
2022-04-19,1825,0.02918
2022-04-19,3650,0.029361
2022-04-19,10950,0.029949
2022-04-20,1,0.0033
2022-04-20,30,0.002763
2022-04-20,91,0.008076999999999999
2022-04-20,182,0.0126
2022-04-20,365,0.019299999999999998
2022-04-20,730,0.025752999999999998
2022-04-20,1095,0.027842
2022-04-20,1825,0.02862
2022-04-20,3650,0.028319999999999998
2022-04-20,10950,0.02872
2022-04-21,1,0.0033
2022-04-21,30,0.0028899999999999998
2022-04-21,91,0.007873
2022-04-21,182,0.012728
2022-04-21,365,0.020099999999999996
2022-04-21,730,0.026822
2022-04-21,1095,0.028865
2022-04-21,1825,0.029759999999999998
2022-04-21,3650,0.029095
2022-04-21,10950,0.029278
2022-04-22,1,0.0033
2022-04-22,30,0.003955
2022-04-22,91,0.0076690000000000005
2022-04-22,182,0.012905999999999999
2022-04-22,365,0.0206
2022-04-22,730,0.026671999999999998
2022-04-22,1095,0.028539
2022-04-22,1825,0.02933
2022-04-22,3650,0.028987
2022-04-22,10950,0.029443999999999998
2022-04-25,1,0.0033
2022-04-25,30,0.003245
2022-04-25,91,0.007923
2022-04-25,182,0.012855
2022-04-25,365,0.0203
2022-04-25,730,0.026257000000000003
2022-04-25,1095,0.028069999999999998
2022-04-25,1825,0.028610000000000003
2022-04-25,3650,0.028197999999999997
2022-04-25,10950,0.028884
2022-04-26,1,0.0033
2022-04-26,30,0.003068
2022-04-26,91,0.007796999999999999
2022-04-26,182,0.013576
2022-04-26,365,0.0199
2022-04-26,730,0.024773
2022-04-26,1095,0.026551
2022-04-26,1825,0.02735
2022-04-26,3650,0.027205
2022-04-26,10950,0.028274
2022-04-27,1,0.0033
2022-04-27,30,0.002865
2022-04-27,91,0.008153
2022-04-27,182,0.01355
2022-04-27,365,0.0197
2022-04-27,730,0.025910000000000002
2022-04-27,1095,0.027519000000000002
2022-04-27,1825,0.02831
2022-04-27,3650,0.028318
2022-04-27,10950,0.029212
2022-04-28,1,0.0033
2022-04-28,30,0.0023580000000000003
2022-04-28,91,0.008026
2022-04-28,182,0.013576
2022-04-28,365,0.0204
2022-04-28,730,0.026173000000000002
2022-04-28,1095,0.027741
2022-04-28,1825,0.028399999999999998
2022-04-28,3650,0.028224
2022-04-28,10950,0.028928
2022-04-29,1,0.0033
2022-04-29,30,0.002966
2022-04-29,91,0.008229
2022-04-29,182,0.013959
2022-04-29,365,0.021
2022-04-29,730,0.027146
2022-04-29,1095,0.028859
2022-04-29,1825,0.02957
2022-04-29,3650,0.029336
2022-04-29,10950,0.029972
2022-05-02,1,0.0033
2022-05-02,30,0.003626
2022-05-02,91,0.0076939999999999995
2022-05-02,182,0.013907000000000001
2022-05-02,365,0.021
2022-05-02,730,0.027312
2022-05-02,1095,0.029336
2022-05-02,1825,0.030059999999999996
2022-05-02,3650,0.029807
2022-05-02,10950,0.030327000000000003
2022-05-03,1,0.0033
2022-05-03,30,0.003499
2022-05-03,91,0.008942
2022-05-03,182,0.014065000000000001
2022-05-03,365,0.0216
2022-05-03,730,0.027824
2022-05-03,1095,0.029674999999999997
2022-05-03,1825,0.03023
2022-05-03,3650,0.029712000000000002
2022-05-03,10950,0.030088
2022-05-04,1,0.0033
2022-05-04,30,0.003828
2022-05-04,91,0.008509
2022-05-04,182,0.013627
2022-05-04,365,0.0207
2022-05-04,730,0.026421
2022-05-04,1095,0.028222999999999998
2022-05-04,1825,0.029140000000000003
2022-05-04,3650,0.029344000000000002
2022-05-04,10950,0.030345
2022-05-05,1,0.0083
2022-05-05,30,0.003473
2022-05-05,91,0.008102
2022-05-05,182,0.013036
2022-05-05,365,0.0208
2022-05-05,730,0.027034
2022-05-05,1095,0.029091999999999996
2022-05-05,1825,0.0301
2022-05-05,3650,0.030365000000000003
2022-05-05,10950,0.031192
2022-05-06,1,0.0083
2022-05-06,30,0.004184
2022-05-06,91,0.008127
2022-05-06,182,0.013111999999999999
2022-05-06,365,0.0208
2022-05-06,730,0.027308
2022-05-06,1095,0.029577
2022-05-06,1825,0.03079
2022-05-06,3650,0.031265
2022-05-06,10950,0.032254
2022-05-09,1,0.0083
2022-05-09,30,0.004184
2022-05-09,91,0.007999000000000001
2022-05-09,182,0.013033999999999999
2022-05-09,365,0.0199
2022-05-09,730,0.025938
2022-05-09,1095,0.028119
2022-05-09,1825,0.02948
2022-05-09,3650,0.030337999999999997
2022-05-09,10950,0.031504
2022-05-10,1,0.0083
2022-05-10,30,0.004919
2022-05-10,91,0.008764
2022-05-10,182,0.013987000000000001
2022-05-10,365,0.020099999999999996
2022-05-10,730,0.026124
2022-05-10,1095,0.02798
2022-05-10,1825,0.02916
2022-05-10,3650,0.029908
2022-05-10,10950,0.031231
2022-05-11,1,0.0083
2022-05-11,30,0.004868
2022-05-11,91,0.008866
2022-05-11,182,0.013859
2022-05-11,365,0.0199
2022-05-11,730,0.026371000000000002
2022-05-11,1095,0.028266
2022-05-11,1825,0.02897
2022-05-11,3650,0.029207
2022-05-11,10950,0.030455999999999997
2022-05-12,1,0.0083
2022-05-12,30,0.005046
2022-05-12,91,0.009273
2022-05-12,182,0.014114999999999999
2022-05-12,365,0.0196
2022-05-12,730,0.025592
2022-05-12,1095,0.0275
2022-05-12,1825,0.028220000000000002
2022-05-12,3650,0.028479
2022-05-12,10950,0.030154
2022-05-13,1,0.0083
2022-05-13,30,0.005959
2022-05-13,91,0.009425
2022-05-13,182,0.014165
2022-05-13,365,0.0204
2022-05-13,730,0.025779999999999997
2022-05-13,1095,0.027746
2022-05-13,1825,0.02867
2022-05-13,3650,0.029185
2022-05-13,10950,0.030785999999999997
2022-05-16,1,0.0083
2022-05-16,30,0.005679999999999999
2022-05-16,91,0.009807
2022-05-16,182,0.014523999999999999
2022-05-16,365,0.0207
2022-05-16,730,0.025698
2022-05-16,1095,0.0275
2022-05-16,1825,0.02827
2022-05-16,3650,0.028822
2022-05-16,10950,0.030983999999999998
2022-05-17,1,0.0083
2022-05-17,30,0.005274
2022-05-17,91,0.010394
2022-05-17,182,0.015041
2022-05-17,365,0.0216
2022-05-17,730,0.027003
2022-05-17,1095,0.028927
2022-05-17,1825,0.02965
2022-05-17,3650,0.02986
2022-05-17,10950,0.031778
2022-05-18,1,0.0083
2022-05-18,30,0.00431
2022-05-18,91,0.009986
2022-05-18,182,0.015093
2022-05-18,365,0.0216
2022-05-18,730,0.026694
2022-05-18,1095,0.028378
2022-05-18,1825,0.028929999999999997
2022-05-18,3650,0.028839999999999998
2022-05-18,10950,0.030647
2022-05-19,1,0.0083
2022-05-19,30,0.004133
2022-05-19,91,0.009833
2022-05-19,182,0.014681
2022-05-19,365,0.021099999999999997
2022-05-19,730,0.026073
2022-05-19,1095,0.027719
2022-05-19,1825,0.02842
2022-05-19,3650,0.028370000000000003
2022-05-19,10950,0.030491
2022-05-20,1,0.0083
2022-05-20,30,0.005706
2022-05-20,91,0.010086999999999999
2022-05-20,182,0.014628
2022-05-20,365,0.0207
2022-05-20,730,0.025807000000000004
2022-05-20,1095,0.027279
2022-05-20,1825,0.02801
2022-05-20,3650,0.027811
2022-05-20,10950,0.029859
2022-05-23,1,0.0083
2022-05-23,30,0.005046
2022-05-23,91,0.009858
2022-05-23,182,0.014833
2022-05-23,365,0.0209
2022-05-23,730,0.026204
2022-05-23,1095,0.027856000000000002
2022-05-23,1825,0.028690000000000004
2022-05-23,3650,0.028513999999999998
2022-05-23,10950,0.030524
2022-05-24,1,0.0083
2022-05-24,30,0.004588999999999999
2022-05-24,91,0.010394
2022-05-24,182,0.014759
2022-05-24,365,0.0202
2022-05-24,730,0.024787
2022-05-24,1095,0.026536
2022-05-24,1825,0.02743
2022-05-24,3650,0.027506
2022-05-24,10950,0.029667
2022-05-25,1,0.0083
2022-05-25,30,0.004588999999999999
2022-05-25,91,0.010394
2022-05-25,182,0.014656
2022-05-25,365,0.020099999999999996
2022-05-25,730,0.024918999999999997
2022-05-25,1095,0.026314999999999998
2022-05-25,1825,0.02721
2022-05-25,3650,0.027452
2022-05-25,10950,0.029691000000000002
2022-05-26,1,0.0083
2022-05-26,30,0.004336
2022-05-26,91,0.010317
2022-05-26,182,0.014681
2022-05-26,365,0.0199
2022-05-26,730,0.024758
2022-05-26,1095,0.026231
2022-05-26,1825,0.02711
2022-05-26,3650,0.027469
2022-05-26,10950,0.029819
2022-05-27,1,0.0083
2022-05-27,30,0.006745999999999999
2022-05-27,91,0.010316
2022-05-27,182,0.014910000000000001
2022-05-27,365,0.020099999999999996
2022-05-27,730,0.024758
2022-05-27,1095,0.026337000000000003
2022-05-27,1825,0.02718
2022-05-27,3650,0.027378
2022-05-27,10950,0.029634999999999998
2022-05-30,1,0.0083
2022-05-30,30,0.006745999999999999
2022-05-30,91,0.010316
2022-05-30,182,0.014910000000000001
2022-05-30,365,0.020099999999999996
2022-05-30,730,0.024758
2022-05-30,1095,0.026337000000000003
2022-05-30,1825,0.02718
2022-05-30,3650,0.027378
2022-05-30,10950,0.029634999999999998
2022-05-31,1,0.0083
2022-05-31,30,0.007025
2022-05-31,91,0.010391999999999998
2022-05-31,182,0.015552999999999999
2022-05-31,365,0.0208
2022-05-31,730,0.025565
2022-05-31,1095,0.027248
2022-05-31,1825,0.0282
2022-05-31,3650,0.028441
2022-05-31,10950,0.030451000000000002
2022-06-01,1,0.0083
2022-06-01,30,0.007481
2022-06-01,91,0.011158
2022-06-01,182,0.016071
2022-06-01,365,0.0216
2022-06-01,730,0.026416
2022-06-01,1095,0.028218999999999998
2022-06-01,1825,0.029169999999999998
2022-06-01,3650,0.029058
2022-06-01,10950,0.030566
2022-06-02,1,0.0083
2022-06-02,30,0.007228
2022-06-02,91,0.011158
2022-06-02,182,0.016045
2022-06-02,365,0.0215
2022-06-02,730,0.026296
2022-06-02,1095,0.028192
2022-06-02,1825,0.0291
2022-06-02,3650,0.029076
2022-06-02,10950,0.030747
2022-06-03,1,0.0083
2022-06-03,30,0.0070750000000000006
2022-06-03,91,0.01131
2022-06-03,182,0.016223
2022-06-03,365,0.0218
2022-06-03,730,0.026525
2022-06-03,1095,0.028472
2022-06-03,1825,0.02935
2022-06-03,3650,0.029331999999999997
2022-06-03,10950,0.030861999999999997
2022-06-06,1,0.0083
2022-06-06,30,0.006999
2022-06-06,91,0.011819
2022-06-06,182,0.016789000000000002
2022-06-06,365,0.0223
2022-06-06,730,0.027261999999999998
2022-06-06,1095,0.029313
2022-06-06,1825,0.030350000000000002
2022-06-06,3650,0.030399
2022-06-06,10950,0.031959
2022-06-07,1,0.0083
2022-06-07,30,0.008369999999999999
2022-06-07,91,0.012459
2022-06-07,182,0.017334000000000002
2022-06-07,365,0.0226
2022-06-07,730,0.027265
2022-06-07,1095,0.029089999999999998
2022-06-07,1825,0.02986
2022-06-07,3650,0.029736
2022-06-07,10950,0.031236
2022-06-08,1,0.0083
2022-06-08,30,0.008369999999999999
2022-06-08,91,0.012357
2022-06-08,182,0.01754
2022-06-08,365,0.0229
2022-06-08,730,0.027739
2022-06-08,1095,0.029571999999999998
2022-06-08,1825,0.03032
2022-06-08,3650,0.030215000000000002
2022-06-08,10950,0.031714
2022-06-09,1,0.0083
2022-06-09,30,0.008572
2022-06-09,91,0.012535000000000001
2022-06-09,182,0.017875000000000002
2022-06-09,365,0.0235
2022-06-09,730,0.028113000000000003
2022-06-09,1095,0.030011999999999997
2022-06-09,1825,0.03065
2022-06-09,3650,0.030417999999999997
2022-06-09,10950,0.03163
2022-06-10,1,0.0083
2022-06-10,30,0.010071000000000002
2022-06-10,91,0.013018
2022-06-10,182,0.019188
2022-06-10,365,0.0258
2022-06-10,730,0.030632000000000003
2022-06-10,1095,0.032357
2022-06-10,1825,0.03259
2022-06-10,3650,0.031555
2022-06-10,10950,0.031935
2022-06-13,1,0.0083
2022-06-13,30,0.010755999999999998
2022-06-13,91,0.01534
2022-06-13,182,0.022342
2022-06-13,365,0.028900000000000002
2022-06-13,730,0.033541
2022-06-13,1095,0.034861
2022-06-13,1825,0.03483
2022-06-13,3650,0.033597999999999996
2022-06-13,10950,0.033476
2022-06-14,1,0.0083
2022-06-14,30,0.010629
2022-06-14,91,0.017337
2022-06-14,182,0.023516
2022-06-14,365,0.0315
2022-06-14,730,0.034267
2022-06-14,1095,0.035897
2022-06-14,1825,0.035910000000000004
2022-06-14,3650,0.034733
2022-06-14,10950,0.034243
2022-06-15,1,0.0083
2022-06-15,30,0.010679000000000001
2022-06-15,91,0.015879
2022-06-15,182,0.021883
2022-06-15,365,0.029300000000000003
2022-06-15,730,0.031908
2022-06-15,1095,0.033499
2022-06-15,1825,0.03367
2022-06-15,3650,0.032839
2022-06-15,10950,0.033283
2022-06-16,1,0.0158
2022-06-16,30,0.009334
2022-06-16,91,0.014908
2022-06-16,182,0.021596999999999998
2022-06-16,365,0.0288
2022-06-16,730,0.030933000000000002
2022-06-16,1095,0.032807
2022-06-16,1825,0.03286
2022-06-16,3650,0.031952
2022-06-16,10950,0.032473999999999996
2022-06-17,1,0.0158
2022-06-17,30,0.011162
2022-06-17,91,0.015646
2022-06-17,182,0.02198
2022-06-17,365,0.0286
2022-06-17,730,0.031785
2022-06-17,1095,0.033491
2022-06-17,1825,0.03344
2022-06-17,3650,0.032256
2022-06-17,10950,0.032795
2022-06-20,1,0.0158
2022-06-20,30,0.011162
2022-06-20,91,0.015646
2022-06-20,182,0.02198
2022-06-20,365,0.0286
2022-06-20,730,0.031785
2022-06-20,1095,0.033491
2022-06-20,1825,0.03344
2022-06-20,3650,0.032256
2022-06-20,10950,0.032795
2022-06-21,1,0.0158
2022-06-21,30,0.010145999999999999
2022-06-21,91,0.015186
2022-06-21,182,0.023455
2022-06-21,365,0.0292
2022-06-21,730,0.031963
2022-06-21,1095,0.033467
2022-06-21,1825,0.033639999999999996
2022-06-21,3650,0.032749
2022-06-21,10950,0.033372
2022-06-22,1,0.0158
2022-06-22,30,0.00875
2022-06-22,91,0.015266
2022-06-22,182,0.023620000000000002
2022-06-22,365,0.0279
2022-06-22,730,0.030559
2022-06-22,1095,0.031991
2022-06-22,1825,0.03232
2022-06-22,3650,0.031561
2022-06-22,10950,0.032492
2022-06-23,1,0.0158
2022-06-23,30,0.009791
2022-06-23,91,0.015700000000000002
2022-06-23,182,0.023722
2022-06-23,365,0.0278
2022-06-23,730,0.030144999999999998
2022-06-23,1095,0.031213
2022-06-23,1825,0.03147
2022-06-23,3650,0.03087
2022-06-23,10950,0.031996000000000004
2022-06-24,1,0.0158
2022-06-24,30,0.010960000000000001
2022-06-24,91,0.016311
2022-06-24,182,0.024392
2022-06-24,365,0.028300000000000002
2022-06-24,730,0.030632000000000003
2022-06-24,1095,0.03147
2022-06-24,1825,0.031869999999999996
2022-06-24,3650,0.031301
2022-06-24,10950,0.032570999999999996
2022-06-27,1,0.0158
2022-06-27,30,0.011086
2022-06-27,91,0.016412
2022-06-27,182,0.024935
2022-06-27,365,0.028900000000000002
2022-06-27,730,0.031212
2022-06-27,1095,0.03206
2022-06-27,1825,0.03257
2022-06-27,3650,0.031997
2022-06-27,10950,0.033119
2022-06-28,1,0.0158
2022-06-28,30,0.010553
2022-06-28,91,0.01703
2022-06-28,182,0.024346999999999997
2022-06-28,365,0.0288
2022-06-28,730,0.031096
2022-06-28,1095,0.032007
2022-06-28,1825,0.03234
2022-06-28,3650,0.031715
2022-06-28,10950,0.032788
2022-06-29,1,0.0158
2022-06-29,30,0.00974
2022-06-29,91,0.016748
2022-06-29,182,0.02484
2022-06-29,365,0.0288
2022-06-29,730,0.030385
2022-06-29,1095,0.031086
2022-06-29,1825,0.03144
2022-06-29,3650,0.030891000000000002
2022-06-29,10950,0.032185
2022-06-30,1,0.0158
2022-06-30,30,0.009461
2022-06-30,91,0.016262000000000002
2022-06-30,182,0.024579
2022-06-30,365,0.027999999999999997
2022-06-30,730,0.029533
2022-06-30,1095,0.030082
2022-06-30,1825,0.0304
2022-06-30,3650,0.030129000000000003
2022-06-30,10950,0.031827
2022-07-01,1,0.0158
2022-07-01,30,0.012432
2022-07-01,91,0.016387
2022-07-01,182,0.024442
2022-07-01,365,0.0279
2022-07-01,730,0.028329
2022-07-01,1095,0.028523999999999997
2022-07-01,1825,0.02879
2022-07-01,3650,0.028803000000000002
2022-07-01,10950,0.031031
2022-07-04,1,0.0158
2022-07-04,30,0.012432
2022-07-04,91,0.016387
2022-07-04,182,0.024442
2022-07-04,365,0.0279
2022-07-04,730,0.028329
2022-07-04,1095,0.028523999999999997
2022-07-04,1825,0.02879
2022-07-04,3650,0.028803000000000002
2022-07-04,10950,0.031031
2022-07-05,1,0.0158
2022-07-05,30,0.011897999999999999
2022-07-05,91,0.016692
2022-07-05,182,0.024882
2022-07-05,365,0.0277
2022-07-05,730,0.028184
2022-07-05,1095,0.028245
2022-07-05,1825,0.02819
2022-07-05,3650,0.028054000000000003
2022-07-05,10950,0.030396999999999997
2022-07-06,1,0.0158
2022-07-06,30,0.011923
2022-07-06,91,0.018359
2022-07-06,182,0.025412
2022-07-06,365,0.0282
2022-07-06,730,0.030018
2022-07-06,1095,0.030116
2022-07-06,1825,0.02981
2022-07-06,3650,0.02928
2022-07-06,10950,0.031181
2022-07-07,1,0.0158
2022-07-07,30,0.011872
2022-07-07,91,0.018588
2022-07-07,182,0.0258
2022-07-07,365,0.0287
2022-07-07,730,0.030141
2022-07-07,1095,0.030398
2022-07-07,1825,0.03034
2022-07-07,3650,0.029945
2022-07-07,10950,0.031845
2022-07-08,1,0.0158
2022-07-08,30,0.014592
2022-07-08,91,0.018841
2022-07-08,182,0.026080000000000002
2022-07-08,365,0.0296
2022-07-08,730,0.031046999999999998
2022-07-08,1095,0.031389
2022-07-08,1825,0.03125
2022-07-08,3650,0.030802999999999997
2022-07-08,10950,0.032436
2022-07-11,1,0.0158
2022-07-11,30,0.015047999999999999
2022-07-11,91,0.019991000000000002
2022-07-11,182,0.026806
2022-07-11,365,0.0297
2022-07-11,730,0.030718000000000002
2022-07-11,1095,0.031052
2022-07-11,1825,0.03057
2022-07-11,3650,0.029928
2022-07-11,10950,0.031744
2022-07-12,1,0.0158
2022-07-12,30,0.014767999999999998
2022-07-12,91,0.021483
2022-07-12,182,0.027155
2022-07-12,365,0.030699999999999998
2022-07-12,730,0.030491
2022-07-12,1095,0.030823999999999997
2022-07-12,1825,0.03019
2022-07-12,3650,0.029687
2022-07-12,10950,0.031618
2022-07-13,1,0.0158
2022-07-13,30,0.015682
2022-07-13,91,0.023148
2022-07-13,182,0.028744000000000002
2022-07-13,365,0.0321
2022-07-13,730,0.031547
2022-07-13,1095,0.031512
2022-07-13,1825,0.030299999999999997
2022-07-13,3650,0.029336
2022-07-13,10950,0.031181999999999998
2022-07-14,1,0.0158
2022-07-14,30,0.015173
2022-07-14,91,0.023249
2022-07-14,182,0.028454999999999998
2022-07-14,365,0.0316
2022-07-14,730,0.031321
2022-07-14,1095,0.031567
2022-07-14,1825,0.030670000000000003
2022-07-14,3650,0.029594999999999996
2022-07-14,10950,0.03104
2022-07-15,1,0.0158
2022-07-15,30,0.017794
2022-07-15,91,0.022886000000000004
2022-07-15,182,0.028475
2022-07-15,365,0.031200000000000002
2022-07-15,730,0.031201
2022-07-15,1095,0.031267
2022-07-15,1825,0.030369999999999998
2022-07-15,3650,0.029152
2022-07-15,10950,0.030751
2022-07-18,1,0.0158
2022-07-18,30,0.018403
2022-07-18,91,0.022936
2022-07-18,182,0.029072
2022-07-18,365,0.0313
2022-07-18,730,0.031744
2022-07-18,1095,0.031766
2022-07-18,1825,0.03105
2022-07-18,3650,0.029855
2022-07-18,10950,0.031551
2022-07-19,1,0.0158
2022-07-19,30,0.017843
2022-07-19,91,0.024432
2022-07-19,182,0.029866
2022-07-19,365,0.0318
2022-07-19,730,0.032374
2022-07-19,1095,0.032376999999999996
2022-07-19,1825,0.03154
2022-07-19,3650,0.030209
2022-07-19,10950,0.031745999999999996
2022-07-20,1,0.0158
2022-07-20,30,0.017816000000000002
2022-07-20,91,0.024405
2022-07-20,182,0.02971
2022-07-20,365,0.0318
2022-07-20,730,0.032271999999999995
2022-07-20,1095,0.032240000000000005
2022-07-20,1825,0.03165
2022-07-20,3650,0.030265
2022-07-20,10950,0.031585
2022-07-21,1,0.0158
2022-07-21,30,0.017612000000000003
2022-07-21,91,0.024095
2022-07-21,182,0.029342
2022-07-21,365,0.0311
2022-07-21,730,0.03085
2022-07-21,1095,0.030579000000000002
2022-07-21,1825,0.02984
2022-07-21,3650,0.028746999999999998
2022-07-21,10950,0.030423
2022-07-22,1,0.0158
2022-07-22,30,0.020412
2022-07-22,91,0.023783
2022-07-22,182,0.029022000000000003
2022-07-22,365,0.0301
2022-07-22,730,0.0297
2022-07-22,1095,0.029142
2022-07-22,1825,0.02844
2022-07-22,3650,0.027504
2022-07-22,10950,0.029716999999999997
2022-07-25,1,0.0158
2022-07-25,30,0.020996
2022-07-25,91,0.024422000000000003
2022-07-25,182,0.029411
2022-07-25,365,0.030699999999999998
2022-07-25,730,0.030160999999999997
2022-07-25,1095,0.029666
2022-07-25,1825,0.028820000000000002
2022-07-25,3650,0.027959
2022-07-25,10950,0.030162
2022-07-26,1,0.0158
2022-07-26,30,0.021147
2022-07-26,91,0.02474
2022-07-26,182,0.028980000000000002
2022-07-26,365,0.030600000000000002
2022-07-26,730,0.030528
2022-07-26,1095,0.030053
2022-07-26,1825,0.02904
2022-07-26,3650,0.028068
2022-07-26,10950,0.030268000000000003
2022-07-27,1,0.0158
2022-07-27,30,0.020916999999999998
2022-07-27,91,0.023687
2022-07-27,182,0.02864
2022-07-27,365,0.03
2022-07-27,730,0.029979
2022-07-27,1095,0.029470999999999997
2022-07-27,1825,0.02844
2022-07-27,3650,0.027849
2022-07-27,10950,0.030653
2022-07-28,1,0.0233
2022-07-28,30,0.021119
2022-07-28,91,0.023275
2022-07-28,182,0.027804000000000002
2022-07-28,365,0.029300000000000003
2022-07-28,730,0.028622
2022-07-28,1095,0.027978
2022-07-28,1825,0.027000000000000003
2022-07-28,3650,0.026758999999999998
2022-07-28,10950,0.030227
2022-07-29,1,0.0232
2022-07-29,30,0.021226
2022-07-29,91,0.023168
2022-07-29,182,0.028370000000000003
2022-07-29,365,0.0298
2022-07-29,730,0.028843999999999998
2022-07-29,1095,0.028055
2022-07-29,1825,0.026779999999999998
2022-07-29,3650,0.026486999999999997
2022-07-29,10950,0.030097
2022-08-01,1,0.0233
2022-08-01,30,0.021478999999999998
2022-08-01,91,0.023090000000000003
2022-08-01,182,0.028003999999999998
2022-08-01,365,0.0298
2022-08-01,730,0.028700999999999997
2022-08-01,1095,0.027942
2022-08-01,1825,0.02637
2022-08-01,3650,0.025731999999999998
2022-08-01,10950,0.029143
2022-08-02,1,0.0233
2022-08-02,30,0.021554000000000004
2022-08-02,91,0.024355
2022-08-02,182,0.029684
2022-08-02,365,0.030899999999999997
2022-08-02,730,0.030508
2022-08-02,1095,0.03008
2022-08-02,1825,0.02855
2022-08-02,3650,0.027483
2022-08-02,10950,0.030064999999999998
2022-08-03,1,0.0233
2022-08-03,30,0.020815999999999998
2022-08-03,91,0.024328
2022-08-03,182,0.029292
2022-08-03,365,0.031400000000000004
2022-08-03,730,0.030651
2022-08-03,1095,0.03008
2022-08-03,1825,0.02827
2022-08-03,3650,0.027046
2022-08-03,10950,0.029453
2022-08-04,1,0.0233
2022-08-04,30,0.020484
2022-08-04,91,0.023967000000000002
2022-08-04,182,0.029289999999999997
2022-08-04,365,0.0311
2022-08-04,730,0.030427
2022-08-04,1095,0.029773
2022-08-04,1825,0.02794
2022-08-04,3650,0.026883
2022-08-04,10950,0.029653
2022-08-05,1,0.0233
2022-08-05,30,0.020845
2022-08-05,91,0.024706000000000002
2022-08-05,182,0.030299999999999997
2022-08-05,365,0.0329
2022-08-05,730,0.032257
2022-08-05,1095,0.031709
2022-08-05,1825,0.029580000000000002
2022-08-05,3650,0.028268
2022-08-05,10950,0.030662
2022-08-08,1,0.0233
2022-08-08,30,0.021147999999999997
2022-08-08,91,0.024961
2022-08-08,182,0.030507
2022-08-08,365,0.033
2022-08-08,730,0.032053
2022-08-08,1095,0.031400000000000004
2022-08-08,1825,0.029089999999999998
2022-08-08,3650,0.027572
2022-08-08,10950,0.029847000000000002
2022-08-09,1,0.0233
2022-08-09,30,0.0213
2022-08-09,91,0.025613
2022-08-09,182,0.031016
2022-08-09,365,0.0333
2022-08-09,730,0.032696
2022-08-09,1095,0.03205
2022-08-09,1825,0.02963
2022-08-09,3650,0.027773
2022-08-09,10950,0.029895
2022-08-10,1,0.0233
2022-08-10,30,0.021324
2022-08-10,91,0.025688
2022-08-10,182,0.030284
2022-08-10,365,0.0326
2022-08-10,730,0.032141
2022-08-10,1095,0.031442
2022-08-10,1825,0.02924
2022-08-10,3650,0.027809
2022-08-10,10950,0.030326
2022-08-11,1,0.0233
2022-08-11,30,0.020967
2022-08-11,91,0.025147
2022-08-11,182,0.030203
2022-08-11,365,0.0325
2022-08-11,730,0.032185
2022-08-11,1095,0.031718
2022-08-11,1825,0.02988
2022-08-11,3650,0.028876
2022-08-11,10950,0.031749
2022-08-12,1,0.0233
2022-08-12,30,0.020870000000000003
2022-08-12,91,0.025168
2022-08-12,182,0.030248
2022-08-12,365,0.0326
2022-08-12,730,0.032422
2022-08-12,1095,0.0318
2022-08-12,1825,0.02957
2022-08-12,3650,0.028312
2022-08-12,10950,0.031078
2022-08-15,1,0.0233
2022-08-15,30,0.021682999999999997
2022-08-15,91,0.025371
2022-08-15,182,0.030402
2022-08-15,365,0.0323
2022-08-15,730,0.031821
2022-08-15,1095,0.031112
2022-08-15,1825,0.029009999999999998
2022-08-15,3650,0.027878
2022-08-15,10950,0.031013000000000002
2022-08-16,1,0.0233
2022-08-16,30,0.021402
2022-08-16,91,0.02587
2022-08-16,182,0.030859
2022-08-16,365,0.0326
2022-08-16,730,0.032574
2022-08-16,1095,0.032021
2022-08-16,1825,0.02955
2022-08-16,3650,0.028041
2022-08-16,10950,0.030891000000000002
2022-08-17,1,0.0233
2022-08-17,30,0.021070000000000002
2022-08-17,91,0.026073
2022-08-17,182,0.030807
2022-08-17,365,0.0327
2022-08-17,730,0.032848
2022-08-17,1095,0.032769
2022-08-17,1825,0.030520000000000002
2022-08-17,3650,0.028967999999999997
2022-08-17,10950,0.031513
2022-08-18,1,0.0233
2022-08-18,30,0.020713
2022-08-18,91,0.0262
2022-08-18,182,0.030726
2022-08-18,365,0.032400000000000005
2022-08-18,730,0.031974
2022-08-18,1095,0.032244
2022-08-18,1825,0.030289999999999997
2022-08-18,3650,0.028822
2022-08-18,10950,0.031365
2022-08-19,1,0.0233
2022-08-19,30,0.020819
2022-08-19,91,0.026451
2022-08-19,182,0.030926999999999996
2022-08-19,365,0.0326
2022-08-19,730,0.032338
2022-08-19,1095,0.032606
2022-08-19,1825,0.03094
2022-08-19,3650,0.029721
2022-08-19,10950,0.03212
2022-08-22,1,0.0233
2022-08-22,30,0.02153
2022-08-22,91,0.026962
2022-08-22,182,0.031551
2022-08-22,365,0.0332
2022-08-22,730,0.033098
2022-08-22,1095,0.033498
2022-08-22,1825,0.03159
2022-08-22,3650,0.030146000000000003
2022-08-22,10950,0.032255
2022-08-23,1,0.0233
2022-08-23,30,0.021402
2022-08-23,91,0.026694
2022-08-23,182,0.031225999999999997
2022-08-23,365,0.0329
2022-08-23,730,0.032997
2022-08-23,1095,0.033416
2022-08-23,1825,0.03167
2022-08-23,3650,0.030461000000000002
2022-08-23,10950,0.032549999999999996
2022-08-24,1,0.0233
2022-08-24,30,0.021197
2022-08-24,91,0.027360000000000002
2022-08-24,182,0.031983000000000004
2022-08-24,365,0.0335
2022-08-24,730,0.033905
2022-08-24,1095,0.033921
2022-08-24,1825,0.03234
2022-08-24,3650,0.031038999999999997
2022-08-24,10950,0.033123
2022-08-25,1,0.0233
2022-08-25,30,0.021526
2022-08-25,91,0.027846000000000003
2022-08-25,182,0.031981
2022-08-25,365,0.0333
2022-08-25,730,0.033660999999999996
2022-08-25,1095,0.033587
2022-08-25,1825,0.03153
2022-08-25,3650,0.030257999999999997
2022-08-25,10950,0.032407
2022-08-26,1,0.0233
2022-08-26,30,0.022371
2022-08-26,91,0.028173
2022-08-26,182,0.032050999999999996
2022-08-26,365,0.0336
2022-08-26,730,0.033965999999999996
2022-08-26,1095,0.033929999999999995
2022-08-26,1825,0.03207
2022-08-26,3650,0.030409000000000002
2022-08-26,10950,0.031920000000000004
2022-08-29,1,0.0233
2022-08-29,30,0.023056
2022-08-29,91,0.028531
2022-08-29,182,0.032701
2022-08-29,365,0.034300000000000004
2022-08-29,730,0.034232
2022-08-29,1095,0.034409999999999996
2022-08-29,1825,0.03254
2022-08-29,3650,0.031024
2022-08-29,10950,0.032399
2022-08-30,1,0.0233
2022-08-30,30,0.023207
2022-08-30,91,0.028567999999999996
2022-08-30,182,0.03324
2022-08-30,365,0.0348
2022-08-30,730,0.034416
2022-08-30,1095,0.034638
2022-08-30,1825,0.03267
2022-08-30,3650,0.031025
2022-08-30,10950,0.032155
2022-08-31,1,0.0233
2022-08-31,30,0.022214
2022-08-31,91,0.029003
2022-08-31,182,0.033318
2022-08-31,365,0.035
2022-08-31,730,0.034929
2022-08-31,1095,0.035149
2022-08-31,1825,0.033530000000000004
2022-08-31,3650,0.031926
2022-08-31,10950,0.032926000000000004
2022-09-01,1,0.0233
2022-09-01,30,0.02267
2022-09-01,91,0.029077000000000002
2022-09-01,182,0.033603999999999995
2022-09-01,365,0.0351
2022-09-01,730,0.034994
2022-09-01,1095,0.035378
2022-09-01,1825,0.03399
2022-09-01,3650,0.032533
2022-09-01,10950,0.033609
2022-09-02,1,0.0233
2022-09-02,30,0.024302999999999998
2022-09-02,91,0.028657
2022-09-02,182,0.033014999999999996
2022-09-02,365,0.0347
2022-09-02,730,0.033873
2022-09-02,1095,0.034258000000000004
2022-09-02,1825,0.03294
2022-09-02,3650,0.031894
2022-09-02,10950,0.033435
2022-09-05,1,0.0233
2022-09-05,30,0.024302999999999998
2022-09-05,91,0.028657
2022-09-05,182,0.033014999999999996
2022-09-05,365,0.0347
2022-09-05,730,0.033873
2022-09-05,1095,0.034258000000000004
2022-09-05,1825,0.03294
2022-09-05,3650,0.031894
2022-09-05,10950,0.033435
2022-09-06,1,0.0233
2022-09-06,30,0.02336
2022-09-06,91,0.029117
2022-09-06,182,0.033745
2022-09-06,365,0.0361
2022-09-06,730,0.035029
2022-09-06,1095,0.03568
2022-09-06,1825,0.03453
2022-09-06,3650,0.033492
2022-09-06,10950,0.035011
2022-09-07,1,0.0233
2022-09-07,30,0.021450999999999998
2022-09-07,91,0.0298
2022-09-07,182,0.034078
2022-09-07,365,0.036000000000000004
2022-09-07,730,0.034309
2022-09-07,1095,0.034859
2022-09-07,1825,0.03359
2022-09-07,3650,0.032635
2022-09-07,10950,0.034109
2022-09-08,1,0.0233
2022-09-08,30,0.021602
2022-09-08,91,0.030029
2022-09-08,182,0.034547
2022-09-08,365,0.036000000000000004
2022-09-08,730,0.035035
2022-09-08,1095,0.035659
2022-09-08,1825,0.034230000000000003
2022-09-08,3650,0.033170000000000005
2022-09-08,10950,0.03475
2022-09-09,1,0.0233
2022-09-09,30,0.024584
2022-09-09,91,0.030073
2022-09-09,182,0.035297999999999996
2022-09-09,365,0.036699999999999997
2022-09-09,730,0.035565
2022-09-09,1095,0.035983999999999995
2022-09-09,1825,0.03436
2022-09-09,3650,0.033097
2022-09-09,10950,0.034474
2022-09-12,1,0.0233
2022-09-12,30,0.024811
2022-09-12,91,0.030585
2022-09-12,182,0.035478
2022-09-12,365,0.037000000000000005
2022-09-12,730,0.035714
2022-09-12,1095,0.036103
2022-09-12,1825,0.03451
2022-09-12,3650,0.033578000000000004
2022-09-12,10950,0.035121
2022-09-13,1,0.0233
2022-09-13,30,0.024174
2022-09-13,91,0.031321
2022-09-13,182,0.037124000000000004
2022-09-13,365,0.0392
2022-09-13,730,0.037559999999999996
2022-09-13,1095,0.037584
2022-09-13,1825,0.0358
2022-09-13,3650,0.03408
2022-09-13,10950,0.034868
2022-09-14,1,0.0233
2022-09-14,30,0.024045
2022-09-14,91,0.031653
2022-09-14,182,0.037729
2022-09-14,365,0.0395
2022-09-14,730,0.037881
2022-09-14,1095,0.037919
2022-09-14,1825,0.03604
2022-09-14,3650,0.034043000000000004
2022-09-14,10950,0.034581
2022-09-15,1,0.0233
2022-09-15,30,0.022618999999999997
2022-09-15,91,0.031084
2022-09-15,182,0.037936
2022-09-15,365,0.04
2022-09-15,730,0.038646
2022-09-15,1095,0.038537
2022-09-15,1825,0.03667
2022-09-15,3650,0.034489
2022-09-15,10950,0.034662
2022-09-16,1,0.0233
2022-09-16,30,0.025093
2022-09-16,91,0.030922
2022-09-16,182,0.037871
2022-09-16,365,0.039599999999999996
2022-09-16,730,0.038671000000000004
2022-09-16,1095,0.038264
2022-09-16,1825,0.03634
2022-09-16,3650,0.034494
2022-09-16,10950,0.035131
2022-09-19,1,0.0233
2022-09-19,30,0.025269
2022-09-19,91,0.031176
2022-09-19,182,0.038498000000000004
2022-09-19,365,0.0405
2022-09-19,730,0.039358
2022-09-19,1095,0.038913
2022-09-19,1825,0.036840000000000005
2022-09-19,3650,0.034905
2022-09-19,10950,0.03515
2022-09-20,1,0.0233
2022-09-20,30,0.024784
2022-09-20,91,0.03181
2022-09-20,182,0.037968
2022-09-20,365,0.0403
2022-09-20,730,0.039665
2022-09-20,1095,0.039368
2022-09-20,1825,0.037469999999999996
2022-09-20,3650,0.03563
2022-09-20,10950,0.035707
2022-09-21,1,0.0233
2022-09-21,30,0.024147
2022-09-21,91,0.032271
2022-09-21,182,0.038729
2022-09-21,365,0.0408
2022-09-21,730,0.040484
2022-09-21,1095,0.040077999999999996
2022-09-21,1825,0.03767
2022-09-21,3650,0.035299
2022-09-21,10950,0.035023
2022-09-22,1,0.0308
2022-09-22,30,0.023738000000000002
2022-09-22,91,0.031728
2022-09-22,182,0.038567
2022-09-22,365,0.0408
2022-09-22,730,0.041222
2022-09-22,1095,0.041417
2022-09-22,1825,0.039369999999999995
2022-09-22,3650,0.037138
2022-09-22,10950,0.036403
2022-09-23,1,0.0308
2022-09-23,30,0.025602
2022-09-23,91,0.031821999999999996
2022-09-23,182,0.038581
2022-09-23,365,0.0415
2022-09-23,730,0.042011
2022-09-23,1095,0.042233
2022-09-23,1825,0.03981
2022-09-23,3650,0.036846000000000004
2022-09-23,10950,0.036059
2022-09-26,1,0.0308
2022-09-26,30,0.026057999999999998
2022-09-26,91,0.032205
2022-09-26,182,0.038155999999999995
2022-09-26,365,0.0417
2022-09-26,730,0.043406
2022-09-26,1095,0.044135
2022-09-26,1825,0.04194
2022-09-26,3650,0.039244
2022-09-26,10950,0.0374
2022-09-27,1,0.0308
2022-09-27,30,0.025827
2022-09-27,91,0.032376999999999996
2022-09-27,182,0.039282
2022-09-27,365,0.0416
2022-09-27,730,0.042829
2022-09-27,1095,0.043739
2022-09-27,1825,0.04186
2022-09-27,3650,0.039451
2022-09-27,10950,0.038254
2022-09-28,1,0.0308
2022-09-28,30,0.024731999999999997
2022-09-28,91,0.032786
2022-09-28,182,0.038544999999999996
2022-09-28,365,0.039900000000000005
2022-09-28,730,0.041349
2022-09-28,1095,0.041621
2022-09-28,1825,0.0395
2022-09-28,3650,0.037312
2022-09-28,10950,0.036989999999999995
2022-09-29,1,0.0308
2022-09-29,30,0.024425
2022-09-29,91,0.032809
2022-09-29,182,0.038751
2022-09-29,365,0.0398
2022-09-29,730,0.041924
2022-09-29,1095,0.042143
2022-09-29,1825,0.04018
2022-09-29,3650,0.037856
2022-09-29,10950,0.037238
2022-09-30,1,0.0308
2022-09-30,30,0.026366
2022-09-30,91,0.032466
2022-09-30,182,0.039029
2022-09-30,365,0.0405
2022-09-30,730,0.042787
2022-09-30,1095,0.042881
2022-09-30,1825,0.04092
2022-09-30,3650,0.038286
2022-09-30,10950,0.037759
2022-10-03,1,0.0308
2022-10-03,30,0.027153
2022-10-03,91,0.032128000000000004
2022-10-03,182,0.039182
2022-10-03,365,0.0401
2022-10-03,730,0.041134000000000004
2022-10-03,1095,0.041159999999999995
2022-10-03,1825,0.03879
2022-10-03,3650,0.036387
2022-10-03,10950,0.036783
2022-10-04,1,0.0308
2022-10-04,30,0.027049
2022-10-04,91,0.033511
2022-10-04,182,0.039599
2022-10-04,365,0.0415
2022-10-04,730,0.040926
2022-10-04,1095,0.040993
2022-10-04,1825,0.03856
2022-10-04,3650,0.036329
2022-10-04,10950,0.036945
2022-10-05,1,0.0308
2022-10-05,30,0.027122999999999998
2022-10-05,91,0.033508
2022-10-05,182,0.039678
2022-10-05,365,0.0414
2022-10-05,730,0.041481000000000004
2022-10-05,1095,0.04166
2022-10-05,1825,0.039670000000000004
2022-10-05,3650,0.037528
2022-10-05,10950,0.037538
2022-10-06,1,0.0308
2022-10-06,30,0.027579
2022-10-06,91,0.033685
2022-10-06,182,0.040253
2022-10-06,365,0.04190000000000001
2022-10-06,730,0.042558
2022-10-06,1095,0.042706
2022-10-06,1825,0.04069
2022-10-06,3650,0.038236
2022-10-06,10950,0.037838
2022-10-07,1,0.0308
2022-10-07,30,0.029062
2022-10-07,91,0.033312
2022-10-07,182,0.040736
2022-10-07,365,0.0424
2022-10-07,730,0.043078000000000005
2022-10-07,1095,0.043429999999999996
2022-10-07,1825,0.041440000000000005
2022-10-07,3650,0.038814
2022-10-07,10950,0.038417
2022-10-10,1,0.0308
2022-10-10,30,0.029062
2022-10-10,91,0.033312
2022-10-10,182,0.040736
2022-10-10,365,0.0424
2022-10-10,730,0.043078000000000005
2022-10-10,1095,0.043429999999999996
2022-10-10,1825,0.041440000000000005
2022-10-10,3650,0.038814
2022-10-10,10950,0.038417
2022-10-11,1,0.0308
2022-10-11,30,0.029085
2022-10-11,91,0.03421
2022-10-11,182,0.040969
2022-10-11,365,0.042800000000000005
2022-10-11,730,0.043058
2022-10-11,1095,0.043466
2022-10-11,1825,0.041710000000000004
2022-10-11,3650,0.03947
2022-10-11,10950,0.039223
2022-10-12,1,0.0308
2022-10-12,30,0.029032
2022-10-12,91,0.036009
2022-10-12,182,0.041498
2022-10-12,365,0.042800000000000005
2022-10-12,730,0.042911000000000005
2022-10-12,1095,0.043089
2022-10-12,1825,0.04119
2022-10-12,3650,0.038962
2022-10-12,10950,0.038744
2022-10-13,1,0.0308
2022-10-13,30,0.028902
2022-10-13,91,0.036961
2022-10-13,182,0.04278800000000001
2022-10-13,365,0.0446
2022-10-13,730,0.044635
2022-10-13,1095,0.044442
2022-10-13,1825,0.04201
2022-10-13,3650,0.039435
2022-10-13,10950,0.039164
2022-10-14,1,0.0308
2022-10-14,30,0.031025
2022-10-14,91,0.036975
2022-10-14,182,0.042826
2022-10-14,365,0.045
2022-10-14,730,0.044959
2022-10-14,1095,0.044950000000000004
2022-10-14,1825,0.04269
2022-10-14,3650,0.040184
2022-10-14,10950,0.039916
2022-10-17,1,0.0308
2022-10-17,30,0.031328
2022-10-17,91,0.037357999999999995
2022-10-17,182,0.04327
2022-10-17,365,0.045
2022-10-17,730,0.044433
2022-10-17,1095,0.044358
2022-10-17,1825,0.04231
2022-10-17,3650,0.040104
2022-10-17,10950,0.040204000000000004
2022-10-18,1,0.0308
2022-10-18,30,0.030994999999999998
2022-10-18,91,0.038725
2022-10-18,182,0.043297999999999996
2022-10-18,365,0.045
2022-10-18,730,0.044286000000000006
2022-10-18,1095,0.044330999999999995
2022-10-18,1825,0.04223
2022-10-18,3650,0.040066
2022-10-18,10950,0.040297
2022-10-19,1,0.0308
2022-10-19,30,0.030966
2022-10-19,91,0.039599
2022-10-19,182,0.044354
2022-10-19,365,0.046
2022-10-19,730,0.045563
2022-10-19,1095,0.045665
2022-10-19,1825,0.04359
2022-10-19,3650,0.041335
2022-10-19,10950,0.041249
2022-10-20,1,0.0308
2022-10-20,30,0.030657999999999998
2022-10-20,91,0.039620999999999996
2022-10-20,182,0.044614
2022-10-20,365,0.0466
2022-10-20,730,0.0461
2022-10-20,1095,0.046523
2022-10-20,1825,0.04446
2022-10-20,3650,0.042283
2022-10-20,10950,0.042191
2022-10-21,1,0.0308
2022-10-21,30,0.033191
2022-10-21,91,0.039272
2022-10-21,182,0.043670999999999995
2022-10-21,365,0.0458
2022-10-21,730,0.044723
2022-10-21,1095,0.045133
2022-10-21,1825,0.043429999999999996
2022-10-21,3650,0.042167
2022-10-21,10950,0.043335
2022-10-24,1,0.0308
2022-10-24,30,0.034411
2022-10-24,91,0.039965
2022-10-24,182,0.044354
2022-10-24,365,0.0461
2022-10-24,730,0.045046
2022-10-24,1095,0.045249
2022-10-24,1825,0.04364
2022-10-24,3650,0.042423999999999996
2022-10-24,10950,0.043784000000000003
2022-10-25,1,0.0308
2022-10-25,30,0.033974000000000004
2022-10-25,91,0.039655
2022-10-25,182,0.044989999999999995
2022-10-25,365,0.046
2022-10-25,730,0.044771
2022-10-25,1095,0.044624
2022-10-25,1825,0.04262
2022-10-25,3650,0.041021
2022-10-25,10950,0.042575
2022-10-26,1,0.0308
2022-10-26,30,0.033639999999999996
2022-10-26,91,0.04001299999999999
2022-10-26,182,0.044487
2022-10-26,365,0.0454
2022-10-26,730,0.044039
2022-10-26,1095,0.043771000000000004
2022-10-26,1825,0.04186
2022-10-26,3650,0.040027999999999994
2022-10-26,10950,0.04138
2022-10-27,1,0.0308
2022-10-27,30,0.032822
2022-10-27,91,0.040008999999999996
2022-10-27,182,0.044111000000000004
2022-10-27,365,0.045
2022-10-27,730,0.042741
2022-10-27,1095,0.042438000000000003
2022-10-27,1825,0.04062
2022-10-27,3650,0.039187
2022-10-27,10950,0.040832
2022-10-28,1,0.0308
2022-10-28,30,0.034822
2022-10-28,91,0.04046
2022-10-28,182,0.044756
2022-10-28,365,0.0455
2022-10-28,730,0.044142
2022-10-28,1095,0.04366
2022-10-28,1825,0.04185
2022-10-28,3650,0.040123
2022-10-28,10950,0.041414
2022-10-31,1,0.0308
2022-10-31,30,0.035965
2022-10-31,91,0.040559000000000005
2022-10-31,182,0.045359
2022-10-31,365,0.0466
2022-10-31,730,0.044824
2022-10-31,1095,0.044404000000000006
2022-10-31,1825,0.042300000000000004
2022-10-31,3650,0.04047799999999999
2022-10-31,10950,0.041639
2022-11-01,1,0.0308
2022-11-01,30,0.035834000000000005
2022-11-01,91,0.040896999999999996
2022-11-01,182,0.045838000000000004
2022-11-01,365,0.0475
2022-11-01,730,0.045446999999999994
2022-11-01,1095,0.044978
2022-11-01,1825,0.04269
2022-11-01,3650,0.040419000000000004
2022-11-01,10950,0.040919
2022-11-02,1,0.0308
2022-11-02,30,0.035041
2022-11-02,91,0.041228999999999995
2022-11-02,182,0.04552
2022-11-02,365,0.047599999999999996
2022-11-02,730,0.046197
2022-11-02,1095,0.045697999999999996
2022-11-02,1825,0.04311
2022-11-02,3650,0.041005
2022-11-02,10950,0.041405000000000004
2022-11-03,1,0.0383
2022-11-03,30,0.033331
2022-11-03,91,0.041276
2022-11-03,182,0.04580599999999999
2022-11-03,365,0.0478
2022-11-03,730,0.047138
2022-11-03,1095,0.046422
2022-11-03,1825,0.0437
2022-11-03,3650,0.041469
2022-11-03,10950,0.041811999999999995
2022-11-04,1,0.0383
2022-11-04,30,0.034822
2022-11-04,91,0.041003
2022-11-04,182,0.045603
2022-11-04,365,0.047599999999999996
2022-11-04,730,0.046584
2022-11-04,1095,0.04591
2022-11-04,1825,0.04333
2022-11-04,3650,0.041584
2022-11-04,10950,0.042463
2022-11-07,1,0.0383
2022-11-07,30,0.036016
2022-11-07,91,0.04074
2022-11-07,182,0.045624000000000005
2022-11-07,365,0.048
2022-11-07,730,0.047217
2022-11-07,1095,0.046463000000000004
2022-11-07,1825,0.043890000000000005
2022-11-07,3650,0.042135
2022-11-07,10950,0.04319
2022-11-08,1,0.0383
2022-11-08,30,0.035197
2022-11-08,91,0.041544
2022-11-08,182,0.045706
2022-11-08,365,0.04769999999999999
2022-11-08,730,0.046506
2022-11-08,1095,0.045626
2022-11-08,1825,0.04295
2022-11-08,3650,0.041234
2022-11-08,10950,0.042748999999999995
2022-11-09,1,0.0383
2022-11-09,30,0.034914
2022-11-09,91,0.041875
2022-11-09,182,0.045626
2022-11-09,365,0.0475
2022-11-09,730,0.045795
2022-11-09,1095,0.044886999999999996
2022-11-09,1825,0.04243
2022-11-09,3650,0.040923
2022-11-09,10950,0.042684
2022-11-10,1,0.0383
2022-11-10,30,0.035129
2022-11-10,91,0.041572
2022-11-10,182,0.045285
2022-11-10,365,0.045899999999999996
2022-11-10,730,0.043321
2022-11-10,1095,0.041866
2022-11-10,1825,0.03938
2022-11-10,3650,0.038125
2022-11-10,10950,0.040507999999999995
2022-11-11,1,0.0383
2022-11-11,30,0.035077
2022-11-11,91,0.041572
2022-11-11,182,0.045285
2022-11-11,365,0.045899999999999996
2022-11-11,730,0.043321
2022-11-11,1095,0.041866
2022-11-11,1825,0.03938
2022-11-11,3650,0.038125
2022-11-11,10950,0.040153
2022-11-14,1,0.0383
2022-11-14,30,0.036195
2022-11-14,91,0.041593
2022-11-14,182,0.045359
2022-11-14,365,0.0463
2022-11-14,730,0.043887999999999996
2022-11-14,1095,0.042256
2022-11-14,1825,0.03991
2022-11-14,3650,0.038536
2022-11-14,10950,0.040361
2022-11-15,1,0.0383
2022-11-15,30,0.03642
2022-11-15,91,0.041207
2022-11-15,182,0.044622
2022-11-15,365,0.046
2022-11-15,730,0.043382
2022-11-15,1095,0.041361999999999996
2022-11-15,1825,0.03897
2022-11-15,3650,0.037696
2022-11-15,10950,0.039606
2022-11-16,1,0.0383
2022-11-16,30,0.036646
2022-11-16,91,0.042081999999999994
2022-11-16,182,0.045175
2022-11-16,365,0.0462
2022-11-16,730,0.043549
2022-11-16,1095,0.041358
2022-11-16,1825,0.03852
2022-11-16,3650,0.036899
2022-11-16,10950,0.038395
2022-11-17,1,0.0383
2022-11-17,30,0.036234999999999996
2022-11-17,91,0.041974
2022-11-17,182,0.045726
2022-11-17,365,0.046799999999999994
2022-11-17,730,0.04452
2022-11-17,1095,0.042164
2022-11-17,1825,0.03939
2022-11-17,3650,0.037656999999999996
2022-11-17,10950,0.038751
2022-11-18,1,0.0383
2022-11-18,30,0.036912
2022-11-18,91,0.042322
2022-11-18,182,0.046133
2022-11-18,365,0.047400000000000005
2022-11-18,730,0.045328999999999994
2022-11-18,1095,0.042968
2022-11-18,1825,0.0401
2022-11-18,3650,0.038288
2022-11-18,10950,0.03926
2022-11-21,1,0.0383
2022-11-21,30,0.038285
2022-11-21,91,0.041774
2022-11-21,182,0.046101
2022-11-21,365,0.0475
2022-11-21,730,0.045523
2022-11-21,1095,0.043191
2022-11-21,1825,0.04024
2022-11-21,3650,0.038269000000000004
2022-11-21,10950,0.038961
2022-11-22,1,0.0383
2022-11-22,30,0.038357
2022-11-22,91,0.041673
2022-11-22,182,0.046893000000000004
2022-11-22,365,0.0479
2022-11-22,730,0.045145
2022-11-22,1095,0.042878999999999994
2022-11-22,1825,0.03945
2022-11-22,3650,0.037559
2022-11-22,10950,0.038248000000000004
2022-11-23,1,0.0383
2022-11-23,30,0.038043999999999994
2022-11-23,91,0.042207
2022-11-23,182,0.046204
2022-11-23,365,0.0475
2022-11-23,730,0.04477299999999999
2022-11-23,1095,0.042312
2022-11-23,1825,0.038849999999999996
2022-11-23,3650,0.036927
2022-11-23,10950,0.037276
2022-11-24,1,0.0383
2022-11-24,30,0.038403
2022-11-24,91,0.042207
2022-11-24,182,0.046204
2022-11-24,365,0.0475
2022-11-24,730,0.04477299999999999
2022-11-24,1095,0.042312
2022-11-24,1825,0.038849999999999996
2022-11-24,3650,0.036927
2022-11-24,10950,0.037276
2022-11-25,1,0.0383
2022-11-25,30,0.038799
2022-11-25,91,0.042606000000000005
2022-11-25,182,0.046716
2022-11-25,365,0.047599999999999996
2022-11-25,730,0.044526
2022-11-25,1095,0.041994
2022-11-25,1825,0.03859
2022-11-25,3650,0.036776
2022-11-25,10950,0.037326
2022-11-28,1,0.0383
2022-11-28,30,0.040019
2022-11-28,91,0.042652999999999996
2022-11-28,182,0.046790000000000005
2022-11-28,365,0.047599999999999996
2022-11-28,730,0.044381000000000004
2022-11-28,1095,0.042019
2022-11-28,1825,0.03877
2022-11-28,3650,0.036812
2022-11-28,10950,0.037208
2022-11-29,1,0.0383
2022-11-29,30,0.039709
2022-11-29,91,0.043019
2022-11-29,182,0.047059
2022-11-29,365,0.0478
2022-11-29,730,0.044732
2022-11-29,1095,0.042411000000000004
2022-11-29,1825,0.03925
2022-11-29,3650,0.037441
2022-11-29,10950,0.038015
2022-11-30,1,0.0383
2022-11-30,30,0.039220000000000005
2022-11-30,91,0.043196000000000005
2022-11-30,182,0.046501
2022-11-30,365,0.047400000000000005
2022-11-30,730,0.043102
2022-11-30,1095,0.040492
2022-11-30,1825,0.03738
2022-11-30,3650,0.036054
2022-11-30,10950,0.037359
2022-12-01,1,0.0383
2022-12-01,30,0.038171
2022-12-01,91,0.042672999999999996
2022-12-01,182,0.04638899999999999
2022-12-01,365,0.0466
2022-12-01,730,0.042276
2022-12-01,1095,0.039645
2022-12-01,1825,0.03665
2022-12-01,3650,0.035047999999999996
2022-12-01,10950,0.035982
2022-12-02,1,0.0383
2022-12-02,30,0.037014
2022-12-02,91,0.042477
2022-12-02,182,0.046292
2022-12-02,365,0.046900000000000004
2022-12-02,730,0.042717
2022-12-02,1095,0.039771
2022-12-02,1825,0.03653
2022-12-02,3650,0.034862000000000004
2022-12-02,10950,0.035478
2022-12-05,1,0.0383
2022-12-05,30,0.037315999999999995
2022-12-05,91,0.042575
2022-12-05,182,0.047001999999999995
2022-12-05,365,0.04769999999999999
2022-12-05,730,0.043874
2022-12-05,1095,0.041177
2022-12-05,1825,0.03779
2022-12-05,3650,0.035736
2022-12-05,10950,0.035842
2022-12-06,1,0.0383
2022-12-06,30,0.036905
2022-12-06,91,0.042630999999999995
2022-12-06,182,0.047085
2022-12-06,365,0.0473
2022-12-06,730,0.043663999999999994
2022-12-06,1095,0.041031000000000005
2022-12-06,1825,0.03753
2022-12-06,3650,0.035314
2022-12-06,10950,0.035421
2022-12-07,1,0.0383
2022-12-07,30,0.035651999999999996
2022-12-07,91,0.042626
2022-12-07,182,0.046714000000000006
2022-12-07,365,0.0467
2022-12-07,730,0.042561
2022-12-07,1095,0.039869
2022-12-07,1825,0.03625
2022-12-07,3650,0.034169
2022-12-07,10950,0.034317
2022-12-08,1,0.0383
2022-12-08,30,0.034987
2022-12-08,91,0.04241399999999999
2022-12-08,182,0.047
2022-12-08,365,0.0471
2022-12-08,730,0.043077
2022-12-08,1095,0.040514
2022-12-08,1825,0.03708
2022-12-08,3650,0.034819
2022-12-08,10950,0.034309
2022-12-09,1,0.0383
2022-12-09,30,0.036198
2022-12-09,91,0.042632
2022-12-09,182,0.047167
2022-12-09,365,0.0472
2022-12-09,730,0.043442999999999996
2022-12-09,1095,0.04101200000000001
2022-12-09,1825,0.0377
2022-12-09,3650,0.035783
2022-12-09,10950,0.035590000000000004
2022-12-12,1,0.0383
2022-12-12,30,0.037138
2022-12-12,91,0.04260100000000001
2022-12-12,182,0.047373000000000005
2022-12-12,365,0.0475
2022-12-12,730,0.043754
2022-12-12,1095,0.04135
2022-12-12,1825,0.0379
2022-12-12,3650,0.036113
2022-12-12,10950,0.035719
2022-12-13,1,0.0383
2022-12-13,30,0.037516
2022-12-13,91,0.042994000000000004
2022-12-13,182,0.046637000000000005
2022-12-13,365,0.0464
2022-12-13,730,0.042183
2022-12-13,1095,0.039443
2022-12-13,1825,0.036520000000000004
2022-12-13,3650,0.035012
2022-12-13,10950,0.035331
2022-12-14,1,0.0383
2022-12-14,30,0.037487
2022-12-14,91,0.043014000000000004
2022-12-14,182,0.046634
2022-12-14,365,0.0464
2022-12-14,730,0.042095
2022-12-14,1095,0.039137
2022-12-14,1825,0.03614
2022-12-14,3650,0.034774
2022-12-14,10950,0.035331
2022-12-15,1,0.0433
2022-12-15,30,0.037432
2022-12-15,91,0.04288
2022-12-15,182,0.046494999999999995
2022-12-15,365,0.04650000000000001
2022-12-15,730,0.042362000000000004
2022-12-15,1095,0.03947
2022-12-15,1825,0.03619
2022-12-15,3650,0.034463
2022-12-15,10950,0.034947
2022-12-16,1,0.0433
2022-12-16,30,0.037753999999999996
2022-12-16,91,0.042503
2022-12-16,182,0.046239
2022-12-16,365,0.0461
2022-12-16,730,0.041783
2022-12-16,1095,0.039076
2022-12-16,1825,0.03626
2022-12-16,3650,0.034822
2022-12-16,10950,0.035451
2022-12-19,1,0.0433
2022-12-19,30,0.038056
2022-12-19,91,0.042317
2022-12-19,182,0.04626
2022-12-19,365,0.0464
2022-12-19,730,0.042557
2022-12-19,1095,0.03997
2022-12-19,1825,0.037149999999999996
2022-12-19,3650,0.035846
2022-12-19,10950,0.036347
2022-12-20,1,0.0433
2022-12-20,30,0.03693
2022-12-20,91,0.042527
2022-12-20,182,0.046687000000000006
2022-12-20,365,0.0464
2022-12-20,730,0.04253199999999999
2022-12-20,1095,0.040194
2022-12-20,1825,0.03789
2022-12-20,3650,0.036825000000000004
2022-12-20,10950,0.037406999999999996
2022-12-21,1,0.0433
2022-12-21,30,0.036799
2022-12-21,91,0.04273
2022-12-21,182,0.046395
2022-12-21,365,0.046
2022-12-21,730,0.042127
2022-12-21,1095,0.039913
2022-12-21,1825,0.03771
2022-12-21,3650,0.03662
2022-12-21,10950,0.037136999999999996
2022-12-22,1,0.0433
2022-12-22,30,0.036515
2022-12-22,91,0.043060999999999995
2022-12-22,182,0.046416000000000006
2022-12-22,365,0.0464
2022-12-22,730,0.042714
2022-12-22,1095,0.040334
2022-12-22,1825,0.03804
2022-12-22,3650,0.036786
2022-12-22,10950,0.03739
2022-12-23,1,0.0433
2022-12-23,30,0.036373
2022-12-23,91,0.042834000000000004
2022-12-23,182,0.04631300000000001
2022-12-23,365,0.0466
2022-12-23,730,0.043211000000000006
2022-12-23,1095,0.040871000000000005
2022-12-23,1825,0.03858
2022-12-23,3650,0.037472
2022-12-23,10950,0.038235
2022-12-26,1,0.0433
2022-12-26,30,0.036373
2022-12-26,91,0.042834000000000004
2022-12-26,182,0.04631300000000001
2022-12-26,365,0.0466
2022-12-26,730,0.043211000000000006
2022-12-26,1095,0.040871000000000005
2022-12-26,1825,0.03858
2022-12-26,3650,0.037472
2022-12-26,10950,0.038235
2022-12-27,1,0.0433
2022-12-27,30,0.036242
2022-12-27,91,0.042467
2022-12-27,182,0.04636
2022-12-27,365,0.0475
2022-12-27,730,0.043741
2022-12-27,1095,0.04166400000000001
2022-12-27,1825,0.03941
2022-12-27,3650,0.038411
2022-12-27,10950,0.039275000000000004
2022-12-28,1,0.0433
2022-12-28,30,0.036035
2022-12-28,91,0.044361
2022-12-28,182,0.047059
2022-12-28,365,0.0471
2022-12-28,730,0.043512
2022-12-28,1095,0.041749999999999995
2022-12-28,1825,0.03968
2022-12-28,3650,0.038827
2022-12-28,10950,0.039702
2022-12-29,1,0.0433
2022-12-29,30,0.034910000000000004
2022-12-29,91,0.04376
2022-12-29,182,0.047
2022-12-29,365,0.0471
2022-12-29,730,0.043615
2022-12-29,1095,0.041638
2022-12-29,1825,0.039420000000000004
2022-12-29,3650,0.038145
2022-12-29,10950,0.038983
2022-12-30,1,0.0433
2022-12-30,30,0.039764
2022-12-30,91,0.043429
2022-12-30,182,0.047532
2022-12-30,365,0.0473
2022-12-30,730,0.044258
2022-12-30,1095,0.042241999999999995
2022-12-30,1825,0.04005
2022-12-30,3650,0.038748
2022-12-30,10950,0.03963
2023-01-02,1,0.0433
2023-01-02,30,0.039764
2023-01-02,91,0.043429
2023-01-02,182,0.047532
2023-01-02,365,0.0473
2023-01-02,730,0.044258
2023-01-02,1095,0.042241999999999995
2023-01-02,1825,0.04005
2023-01-02,3650,0.038748
2023-01-02,10950,0.03963
2023-01-03,1,0.0433
2023-01-03,30,0.039887
2023-01-03,91,0.043552999999999994
2023-01-03,182,0.047579
2023-01-03,365,0.0472
2023-01-03,730,0.043699
2023-01-03,1095,0.041501
2023-01-03,1825,0.03896
2023-01-03,3650,0.037389
2023-01-03,10950,0.038389
2023-01-04,1,0.0433
2023-01-04,30,0.039958999999999995
2023-01-04,91,0.044828
2023-01-04,182,0.047537
2023-01-04,365,0.0471
2023-01-04,730,0.043533999999999996
2023-01-04,1095,0.041045
2023-01-04,1825,0.03842
2023-01-04,3650,0.036827
2023-01-04,10950,0.037975
2023-01-05,1,0.0433
2023-01-05,30,0.040974000000000003
2023-01-05,91,0.045937
2023-01-05,182,0.048301
2023-01-05,365,0.0478
2023-01-05,730,0.044576000000000005
2023-01-05,1095,0.04201800000000001
2023-01-05,1825,0.03914
2023-01-05,3650,0.037181
2023-01-05,10950,0.037940999999999996
2023-01-06,1,0.0433
2023-01-06,30,0.040125
2023-01-06,91,0.04579
2023-01-06,182,0.047857000000000004
2023-01-06,365,0.0471
2023-01-06,730,0.042474
2023-01-06,1095,0.039792
2023-01-06,1825,0.037000000000000005
2023-01-06,3650,0.03558
2023-01-06,10950,0.036874
2023-01-09,1,0.0433
2023-01-09,30,0.042111
2023-01-09,91,0.045938999999999994
2023-01-09,182,0.04809
2023-01-09,365,0.046900000000000004
2023-01-09,730,0.042077
2023-01-09,1095,0.039535
2023-01-09,1825,0.03675
2023-01-09,3650,0.035321
2023-01-09,10950,0.036599
2023-01-10,1,0.0433
2023-01-10,30,0.041902
2023-01-10,91,0.045845000000000004
2023-01-10,182,0.048018
2023-01-10,365,0.047400000000000005
2023-01-10,730,0.042472
2023-01-10,1095,0.039848
2023-01-10,1825,0.037309999999999996
2023-01-10,3650,0.036188
2023-01-10,10950,0.037538999999999996
2023-01-11,1,0.0433
2023-01-11,30,0.042024
2023-01-11,91,0.046565
2023-01-11,182,0.048281
2023-01-11,365,0.0473
2023-01-11,730,0.042179
2023-01-11,1095,0.03914
2023-01-11,1825,0.03659
2023-01-11,3650,0.035392
2023-01-11,10950,0.036715
2023-01-12,1,0.0433
2023-01-12,30,0.041612
2023-01-12,91,0.045755
2023-01-12,182,0.047743
2023-01-12,365,0.0466
2023-01-12,730,0.041447000000000005
2023-01-12,1095,0.038136
2023-01-12,1825,0.03537
2023-01-12,3650,0.0344
2023-01-12,10950,0.035768
2023-01-13,1,0.0433
2023-01-13,30,0.044177
2023-01-13,91,0.045732
2023-01-13,182,0.047717999999999997
2023-01-13,365,0.046900000000000004
2023-01-13,730,0.042321
2023-01-13,1095,0.039
2023-01-13,1825,0.03612
2023-01-13,3650,0.035035
2023-01-13,10950,0.036103
2023-01-16,1,0.0433
2023-01-16,30,0.044177
2023-01-16,91,0.045732
2023-01-16,182,0.047717999999999997
2023-01-16,365,0.046900000000000004
2023-01-16,730,0.042321
2023-01-16,1095,0.039
2023-01-16,1825,0.03612
2023-01-16,3650,0.035035
2023-01-16,10950,0.036103
2023-01-17,1,0.0433
2023-01-17,30,0.044402
2023-01-17,91,0.045778
2023-01-17,182,0.04742
2023-01-17,365,0.0467
2023-01-17,730,0.042047
2023-01-17,1095,0.038805
2023-01-17,1825,0.03622
2023-01-17,3650,0.035476
2023-01-17,10950,0.036606
2023-01-18,1,0.0433
2023-01-18,30,0.044320000000000005
2023-01-18,91,0.046383
2023-01-18,182,0.047882
2023-01-18,365,0.0463
2023-01-18,730,0.04082499999999999
2023-01-18,1095,0.0373
2023-01-18,1825,0.034390000000000004
2023-01-18,3650,0.033698
2023-01-18,10950,0.035378
2023-01-19,1,0.0433
2023-01-19,30,0.044008000000000005
2023-01-19,91,0.046376999999999995
2023-01-19,182,0.048061999999999994
2023-01-19,365,0.04650000000000001
2023-01-19,730,0.041264
2023-01-19,1095,0.037688
2023-01-19,1825,0.03484
2023-01-19,3650,0.033915
2023-01-19,10950,0.035613
2023-01-20,1,0.0433
2023-01-20,30,0.043902000000000004
2023-01-20,91,0.046282
2023-01-20,182,0.048096
2023-01-20,365,0.046799999999999994
2023-01-20,730,0.041702
2023-01-20,1095,0.038271
2023-01-20,1825,0.03563
2023-01-20,3650,0.034787
2023-01-20,10950,0.036547
2023-01-23,1,0.0433
2023-01-23,30,0.045453
2023-01-23,91,0.046483
2023-01-23,182,0.048116000000000006
2023-01-23,365,0.047
2023-01-23,730,0.042274000000000006
2023-01-23,1095,0.038943
2023-01-23,1825,0.03621
2023-01-23,3650,0.035098
2023-01-23,10950,0.036805
2023-01-24,1,0.0433
2023-01-24,30,0.045523999999999995
2023-01-24,91,0.046544999999999996
2023-01-24,182,0.048228
2023-01-24,365,0.047
2023-01-24,730,0.042103
2023-01-24,1095,0.038578
2023-01-24,1825,0.03576
2023-01-24,3650,0.034527
2023-01-24,10950,0.036043
2023-01-25,1,0.0433
2023-01-25,30,0.045213
2023-01-25,91,0.046643
2023-01-25,182,0.048068
2023-01-25,365,0.0467
2023-01-25,730,0.04125
2023-01-25,1095,0.038297
2023-01-25,1825,0.03547
2023-01-25,3650,0.034416
2023-01-25,10950,0.035937000000000004
2023-01-26,1,0.0433
2023-01-26,30,0.044696999999999994
2023-01-26,91,0.046637000000000005
2023-01-26,182,0.048167999999999996
2023-01-26,365,0.046799999999999994
2023-01-26,730,0.041826
2023-01-26,1095,0.038858000000000004
2023-01-26,1825,0.03595
2023-01-26,3650,0.034947
2023-01-26,10950,0.036397
2023-01-27,1,0.0433
2023-01-27,30,0.044234
2023-01-27,91,0.046645000000000006
2023-01-27,182,0.048176
2023-01-27,365,0.046799999999999994
2023-01-27,730,0.04199
2023-01-27,1095,0.038971
2023-01-27,1825,0.03612
2023-01-27,3650,0.035035
2023-01-27,10950,0.03619
2023-01-30,1,0.0433
2023-01-30,30,0.0453
2023-01-30,91,0.046535
2023-01-30,182,0.047717999999999997
2023-01-30,365,0.0471
2023-01-30,730,0.042341
2023-01-30,1095,0.039451
2023-01-30,1825,0.036629999999999996
2023-01-30,3650,0.035366
2023-01-30,10950,0.036520000000000004
2023-01-31,1,0.0433
2023-01-31,30,0.045065
2023-01-31,91,0.046415
2023-01-31,182,0.047962
2023-01-31,365,0.046799999999999994
2023-01-31,730,0.042011
2023-01-31,1095,0.038999
2023-01-31,1825,0.03618
2023-01-31,3650,0.035068999999999996
2023-01-31,10950,0.036322
2023-02-01,1,0.0433
2023-02-01,30,0.044804000000000004
2023-02-01,91,0.046383
2023-02-01,182,0.047643000000000005
2023-02-01,365,0.0466
2023-02-01,730,0.041063
2023-02-01,1095,0.037869
2023-02-01,1825,0.03517
2023-02-01,3650,0.034166
2023-02-01,10950,0.035657999999999995
2023-02-02,1,0.0458
2023-02-02,30,0.044135999999999995
2023-02-02,91,0.046118
2023-02-02,182,0.047557
2023-02-02,365,0.0464
2023-02-02,730,0.041041999999999995
2023-02-02,1095,0.037755000000000004
2023-02-02,1825,0.03489
2023-02-02,3650,0.033927
2023-02-02,10950,0.035447
2023-02-03,1,0.0458
2023-02-03,30,0.044617000000000004
2023-02-03,91,0.04636
2023-02-03,182,0.048149
2023-02-03,365,0.0479
2023-02-03,730,0.042886
2023-02-03,1095,0.039538000000000004
2023-02-03,1825,0.0366
2023-02-03,3650,0.035246
2023-02-03,10950,0.03614
2023-02-06,1,0.0458
2023-02-06,30,0.045427999999999996
2023-02-06,91,0.04625
2023-02-06,182,0.048196
2023-02-06,365,0.048499999999999995
2023-02-06,730,0.04472400000000001
2023-02-06,1095,0.041424
2023-02-06,1825,0.038290000000000005
2023-02-06,3650,0.036399
2023-02-06,10950,0.036736
2023-02-07,1,0.0458
2023-02-07,30,0.045346000000000004
2023-02-07,91,0.046440999999999996
2023-02-07,182,0.048523
2023-02-07,365,0.048799999999999996
2023-02-07,730,0.044644
2023-02-07,1095,0.041225
2023-02-07,1825,0.03835
2023-02-07,3650,0.036735000000000004
2023-02-07,10950,0.037128999999999995
2023-02-08,1,0.0458
2023-02-08,30,0.045442
2023-02-08,91,0.046902
2023-02-08,182,0.048998999999999994
2023-02-08,365,0.0487
2023-02-08,730,0.044208
2023-02-08,1095,0.040782
2023-02-08,1825,0.0379
2023-02-08,3650,0.036098
2023-02-08,10950,0.03671
2023-02-09,1,0.045700000000000005
2023-02-09,30,0.045614999999999996
2023-02-09,91,0.047259
2023-02-09,182,0.04901900000000001
2023-02-09,365,0.048799999999999996
2023-02-09,730,0.04482
2023-02-09,1095,0.041482
2023-02-09,1825,0.03859
2023-02-09,3650,0.036579
2023-02-09,10950,0.037264
2023-02-10,1,0.0458
2023-02-10,30,0.045127
2023-02-10,91,0.047345
2023-02-10,182,0.048998999999999994
2023-02-10,365,0.0489
2023-02-10,730,0.04517
2023-02-10,1095,0.042015000000000004
2023-02-10,1825,0.03923
2023-02-10,3650,0.03732
2023-02-10,10950,0.038158
2023-02-13,1,0.0458
2023-02-13,30,0.045734000000000004
2023-02-13,91,0.047468
2023-02-13,182,0.049232
2023-02-13,365,0.049100000000000005
2023-02-13,730,0.045175
2023-02-13,1095,0.042015000000000004
2023-02-13,1825,0.03912
2023-02-13,3650,0.037016
2023-02-13,10950,0.037728000000000005
2023-02-14,1,0.0458
2023-02-14,30,0.045448
2023-02-14,91,0.047141999999999996
2023-02-14,182,0.049957
2023-02-14,365,0.0499
2023-02-14,730,0.046154
2023-02-14,1095,0.043169000000000006
2023-02-14,1825,0.04002
2023-02-14,3650,0.037435
2023-02-14,10950,0.037746
2023-02-15,1,0.0458
2023-02-15,30,0.045417
2023-02-15,91,0.047499
2023-02-15,182,0.049717000000000004
2023-02-15,365,0.0496
2023-02-15,730,0.046308999999999996
2023-02-15,1095,0.043482
2023-02-15,1825,0.04038
2023-02-15,3650,0.038049
2023-02-15,10950,0.03841
2023-02-16,1,0.0458
2023-02-16,30,0.045181
2023-02-16,91,0.047830000000000004
2023-02-16,182,0.049977
2023-02-16,365,0.0499
2023-02-16,730,0.0464
2023-02-16,1095,0.043682
2023-02-16,1825,0.04074
2023-02-16,3650,0.038607999999999996
2023-02-16,10950,0.039142
2023-02-17,1,0.0458
2023-02-17,30,0.045632
2023-02-17,91,0.047857000000000004
2023-02-17,182,0.050082
2023-02-17,365,0.05
2023-02-17,730,0.046169
2023-02-17,1095,0.043155
2023-02-17,1825,0.04031
2023-02-17,3650,0.038148
2023-02-17,10950,0.038693
2023-02-20,1,0.0458
2023-02-20,30,0.045632
2023-02-20,91,0.047857000000000004
2023-02-20,182,0.050082
2023-02-20,365,0.05
2023-02-20,730,0.046169
2023-02-20,1095,0.043155
2023-02-20,1825,0.04031
2023-02-20,3650,0.038148
2023-02-20,10950,0.038693
2023-02-21,1,0.0458
2023-02-21,30,0.045677
2023-02-21,91,0.04790199999999999
2023-02-21,182,0.050182000000000004
2023-02-21,365,0.0507
2023-02-21,730,0.047226
2023-02-21,1095,0.044379
2023-02-21,1825,0.041749999999999995
2023-02-21,3650,0.039525000000000005
2023-02-21,10950,0.039718
2023-02-22,1,0.0458
2023-02-22,30,0.045391
2023-02-22,91,0.048174
2023-02-22,182,0.050809
2023-02-22,365,0.0507
2023-02-22,730,0.046932999999999996
2023-02-22,1095,0.044268999999999996
2023-02-22,1825,0.04153
2023-02-22,3650,0.039155999999999996
2023-02-22,10950,0.039142
2023-02-23,1,0.0458
2023-02-23,30,0.045003
2023-02-23,91,0.048064
2023-02-23,182,0.050669000000000006
2023-02-23,365,0.050300000000000004
2023-02-23,730,0.046974
2023-02-23,1095,0.044101
2023-02-23,1825,0.04108
2023-02-23,3650,0.038768
2023-02-23,10950,0.038848
2023-02-24,1,0.0458
2023-02-24,30,0.045459
2023-02-24,91,0.047811000000000006
2023-02-24,182,0.050861
2023-02-24,365,0.050499999999999996
2023-02-24,730,0.048136
2023-02-24,1095,0.04537
2023-02-24,1825,0.04216
2023-02-24,3650,0.039432
2023-02-24,10950,0.039309
2023-02-27,1,0.045700000000000005
2023-02-27,30,0.046015
2023-02-27,91,0.047572
2023-02-27,182,0.050641
2023-02-27,365,0.050300000000000004
2023-02-27,730,0.047783
2023-02-27,1095,0.04503
2023-02-27,1825,0.04169
2023-02-27,3650,0.039141
2023-02-27,10950,0.039263
2023-02-28,1,0.045700000000000005
2023-02-28,30,0.045882
2023-02-28,91,0.047687
2023-02-28,182,0.051189
2023-02-28,365,0.050199999999999995
2023-02-28,730,0.048158000000000006
2023-02-28,1095,0.045264
2023-02-28,1825,0.04184
2023-02-28,3650,0.0392
2023-02-28,10950,0.039161
2023-03-01,1,0.0458
2023-03-01,30,0.045825
2023-03-01,91,0.04848499999999999
2023-03-01,182,0.051242
2023-03-01,365,0.0506
2023-03-01,730,0.048764
2023-03-01,1095,0.045988
2023-03-01,1825,0.04258
2023-03-01,3650,0.039925
2023-03-01,10950,0.039542
2023-03-02,1,0.045700000000000005
2023-03-02,30,0.045743
2023-03-02,91,0.048427
2023-03-02,182,0.051262
2023-03-02,365,0.0504
2023-03-02,730,0.04885
2023-03-02,1095,0.046311
2023-03-02,1825,0.043129999999999995
2023-03-02,3650,0.040556
2023-03-02,10950,0.039935
2023-03-03,1,0.045700000000000005
2023-03-03,30,0.046097
2023-03-03,91,0.048408
2023-03-03,182,0.05110699999999999
2023-03-03,365,0.050300000000000004
2023-03-03,730,0.048565
2023-03-03,1095,0.04595
2023-03-03,1825,0.04247
2023-03-03,3650,0.039517000000000004
2023-03-03,10950,0.038757
2023-03-06,1,0.045700000000000005
2023-03-06,30,0.04650000000000001
2023-03-06,91,0.048375
2023-03-06,182,0.051313000000000004
2023-03-06,365,0.050499999999999996
2023-03-06,730,0.048861
2023-03-06,1095,0.046128999999999996
2023-03-06,1825,0.042539999999999994
2023-03-06,3650,0.039577
2023-03-06,10950,0.038932
2023-03-07,1,0.045700000000000005
2023-03-07,30,0.046749
2023-03-07,91,0.049062999999999996
2023-03-07,182,0.051719
2023-03-07,365,0.052199999999999996
2023-03-07,730,0.050084
2023-03-07,1095,0.047179
2023-03-07,1825,0.043120000000000006
2023-03-07,3650,0.039637
2023-03-07,10950,0.038721
2023-03-08,1,0.045700000000000005
2023-03-08,30,0.046334999999999994
2023-03-08,91,0.049758
2023-03-08,182,0.052516
2023-03-08,365,0.0525
2023-03-08,730,0.050701
2023-03-08,1095,0.047465
2023-03-08,1825,0.04351
2023-03-08,3650,0.039913
2023-03-08,10950,0.038940999999999996
2023-03-09,1,0.045700000000000005
2023-03-09,30,0.046049
2023-03-09,91,0.04949099999999999
2023-03-09,182,0.052055
2023-03-09,365,0.0518
2023-03-09,730,0.0487
2023-03-09,1095,0.045518
2023-03-09,1825,0.041929999999999995
2023-03-09,3650,0.039032
2023-03-09,10950,0.038493
2023-03-10,1,0.045700000000000005
2023-03-10,30,0.045587
2023-03-10,91,0.048693
2023-03-10,182,0.050462
2023-03-10,365,0.049
2023-03-10,730,0.045862
2023-03-10,1095,0.043164999999999995
2023-03-10,1825,0.039670000000000004
2023-03-10,3650,0.036987
2023-03-10,10950,0.037065
2023-03-13,1,0.0458
2023-03-13,30,0.044509
2023-03-13,91,0.04765
2023-03-13,182,0.046127
2023-03-13,365,0.043
2023-03-13,730,0.039764
2023-03-13,1095,0.03868
2023-03-13,1825,0.03702
2023-03-13,3650,0.035732
2023-03-13,10950,0.037092
2023-03-14,1,0.0458
2023-03-14,30,0.042106000000000005
2023-03-14,91,0.047557
2023-03-14,182,0.048733000000000005
2023-03-14,365,0.044500000000000005
2023-03-14,730,0.042504
2023-03-14,1095,0.040969
2023-03-14,1825,0.03856
2023-03-14,3650,0.036892
2023-03-14,10950,0.038033000000000004
2023-03-15,1,0.0458
2023-03-15,30,0.038532000000000004
2023-03-15,91,0.046098
2023-03-15,182,0.045485
2023-03-15,365,0.04190000000000001
2023-03-15,730,0.038874
2023-03-15,1095,0.037904
2023-03-15,1825,0.03553
2023-03-15,3650,0.034548
2023-03-15,10950,0.03643
2023-03-16,1,0.0458
2023-03-16,30,0.03784
2023-03-16,91,0.045937
2023-03-16,182,0.048034
2023-03-16,365,0.0449
2023-03-16,730,0.041572
2023-03-16,1095,0.040018000000000005
2023-03-16,1825,0.03739
2023-03-16,3650,0.035769999999999996
2023-03-16,10950,0.036986
2023-03-17,1,0.0458
2023-03-17,30,0.037039
2023-03-17,91,0.043356000000000006
2023-03-17,182,0.046020000000000005
2023-03-17,365,0.0426
2023-03-17,730,0.038374
2023-03-17,1095,0.037131
2023-03-17,1825,0.03501
2023-03-17,3650,0.034286
2023-03-17,10950,0.036197
2023-03-20,1,0.0458
2023-03-20,30,0.041881
2023-03-20,91,0.045292000000000006
2023-03-20,182,0.047556
2023-03-20,365,0.0434
2023-03-20,730,0.039763
2023-03-20,1095,0.038114
2023-03-20,1825,0.035910000000000004
2023-03-20,3650,0.034847
2023-03-20,10950,0.036655
2023-03-21,1,0.0458
2023-03-21,30,0.038995
2023-03-21,91,0.046155999999999996
2023-03-21,182,0.048733000000000005
2023-03-21,365,0.046799999999999994
2023-03-21,730,0.04166400000000001
2023-03-21,1095,0.039823
2023-03-21,1825,0.0375
2023-03-21,3650,0.036094
2023-03-21,10950,0.037321
2023-03-22,1,0.0458
2023-03-22,30,0.038736
2023-03-22,91,0.046590999999999994
2023-03-22,182,0.048067
2023-03-22,365,0.045599999999999995
2023-03-22,730,0.039367
2023-03-22,1095,0.037217
2023-03-22,1825,0.03513
2023-03-22,3650,0.034340999999999997
2023-03-22,10950,0.036516
2023-03-23,1,0.0483
2023-03-23,30,0.038222
2023-03-23,91,0.045963000000000004
2023-03-23,182,0.047261
2023-03-23,365,0.0438
2023-03-23,730,0.03833
2023-03-23,1095,0.036246
2023-03-23,1825,0.034409999999999996
2023-03-23,3650,0.034266
2023-03-23,10950,0.036978
2023-03-24,1,0.0483
2023-03-24,30,0.039207
2023-03-24,91,0.046127
2023-03-24,182,0.046924
2023-03-24,365,0.0432
2023-03-24,730,0.037667
2023-03-24,1095,0.035779
2023-03-24,1825,0.034089999999999995
2023-03-24,3650,0.033762
2023-03-24,10950,0.036438
2023-03-27,1,0.0483
2023-03-27,30,0.040351
2023-03-27,91,0.046509
2023-03-27,182,0.048034999999999994
2023-03-27,365,0.0451
2023-03-27,730,0.039952
2023-03-27,1095,0.037813
2023-03-27,1825,0.03593
2023-03-27,3650,0.035299
2023-03-27,10950,0.037604
2023-03-28,1,0.0483
2023-03-28,30,0.040957999999999994
2023-03-28,91,0.046467
2023-03-28,182,0.048067
2023-03-28,365,0.0455
2023-03-28,730,0.04078299999999999
2023-03-28,1095,0.038862
2023-03-28,1825,0.03677
2023-03-28,3650,0.035696
2023-03-28,10950,0.037694
2023-03-29,1,0.0483
2023-03-29,30,0.041463
2023-03-29,91,0.047239
2023-03-29,182,0.048253000000000004
2023-03-29,365,0.045899999999999996
2023-03-29,730,0.040989000000000005
2023-03-29,1095,0.038939
2023-03-29,1825,0.03683
2023-03-29,3650,0.035639
2023-03-29,10950,0.037587
2023-03-30,1,0.0483
2023-03-30,30,0.04462
2023-03-30,91,0.047751999999999996
2023-03-30,182,0.048513
2023-03-30,365,0.0463
2023-03-30,730,0.041195
2023-03-30,1095,0.039016
2023-03-30,1825,0.03685
2023-03-30,3650,0.035488
2023-03-30,10950,0.037339000000000004
2023-03-31,1,0.0483
2023-03-31,30,0.04402999999999999
2023-03-31,91,0.04693
2023-03-31,182,0.048574
2023-03-31,365,0.0464
2023-03-31,730,0.040253
2023-03-31,1095,0.037879
2023-03-31,1825,0.03576
2023-03-31,3650,0.034676
2023-03-31,10950,0.036499000000000004
2023-04-03,1,0.0483
2023-04-03,30,0.045683
2023-04-03,91,0.047183
2023-04-03,182,0.048408
2023-04-03,365,0.046
2023-04-03,730,0.039634
2023-04-03,1095,0.037203
2023-04-03,1825,0.035019999999999996
2023-04-03,3650,0.034114
2023-04-03,10950,0.036282999999999996
2023-04-04,1,0.0483
2023-04-04,30,0.044912
2023-04-04,91,0.04747899999999999
2023-04-04,182,0.046398
2023-04-04,365,0.045
2023-04-04,730,0.038253
2023-04-04,1095,0.036000000000000004
2023-04-04,1825,0.0339
2023-04-04,3650,0.033387
2023-04-04,10950,0.035965
2023-04-05,1,0.0483
2023-04-05,30,0.043759
2023-04-05,91,0.048174
2023-04-05,182,0.047218
2023-04-05,365,0.0443
2023-04-05,730,0.037798
2023-04-05,1095,0.035714
2023-04-05,1825,0.03372
2023-04-05,3650,0.033108
2023-04-05,10950,0.035701000000000004
2023-04-06,1,0.0483
2023-04-06,30,0.041878
2023-04-06,91,0.047941000000000004
2023-04-06,182,0.047539
2023-04-06,365,0.0451
2023-04-06,730,0.038309
2023-04-06,1095,0.03601
2023-04-06,1825,0.03376
2023-04-06,3650,0.03305
2023-04-06,10950,0.035506
2023-04-07,1,0.0483
2023-04-07,30,0.043897000000000005
2023-04-07,91,0.04752
2023-04-07,182,0.048143000000000005
2023-04-07,365,0.0461
2023-04-07,730,0.039806
2023-04-07,1095,0.037454
2023-04-07,1825,0.034980000000000004
2023-04-07,3650,0.033906
2023-04-07,10950,0.036076000000000004
2023-04-10,1,0.0483
2023-04-10,30,0.043769
2023-04-10,91,0.04962
2023-04-10,182,0.048674
2023-04-10,365,0.04650000000000001
2023-04-10,730,0.040077
2023-04-10,1095,0.037763
2023-04-10,1825,0.0352
2023-04-10,3650,0.034168
2023-04-10,10950,0.036282999999999996
2023-04-11,1,0.0483
2023-04-11,30,0.040473999999999996
2023-04-11,91,0.049141000000000004
2023-04-11,182,0.049293
2023-04-11,365,0.0467
2023-04-11,730,0.040224
2023-04-11,1095,0.037783000000000004
2023-04-11,1825,0.0353
2023-04-11,3650,0.034262
2023-04-11,10950,0.036196
2023-04-12,1,0.0483
2023-04-12,30,0.039755
2023-04-12,91,0.049446000000000004
2023-04-12,182,0.04916
2023-04-12,365,0.0464
2023-04-12,730,0.039578
2023-04-12,1095,0.036888000000000004
2023-04-12,1825,0.03464
2023-04-12,3650,0.033906
2023-04-12,10950,0.036248
2023-04-13,1,0.0483
2023-04-13,30,0.037126
2023-04-13,91,0.049569
2023-04-13,182,0.049233
2023-04-13,365,0.0466
2023-04-13,730,0.039683
2023-04-13,1095,0.037027000000000004
2023-04-13,1825,0.03501
2023-04-13,3650,0.034449
2023-04-13,10950,0.036873
2023-04-14,1,0.0483
2023-04-14,30,0.03959
2023-04-14,91,0.049861
2023-04-14,182,0.049746
2023-04-14,365,0.04769999999999999
2023-04-14,730,0.040989000000000005
2023-04-14,1095,0.038307
2023-04-14,1825,0.036070000000000005
2023-04-14,3650,0.035128
2023-04-14,10950,0.037348
2023-04-17,1,0.0483
2023-04-17,30,0.038081000000000004
2023-04-17,91,0.049906
2023-04-17,182,0.050166
2023-04-17,365,0.048
2023-04-17,730,0.04194200000000001
2023-04-17,1095,0.039203
2023-04-17,1825,0.037000000000000005
2023-04-17,3650,0.036004
2023-04-17,10950,0.038107
2023-04-18,1,0.0483
2023-04-18,30,0.035783
2023-04-18,91,0.050701
2023-04-18,182,0.050468
2023-04-18,365,0.0481
2023-04-18,730,0.041967
2023-04-18,1095,0.039091999999999995
2023-04-18,1825,0.0368
2023-04-18,3650,0.035756
2023-04-18,10950,0.037874
2023-04-19,1,0.0483
2023-04-19,30,0.036823999999999996
2023-04-19,91,0.050900999999999995
2023-04-19,182,0.050361
2023-04-19,365,0.0484
2023-04-19,730,0.042436999999999996
2023-04-19,1095,0.039514
2023-04-19,1825,0.03702
2023-04-19,3650,0.035908
2023-04-19,10950,0.037865
2023-04-20,1,0.0483
2023-04-20,30,0.032313
2023-04-20,91,0.050582
2023-04-20,182,0.050247
2023-04-20,365,0.04769999999999999
2023-04-20,730,0.041422999999999995
2023-04-20,1095,0.038561
2023-04-20,1825,0.03627
2023-04-20,3650,0.035318
2023-04-20,10950,0.037401
2023-04-21,1,0.0483
2023-04-21,30,0.032579
2023-04-21,91,0.050172
2023-04-21,182,0.049906
2023-04-21,365,0.0478
2023-04-21,730,0.041816000000000006
2023-04-21,1095,0.038900000000000004
2023-04-21,1825,0.03665
2023-04-21,3650,0.035718
2023-04-21,10950,0.037757
2023-04-24,1,0.0483
2023-04-24,30,0.034079
2023-04-24,91,0.049672
2023-04-24,182,0.049873
2023-04-24,365,0.047599999999999996
2023-04-24,730,0.040881999999999995
2023-04-24,1095,0.037889
2023-04-24,1825,0.03571
2023-04-24,3650,0.034901
2023-04-24,10950,0.037092
2023-04-25,1,0.0483
2023-04-25,30,0.038179
2023-04-25,91,0.050233
2023-04-25,182,0.04932
2023-04-25,365,0.046
2023-04-25,730,0.039544
2023-04-25,1095,0.036461
2023-04-25,1825,0.0345
2023-04-25,3650,0.033996
2023-04-25,10950,0.036585
2023-04-26,1,0.0483
2023-04-26,30,0.035729000000000004
2023-04-26,91,0.051082999999999996
2023-04-26,182,0.049827
2023-04-26,365,0.0464
2023-04-26,730,0.039508999999999996
2023-04-26,1095,0.036907
2023-04-26,1825,0.034980000000000004
2023-04-26,3650,0.034485
2023-04-26,10950,0.037022
2023-04-27,1,0.0483
2023-04-27,30,0.041051000000000004
2023-04-27,91,0.05144
2023-04-27,182,0.050381
2023-04-27,365,0.0478
2023-04-27,730,0.040682
2023-04-27,1095,0.03803
2023-04-27,1825,0.03593
2023-04-27,3650,0.035204
2023-04-27,10950,0.037499
2023-04-28,1,0.0483
2023-04-28,30,0.040865
2023-04-28,91,0.050302
2023-04-28,182,0.050012999999999995
2023-04-28,365,0.048
2023-04-28,730,0.040064
2023-04-28,1095,0.037157
2023-04-28,1825,0.03485
2023-04-28,3650,0.03422
2023-04-28,10950,0.036732999999999995
2023-05-01,1,0.0483
2023-05-01,30,0.043616
2023-05-01,91,0.050113000000000005
2023-05-01,182,0.0507
2023-05-01,365,0.048600000000000004
2023-05-01,730,0.041407
2023-05-01,1095,0.038624
2023-05-01,1825,0.03635
2023-05-01,3650,0.035681
2023-05-01,10950,0.038081000000000004
2023-05-02,1,0.0483
2023-05-02,30,0.042743
2023-05-02,91,0.051065
2023-05-02,182,0.049321000000000004
2023-05-02,365,0.047400000000000005
2023-05-02,730,0.039613
2023-05-02,1095,0.036762
2023-05-02,1825,0.03449
2023-05-02,3650,0.034239
2023-05-02,10950,0.037119
2023-05-03,1,0.0483
2023-05-03,30,0.044014
2023-05-03,91,0.051810999999999996
2023-05-03,182,0.049478
2023-05-03,365,0.047
2023-05-03,730,0.038048
2023-05-03,1095,0.035019999999999996
2023-05-03,1825,0.033
2023-05-03,3650,0.033356
2023-05-03,10950,0.036821
2023-05-04,1,0.0508
2023-05-04,30,0.044263000000000004
2023-05-04,91,0.051986
2023-05-04,182,0.049604
2023-05-04,365,0.045899999999999996
2023-05-04,730,0.037903
2023-05-04,1095,0.035129
2023-05-04,1825,0.0333
2023-05-04,3650,0.033787
2023-05-04,10950,0.037296
2023-05-05,1,0.0508
2023-05-05,30,0.053404
2023-05-05,91,0.052016
2023-05-05,182,0.050435
2023-05-05,365,0.0473
2023-05-05,730,0.039139
2023-05-05,1095,0.036418
2023-05-05,1825,0.03412
2023-05-05,3650,0.03437
2023-05-05,10950,0.037535
2023-05-08,1,0.0508
2023-05-08,30,0.053217
2023-05-08,91,0.052008
2023-05-08,182,0.050322
2023-05-08,365,0.0479
2023-05-08,730,0.040012
2023-05-08,1095,0.037181
2023-05-08,1825,0.03492
2023-05-08,3650,0.035072
2023-05-08,10950,0.038227000000000004
2023-05-09,1,0.0508
2023-05-09,30,0.054283
2023-05-09,91,0.051819
2023-05-09,182,0.051269
2023-05-09,365,0.0481
2023-05-09,730,0.040221
2023-05-09,1095,0.037237
2023-05-09,1825,0.03496
2023-05-09,3650,0.035186
2023-05-09,10950,0.038381
2023-05-10,1,0.0508
2023-05-10,30,0.054351000000000003
2023-05-10,91,0.051967
2023-05-10,182,0.050788
2023-05-10,365,0.047
2023-05-10,730,0.039098
2023-05-10,1095,0.035724
2023-05-10,1825,0.03385
2023-05-10,3650,0.034426
2023-05-10,10950,0.037965
2023-05-11,1,0.0508
2023-05-11,30,0.054267
2023-05-11,91,0.051492
2023-05-11,182,0.050781
2023-05-11,365,0.047
2023-05-11,730,0.038994
2023-05-11,1095,0.035613
2023-05-11,1825,0.03357
2023-05-11,3650,0.033843
2023-05-11,10950,0.037402000000000005
2023-05-12,1,0.0508
2023-05-12,30,0.054196999999999995
2023-05-12,91,0.051522
2023-05-12,182,0.050839999999999996
2023-05-12,365,0.0475
2023-05-12,730,0.039872
2023-05-12,1095,0.036555
2023-05-12,1825,0.03447
2023-05-12,3650,0.034624999999999996
2023-05-12,10950,0.037888000000000005
2023-05-15,1,0.0508
2023-05-15,30,0.055313
2023-05-15,91,0.051229
2023-05-15,182,0.051393
2023-05-15,365,0.0473
2023-05-15,730,0.040104
2023-05-15,1095,0.036722000000000005
2023-05-15,1825,0.0347
2023-05-15,3650,0.035019
2023-05-15,10950,0.038419
2023-05-16,1,0.0508
2023-05-16,30,0.054717
2023-05-16,91,0.051403
2023-05-16,182,0.052045
2023-05-16,365,0.048799999999999996
2023-05-16,730,0.040820999999999996
2023-05-16,1095,0.037446
2023-05-16,1825,0.03527
2023-05-16,3650,0.035339
2023-05-16,10950,0.038537
2023-05-17,1,0.0508
2023-05-17,30,0.053457
2023-05-17,91,0.052176
2023-05-17,182,0.052419
2023-05-17,365,0.0492
2023-05-17,730,0.04154
2023-05-17,1095,0.038173
2023-05-17,1825,0.035859999999999996
2023-05-17,3650,0.035641
2023-05-17,10950,0.038538
2023-05-18,1,0.0508
2023-05-18,30,0.05299
2023-05-18,91,0.052245999999999994
2023-05-18,182,0.05297399999999999
2023-05-18,365,0.050199999999999995
2023-05-18,730,0.042517
2023-05-18,1095,0.039155999999999996
2023-05-18,1825,0.03685
2023-05-18,3650,0.036457
2023-05-18,10950,0.03904
2023-05-19,1,0.0508
2023-05-19,30,0.053251
2023-05-19,91,0.052172
2023-05-19,182,0.05287
2023-05-19,365,0.050199999999999995
2023-05-19,730,0.042659
2023-05-19,1095,0.0395
2023-05-19,1825,0.03733
2023-05-19,3650,0.036726
2023-05-19,10950,0.039271
2023-05-22,1,0.0508
2023-05-22,30,0.054572
2023-05-22,91,0.052242
2023-05-22,182,0.052943
2023-05-22,365,0.0507
2023-05-22,730,0.043154000000000005
2023-05-22,1095,0.039841
2023-05-22,1825,0.03763
2023-05-22,3650,0.037148
2023-05-22,10950,0.039662
2023-05-23,1,0.0508
2023-05-23,30,0.054589
2023-05-23,91,0.052260999999999995
2023-05-23,182,0.053364
2023-05-23,365,0.0506
2023-05-23,730,0.04316
2023-05-23,1095,0.039731
2023-05-23,1825,0.03744
2023-05-23,3650,0.036919
2023-05-23,10950,0.039476
2023-05-24,1,0.0508
2023-05-24,30,0.056267
2023-05-24,91,0.053268
2023-05-24,182,0.053819
2023-05-24,365,0.0512
2023-05-24,730,0.043757000000000004
2023-05-24,1095,0.040612
2023-05-24,1825,0.0382
2023-05-24,3650,0.037419
2023-05-24,10950,0.039859
2023-05-25,1,0.0508
2023-05-25,30,0.054599
2023-05-25,91,0.052818
2023-05-25,182,0.054132999999999994
2023-05-25,365,0.0524
2023-05-25,730,0.045328999999999994
2023-05-25,1095,0.042123999999999995
2023-05-25,1825,0.03914
2023-05-25,3650,0.038174
2023-05-25,10950,0.039952999999999995
2023-05-26,1,0.0508
2023-05-26,30,0.054828
2023-05-26,91,0.052294
2023-05-26,182,0.0537
2023-05-26,365,0.0525
2023-05-26,730,0.04561899999999999
2023-05-26,1095,0.04237199999999999
2023-05-26,1825,0.03929
2023-05-26,3650,0.037982999999999996
2023-05-26,10950,0.039607
2023-05-29,1,0.0508
2023-05-29,30,0.054978
2023-05-29,91,0.052294
2023-05-29,182,0.0537
2023-05-29,365,0.0525
2023-05-29,730,0.04561899999999999
2023-05-29,1095,0.04237199999999999
2023-05-29,1825,0.03929
2023-05-29,3650,0.037982999999999996
2023-05-29,10950,0.039607
2023-05-30,1,0.0508
2023-05-30,30,0.051805000000000004
2023-05-30,91,0.05252
2023-05-30,182,0.054066
2023-05-30,365,0.052199999999999996
2023-05-30,730,0.044501
2023-05-30,1095,0.041117999999999995
2023-05-30,1825,0.038079999999999996
2023-05-30,3650,0.036865999999999996
2023-05-30,10950,0.038904
2023-05-31,1,0.0508
2023-05-31,30,0.051133
2023-05-31,91,0.053884
2023-05-31,182,0.054199000000000004
2023-05-31,365,0.0518
2023-05-31,730,0.044027000000000004
2023-05-31,1095,0.040465
2023-05-31,1825,0.037559999999999996
2023-05-31,3650,0.036426
2023-05-31,10950,0.038611
2023-06-01,1,0.0508
2023-06-01,30,0.051662
2023-06-01,91,0.053433
2023-06-01,182,0.05379
2023-06-01,365,0.051100000000000007
2023-06-01,730,0.043407999999999995
2023-06-01,1095,0.039813
2023-06-01,1825,0.03698
2023-06-01,3650,0.03595
2023-06-01,10950,0.038149
2023-06-02,1,0.0508
2023-06-02,30,0.050559
2023-06-02,91,0.053513000000000005
2023-06-02,182,0.054407
2023-06-02,365,0.052199999999999996
2023-06-02,730,0.044969
2023-06-02,1095,0.041395999999999995
2023-06-02,1825,0.038450000000000005
2023-06-02,3650,0.036907
2023-06-02,10950,0.038877
2023-06-05,1,0.0508
2023-06-05,30,0.051577000000000005
2023-06-05,91,0.052828
2023-06-05,182,0.054025
2023-06-05,365,0.051699999999999996
2023-06-05,730,0.044659000000000004
2023-06-05,1095,0.041085
2023-06-05,1825,0.03819
2023-06-05,3650,0.036831
2023-06-05,10950,0.038831000000000004
2023-06-06,1,0.0508
2023-06-06,30,0.049982
2023-06-06,91,0.052339000000000004
2023-06-06,182,0.054132999999999994
2023-06-06,365,0.052000000000000005
2023-06-06,730,0.044786
2023-06-06,1095,0.04106
2023-06-06,1825,0.03809
2023-06-06,3650,0.036602
2023-06-06,10950,0.038439
2023-06-07,1,0.0508
2023-06-07,30,0.049002
2023-06-07,91,0.052722
2023-06-07,182,0.053972
2023-06-07,365,0.0516
2023-06-07,730,0.045563
2023-06-07,1095,0.042216
2023-06-07,1825,0.03941
2023-06-07,3650,0.037952
2023-06-07,10950,0.03945
2023-06-08,1,0.0508
2023-06-08,30,0.050403
2023-06-08,91,0.052272
2023-06-08,182,0.053616000000000004
2023-06-08,365,0.0512
2023-06-08,730,0.04514700000000001
2023-06-08,1095,0.041643999999999994
2023-06-08,1825,0.03859
2023-06-08,3650,0.037179000000000004
2023-06-08,10950,0.038877
2023-06-09,1,0.0508
2023-06-09,30,0.050373
2023-06-09,91,0.052354000000000005
2023-06-09,182,0.053486000000000006
2023-06-09,365,0.051699999999999996
2023-06-09,730,0.045956000000000004
2023-06-09,1095,0.042409999999999996
2023-06-09,1825,0.03914
2023-06-09,3650,0.037394
2023-06-09,10950,0.038804
2023-06-12,1,0.0508
2023-06-12,30,0.051544
2023-06-12,91,0.052164
2023-06-12,182,0.053505000000000004
2023-06-12,365,0.0518
2023-06-12,730,0.04577
2023-06-12,1095,0.042241
2023-06-12,1825,0.03895
2023-06-12,3650,0.037356
2023-06-12,10950,0.038813
2023-06-13,1,0.0508
2023-06-13,30,0.051025
2023-06-13,91,0.05196100000000001
2023-06-13,182,0.053303
2023-06-13,365,0.0526
2023-06-13,730,0.046662
2023-06-13,1095,0.042790999999999996
2023-06-13,1825,0.03992
2023-06-13,3650,0.038133
2023-06-13,10950,0.0392
2023-06-14,1,0.0508
2023-06-14,30,0.050351999999999994
2023-06-14,91,0.052162
2023-06-14,182,0.053383
2023-06-14,365,0.0527
2023-06-14,730,0.046879
2023-06-14,1095,0.042932
2023-06-14,1825,0.039900000000000005
2023-06-14,3650,0.037862
2023-06-14,10950,0.038822999999999996
2023-06-15,1,0.0507
2023-06-15,30,0.050396
2023-06-15,91,0.051997999999999996
2023-06-15,182,0.052892999999999996
2023-06-15,365,0.0521
2023-06-15,730,0.046418
2023-06-15,1095,0.042427
2023-06-15,1825,0.03912
2023-06-15,3650,0.037165
2023-06-15,10950,0.038376
2023-06-16,1,0.0508
2023-06-16,30,0.050955
2023-06-16,91,0.052150999999999996
2023-06-16,182,0.053023
2023-06-16,365,0.0524
2023-06-16,730,0.047141
2023-06-16,1095,0.043107
2023-06-16,1825,0.03985
2023-06-16,3650,0.037613
2023-06-16,10950,0.038522
2023-06-19,1,0.0508
2023-06-19,30,0.050955
2023-06-19,91,0.052150999999999996
2023-06-19,182,0.053023
2023-06-19,365,0.0524
2023-06-19,730,0.047141
2023-06-19,1095,0.043107
2023-06-19,1825,0.03985
2023-06-19,3650,0.037613
2023-06-19,10950,0.038522
2023-06-20,1,0.0507
2023-06-20,30,0.050897
2023-06-20,91,0.052142999999999995
2023-06-20,182,0.053256
2023-06-20,365,0.0524
2023-06-20,730,0.046847
2023-06-20,1095,0.042824999999999995
2023-06-20,1825,0.03954
2023-06-20,3650,0.037207
2023-06-20,10950,0.038114
2023-06-21,1,0.0507
2023-06-21,30,0.050685
2023-06-21,91,0.052762
2023-06-21,182,0.053945999999999994
2023-06-21,365,0.0525
2023-06-21,730,0.047152
2023-06-21,1095,0.042939
2023-06-21,1825,0.03957
2023-06-21,3650,0.037189
2023-06-21,10950,0.03807
2023-06-22,1,0.0507
2023-06-22,30,0.05055
2023-06-22,91,0.052885
2023-06-22,182,0.053911
2023-06-22,365,0.0529
2023-06-22,730,0.047909
2023-06-22,1095,0.043734
2023-06-22,1825,0.04044
2023-06-22,3650,0.037946
2023-06-22,10950,0.038686
2023-06-23,1,0.0507
2023-06-23,30,0.050398
2023-06-23,91,0.052888000000000004
2023-06-23,182,0.053940999999999996
2023-06-23,365,0.0525
2023-06-23,730,0.047412
2023-06-23,1095,0.043255999999999996
2023-06-23,1825,0.03992
2023-06-23,3650,0.037347
2023-06-23,10950,0.038115
2023-06-26,1,0.0507
2023-06-26,30,0.050929
2023-06-26,91,0.053063
2023-06-26,182,0.05412
2023-06-26,365,0.0527
2023-06-26,730,0.047439999999999996
2023-06-26,1095,0.043114999999999994
2023-06-26,1825,0.039689999999999996
2023-06-26,3650,0.037212
2023-06-26,10950,0.038142
2023-06-27,1,0.0507
2023-06-27,30,0.050973
2023-06-27,91,0.052770000000000004
2023-06-27,182,0.053829
2023-06-27,365,0.0533
2023-06-27,730,0.047554
2023-06-27,1095,0.04388499999999999
2023-06-27,1825,0.04031
2023-06-27,3650,0.037639
2023-06-27,10950,0.038422
2023-06-28,1,0.0507
2023-06-28,30,0.050941
2023-06-28,91,0.053205
2023-06-28,182,0.054306
2023-06-28,365,0.053200000000000004
2023-06-28,730,0.047098
2023-06-28,1095,0.04325999999999999
2023-06-28,1825,0.03968
2023-06-28,3650,0.037078
2023-06-28,10950,0.03807
2023-06-29,1,0.0507
2023-06-29,30,0.051113
2023-06-29,91,0.05325
2023-06-29,182,0.054325
2023-06-29,365,0.0541
2023-06-29,730,0.048593000000000004
2023-06-29,1095,0.044862
2023-06-29,1825,0.041319999999999996
2023-06-29,3650,0.038383
2023-06-29,10950,0.038999
2023-06-30,1,0.0508
2023-06-30,30,0.051065
2023-06-30,91,0.052836
2023-06-30,182,0.05406
2023-06-30,365,0.054000000000000006
2023-06-30,730,0.048954000000000004
2023-06-30,1095,0.045273
2023-06-30,1825,0.04156
2023-06-30,3650,0.038367
2023-06-30,10950,0.038605
2023-07-03,1,0.0508
2023-07-03,30,0.051665
2023-07-03,91,0.052767999999999995
2023-07-03,182,0.054178
2023-07-03,365,0.054299999999999994
2023-07-03,730,0.049358000000000006
2023-07-03,1095,0.045739999999999996
2023-07-03,1825,0.041890000000000004
2023-07-03,3650,0.038544999999999996
2023-07-03,10950,0.038632
2023-07-04,1,0.0508
2023-07-04,30,0.051665
2023-07-04,91,0.053197999999999995
2023-07-04,182,0.05483
2023-07-04,365,0.054299999999999994
2023-07-04,730,0.049358000000000006
2023-07-04,1095,0.045739999999999996
2023-07-04,1825,0.041890000000000004
2023-07-04,3650,0.038544999999999996
2023-07-04,10950,0.038632
2023-07-05,1,0.0508
2023-07-05,30,0.051632
2023-07-05,91,0.053398
2023-07-05,182,0.054695999999999995
2023-07-05,365,0.054000000000000006
2023-07-05,730,0.049444999999999996
2023-07-05,1095,0.046091
2023-07-05,1825,0.0425
2023-07-05,3650,0.039315
2023-07-05,10950,0.039286
2023-07-06,1,0.0508
2023-07-06,30,0.051753
2023-07-06,91,0.053521
2023-07-06,182,0.054608
2023-07-06,365,0.054400000000000004
2023-07-06,730,0.049805999999999996
2023-07-06,1095,0.046703
2023-07-06,1825,0.04348
2023-07-06,3650,0.040290999999999993
2023-07-06,10950,0.039997
2023-07-07,1,0.0508
2023-07-07,30,0.051885
2023-07-07,91,0.053367000000000005
2023-07-07,182,0.054289
2023-07-07,365,0.0541
2023-07-07,730,0.049459
2023-07-07,1095,0.046629
2023-07-07,1825,0.043609999999999996
2023-07-07,3650,0.040616000000000006
2023-07-07,10950,0.040453
2023-07-10,1,0.0507
2023-07-10,30,0.052466
2023-07-10,91,0.053384999999999995
2023-07-10,182,0.054843
2023-07-10,365,0.0538
2023-07-10,730,0.048575999999999994
2023-07-10,1095,0.045443
2023-07-10,1825,0.042359999999999995
2023-07-10,3650,0.039938
2023-07-10,10950,0.04032
2023-07-11,1,0.0508
2023-07-11,30,0.052408
2023-07-11,91,0.053709
2023-07-11,182,0.054964000000000006
2023-07-11,365,0.054400000000000004
2023-07-11,730,0.048726000000000005
2023-07-11,1095,0.045475
2023-07-11,1825,0.042300000000000004
2023-07-11,3650,0.0397
2023-07-11,10950,0.040073
2023-07-12,1,0.0508
2023-07-12,30,0.052426
2023-07-12,91,0.05378
2023-07-12,182,0.054668999999999995
2023-07-12,365,0.0535
2023-07-12,730,0.047462
2023-07-12,1095,0.043818
2023-07-12,1825,0.04074
2023-07-12,3650,0.038572999999999996
2023-07-12,10950,0.039473
2023-07-13,1,0.0508
2023-07-13,30,0.05241799999999999
2023-07-13,91,0.053849999999999995
2023-07-13,182,0.054527
2023-07-13,365,0.0527
2023-07-13,730,0.046303000000000004
2023-07-13,1095,0.042446000000000005
2023-07-13,1825,0.0395
2023-07-13,3650,0.037634
2023-07-13,10950,0.039009
2023-07-14,1,0.0508
2023-07-14,30,0.052191999999999995
2023-07-14,91,0.053539
2023-07-14,182,0.054314999999999995
2023-07-14,365,0.053399999999999996
2023-07-14,730,0.047656000000000004
2023-07-14,1095,0.043734
2023-07-14,1825,0.04048
2023-07-14,3650,0.038321999999999995
2023-07-14,10950,0.039278
2023-07-17,1,0.0508
2023-07-17,30,0.052646
2023-07-17,91,0.053923
2023-07-17,182,0.054602000000000005
2023-07-17,365,0.0533
2023-07-17,730,0.047424
2023-07-17,1095,0.043395
2023-07-17,1825,0.04019999999999999
2023-07-17,3650,0.038068
2023-07-17,10950,0.039287
2023-07-18,1,0.0508
2023-07-18,30,0.052331
2023-07-18,91,0.053840000000000006
2023-07-18,182,0.05474999999999999
2023-07-18,365,0.053200000000000004
2023-07-18,730,0.047659
2023-07-18,1095,0.043478
2023-07-18,1825,0.040069999999999995
2023-07-18,3650,0.037853
2023-07-18,10950,0.038945
2023-07-19,1,0.0508
2023-07-19,30,0.052528
2023-07-19,91,0.05401500000000001
2023-07-19,182,0.054722999999999994
2023-07-19,365,0.053200000000000004
2023-07-19,730,0.04766
2023-07-19,1095,0.043392
2023-07-19,1825,0.03986
2023-07-19,3650,0.037483
2023-07-19,10950,0.038397
2023-07-20,1,0.0508
2023-07-20,30,0.052495
2023-07-20,91,0.054033
2023-07-20,182,0.054742
2023-07-20,365,0.0535
2023-07-20,730,0.048387
2023-07-20,1095,0.04446
2023-07-20,1825,0.04104
2023-07-20,3650,0.038502999999999996
2023-07-20,10950,0.039084
2023-07-21,1,0.0508
2023-07-21,30,0.052550999999999994
2023-07-21,91,0.054009
2023-07-21,182,0.054503
2023-07-21,365,0.0535
2023-07-21,730,0.048372
2023-07-21,1095,0.044401
2023-07-21,1825,0.040940000000000004
2023-07-21,3650,0.038349
2023-07-21,10950,0.038974
2023-07-24,1,0.0508
2023-07-24,30,0.053414
2023-07-24,91,0.054105
2023-07-24,182,0.054762000000000005
2023-07-24,365,0.0538
2023-07-24,730,0.049191000000000006
2023-07-24,1095,0.045109
2023-07-24,1825,0.04153
2023-07-24,3650,0.038725
2023-07-24,10950,0.039223
2023-07-25,1,0.0508
2023-07-25,30,0.053535000000000006
2023-07-25,91,0.05404899999999999
2023-07-25,182,0.054363999999999996
2023-07-25,365,0.0538
2023-07-25,730,0.048743999999999996
2023-07-25,1095,0.045279
2023-07-25,1825,0.04168
2023-07-25,3650,0.038845
2023-07-25,10950,0.039288
2023-07-26,1,0.0508
2023-07-26,30,0.053501
2023-07-26,91,0.053962
2023-07-26,182,0.054734
2023-07-26,365,0.0537
2023-07-26,730,0.048516000000000004
2023-07-26,1095,0.044881000000000004
2023-07-26,1825,0.04117
2023-07-26,3650,0.038668
2023-07-26,10950,0.039344000000000004
2023-07-27,1,0.0533
2023-07-27,30,0.053417000000000006
2023-07-27,91,0.054162999999999996
2023-07-27,182,0.054859
2023-07-27,365,0.054000000000000006
2023-07-27,730,0.049284
2023-07-27,1095,0.04582
2023-07-27,1825,0.042409999999999996
2023-07-27,3650,0.039982000000000004
2023-07-27,10950,0.040389999999999995
2023-07-28,1,0.0533
2023-07-28,30,0.053114999999999996
2023-07-28,91,0.054086999999999996
2023-07-28,182,0.05467399999999999
2023-07-28,365,0.0537
2023-07-28,730,0.048743999999999996
2023-07-28,1095,0.045164
2023-07-28,1825,0.04178
2023-07-28,3650,0.039507
2023-07-28,10950,0.040105
2023-07-31,1,0.0533
2023-07-31,30,0.05346599999999999
2023-07-31,91,0.054001
2023-07-31,182,0.054479
2023-07-31,365,0.0537
2023-07-31,730,0.048766
2023-07-31,1095,0.045249
2023-07-31,1825,0.04178
2023-07-31,3650,0.039588
2023-07-31,10950,0.040096
2023-08-01,1,0.0533
2023-08-01,30,0.053662999999999995
2023-08-01,91,0.053797
2023-08-01,182,0.054884
2023-08-01,365,0.0538
2023-08-01,730,0.049016000000000004
2023-08-01,1095,0.045678
2023-08-01,1825,0.04217
2023-08-01,3650,0.040229999999999995
2023-08-01,10950,0.040919
2023-08-02,1,0.0533
2023-08-02,30,0.053501
2023-08-02,91,0.053763
2023-08-02,182,0.054803
2023-08-02,365,0.0536
2023-08-02,730,0.048767
2023-08-02,1095,0.045507
2023-08-02,1825,0.04238
2023-08-02,3650,0.040775
2023-08-02,10950,0.041749
2023-08-03,1,0.0533
2023-08-03,30,0.053186
2023-08-03,91,0.053989
2023-08-03,182,0.054715
2023-08-03,365,0.0537
2023-08-03,730,0.04881
2023-08-03,1095,0.045765
2023-08-03,1825,0.04293
2023-08-03,3650,0.041750999999999996
2023-08-03,10950,0.042908999999999996
2023-08-04,1,0.0533
2023-08-04,30,0.05314
2023-08-04,91,0.053965
2023-08-04,182,0.054476000000000004
2023-08-04,365,0.0533
2023-08-04,730,0.047641
2023-08-04,1095,0.044474
2023-08-04,1825,0.04135
2023-08-04,3650,0.040338000000000006
2023-08-04,10950,0.042007
2023-08-07,1,0.0533
2023-08-07,30,0.053696
2023-08-07,91,0.054035
2023-08-07,182,0.054575
2023-08-07,365,0.053
2023-08-07,730,0.047618999999999995
2023-08-07,1095,0.044558999999999994
2023-08-07,1825,0.04167
2023-08-07,3650,0.040885
2023-08-07,10950,0.042698
2023-08-08,1,0.0533
2023-08-08,30,0.053559999999999997
2023-08-08,91,0.054336
2023-08-08,182,0.054911
2023-08-08,365,0.0535
2023-08-08,730,0.047514
2023-08-08,1095,0.044157
2023-08-08,1825,0.041120000000000004
2023-08-08,3650,0.040220000000000006
2023-08-08,10950,0.04206699999999999
2023-08-09,1,0.0533
2023-08-09,30,0.05322
2023-08-09,91,0.054328
2023-08-09,182,0.054964000000000006
2023-08-09,365,0.0535
2023-08-09,730,0.04808
2023-08-09,1095,0.044396000000000005
2023-08-09,1825,0.04138
2023-08-09,3650,0.040081
2023-08-09,10950,0.041700999999999995
2023-08-10,1,0.0533
2023-08-10,30,0.053289
2023-08-10,91,0.054268000000000004
2023-08-10,182,0.054794999999999996
2023-08-10,365,0.0533
2023-08-10,730,0.048417
2023-08-10,1095,0.0451
2023-08-10,1825,0.04233
2023-08-10,3650,0.041055
2023-08-10,10950,0.042518
2023-08-11,1,0.0533
2023-08-11,30,0.053602
2023-08-11,91,0.054191
2023-08-11,182,0.054717
2023-08-11,365,0.0536
2023-08-11,730,0.048947000000000004
2023-08-11,1095,0.04575
2023-08-11,1825,0.04303
2023-08-11,3650,0.041521999999999996
2023-08-11,10950,0.042614
2023-08-14,1,0.0533
2023-08-14,30,0.053824
2023-08-14,91,0.054157000000000004
2023-08-14,182,0.054896
2023-08-14,365,0.0537
2023-08-14,730,0.049669
2023-08-14,1095,0.046457
2023-08-14,1825,0.04362
2023-08-14,3650,0.041913
2023-08-14,10950,0.042888
2023-08-15,1,0.0533
2023-08-15,30,0.053612
2023-08-15,91,0.054075
2023-08-15,182,0.054991000000000005
2023-08-15,365,0.0536
2023-08-15,730,0.049522000000000004
2023-08-15,1095,0.046459
2023-08-15,1825,0.043739999999999994
2023-08-15,3650,0.04211
2023-08-15,10950,0.043155
2023-08-16,1,0.0533
2023-08-16,30,0.053552999999999996
2023-08-16,91,0.054432
2023-08-16,182,0.055018000000000004
2023-08-16,365,0.0537
2023-08-16,730,0.049652
2023-08-16,1095,0.046659
2023-08-16,1825,0.044050000000000006
2023-08-16,3650,0.042504
2023-08-16,10950,0.043518999999999995
2023-08-17,1,0.0533
2023-08-17,30,0.053494
2023-08-17,91,0.054085
2023-08-17,182,0.054742
2023-08-17,365,0.0536
2023-08-17,730,0.049291999999999996
2023-08-17,1095,0.046519000000000005
2023-08-17,1825,0.04409
2023-08-17,3650,0.042741
2023-08-17,10950,0.043868
2023-08-18,1,0.0533
2023-08-18,30,0.053602
2023-08-18,91,0.054296
2023-08-18,182,0.054664000000000004
2023-08-18,365,0.0535
2023-08-18,730,0.049425
2023-08-18,1095,0.046467999999999995
2023-08-18,1825,0.04386999999999999
2023-08-18,3650,0.042546
2023-08-18,10950,0.043751
2023-08-21,1,0.0533
2023-08-21,30,0.053849999999999995
2023-08-21,91,0.05434
2023-08-21,182,0.055004
2023-08-21,365,0.0537
2023-08-21,730,0.050006
2023-08-21,1095,0.047154999999999996
2023-08-21,1825,0.044669999999999994
2023-08-21,3650,0.043379
2023-08-21,10950,0.044465000000000005
2023-08-22,1,0.0533
2023-08-22,30,0.053739999999999996
2023-08-22,91,0.054161
2023-08-22,182,0.054444
2023-08-22,365,0.053899999999999997
2023-08-22,730,0.050459
2023-08-22,1095,0.047557999999999996
2023-08-22,1825,0.04489
2023-08-22,3650,0.043240999999999995
2023-08-22,10950,0.044004
2023-08-23,1,0.0533
2023-08-23,30,0.053731999999999995
2023-08-23,91,0.054362
2023-08-23,182,0.054894
2023-08-23,365,0.0535
2023-08-23,730,0.049667
2023-08-23,1095,0.046558999999999996
2023-08-23,1825,0.043710000000000006
2023-08-23,3650,0.041918
2023-08-23,10950,0.042699
2023-08-24,1,0.0533
2023-08-24,30,0.053775
2023-08-24,91,0.054641
2023-08-24,182,0.055099999999999996
2023-08-24,365,0.053899999999999997
2023-08-24,730,0.050228999999999996
2023-08-24,1095,0.047019000000000005
2023-08-24,1825,0.04415
2023-08-24,3650,0.04237199999999999
2023-08-24,10950,0.043021000000000004
2023-08-25,1,0.0533
2023-08-25,30,0.053576
2023-08-25,91,0.054565
2023-08-25,182,0.055289000000000005
2023-08-25,365,0.054400000000000004
2023-08-25,730,0.050779
2023-08-25,1095,0.047399
2023-08-25,1825,0.0444
2023-08-25,3650,0.042354
2023-08-25,10950,0.042841
2023-08-28,1,0.0533
2023-08-28,30,0.053849999999999995
2023-08-28,91,0.054843
2023-08-28,182,0.055521
2023-08-28,365,0.054400000000000004
2023-08-28,730,0.050479
2023-08-28,1095,0.046971
2023-08-28,1825,0.044020000000000004
2023-08-28,3650,0.04202
2023-08-28,10950,0.042774
2023-08-29,1,0.0533
2023-08-29,30,0.053662999999999995
2023-08-29,91,0.054344
2023-08-29,182,0.05534
2023-08-29,365,0.0537
2023-08-29,730,0.048942
2023-08-29,1095,0.045826000000000006
2023-08-29,1825,0.04278
2023-08-29,3650,0.041197
2023-08-29,10950,0.042303
2023-08-30,1,0.0533
2023-08-30,30,0.053706
2023-08-30,91,0.054466
2023-08-30,182,0.055313
2023-08-30,365,0.053899999999999997
2023-08-30,730,0.04885900000000001
2023-08-30,1095,0.045713
2023-08-30,1825,0.04269
2023-08-30,3650,0.041139
2023-08-30,10950,0.042256999999999996
2023-08-31,1,0.0533
2023-08-31,30,0.053621999999999996
2023-08-31,91,0.05435399999999999
2023-08-31,182,0.054956
2023-08-31,365,0.0537
2023-08-31,730,0.048629
2023-08-31,1095,0.045542
2023-08-31,1825,0.04255
2023-08-31,3650,0.041081000000000006
2023-08-31,10950,0.042107
2023-09-01,1,0.0533
2023-09-01,30,0.053670999999999996
2023-09-01,91,0.054086999999999996
2023-09-01,182,0.054789000000000004
2023-09-01,365,0.0536
2023-09-01,730,0.048784999999999995
2023-09-01,1095,0.045777
2023-09-01,1825,0.042969999999999994
2023-09-01,3650,0.041788
2023-09-01,10950,0.042935999999999995
2023-09-04,1,0.0533
2023-09-04,30,0.053670999999999996
2023-09-04,91,0.054086999999999996
2023-09-04,182,0.054789000000000004
2023-09-04,365,0.0536
2023-09-04,730,0.048784999999999995
2023-09-04,1095,0.045777
2023-09-04,1825,0.042969999999999994
2023-09-04,3650,0.041788
2023-09-04,10950,0.042935999999999995
2023-09-05,1,0.0533
2023-09-05,30,0.053662999999999995
2023-09-05,91,0.054131
2023-09-05,182,0.055076
2023-09-05,365,0.0542
2023-09-05,730,0.049596999999999995
2023-09-05,1095,0.046643
2023-09-05,1825,0.043769999999999996
2023-09-05,3650,0.042598000000000004
2023-09-05,10950,0.043704
2023-09-06,1,0.0533
2023-09-06,30,0.053552999999999996
2023-09-06,91,0.054537
2023-09-06,182,0.055286
2023-09-06,365,0.054400000000000004
2023-09-06,730,0.050162000000000005
2023-09-06,1095,0.047311
2023-09-06,1825,0.044180000000000004
2023-09-06,3650,0.042797
2023-09-06,10950,0.04351
2023-09-07,1,0.0533
2023-09-07,30,0.053519
2023-09-07,91,0.054424
2023-09-07,182,0.055144
2023-09-07,365,0.054000000000000006
2023-09-07,730,0.049469000000000006
2023-09-07,1095,0.046647999999999995
2023-09-07,1825,0.04375
2023-09-07,3650,0.042441000000000006
2023-09-07,10950,0.043405
2023-09-08,1,0.0533
2023-09-08,30,0.053602
2023-09-08,91,0.054425999999999995
2023-09-08,182,0.055226
2023-09-08,365,0.0542
2023-09-08,730,0.049906
2023-09-08,1095,0.046973
2023-09-08,1825,0.044039999999999996
2023-09-08,3650,0.042641
2023-09-08,10950,0.043376
2023-09-11,1,0.0533
2023-09-11,30,0.053722000000000006
2023-09-11,91,0.05447
2023-09-11,182,0.055217999999999996
2023-09-11,365,0.054000000000000006
2023-09-11,730,0.049905
2023-09-11,1095,0.047062999999999994
2023-09-11,1825,0.04413
2023-09-11,3650,0.04288
2023-09-11,10950,0.043723
2023-09-12,1,0.0533
2023-09-12,30,0.053739999999999996
2023-09-12,91,0.054231
2023-09-12,182,0.055206
2023-09-12,365,0.0542
2023-09-12,730,0.050199999999999995
2023-09-12,1095,0.046984000000000005
2023-09-12,1825,0.0443
2023-09-12,3650,0.042801
2023-09-12,10950,0.043510999999999994
2023-09-13,1,0.0533
2023-09-13,30,0.053706
2023-09-13,91,0.054484000000000005
2023-09-13,182,0.055206
2023-09-13,365,0.0542
2023-09-13,730,0.049692
2023-09-13,1095,0.046447
2023-09-13,1825,0.043840000000000004
2023-09-13,3650,0.042485
2023-09-13,10950,0.043434
2023-09-14,1,0.0533
2023-09-14,30,0.05375
2023-09-14,91,0.054607
2023-09-14,182,0.055224
2023-09-14,365,0.0542
2023-09-14,730,0.050114
2023-09-14,1095,0.046871
2023-09-14,1825,0.044199999999999996
2023-09-14,3650,0.042863
2023-09-14,10950,0.043811
2023-09-15,1,0.0533
2023-09-15,30,0.053525
2023-09-15,91,0.05453
2023-09-15,182,0.055039
2023-09-15,365,0.054299999999999994
2023-09-15,730,0.050324999999999995
2023-09-15,1095,0.047210999999999996
2023-09-15,1825,0.044649999999999995
2023-09-15,3650,0.043324
2023-09-15,10950,0.044172
2023-09-18,1,0.0533
2023-09-18,30,0.053849999999999995
2023-09-18,91,0.054548
2023-09-18,182,0.055137
2023-09-18,365,0.054400000000000004
2023-09-18,730,0.050538
2023-09-18,1095,0.047268
2023-09-18,1825,0.044500000000000005
2023-09-18,3650,0.043026
2023-09-18,10950,0.043840000000000004
2023-09-19,1,0.0533
2023-09-19,30,0.053893
2023-09-19,91,0.054336
2023-09-19,182,0.054839
2023-09-19,365,0.0545
2023-09-19,730,0.050900999999999995
2023-09-19,1095,0.047779999999999996
2023-09-19,1825,0.04511999999999999
2023-09-19,3650,0.043586
2023-09-19,10950,0.044241
2023-09-20,1,0.0533
2023-09-20,30,0.053808999999999996
2023-09-20,91,0.054589
2023-09-20,182,0.055152
2023-09-20,365,0.0547
2023-09-20,730,0.051758
2023-09-20,1095,0.048608000000000005
2023-09-20,1825,0.04585
2023-09-20,3650,0.04407
2023-09-20,10950,0.044448
2023-09-21,1,0.0533
2023-09-21,30,0.05375
2023-09-21,91,0.054581
2023-09-21,182,0.055171
2023-09-21,365,0.0546
2023-09-21,730,0.051438
2023-09-21,1095,0.048552
2023-09-21,1825,0.04622
2023-09-21,3650,0.044942
2023-09-21,10950,0.04573000000000001
2023-09-22,1,0.0533
2023-09-22,30,0.053525
2023-09-22,91,0.054661
2023-09-22,182,0.055173
2023-09-22,365,0.0546
2023-09-22,730,0.051097000000000004
2023-09-22,1095,0.047984
2023-09-22,1825,0.04559
2023-09-22,3650,0.044337
2023-09-22,10950,0.045245
2023-09-25,1,0.0533
2023-09-25,30,0.053696
2023-09-25,91,0.054679000000000005
2023-09-25,182,0.055325
2023-09-25,365,0.0545
2023-09-25,730,0.051249
2023-09-25,1095,0.0483
2023-09-25,1825,0.046150000000000004
2023-09-25,3650,0.045334000000000006
2023-09-25,10950,0.046521
2023-09-26,1,0.0533
2023-09-26,30,0.053842
2023-09-26,91,0.054422
2023-09-26,182,0.055446999999999996
2023-09-26,365,0.0545
2023-09-26,730,0.051207
2023-09-26,1095,0.048215
2023-09-26,1825,0.04606
2023-09-26,3650,0.045355999999999994
2023-09-26,10950,0.04675
2023-09-27,1,0.0533
2023-09-27,30,0.05386
2023-09-27,91,0.0547
2023-09-27,182,0.055555
2023-09-27,365,0.054900000000000004
2023-09-27,730,0.051354
2023-09-27,1095,0.048964
2023-09-27,1825,0.04686
2023-09-27,3650,0.046075
2023-09-27,10950,0.04719
2023-09-28,1,0.0533
2023-09-28,30,0.053724
2023-09-28,91,0.054614
2023-09-28,182,0.055411999999999996
2023-09-28,365,0.0546
2023-09-28,730,0.050582
2023-09-28,1095,0.048160999999999995
2023-09-28,1825,0.046239999999999996
2023-09-28,3650,0.045748
2023-09-28,10950,0.047043999999999996
2023-09-29,1,0.0533
2023-09-29,30,0.053448
2023-09-29,91,0.054459
2023-09-29,182,0.055414000000000005
2023-09-29,365,0.0546
2023-09-29,730,0.050435999999999995
2023-09-29,1095,0.047991
2023-09-29,1825,0.04611
2023-09-29,3650,0.045711
2023-09-29,10950,0.046992000000000006
2023-10-02,1,0.0533
2023-10-02,30,0.053799
2023-10-02,91,0.054555
2023-10-02,182,0.05562
2023-10-02,365,0.054900000000000004
2023-10-02,730,0.051040999999999996
2023-10-02,1095,0.048799999999999996
2023-10-02,1825,0.04708999999999999
2023-10-02,3650,0.04678499999999999
2023-10-02,10950,0.047882
2023-10-03,1,0.0533
2023-10-03,30,0.053765
2023-10-03,91,0.054779999999999995
2023-10-03,182,0.055716
2023-10-03,365,0.054900000000000004
2023-10-03,730,0.051502
2023-10-03,1095,0.049525
2023-10-03,1825,0.048
2023-10-03,3650,0.047955
2023-10-03,10950,0.04923
2023-10-04,1,0.0533
2023-10-04,30,0.053834
2023-10-04,91,0.054955
2023-10-04,182,0.055662
2023-10-04,365,0.0542
2023-10-04,730,0.050518
2023-10-04,1095,0.04863000000000001
2023-10-04,1825,0.04724999999999999
2023-10-04,3650,0.047328999999999996
2023-10-04,10950,0.048583999999999995
2023-10-05,1,0.0533
2023-10-05,30,0.05375
2023-10-05,91,0.05492
2023-10-05,182,0.055519
2023-10-05,365,0.053899999999999997
2023-10-05,730,0.050183
2023-10-05,1095,0.048227
2023-10-05,1825,0.04687
2023-10-05,3650,0.047185
2023-10-05,10950,0.048901
2023-10-06,1,0.0533
2023-10-06,30,0.054183
2023-10-06,91,0.055069999999999994
2023-10-06,182,0.055834
2023-10-06,365,0.054299999999999994
2023-10-06,730,0.050813
2023-10-06,1095,0.04887
2023-10-06,1825,0.04758
2023-10-06,3650,0.048009
2023-10-06,10950,0.049676
2023-10-09,1,0.0533
2023-10-09,30,0.054183
2023-10-09,91,0.055069999999999994
2023-10-09,182,0.055834
2023-10-09,365,0.054299999999999994
2023-10-09,730,0.050813
2023-10-09,1095,0.04887
2023-10-09,1825,0.04758
2023-10-09,3650,0.048009
2023-10-09,10950,0.049676
2023-10-10,1,0.0533
2023-10-10,30,0.054124
2023-10-10,91,0.054695999999999995
2023-10-10,182,0.055424
2023-10-10,365,0.0537
2023-10-10,730,0.049696
2023-10-10,1095,0.047567000000000005
2023-10-10,1825,0.046150000000000004
2023-10-10,3650,0.046529999999999995
2023-10-10,10950,0.04832499999999999
2023-10-11,1,0.0533
2023-10-11,30,0.054065
2023-10-11,91,0.054928
2023-10-11,182,0.055528
2023-10-11,365,0.0538
2023-10-11,730,0.049821
2023-10-11,1095,0.047465
2023-10-11,1825,0.04578
2023-10-11,3650,0.045582000000000004
2023-10-11,10950,0.046942000000000005
2023-10-12,1,0.0533
2023-10-12,30,0.053954
2023-10-12,91,0.054894
2023-10-12,182,0.0556
2023-10-12,365,0.054299999999999994
2023-10-12,730,0.050686999999999996
2023-10-12,1095,0.048457999999999994
2023-10-12,1825,0.04693
2023-10-12,3650,0.046969000000000004
2023-10-12,10950,0.048543
2023-10-13,1,0.0533
2023-10-13,30,0.053857999999999996
2023-10-13,91,0.054843
2023-10-13,182,0.055548
2023-10-13,365,0.0541
2023-10-13,730,0.050538
2023-10-13,1095,0.048174
2023-10-13,1825,0.04641
2023-10-13,3650,0.046124
2023-10-13,10950,0.047533000000000006
2023-10-16,1,0.0533
2023-10-16,30,0.054029
2023-10-16,91,0.054783
2023-10-16,182,0.055647
2023-10-16,365,0.0542
2023-10-16,730,0.050984999999999996
2023-10-16,1095,0.048716
2023-10-16,1825,0.04717
2023-10-16,3650,0.047060000000000005
2023-10-16,10950,0.048499999999999995
2023-10-17,1,0.0533
2023-10-17,30,0.053996
2023-10-17,91,0.054858000000000004
2023-10-17,182,0.055536
2023-10-17,365,0.0548
2023-10-17,730,0.052095
2023-10-17,1095,0.050088
2023-10-17,1825,0.04869
2023-10-17,3650,0.048341
2023-10-17,10950,0.049246
2023-10-18,1,0.0533
2023-10-18,30,0.053962
2023-10-18,91,0.054902
2023-10-18,182,0.055689
2023-10-18,365,0.0547
2023-10-18,730,0.052225
2023-10-18,1095,0.050492
2023-10-18,1825,0.04935
2023-10-18,3650,0.049149000000000005
2023-10-18,10950,0.049948
2023-10-19,1,0.0533
2023-10-19,30,0.053954
2023-10-19,91,0.054659000000000006
2023-10-19,182,0.055198
2023-10-19,365,0.054400000000000004
2023-10-19,730,0.051585
2023-10-19,1095,0.050151
2023-10-19,1825,0.049569999999999996
2023-10-19,3650,0.049898
2023-10-19,10950,0.051099
2023-10-20,1,0.0533
2023-10-20,30,0.053704
2023-10-20,91,0.054478
2023-10-20,182,0.055199
2023-10-20,365,0.0541
2023-10-20,730,0.050731
2023-10-20,1095,0.049155
2023-10-20,1825,0.048600000000000004
2023-10-20,3650,0.04913700000000001
2023-10-20,10950,0.050755
2023-10-23,1,0.0533
2023-10-23,30,0.053901000000000004
2023-10-23,91,0.054522
2023-10-23,182,0.055164
2023-10-23,365,0.0542
2023-10-23,730,0.050474
2023-10-23,1095,0.04867
2023-10-23,1825,0.047990000000000005
2023-10-23,3650,0.048502
2023-10-23,10950,0.049995000000000005
2023-10-24,1,0.0533
2023-10-24,30,0.053868
2023-10-24,91,0.054240000000000003
2023-10-24,182,0.055555
2023-10-24,365,0.0541
2023-10-24,730,0.051119000000000005
2023-10-24,1095,0.049158999999999994
2023-10-24,1825,0.04822
2023-10-24,3650,0.048228999999999994
2023-10-24,10950,0.049381
2023-10-25,1,0.0533
2023-10-25,30,0.053834
2023-10-25,91,0.054596
2023-10-25,182,0.055555
2023-10-25,365,0.054299999999999994
2023-10-25,730,0.051205999999999995
2023-10-25,1095,0.049765
2023-10-25,1825,0.04922
2023-10-25,3650,0.049549
2023-10-25,10950,0.05086
2023-10-26,1,0.0533
2023-10-26,30,0.053775
2023-10-26,91,0.054484000000000005
2023-10-26,182,0.055385
2023-10-26,365,0.053899999999999997
2023-10-26,730,0.050395
2023-10-26,1095,0.048760000000000005
2023-10-26,1825,0.04798
2023-10-26,3650,0.048445
2023-10-26,10950,0.049861
2023-10-27,1,0.0533
2023-10-27,30,0.053755
2023-10-27,91,0.054485
2023-10-27,182,0.055173
2023-10-27,365,0.053899999999999997
2023-10-27,730,0.050021
2023-10-27,1095,0.048334
2023-10-27,1825,0.04763
2023-10-27,3650,0.048346
2023-10-27,10950,0.050144
2023-10-30,1,0.0533
2023-10-30,30,0.053876
2023-10-30,91,0.054528999999999994
2023-10-30,182,0.055458999999999994
2023-10-30,365,0.0541
2023-10-30,730,0.05054
2023-10-30,1095,0.048940000000000004
2023-10-30,1825,0.04824
2023-10-30,3650,0.048942
2023-10-30,10950,0.050484999999999995
2023-10-31,1,0.0533
2023-10-31,30,0.053842
2023-10-31,91,0.054623
2023-10-31,182,0.055689
2023-10-31,365,0.054400000000000004
2023-10-31,730,0.050873
2023-10-31,1095,0.04926
2023-10-31,1825,0.04855
2023-10-31,3650,0.049307
2023-10-31,10950,0.050931
2023-11-01,1,0.0533
2023-11-01,30,0.053834
2023-11-01,91,0.054511000000000004
2023-11-01,182,0.05526
2023-11-01,365,0.0537
2023-11-01,730,0.049436
2023-11-01,1095,0.047532
2023-11-01,1825,0.04652
2023-11-01,3650,0.047340999999999994
2023-11-01,10950,0.049273
2023-11-02,1,0.0533
2023-11-02,30,0.053800999999999995
2023-11-02,91,0.054268000000000004
2023-11-02,182,0.055117
2023-11-02,365,0.0538
2023-11-02,730,0.049893
2023-11-02,1095,0.047820999999999995
2023-11-02,1825,0.04636
2023-11-02,3650,0.04659
2023-11-02,10950,0.048007999999999995
2023-11-03,1,0.0533
2023-11-03,30,0.053576
2023-11-03,91,0.05393099999999999
2023-11-03,182,0.054610000000000006
2023-11-03,365,0.0529
2023-11-03,730,0.048386
2023-11-03,1095,0.046383
2023-11-03,1825,0.04504
2023-11-03,3650,0.045724
2023-11-03,10950,0.04766600000000001
2023-11-06,1,0.0533
2023-11-06,30,0.053901000000000004
2023-11-06,91,0.054183
2023-11-06,182,0.054789000000000004
2023-11-06,365,0.0533
2023-11-06,730,0.049345
2023-11-06,1095,0.047247000000000004
2023-11-06,1825,0.04589000000000001
2023-11-06,3650,0.04643099999999999
2023-11-06,10950,0.048085
2023-11-07,1,0.0533
2023-11-07,30,0.053791000000000005
2023-11-07,91,0.054153
2023-11-07,182,0.054856999999999996
2023-11-07,365,0.0533
2023-11-07,730,0.049176000000000004
2023-11-07,1095,0.046873
2023-11-07,1825,0.04537
2023-11-07,3650,0.045665
2023-11-07,10950,0.047252999999999996
2023-11-08,1,0.0533
2023-11-08,30,0.053681
2023-11-08,91,0.054223
2023-11-08,182,0.054856999999999996
2023-11-08,365,0.053399999999999996
2023-11-08,730,0.04932
2023-11-08,1095,0.046757999999999994
2023-11-08,1825,0.04506
2023-11-08,3650,0.044925
2023-11-08,10950,0.046147999999999995
2023-11-09,1,0.0533
2023-11-09,30,0.053775
2023-11-09,91,0.054241000000000004
2023-11-09,182,0.054661
2023-11-09,365,0.053899999999999997
2023-11-09,730,0.050202
2023-11-09,1095,0.047861
2023-11-09,1825,0.04641
2023-11-09,3650,0.046241000000000004
2023-11-09,10950,0.047645999999999994
2023-11-10,1,0.0533
2023-11-10,30,0.053474
2023-11-10,91,0.054035
2023-11-10,182,0.05455599999999999
2023-11-10,365,0.0538
2023-11-10,730,0.050622999999999994
2023-11-10,1095,0.048372
2023-11-10,1825,0.04686
2023-11-10,3650,0.046518
2023-11-10,10950,0.047618
2023-11-13,1,0.0533
2023-11-13,30,0.053926999999999996
2023-11-13,91,0.054157000000000004
2023-11-13,182,0.054843
2023-11-13,365,0.0537
2023-11-13,730,0.050348
2023-11-13,1095,0.048088
2023-11-13,1825,0.046630000000000005
2023-11-13,3650,0.046398999999999996
2023-11-13,10950,0.047549
2023-11-14,1,0.0533
2023-11-14,30,0.053714000000000005
2023-11-14,91,0.053788
2023-11-14,182,0.054034000000000006
2023-11-14,365,0.0524
2023-11-14,730,0.04836
2023-11-14,1095,0.04594
2023-11-14,1825,0.04439
2023-11-14,3650,0.044473000000000006
2023-11-14,10950,0.046203
2023-11-15,1,0.0533
2023-11-15,30,0.053757
2023-11-15,91,0.054067
2023-11-15,182,0.054240000000000003
2023-11-15,365,0.0527
2023-11-15,730,0.049118
2023-11-15,1095,0.046729
2023-11-15,1825,0.04519
2023-11-15,3650,0.04531399999999999
2023-11-15,10950,0.046952999999999995
2023-11-16,1,0.0533
2023-11-16,30,0.053647
2023-11-16,91,0.053928000000000004
2023-11-16,182,0.053964
2023-11-16,365,0.052300000000000006
2023-11-16,730,0.048375
2023-11-16,1095,0.045854
2023-11-16,1825,0.044199999999999996
2023-11-16,3650,0.044355000000000006
2023-11-16,10950,0.046146
2023-11-17,1,0.0533
2023-11-17,30,0.053602
2023-11-17,91,0.053852000000000004
2023-11-17,182,0.053967
2023-11-17,365,0.0524
2023-11-17,730,0.048855
2023-11-17,1095,0.046191
2023-11-17,1825,0.04443
2023-11-17,3650,0.044354
2023-11-17,10950,0.045889
2023-11-20,1,0.0533
2023-11-20,30,0.053926999999999996
2023-11-20,91,0.053844
2023-11-20,182,0.054147
2023-11-20,365,0.0525
2023-11-20,730,0.049109
2023-11-20,1095,0.046304
2023-11-20,1825,0.04441
2023-11-20,3650,0.044198
2023-11-20,10950,0.045709
2023-11-21,1,0.0533
2023-11-21,30,0.053765
2023-11-21,91,0.053849
2023-11-21,182,0.054366000000000005
2023-11-21,365,0.0524
2023-11-21,730,0.048723
2023-11-21,1095,0.045906
2023-11-21,1825,0.044020000000000004
2023-11-21,3650,0.043926
2023-11-21,10950,0.045484
2023-11-22,1,0.0533
2023-11-22,30,0.053852000000000004
2023-11-22,91,0.054093
2023-11-22,182,0.054527
2023-11-22,365,0.0526
2023-11-22,730,0.048996000000000005
2023-11-22,1095,0.046189
2023-11-22,1825,0.04433
2023-11-22,3650,0.044042000000000005
2023-11-22,10950,0.045370999999999995
2023-11-23,1,0.0533
2023-11-23,30,0.053651
2023-11-23,91,0.054093
2023-11-23,182,0.054527
2023-11-23,365,0.0526
2023-11-23,730,0.048996000000000005
2023-11-23,1095,0.046189
2023-11-23,1825,0.04433
2023-11-23,3650,0.044042000000000005
2023-11-23,10950,0.045370999999999995
2023-11-24,1,0.0533
2023-11-24,30,0.053602
2023-11-24,91,0.053939
2023-11-24,182,0.054637000000000005
2023-11-24,365,0.0527
2023-11-24,730,0.049484
2023-11-24,1095,0.046643
2023-11-24,1825,0.04486
2023-11-24,3650,0.044664999999999996
2023-11-24,10950,0.045973
2023-11-27,1,0.0533
2023-11-27,30,0.054004
2023-11-27,91,0.053879
2023-11-27,182,0.054440999999999996
2023-11-27,365,0.0524
2023-11-27,730,0.04888
2023-11-27,1095,0.046016
2023-11-27,1825,0.04412
2023-11-27,3650,0.043865999999999995
2023-11-27,10950,0.04537
2023-11-28,1,0.0533
2023-11-28,30,0.053893
2023-11-28,91,0.054100999999999996
2023-11-28,182,0.054401000000000005
2023-11-28,365,0.0521
2023-11-28,730,0.047342
2023-11-28,1095,0.04482
2023-11-28,1825,0.04278
2023-11-28,3650,0.043207
2023-11-28,10950,0.045053
2023-11-29,1,0.0533
2023-11-29,30,0.053808999999999996
2023-11-29,91,0.053962
2023-11-29,182,0.053999
2023-11-29,365,0.0512
2023-11-29,730,0.046455
2023-11-29,1095,0.043967
2023-11-29,1825,0.0421
2023-11-29,3650,0.042552000000000006
2023-11-29,10950,0.044371
2023-11-30,1,0.0533
2023-11-30,30,0.053673
2023-11-30,91,0.053876
2023-11-30,182,0.053991
2023-11-30,365,0.0516
2023-11-30,730,0.046802
2023-11-30,1095,0.04441900000000001
2023-11-30,1825,0.042679999999999996
2023-11-30,3650,0.043264
2023-11-30,10950,0.044932
2023-12-01,1,0.0533
2023-12-01,30,0.05355000000000001
2023-12-01,91,0.053513000000000005
2023-12-01,182,0.053459000000000007
2023-12-01,365,0.050499999999999996
2023-12-01,730,0.045384
2023-12-01,1095,0.042964
2023-12-01,1825,0.04125
2023-12-01,3650,0.041956
2023-12-01,10950,0.043887999999999996
2023-12-04,1,0.0533
2023-12-04,30,0.053876
2023-12-04,91,0.053714000000000005
2023-12-04,182,0.053772
2023-12-04,365,0.051
2023-12-04,730,0.046353
2023-12-04,1095,0.043926999999999994
2023-12-04,1825,0.042069999999999996
2023-12-04,3650,0.042529000000000004
2023-12-04,10950,0.044086999999999994
2023-12-05,1,0.0533
2023-12-05,30,0.053688
2023-12-05,91,0.053552999999999996
2023-12-05,182,0.053812
2023-12-05,365,0.0506
2023-12-05,730,0.045766999999999995
2023-12-05,1095,0.043299000000000004
2023-12-05,1825,0.04136
2023-12-05,3650,0.041649000000000005
2023-12-05,10950,0.042967000000000005
2023-12-06,1,0.0533
2023-12-06,30,0.053655
2023-12-06,91,0.053936000000000005
2023-12-06,182,0.053678
2023-12-06,365,0.0507
2023-12-06,730,0.045929000000000005
2023-12-06,1095,0.043239
2023-12-06,1825,0.04104
2023-12-06,3650,0.04104
2023-12-06,10950,0.042143
2023-12-07,1,0.0533
2023-12-07,30,0.05357
2023-12-07,91,0.053876
2023-12-07,182,0.053429000000000004
2023-12-07,365,0.050499999999999996
2023-12-07,730,0.045945
2023-12-07,1095,0.043407
2023-12-07,1825,0.04136
2023-12-07,3650,0.041495
2023-12-07,10950,0.042552000000000006
2023-12-08,1,0.0533
2023-12-08,30,0.053525
2023-12-08,91,0.053722000000000006
2023-12-08,182,0.05378
2023-12-08,365,0.0513
2023-12-08,730,0.047209
2023-12-08,1095,0.044571
2023-12-08,1825,0.0424
2023-12-08,3650,0.042256
2023-12-08,10950,0.043036000000000005
2023-12-11,1,0.0533
2023-12-11,30,0.053722000000000006
2023-12-11,91,0.053818000000000005
2023-12-11,182,0.053906
2023-12-11,365,0.051399999999999994
2023-12-11,730,0.047080000000000004
2023-12-11,1095,0.044569
2023-12-11,1825,0.04247
2023-12-11,3650,0.042332999999999996
2023-12-11,10950,0.043267
2023-12-12,1,0.0533
2023-12-12,30,0.053612
2023-12-12,91,0.053814
2023-12-12,182,0.053498000000000004
2023-12-12,365,0.051399999999999994
2023-12-12,730,0.047308
2023-12-12,1095,0.044256000000000004
2023-12-12,1825,0.04221
2023-12-12,3650,0.042005999999999995
2023-12-12,10950,0.04308
2023-12-13,1,0.0533
2023-12-13,30,0.053424
2023-12-13,91,0.053648999999999995
2023-12-13,182,0.052954
2023-12-13,365,0.049400000000000006
2023-12-13,730,0.044265
2023-12-13,1095,0.041456999999999994
2023-12-13,1825,0.03971
2023-12-13,3650,0.040164
2023-12-13,10950,0.041752000000000004
2023-12-14,1,0.0533
2023-12-14,30,0.053289
2023-12-14,91,0.053746
2023-12-14,182,0.053080999999999996
2023-12-14,365,0.049
2023-12-14,730,0.043882000000000004
2023-12-14,1095,0.040928000000000006
2023-12-14,1825,0.03905
2023-12-14,3650,0.039208
2023-12-14,10950,0.040355
2023-12-15,1,0.0533
2023-12-15,30,0.053293999999999994
2023-12-15,91,0.053773999999999995
2023-12-15,182,0.053190999999999995
2023-12-15,365,0.0495
2023-12-15,730,0.044428
2023-12-15,1095,0.041199000000000006
2023-12-15,1825,0.0391
2023-12-15,3650,0.03911
2023-12-15,10950,0.04008
2023-12-18,1,0.0533
2023-12-18,30,0.05344
2023-12-18,91,0.053818000000000005
2023-12-18,182,0.053371
2023-12-18,365,0.0495
2023-12-18,730,0.044463
2023-12-18,1095,0.041420000000000005
2023-12-18,1825,0.03932
2023-12-18,3650,0.039314
2023-12-18,10950,0.040446
2023-12-19,1,0.0533
2023-12-19,30,0.05333
2023-12-19,91,0.053631000000000005
2023-12-19,182,0.053222
2023-12-19,365,0.0493
2023-12-19,730,0.044394
2023-12-19,1095,0.041417
2023-12-19,1825,0.03936
2023-12-19,3650,0.039313
2023-12-19,10950,0.040387000000000006
2023-12-20,1,0.0533
2023-12-20,30,0.053271
2023-12-20,91,0.053806
2023-12-20,182,0.052954
2023-12-20,365,0.048799999999999996
2023-12-20,730,0.043313
2023-12-20,1095,0.040409
2023-12-20,1825,0.038450000000000005
2023-12-20,3650,0.038474
2023-12-20,10950,0.039855999999999996
2023-12-21,1,0.0533
2023-12-21,30,0.053314
2023-12-21,91,0.053667
2023-12-21,182,0.052867
2023-12-21,365,0.0484
2023-12-21,730,0.043474000000000006
2023-12-21,1095,0.040573
2023-12-21,1825,0.038759999999999996
2023-12-21,3650,0.038881
2023-12-21,10950,0.040303000000000005
2023-12-22,1,0.0533
2023-12-22,30,0.053568
2023-12-22,91,0.053532
2023-12-22,182,0.052542
2023-12-22,365,0.0482
2023-12-22,730,0.043231
2023-12-22,1095,0.040364000000000004
2023-12-22,1825,0.03873
2023-12-22,3650,0.03895
2023-12-22,10950,0.040492999999999994
2023-12-25,1,0.0533
2023-12-25,30,0.053568
2023-12-25,91,0.053532
2023-12-25,182,0.052542
2023-12-25,365,0.0482
2023-12-25,730,0.043231
2023-12-25,1095,0.040364000000000004
2023-12-25,1825,0.03873
2023-12-25,3650,0.03895
2023-12-25,10950,0.040492999999999994
2023-12-26,1,0.0533
2023-12-26,30,0.053688
2023-12-26,91,0.053628
2023-12-26,182,0.052587999999999996
2023-12-26,365,0.0483
2023-12-26,730,0.04352
2023-12-26,1095,0.040641
2023-12-26,1825,0.03889
2023-12-26,3650,0.038967
2023-12-26,10950,0.040450999999999994
2023-12-27,1,0.0533
2023-12-27,30,0.053578
2023-12-27,91,0.053884
2023-12-27,182,0.05258
2023-12-27,365,0.0479
2023-12-27,730,0.042416
2023-12-27,1095,0.039825
2023-12-27,1825,0.03796
2023-12-27,3650,0.037944
2023-12-27,10950,0.039534
2023-12-28,1,0.0533
2023-12-28,30,0.053697999999999996
2023-12-28,91,0.05372
2023-12-28,182,0.052572
2023-12-28,365,0.0482
2023-12-28,730,0.042767
2023-12-28,1095,0.04024200000000001
2023-12-28,1825,0.03839
2023-12-28,3650,0.038443
2023-12-28,10950,0.039944
2023-12-29,1,0.0533
2023-12-29,30,0.053978
2023-12-29,91,0.053323
2023-12-29,182,0.052462
2023-12-29,365,0.0479
2023-12-29,730,0.042499
2023-12-29,1095,0.040088
2023-12-29,1825,0.03848
2023-12-29,3650,0.038791
2023-12-29,10950,0.040282
2024-01-01,1,0.0533
2024-01-01,30,0.053978
2024-01-01,91,0.053323
2024-01-01,182,0.052462
2024-01-01,365,0.0479
2024-01-01,730,0.042499
2024-01-01,1095,0.040088
2024-01-01,1825,0.03848
2024-01-01,3650,0.038791
2024-01-01,10950,0.040282
2024-01-02,1,0.0533
2024-01-02,30,0.053817000000000004
2024-01-02,91,0.053628
2024-01-02,182,0.052508
2024-01-02,365,0.048
2024-01-02,730,0.043201
2024-01-02,1095,0.040873999999999994
2024-01-02,1825,0.03914
2024-01-02,3650,0.039293999999999996
2024-01-02,10950,0.040708
2024-01-03,1,0.0533
2024-01-03,30,0.053628999999999996
2024-01-03,91,0.053884
2024-01-03,182,0.052587
2024-01-03,365,0.0481
2024-01-03,730,0.043304999999999996
2024-01-03,1095,0.040843
2024-01-03,1825,0.03904
2024-01-03,3650,0.039162
2024-01-03,10950,0.040725
2024-01-04,1,0.0533
2024-01-04,30,0.053596000000000005
2024-01-04,91,0.053798000000000006
2024-01-04,182,0.05266
2024-01-04,365,0.048499999999999995
2024-01-04,730,0.043845
2024-01-04,1095,0.04152
2024-01-04,1825,0.03981
2024-01-04,3650,0.039988
2024-01-04,10950,0.041521999999999996
2024-01-05,1,0.0533
2024-01-05,30,0.053602
2024-01-05,91,0.05367
2024-01-05,182,0.052504
2024-01-05,365,0.0484
2024-01-05,730,0.043807
2024-01-05,1095,0.041627
2024-01-05,1825,0.040069999999999995
2024-01-05,3650,0.040457
2024-01-05,10950,0.042020999999999996
2024-01-08,1,0.0533
2024-01-08,30,0.053773
2024-01-08,91,0.053739999999999996
2024-01-08,182,0.052496
2024-01-08,365,0.0482
2024-01-08,730,0.043746
2024-01-08,1095,0.041397
2024-01-08,1825,0.03988
2024-01-08,3650,0.040305
2024-01-08,10950,0.041934
2024-01-09,1,0.0533
2024-01-09,30,0.053765
2024-01-09,91,0.053605
2024-01-09,182,0.05223900000000001
2024-01-09,365,0.0482
2024-01-09,730,0.043642
2024-01-09,1095,0.041281
2024-01-09,1825,0.03971
2024-01-09,3650,0.040133
2024-01-09,10950,0.041856
2024-01-10,1,0.0533
2024-01-10,30,0.053706
2024-01-10,91,0.053727
2024-01-10,182,0.052419
2024-01-10,365,0.0482
2024-01-10,730,0.043579999999999994
2024-01-10,1095,0.041062
2024-01-10,1825,0.039740000000000004
2024-01-10,3650,0.040283
2024-01-10,10950,0.042046
2024-01-11,1,0.0533
2024-01-11,30,0.053697999999999996
2024-01-11,91,0.053693
2024-01-11,182,0.052144
2024-01-11,365,0.0475
2024-01-11,730,0.042450999999999996
2024-01-11,1095,0.04
2024-01-11,1825,0.0388
2024-01-11,3650,0.039658
2024-01-11,10950,0.041726
2024-01-12,1,0.0533
2024-01-12,30,0.053876
2024-01-12,91,0.053532
2024-01-12,182,0.051660000000000005
2024-01-12,365,0.04650000000000001
2024-01-12,730,0.041441
2024-01-12,1095,0.039275000000000004
2024-01-12,1825,0.03832
2024-01-12,3650,0.03939
2024-01-12,10950,0.041750999999999996
2024-01-15,1,0.0533
2024-01-15,30,0.053876
2024-01-15,91,0.053532
2024-01-15,182,0.051660000000000005
2024-01-15,365,0.04650000000000001
2024-01-15,730,0.041441
2024-01-15,1095,0.039275000000000004
2024-01-15,1825,0.03832
2024-01-15,3650,0.03939
2024-01-15,10950,0.041750999999999996
2024-01-16,1,0.0533
2024-01-16,30,0.053868
2024-01-16,91,0.05355000000000001
2024-01-16,182,0.052054
2024-01-16,365,0.047
2024-01-16,730,0.042195
2024-01-16,1095,0.040083
2024-01-16,1825,0.03934
2024-01-16,3650,0.040581
2024-01-16,10950,0.04294800000000001
2024-01-17,1,0.0533
2024-01-17,30,0.053783000000000004
2024-01-17,91,0.053675
2024-01-17,182,0.052178
2024-01-17,365,0.048
2024-01-17,730,0.043608
2024-01-17,1095,0.041372
2024-01-17,1825,0.04027
2024-01-17,3650,0.041019
2024-01-17,10950,0.043116
2024-01-18,1,0.0533
2024-01-18,30,0.053519
2024-01-18,91,0.053537
2024-01-18,182,0.052144
2024-01-18,365,0.048
2024-01-18,730,0.043524
2024-01-18,1095,0.041401
2024-01-18,1825,0.04048
2024-01-18,3650,0.041420000000000005
2024-01-18,10950,0.043653000000000004
2024-01-19,1,0.0533
2024-01-19,30,0.053371
2024-01-19,91,0.053357
2024-01-19,182,0.052202
2024-01-19,365,0.0484
2024-01-19,730,0.043845
2024-01-19,1095,0.041601
2024-01-19,1825,0.040519999999999994
2024-01-19,3650,0.041226000000000006
2024-01-19,10950,0.043285
2024-01-22,1,0.0533
2024-01-22,30,0.053773
2024-01-22,91,0.053506
2024-01-22,182,0.052248
2024-01-22,365,0.0483
2024-01-22,730,0.043911
2024-01-22,1095,0.041461
2024-01-22,1825,0.04029
2024-01-22,3650,0.041052
2024-01-22,10950,0.043195
2024-01-23,1,0.0533
2024-01-23,30,0.053637
2024-01-23,91,0.053474
2024-01-23,182,0.052259
2024-01-23,365,0.0481
2024-01-23,730,0.043678
2024-01-23,1095,0.041405000000000004
2024-01-23,1825,0.0404
2024-01-23,3650,0.041282
2024-01-23,10950,0.043625
2024-01-24,1,0.0533
2024-01-24,30,0.053552999999999996
2024-01-24,91,0.053623000000000004
2024-01-24,182,0.052312000000000004
2024-01-24,365,0.0483
2024-01-24,730,0.043799000000000005
2024-01-24,1095,0.041887
2024-01-24,1825,0.04089
2024-01-24,3650,0.041761999999999994
2024-01-24,10950,0.044086999999999994
2024-01-25,1,0.0533
2024-01-25,30,0.053596000000000005
2024-01-25,91,0.053510999999999996
2024-01-25,182,0.051957
2024-01-25,365,0.047599999999999996
2024-01-25,730,0.042932
2024-01-25,1095,0.041011
2024-01-25,1825,0.03999
2024-01-25,3650,0.041184000000000005
2024-01-25,10950,0.043705999999999995
2024-01-26,1,0.0533
2024-01-26,30,0.05355000000000001
2024-01-26,91,0.053513000000000005
2024-01-26,182,0.052095
2024-01-26,365,0.0478
2024-01-26,730,0.04348900000000001
2024-01-26,1095,0.041467000000000004
2024-01-26,1825,0.040369999999999996
2024-01-26,3650,0.041373
2024-01-26,10950,0.043688000000000005
2024-01-29,1,0.0533
2024-01-29,30,0.053696
2024-01-29,91,0.05358399999999999
2024-01-29,182,0.052061
2024-01-29,365,0.047599999999999996
2024-01-29,730,0.043179999999999996
2024-01-29,1095,0.041099
2024-01-29,1825,0.039830000000000004
2024-01-29,3650,0.04074
2024-01-29,10950,0.043132000000000004
2024-01-30,1,0.0533
2024-01-30,30,0.053637
2024-01-30,91,0.053526
2024-01-30,182,0.051938000000000005
2024-01-30,365,0.048
2024-01-30,730,0.043345
2024-01-30,1095,0.041184000000000005
2024-01-30,1825,0.0397
2024-01-30,3650,0.040319
2024-01-30,10950,0.042504
2024-01-31,1,0.0533
2024-01-31,30,0.053578
2024-01-31,91,0.053597
2024-01-31,182,0.051938000000000005
2024-01-31,365,0.0473
2024-01-31,730,0.04206699999999999
2024-01-31,1095,0.039824
2024-01-31,1825,0.03836
2024-01-31,3650,0.039124
2024-01-31,10950,0.04166
2024-02-01,1,0.0533
2024-02-01,30,0.053647
2024-02-01,91,0.053615
2024-02-01,182,0.051743
2024-02-01,365,0.046799999999999994
2024-02-01,730,0.042024
2024-02-01,1095,0.039767000000000004
2024-02-01,1825,0.03814
2024-02-01,3650,0.038801999999999996
2024-02-01,10950,0.041181
2024-02-02,1,0.0533
2024-02-02,30,0.053474
2024-02-02,91,0.053618
2024-02-02,182,0.052389
2024-02-02,365,0.0481
2024-02-02,730,0.043638
2024-02-02,1095,0.041416
2024-02-02,1825,0.039830000000000004
2024-02-02,3650,0.040199
2024-02-02,10950,0.042205000000000006
2024-02-05,1,0.0533
2024-02-05,30,0.053824
2024-02-05,91,0.05358399999999999
2024-02-05,182,0.052542
2024-02-05,365,0.0487
2024-02-05,730,0.044722
2024-02-05,1095,0.042648
2024-02-05,1825,0.0412
2024-02-05,3650,0.041579
2024-02-05,10950,0.04337100000000001
2024-02-06,1,0.0533
2024-02-06,30,0.053714000000000005
2024-02-06,91,0.053631000000000005
2024-02-06,182,0.052024999999999995
2024-02-06,365,0.0482
2024-02-06,730,0.044035000000000005
2024-02-06,1095,0.041933
2024-02-06,1825,0.04046
2024-02-06,3650,0.040999999999999995
2024-02-06,10950,0.042996999999999994
2024-02-07,1,0.0533
2024-02-07,30,0.053706
2024-02-07,91,0.05378
2024-02-07,182,0.052339000000000004
2024-02-07,365,0.0483
2024-02-07,730,0.044287
2024-02-07,1095,0.042005999999999995
2024-02-07,1825,0.040709999999999996
2024-02-07,3650,0.041211000000000005
2024-02-07,10950,0.043246
2024-02-08,1,0.0533
2024-02-08,30,0.053647
2024-02-08,91,0.053824
2024-02-08,182,0.052599
2024-02-08,365,0.0483
2024-02-08,730,0.044539999999999996
2024-02-08,1095,0.042426000000000005
2024-02-08,1825,0.04118
2024-02-08,3650,0.04154
2024-02-08,10950,0.043514
2024-02-09,1,0.0533
2024-02-09,30,0.053474
2024-02-09,91,0.053748
2024-02-09,182,0.052629999999999996
2024-02-09,365,0.048600000000000004
2024-02-09,730,0.044799
2024-02-09,1095,0.042679
2024-02-09,1825,0.04138
2024-02-09,3650,0.041754
2024-02-09,10950,0.043722000000000004
2024-02-12,1,0.0533
2024-02-12,30,0.053799
2024-02-12,91,0.053844
2024-02-12,182,0.052943
2024-02-12,365,0.0487
2024-02-12,730,0.044738
2024-02-12,1095,0.042622999999999994
2024-02-12,1825,0.04138
2024-02-12,3650,0.041793
2024-02-12,10950,0.043798000000000004
2024-02-13,1,0.0533
2024-02-13,30,0.053662999999999995
2024-02-13,91,0.053866
2024-02-13,182,0.053437
2024-02-13,365,0.0499
2024-02-13,730,0.046578
2024-02-13,1095,0.044652000000000004
2024-02-13,1825,0.04317
2024-02-13,3650,0.043143
2024-02-13,10950,0.044627999999999994
2024-02-14,1,0.0533
2024-02-14,30,0.053578
2024-02-14,91,0.05378
2024-02-14,182,0.053195
2024-02-14,365,0.049400000000000006
2024-02-14,730,0.045778
2024-02-14,1095,0.043805
2024-02-14,1825,0.0424
2024-02-14,3650,0.042554
2024-02-14,10950,0.044346
2024-02-15,1,0.0533
2024-02-15,30,0.053544999999999995
2024-02-15,91,0.053667
2024-02-15,182,0.053133999999999994
2024-02-15,365,0.0493
2024-02-15,730,0.045739999999999996
2024-02-15,1095,0.043552999999999994
2024-02-15,1825,0.04216
2024-02-15,3650,0.042300000000000004
2024-02-15,10950,0.044086
2024-02-16,1,0.0533
2024-02-16,30,0.053799
2024-02-16,91,0.053688
2024-02-16,182,0.053264
2024-02-16,365,0.049800000000000004
2024-02-16,730,0.046416000000000006
2024-02-16,1095,0.044154
2024-02-16,1825,0.04275
2024-02-16,3650,0.042792000000000004
2024-02-16,10950,0.044356
2024-02-19,1,0.0533
2024-02-19,30,0.053799
2024-02-19,91,0.053688
2024-02-19,182,0.053264
2024-02-19,365,0.049800000000000004
2024-02-19,730,0.046416000000000006
2024-02-19,1095,0.044154
2024-02-19,1825,0.04275
2024-02-19,3650,0.042792000000000004
2024-02-19,10950,0.044356
2024-02-20,1,0.0533
2024-02-20,30,0.053817000000000004
2024-02-20,91,0.053628
2024-02-20,182,0.053175999999999994
2024-02-20,365,0.049699999999999994
2024-02-20,730,0.046120999999999995
2024-02-20,1095,0.043899999999999995
2024-02-20,1825,0.04253
2024-02-20,3650,0.042753
2024-02-20,10950,0.044482
2024-02-21,1,0.0533
2024-02-21,30,0.053834
2024-02-21,91,0.053884
2024-02-21,182,0.053437
2024-02-21,365,0.049800000000000004
2024-02-21,730,0.04666000000000001
2024-02-21,1095,0.044413
2024-02-21,1825,0.04305
2024-02-21,3650,0.043186999999999996
2024-02-21,10950,0.044775
2024-02-22,1,0.0533
2024-02-22,30,0.053800999999999995
2024-02-22,91,0.05398
2024-02-22,182,0.053429000000000004
2024-02-22,365,0.050199999999999995
2024-02-22,730,0.047116
2024-02-22,1095,0.044843
2024-02-22,1825,0.043289999999999995
2024-02-22,3650,0.043207
2024-02-22,10950,0.04456
2024-02-23,1,0.0533
2024-02-23,30,0.053807
2024-02-23,91,0.053982999999999996
2024-02-23,182,0.05343200000000001
2024-02-23,365,0.05
2024-02-23,730,0.04689600000000001
2024-02-23,1095,0.044508
2024-02-23,1825,0.042809999999999994
2024-02-23,3650,0.042480000000000004
2024-02-23,10950,0.043703000000000006
2024-02-26,1,0.0533
2024-02-26,30,0.053978
2024-02-26,91,0.054053000000000004
2024-02-26,182,0.053531
2024-02-26,365,0.050300000000000004
2024-02-26,730,0.047182
2024-02-26,1095,0.044882
2024-02-26,1825,0.043129999999999995
2024-02-26,3650,0.042795
2024-02-26,10950,0.043941999999999995
2024-02-27,1,0.0533
2024-02-27,30,0.053918999999999995
2024-02-27,91,0.053788
2024-02-27,182,0.053437
2024-02-27,365,0.050300000000000004
2024-02-27,730,0.046932999999999996
2024-02-27,1095,0.044856
2024-02-27,1825,0.043120000000000006
2024-02-27,3650,0.043032
2024-02-27,10950,0.044268999999999996
2024-02-28,1,0.0533
2024-02-28,30,0.053834
2024-02-28,91,0.05391
2024-02-28,182,0.053249000000000005
2024-02-28,365,0.05
2024-02-28,730,0.046374000000000005
2024-02-28,1095,0.044344
2024-02-28,1825,0.04261
2024-02-28,3650,0.042638999999999996
2024-02-28,10950,0.044047
2024-02-29,1,0.0533
2024-02-29,30,0.053903
2024-02-29,91,0.053798000000000006
2024-02-29,182,0.053215000000000005
2024-02-29,365,0.0501
2024-02-29,730,0.046187
2024-02-29,1095,0.044146
2024-02-29,1825,0.042460000000000005
2024-02-29,3650,0.042502000000000005
2024-02-29,10950,0.043788999999999995
2024-03-01,1,0.0533
2024-03-01,30,0.053755
2024-03-01,91,0.053722000000000006
2024-03-01,182,0.05287
2024-03-01,365,0.049400000000000006
2024-03-01,730,0.045313
2024-03-01,1095,0.043237
2024-03-01,1825,0.041580000000000006
2024-03-01,3650,0.041798
2024-03-01,10950,0.043274999999999994
2024-03-04,1,0.0533
2024-03-04,30,0.053799
2024-03-04,91,0.053739999999999996
2024-03-04,182,0.05321
2024-03-04,365,0.049800000000000004
2024-03-04,730,0.046017
2024-03-04,1095,0.043840000000000004
2024-03-04,1825,0.042030000000000005
2024-03-04,3650,0.042131
2024-03-04,10950,0.04353100000000001
2024-03-05,1,0.0533
2024-03-05,30,0.053612
2024-03-05,91,0.053579
2024-03-05,182,0.052882
2024-03-05,365,0.049400000000000006
2024-03-05,730,0.045579
2024-03-05,1095,0.043383000000000005
2024-03-05,1825,0.04146
2024-03-05,3650,0.041525
2024-03-05,10950,0.042918000000000005
2024-03-06,1,0.0533
2024-03-06,30,0.053628999999999996
2024-03-06,91,0.053857999999999996
2024-03-06,182,0.053141999999999995
2024-03-06,365,0.0495
2024-03-06,730,0.045536
2024-03-06,1095,0.043297999999999996
2024-03-06,1825,0.04118
2024-03-06,3650,0.04102
2024-03-06,10950,0.042397
2024-03-07,1,0.0533
2024-03-07,30,0.053697999999999996
2024-03-07,91,0.053798000000000006
2024-03-07,182,0.053
2024-03-07,365,0.0493
2024-03-07,730,0.045014000000000005
2024-03-07,1095,0.042755
2024-03-07,1825,0.04074
2024-03-07,3650,0.040827
2024-03-07,10950,0.042423999999999996
2024-03-08,1,0.0533
2024-03-08,30,0.053602
2024-03-08,91,0.0538
2024-03-08,182,0.053003999999999996
2024-03-08,365,0.0492
2024-03-08,730,0.044735
2024-03-08,1095,0.042472
2024-03-08,1825,0.04047
2024-03-08,3650,0.04074900000000001
2024-03-08,10950,0.042526
2024-03-11,1,0.0533
2024-03-11,30,0.053696
2024-03-11,91,0.053923
2024-03-11,182,0.053156999999999996
2024-03-11,365,0.0495
2024-03-11,730,0.04536
2024-03-11,1095,0.043018
2024-03-11,1825,0.04089
2024-03-11,3650,0.040982000000000005
2024-03-11,10950,0.04261
2024-03-12,1,0.0533
2024-03-12,30,0.053688
2024-03-12,91,0.053788
2024-03-12,182,0.053104
2024-03-12,365,0.05
2024-03-12,730,0.045862
2024-03-12,1095,0.043313
2024-03-12,1825,0.04149
2024-03-12,3650,0.041506999999999995
2024-03-12,10950,0.043124
2024-03-13,1,0.0533
2024-03-13,30,0.053604000000000006
2024-03-13,91,0.053936000000000005
2024-03-13,182,0.053156999999999996
2024-03-13,365,0.0501
2024-03-13,730,0.046345
2024-03-13,1095,0.043848000000000005
2024-03-13,1825,0.04199
2024-03-13,3650,0.041899
2024-03-13,10950,0.043398000000000006
2024-03-14,1,0.0533
2024-03-14,30,0.05357
2024-03-14,91,0.053902
2024-03-14,182,0.053229
2024-03-14,365,0.0504
2024-03-14,730,0.046936
2024-03-14,1095,0.044637
2024-03-14,1825,0.04289
2024-03-14,3650,0.042903000000000004
2024-03-14,10950,0.044337
2024-03-15,1,0.0533
2024-03-15,30,0.053602
2024-03-15,91,0.053748
2024-03-15,182,0.053232999999999996
2024-03-15,365,0.050499999999999996
2024-03-15,730,0.047276
2024-03-15,1095,0.045065
2024-03-15,1825,0.04327
2024-03-15,3650,0.043063000000000004
2024-03-15,10950,0.044288999999999995
2024-03-18,1,0.0533
2024-03-18,30,0.053926999999999996
2024-03-18,91,0.053897
2024-03-18,182,0.053332
2024-03-18,365,0.0506
2024-03-18,730,0.04731900000000001
2024-03-18,1095,0.04518
2024-03-18,1825,0.043429999999999996
2024-03-18,3650,0.043242
2024-03-18,10950,0.044482999999999995
2024-03-19,1,0.0533
2024-03-19,30,0.053817000000000004
2024-03-19,91,0.053682999999999995
2024-03-19,182,0.053343999999999996
2024-03-19,365,0.0506
2024-03-19,730,0.046831
2024-03-19,1095,0.0447
2024-03-19,1825,0.04298
2024-03-19,3650,0.042925000000000005
2024-03-19,10950,0.044414999999999996
2024-03-20,1,0.0533
2024-03-20,30,0.053681
2024-03-20,91,0.053806
2024-03-20,182,0.052917
2024-03-20,365,0.0501
2024-03-20,730,0.046022999999999994
2024-03-20,1095,0.043937
2024-03-20,1825,0.042460000000000005
2024-03-20,3650,0.042728
2024-03-20,10950,0.044531999999999995
2024-03-21,1,0.0533
2024-03-21,30,0.053621999999999996
2024-03-21,91,0.053772
2024-03-21,182,0.053015999999999994
2024-03-21,365,0.0501
2024-03-21,730,0.046363
2024-03-21,1095,0.044135999999999995
2024-03-21,1825,0.042539999999999994
2024-03-21,3650,0.042669
2024-03-21,10950,0.044347000000000004
2024-03-22,1,0.0533
2024-03-22,30,0.053679
2024-03-22,91,0.053618
2024-03-22,182,0.052912999999999995
2024-03-22,365,0.049800000000000004
2024-03-22,730,0.045891
2024-03-22,1095,0.043515
2024-03-22,1825,0.04183
2024-03-22,3650,0.041981000000000004
2024-03-22,10950,0.043779000000000005
2024-03-25,1,0.0533
2024-03-25,30,0.053722000000000006
2024-03-25,91,0.053532
2024-03-25,182,0.052932
2024-03-25,365,0.05
2024-03-25,730,0.046253999999999997
2024-03-25,1095,0.04391200000000001
2024-03-25,1825,0.04229
2024-03-25,3650,0.042454
2024-03-25,10950,0.044154
2024-03-26,1,0.0533
2024-03-26,30,0.053714000000000005
2024-03-26,91,0.053552999999999996
2024-03-26,182,0.05305
2024-03-26,365,0.05
2024-03-26,730,0.04591
2024-03-26,1095,0.043856
2024-03-26,1825,0.04222000000000001
2024-03-26,3650,0.042316
2024-03-26,10950,0.043971
2024-03-27,1,0.0533
2024-03-27,30,0.053681
2024-03-27,91,0.053675
2024-03-27,182,0.053023
2024-03-27,365,0.0499
2024-03-27,730,0.045682
2024-03-27,1095,0.043601
2024-03-27,1825,0.041870000000000004
2024-03-27,3650,0.041902999999999996
2024-03-27,10950,0.043503
2024-03-28,1,0.0533
2024-03-28,30,0.053648999999999995
2024-03-28,91,0.053618
2024-03-28,182,0.053153
2024-03-28,365,0.050300000000000004
2024-03-28,730,0.0462
2024-03-28,1095,0.044089
2024-03-28,1825,0.04213
2024-03-28,3650,0.042003000000000006
2024-03-28,10950,0.043427
2024-03-29,1,0.0533
2024-03-29,30,0.053448
2024-03-29,91,0.053618
2024-03-29,182,0.053153
2024-03-29,365,0.050300000000000004
2024-03-29,730,0.0462
2024-03-29,1095,0.044089
2024-03-29,1825,0.04213
2024-03-29,3650,0.042003000000000006
2024-03-29,10950,0.043427
2024-04-01,1,0.0533
2024-04-01,30,0.053849999999999995
2024-04-01,91,0.053662
2024-04-01,182,0.053197999999999995
2024-04-01,365,0.0506
2024-04-01,730,0.047053000000000005
2024-04-01,1095,0.045092
2024-04-01,1825,0.04321
2024-04-01,3650,0.043092
2024-04-01,10950,0.044484
2024-04-02,1,0.0533
2024-04-02,30,0.053791000000000005
2024-04-02,91,0.053559999999999997
2024-04-02,182,0.052828
2024-04-02,365,0.050499999999999996
2024-04-02,730,0.046888
2024-04-02,1095,0.045037
2024-04-02,1825,0.04341999999999999
2024-04-02,3650,0.043491
2024-04-02,10950,0.044953
2024-04-03,1,0.0533
2024-04-03,30,0.053655
2024-04-03,91,0.053605
2024-04-03,182,0.053141999999999995
2024-04-03,365,0.050300000000000004
2024-04-03,730,0.046723
2024-04-03,1095,0.044866
2024-04-03,1825,0.043280000000000006
2024-04-03,3650,0.043472
2024-04-03,10950,0.045072
2024-04-04,1,0.0533
2024-04-04,30,0.053519
2024-04-04,91,0.053544999999999995
2024-04-04,182,0.052919999999999995
2024-04-04,365,0.05
2024-04-04,730,0.046474
2024-04-04,1095,0.044608999999999996
2024-04-04,1825,0.04298
2024-04-04,3650,0.043094
2024-04-04,10950,0.044757
2024-04-05,1,0.0533
2024-04-05,30,0.053293999999999994
2024-04-05,91,0.05362599999999999
2024-04-05,182,0.053217999999999994
2024-04-05,365,0.050499999999999996
2024-04-05,730,0.047505
2024-04-05,1095,0.045623
2024-04-05,1825,0.04396
2024-04-05,3650,0.044016
2024-04-05,10950,0.045528000000000006
2024-04-08,1,0.0533
2024-04-08,30,0.053722000000000006
2024-04-08,91,0.053696
2024-04-08,182,0.053291000000000005
2024-04-08,365,0.0507
2024-04-08,730,0.047886
2024-04-08,1095,0.046031
2024-04-08,1825,0.04431
2024-04-08,3650,0.044198
2024-04-08,10950,0.045499
2024-04-09,1,0.0533
2024-04-09,30,0.053739999999999996
2024-04-09,91,0.053474
2024-04-09,182,0.053104
2024-04-09,365,0.050300000000000004
2024-04-09,730,0.047426
2024-04-09,1095,0.045570000000000006
2024-04-09,1825,0.04375
2024-04-09,3650,0.043616
2024-04-09,10950,0.044964000000000004
2024-04-10,1,0.0533
2024-04-10,30,0.053834
2024-04-10,91,0.053962
2024-04-10,182,0.053691
2024-04-10,365,0.0519
2024-04-10,730,0.049731
2024-04-10,1095,0.047997
2024-04-10,1825,0.04605000000000001
2024-04-10,3650,0.045434999999999996
2024-04-10,10950,0.046223
2024-04-11,1,0.0533
2024-04-11,30,0.053775
2024-04-11,91,0.053928000000000004
2024-04-11,182,0.05357700000000001
2024-04-11,365,0.051699999999999996
2024-04-11,730,0.04960899999999999
2024-04-11,1095,0.047997
2024-04-11,1825,0.04633
2024-04-11,3650,0.045865
2024-04-11,10950,0.046784
2024-04-12,1,0.0533
2024-04-12,30,0.053653000000000006
2024-04-12,91,0.053773999999999995
2024-04-12,182,0.053392999999999996
2024-04-12,365,0.0513
2024-04-12,730,0.048966
2024-04-12,1095,0.047316000000000004
2024-04-12,1825,0.04559
2024-04-12,3650,0.045216000000000006
2024-04-12,10950,0.046294
2024-04-15,1,0.0533
2024-04-15,30,0.053849999999999995
2024-04-15,91,0.053766
2024-04-15,182,0.053517999999999996
2024-04-15,365,0.0516
2024-04-15,730,0.049205
2024-04-15,1095,0.047629000000000005
2024-04-15,1825,0.04621
2024-04-15,3650,0.046014
2024-04-15,10950,0.047167
2024-04-16,1,0.0533
2024-04-16,30,0.053868
2024-04-16,91,0.053605
2024-04-16,182,0.053638000000000005
2024-04-16,365,0.0518
2024-04-16,730,0.049871
2024-04-16,1095,0.048428000000000006
2024-04-16,1825,0.04702
2024-04-16,3650,0.046674
2024-04-16,10950,0.047626
2024-04-17,1,0.0533
2024-04-17,30,0.05386
2024-04-17,91,0.05401500000000001
2024-04-17,182,0.05358399999999999
2024-04-17,365,0.0516
2024-04-17,730,0.049321000000000004
2024-04-17,1095,0.047633
2024-04-17,1825,0.04617
2024-04-17,3650,0.045873
2024-04-17,10950,0.047001999999999995
2024-04-18,1,0.0533
2024-04-18,30,0.053852000000000004
2024-04-18,91,0.054007
2024-04-18,182,0.053657
2024-04-18,365,0.0518
2024-04-18,730,0.049861
2024-04-18,1095,0.048205
2024-04-18,1825,0.04678
2024-04-18,3650,0.046326
2024-04-18,10950,0.047303
2024-04-19,1,0.0533
2024-04-19,30,0.053576
2024-04-19,91,0.053722000000000006
2024-04-19,182,0.05366
2024-04-19,365,0.051699999999999996
2024-04-19,730,0.049858
2024-04-19,1095,0.048211000000000004
2024-04-19,1825,0.04671
2024-04-19,3650,0.046207000000000005
2024-04-19,10950,0.047106
2024-04-22,1,0.0533
2024-04-22,30,0.053876
2024-04-22,91,0.053949
2024-04-22,182,0.053652
2024-04-22,365,0.0516
2024-04-22,730,0.049713
2024-04-22,1095,0.048013
2024-04-22,1825,0.046509999999999996
2024-04-22,3650,0.046085
2024-04-22,10950,0.047127
2024-04-23,1,0.0533
2024-04-23,30,0.053868
2024-04-23,91,0.053526
2024-04-23,182,0.053558
2024-04-23,365,0.051399999999999994
2024-04-23,730,0.04931
2024-04-23,1095,0.047672
2024-04-23,1825,0.0463
2024-04-23,3650,0.046003999999999996
2024-04-23,10950,0.047272
2024-04-24,1,0.0533
2024-04-24,30,0.053731999999999995
2024-04-24,91,0.054093
2024-04-24,182,0.053638000000000005
2024-04-24,365,0.051699999999999996
2024-04-24,730,0.049269
2024-04-24,1095,0.047846
2024-04-24,1825,0.04657
2024-04-24,3650,0.046417
2024-04-24,10950,0.047712000000000004
2024-04-25,1,0.0533
2024-04-25,30,0.053596000000000005
2024-04-25,91,0.054058999999999996
2024-04-25,182,0.053764000000000006
2024-04-25,365,0.0521
2024-04-25,730,0.049975
2024-04-25,1095,0.048536
2024-04-25,1825,0.0472
2024-04-25,3650,0.047039
2024-04-25,10950,0.048123
2024-04-26,1,0.0533
2024-04-26,30,0.053602
2024-04-26,91,0.05393099999999999
2024-04-26,182,0.053739999999999996
2024-04-26,365,0.0521
2024-04-26,730,0.049934000000000006
2024-04-26,1095,0.048371000000000004
2024-04-26,1825,0.04688
2024-04-26,3650,0.046630000000000005
2024-04-26,10950,0.047754000000000005
2024-04-29,1,0.0533
2024-04-29,30,0.053748
2024-04-29,91,0.053949
2024-04-29,182,0.053652
2024-04-29,365,0.052000000000000005
2024-04-29,730,0.049767
2024-04-29,1095,0.048115
2024-04-29,1825,0.04645
2024-04-29,3650,0.046135999999999996
2024-04-29,10950,0.047314999999999996
2024-04-30,1,0.0533
2024-04-30,30,0.053688
2024-04-30,91,0.053918
2024-04-30,182,0.053899999999999997
2024-04-30,365,0.0525
2024-04-30,730,0.050351
2024-04-30,1095,0.048750999999999996
2024-04-30,1825,0.04716
2024-04-30,3650,0.046798
2024-04-30,10950,0.047839
2024-05-01,1,0.0533
2024-05-01,30,0.053604000000000006
2024-05-01,91,0.054067
2024-05-01,182,0.053758
2024-05-01,365,0.0521
2024-05-01,730,0.04960200000000001
2024-05-01,1095,0.048061
2024-05-01,1825,0.046490000000000004
2024-05-01,3650,0.046283000000000005
2024-05-01,10950,0.047493
2024-05-02,1,0.0533
2024-05-02,30,0.053441999999999996
2024-05-02,91,0.053954
2024-05-02,182,0.053777
2024-05-02,365,0.0516
2024-05-02,730,0.048727
2024-05-02,1095,0.047171000000000005
2024-05-02,1825,0.04571
2024-05-02,3650,0.045811000000000004
2024-05-02,10950,0.047284
2024-05-03,1,0.0533
2024-05-03,30,0.053653000000000006
2024-05-03,91,0.053852000000000004
2024-05-03,182,0.053646
2024-05-03,365,0.0512
2024-05-03,730,0.04816
2024-05-03,1095,0.046483
2024-05-03,1825,0.045
2024-05-03,3650,0.045077
2024-05-03,10950,0.046645000000000006
2024-05-06,1,0.0533
2024-05-06,30,0.053748
2024-05-06,91,0.053923
2024-05-06,182,0.053719
2024-05-06,365,0.0512
2024-05-06,730,0.048305
2024-05-06,1095,0.046484
2024-05-06,1825,0.04488
2024-05-06,3650,0.044874
2024-05-06,10950,0.046349
2024-05-07,1,0.0533
2024-05-07,30,0.053765
2024-05-07,91,0.053918
2024-05-07,182,0.053611000000000006
2024-05-07,365,0.0513
2024-05-07,730,0.048304
2024-05-07,1095,0.046428000000000004
2024-05-07,1825,0.04472
2024-05-07,3650,0.04457
2024-05-07,10950,0.045974
2024-05-08,1,0.0533
2024-05-08,30,0.053757
2024-05-08,91,0.053857999999999996
2024-05-08,182,0.053611000000000006
2024-05-08,365,0.0513
2024-05-08,730,0.048365
2024-05-08,1095,0.046494999999999995
2024-05-08,1825,0.045
2024-05-08,3650,0.044937
2024-05-08,10950,0.04639
2024-05-09,1,0.0533
2024-05-09,30,0.053647
2024-05-09,91,0.053902
2024-05-09,182,0.05357700000000001
2024-05-09,365,0.0512
2024-05-09,730,0.048154
2024-05-09,1095,0.046212
2024-05-09,1825,0.0447
2024-05-09,3650,0.044531
2024-05-09,10950,0.046075
2024-05-10,1,0.0533
2024-05-10,30,0.053602
2024-05-10,91,0.053957
2024-05-10,182,0.053713
2024-05-10,365,0.051699999999999996
2024-05-10,730,0.048655
2024-05-10,1095,0.046693
2024-05-10,1825,0.04514
2024-05-10,3650,0.044962999999999996
2024-05-10,10950,0.046386000000000004
2024-05-13,1,0.0533
2024-05-13,30,0.053748
2024-05-13,91,0.053792
2024-05-13,182,0.053758999999999994
2024-05-13,365,0.0516
2024-05-13,730,0.048612
2024-05-13,1095,0.046636
2024-05-13,1825,0.04507
2024-05-13,3650,0.044865
2024-05-13,10950,0.046289
2024-05-14,1,0.0533
2024-05-14,30,0.053662999999999995
2024-05-14,91,0.053788
2024-05-14,182,0.053691
2024-05-14,365,0.0516
2024-05-14,730,0.048147
2024-05-14,1095,0.046098999999999994
2024-05-14,1825,0.04455
2024-05-14,3650,0.044394
2024-05-14,10950,0.045855
2024-05-15,1,0.0533
2024-05-15,30,0.053578
2024-05-15,91,0.053962
2024-05-15,182,0.053531
2024-05-15,365,0.051
2024-05-15,730,0.047237
2024-05-15,1095,0.045028
2024-05-15,1825,0.04346
2024-05-15,3650,0.0434
2024-05-15,10950,0.045
2024-05-16,1,0.0533
2024-05-16,30,0.053468
2024-05-16,91,0.053954
2024-05-16,182,0.05357700000000001
2024-05-16,365,0.0513
2024-05-16,730,0.047953
2024-05-16,1095,0.045704
2024-05-16,1825,0.044000000000000004
2024-05-16,3650,0.04375
2024-05-16,10950,0.045122
2024-05-17,1,0.0533
2024-05-17,30,0.053576
2024-05-17,91,0.053903999999999994
2024-05-17,182,0.053633
2024-05-17,365,0.051399999999999994
2024-05-17,730,0.048244999999999996
2024-05-17,1095,0.046101
2024-05-17,1825,0.04446
2024-05-17,3650,0.044198
2024-05-17,10950,0.045586
2024-05-20,1,0.0533
2024-05-20,30,0.053670999999999996
2024-05-20,91,0.053923
2024-05-20,182,0.053678
2024-05-20,365,0.051500000000000004
2024-05-20,730,0.048478
2024-05-20,1095,0.046329
2024-05-20,1825,0.04468
2024-05-20,3650,0.044433
2024-05-20,10950,0.045845000000000004
2024-05-21,1,0.0533
2024-05-21,30,0.053637
2024-05-21,91,0.053814
2024-05-21,182,0.053665000000000004
2024-05-21,365,0.051399999999999994
2024-05-21,730,0.048285
2024-05-21,1095,0.046017
2024-05-21,1825,0.044349999999999994
2024-05-21,3650,0.04412
2024-05-21,10950,0.045491000000000004
2024-05-22,1,0.0533
2024-05-22,30,0.053552999999999996
2024-05-22,91,0.054067
2024-05-22,182,0.053745
2024-05-22,365,0.0516
2024-05-22,730,0.04869
2024-05-22,1095,0.046472
2024-05-22,1825,0.04463
2024-05-22,3650,0.044218
2024-05-22,10950,0.045377
2024-05-23,1,0.0533
2024-05-23,30,0.053596000000000005
2024-05-23,91,0.054033
2024-05-23,182,0.053817000000000004
2024-05-23,365,0.052000000000000005
2024-05-23,730,0.049353
2024-05-23,1095,0.047129000000000004
2024-05-23,1825,0.045309999999999996
2024-05-23,3650,0.044767
2024-05-23,10950,0.045815999999999996
2024-05-24,1,0.0533
2024-05-24,30,0.053773
2024-05-24,91,0.053975
2024-05-24,182,0.053812
2024-05-24,365,0.0521
2024-05-24,730,0.049461000000000005
2024-05-24,1095,0.047163000000000004
2024-05-24,1825,0.04529
2024-05-24,3650,0.044649999999999995
2024-05-24,10950,0.045700000000000005
2024-05-27,1,0.0533
2024-05-27,30,0.053670999999999996
2024-05-27,91,0.054001
2024-05-27,182,0.053812
2024-05-27,365,0.0521
2024-05-27,730,0.049461000000000005
2024-05-27,1095,0.047163000000000004
2024-05-27,1825,0.04529
2024-05-27,3650,0.044649999999999995
2024-05-27,10950,0.045700000000000005
2024-05-28,1,0.0533
2024-05-28,30,0.053714000000000005
2024-05-28,91,0.054019000000000005
2024-05-28,182,0.053751
2024-05-28,365,0.0521
2024-05-28,730,0.049764
2024-05-28,1095,0.04762400000000001
2024-05-28,1825,0.04595
2024-05-28,3650,0.0455
2024-05-28,10950,0.046658
2024-05-29,1,0.0533
2024-05-29,30,0.053706
2024-05-29,91,0.054067
2024-05-29,182,0.053899999999999997
2024-05-29,365,0.052199999999999996
2024-05-29,730,0.049726
2024-05-29,1095,0.047913
2024-05-29,1825,0.046340000000000006
2024-05-29,3650,0.046117
2024-05-29,10950,0.047328
2024-05-30,1,0.0533
2024-05-30,30,0.05375
2024-05-30,91,0.054085
2024-05-30,182,0.053758
2024-05-30,365,0.0519
2024-05-30,730,0.049248
2024-05-30,1095,0.047397
2024-05-30,1825,0.04568
2024-05-30,3650,0.04546
2024-05-30,10950,0.046795
2024-05-31,1,0.0533
2024-05-31,30,0.053506
2024-05-31,91,0.054009
2024-05-31,182,0.053788
2024-05-31,365,0.0518
2024-05-31,730,0.048727
2024-05-31,1095,0.046798
2024-05-31,1825,0.04508
2024-05-31,3650,0.044985
2024-05-31,10950,0.046472
2024-06-03,1,0.0533
2024-06-03,30,0.053652
2024-06-03,91,0.054001
2024-06-03,182,0.0537
2024-06-03,365,0.051399999999999994
2024-06-03,730,0.04808
2024-06-03,1095,0.046079999999999996
2024-06-03,1825,0.04407
2024-06-03,3650,0.043884
2024-06-03,10950,0.045376
2024-06-04,1,0.0533
2024-06-04,30,0.053644
2024-06-04,91,0.053866
2024-06-04,182,0.053478000000000005
2024-06-04,365,0.051100000000000007
2024-06-04,730,0.047704
2024-06-04,1095,0.045535
2024-06-04,1825,0.04346
2024-06-04,3650,0.043259
2024-06-04,10950,0.044735
2024-06-05,1,0.0533
2024-06-05,30,0.053611000000000006
2024-06-05,91,0.053962
2024-06-05,182,0.053451000000000005
2024-06-05,365,0.0508
2024-06-05,730,0.047222
2024-06-05,1095,0.044989999999999995
2024-06-05,1825,0.04295
2024-06-05,3650,0.042755
2024-06-05,10950,0.044297
2024-06-06,1,0.0533
2024-06-06,30,0.053475
2024-06-06,91,0.053902
2024-06-06,182,0.053335999999999995
2024-06-06,365,0.0508
2024-06-06,730,0.047240000000000004
2024-06-06,1095,0.045047
2024-06-06,1825,0.043
2024-06-06,3650,0.04287
2024-06-06,10950,0.044352
2024-06-07,1,0.0533
2024-06-07,30,0.053404
2024-06-07,91,0.053852000000000004
2024-06-07,182,0.053686
2024-06-07,365,0.051699999999999996
2024-06-07,730,0.048868
2024-06-07,1095,0.046689999999999995
2024-06-07,1825,0.04463
2024-06-07,3650,0.044335000000000006
2024-06-07,10950,0.045545999999999996
2024-06-10,1,0.0533
2024-06-10,30,0.053524
2024-06-10,91,0.053766
2024-06-10,182,0.053678
2024-06-10,365,0.0516
2024-06-10,730,0.048804
2024-06-10,1095,0.04672
2024-06-10,1825,0.044829999999999995
2024-06-10,3650,0.044669999999999994
2024-06-10,10950,0.045958
2024-06-11,1,0.0533
2024-06-11,30,0.053414
2024-06-11,91,0.053667
2024-06-11,182,0.053665000000000004
2024-06-11,365,0.051699999999999996
2024-06-11,730,0.048339999999999994
2024-06-11,1095,0.045938999999999994
2024-06-11,1825,0.04418999999999999
2024-06-11,3650,0.044039999999999996
2024-06-11,10950,0.045365
2024-06-12,1,0.0533
2024-06-12,30,0.053355
2024-06-12,91,0.053841
2024-06-12,182,0.053558
2024-06-12,365,0.0513
2024-06-12,730,0.047518000000000005
2024-06-12,1095,0.044953
2024-06-12,1825,0.04317
2024-06-12,3650,0.04316
2024-06-12,10950,0.044752
2024-06-13,1,0.0533
2024-06-13,30,0.053118
2024-06-13,91,0.053755
2024-06-13,182,0.053362999999999994
2024-06-13,365,0.0507
2024-06-13,730,0.046969000000000004
2024-06-13,1095,0.044335000000000006
2024-06-13,1825,0.04245
2024-06-13,3650,0.042442
2024-06-13,10950,0.043963999999999996
2024-06-14,1,0.0533
2024-06-14,30,0.053301999999999995
2024-06-14,91,0.053783000000000004
2024-06-14,182,0.053339
2024-06-14,365,0.0507
2024-06-14,730,0.047043999999999996
2024-06-14,1095,0.044391
2024-06-14,1825,0.04239
2024-06-14,3650,0.042209
2024-06-14,10950,0.043488
2024-06-17,1,0.0533
2024-06-17,30,0.05332
2024-06-17,91,0.053827
2024-06-17,182,0.053571999999999995
2024-06-17,365,0.051100000000000007
2024-06-17,730,0.047655
2024-06-17,1095,0.04503599999999999
2024-06-17,1825,0.04304
2024-06-17,3650,0.042809
2024-06-17,10950,0.044055
2024-06-18,1,0.0533
2024-06-18,30,0.05287
2024-06-18,91,0.053789
2024-06-18,182,0.053503999999999996
2024-06-18,365,0.0509
2024-06-18,730,0.047119999999999995
2024-06-18,1095,0.044385
2024-06-18,1825,0.04244
2024-06-18,3650,0.042226999999999994
2024-06-18,10950,0.043551
2024-06-19,1,0.0533
2024-06-19,30,0.05287
2024-06-19,91,0.053789
2024-06-19,182,0.053503999999999996
2024-06-19,365,0.0509
2024-06-19,730,0.047119999999999995
2024-06-19,1095,0.044385
2024-06-19,1825,0.04244
2024-06-19,3650,0.042226999999999994
2024-06-19,10950,0.043551
2024-06-20,1,0.0533
2024-06-20,30,0.052403000000000005
2024-06-20,91,0.053677
2024-06-20,182,0.053495999999999995
2024-06-20,365,0.051
2024-06-20,730,0.047372
2024-06-20,1095,0.044693
2024-06-20,1825,0.04276
2024-06-20,3650,0.042594
2024-06-20,10950,0.043972
2024-06-21,1,0.0533
2024-06-21,30,0.052816
2024-06-21,91,0.053575
2024-06-21,182,0.053446
2024-06-21,365,0.051
2024-06-21,730,0.047321999999999996
2024-06-21,1095,0.044659000000000004
2024-06-21,1825,0.04275
2024-06-21,3650,0.042554
2024-06-21,10950,0.043971
2024-06-24,1,0.0533
2024-06-24,30,0.053114999999999996
2024-06-24,91,0.053463000000000004
2024-06-24,182,0.053465
2024-06-24,365,0.051
2024-06-24,730,0.047234
2024-06-24,1095,0.044516
2024-06-24,1825,0.04256
2024-06-24,3650,0.042321
2024-06-24,10950,0.043651
2024-06-25,1,0.0533
2024-06-25,30,0.053133
2024-06-25,91,0.05343200000000001
2024-06-25,182,0.053096
2024-06-25,365,0.051
2024-06-25,730,0.047424
2024-06-25,1095,0.044711999999999995
2024-06-25,1825,0.04277
2024-06-25,3650,0.042476
2024-06-25,10950,0.043778
2024-06-26,1,0.0533
2024-06-26,30,0.053227000000000003
2024-06-26,91,0.05373700000000001
2024-06-26,182,0.053544
2024-06-26,365,0.0513
2024-06-26,730,0.047472
2024-06-26,1095,0.045277000000000005
2024-06-26,1825,0.043440000000000006
2024-06-26,3650,0.043294
2024-06-26,10950,0.04462
2024-06-27,1,0.0533
2024-06-27,30,0.053194
2024-06-27,91,0.053677
2024-06-27,182,0.053348000000000007
2024-06-27,365,0.051
2024-06-27,730,0.047119999999999995
2024-06-27,1095,0.044907
2024-06-27,1825,0.04298
2024-06-27,3650,0.042864000000000006
2024-06-27,10950,0.044257
2024-06-28,1,0.0533
2024-06-28,30,0.053148
2024-06-28,91,0.053549
2024-06-28,182,0.053217999999999994
2024-06-28,365,0.0509
2024-06-28,730,0.047535
2024-06-28,1095,0.0455
2024-06-28,1825,0.043769999999999996
2024-06-28,3650,0.043961
2024-06-28,10950,0.045583
2024-07-01,1,0.0533
2024-07-01,30,0.053677
2024-07-01,91,0.053567000000000004
2024-07-01,182,0.053183999999999995
2024-07-01,365,0.051
2024-07-01,730,0.047556
2024-07-01,1095,0.045756
2024-07-01,1825,0.04427
2024-07-01,3650,0.04461299999999999
2024-07-01,10950,0.046237
2024-07-02,1,0.0533
2024-07-02,30,0.053618
2024-07-02,91,0.053682999999999995
2024-07-02,182,0.053069
2024-07-02,365,0.0507
2024-07-02,730,0.047412
2024-07-02,1095,0.045527
2024-07-02,1825,0.043949999999999996
2024-07-02,3650,0.044316
2024-07-02,10950,0.046053
2024-07-03,1,0.0533
2024-07-03,30,0.053501
2024-07-03,91,0.053824
2024-07-03,182,0.052988999999999994
2024-07-03,365,0.0504
2024-07-03,730,0.047059
2024-07-03,1095,0.044896000000000005
2024-07-03,1825,0.043250000000000004
2024-07-03,3650,0.043587
2024-07-03,10950,0.045278
2024-07-04,1,0.0533
2024-07-04,30,0.053274
2024-07-04,91,0.053824
2024-07-04,182,0.052988999999999994
2024-07-04,365,0.0504
2024-07-04,730,0.047059
2024-07-04,1095,0.044896000000000005
2024-07-04,1825,0.043250000000000004
2024-07-04,3650,0.043587
2024-07-04,10950,0.045278
2024-07-05,1,0.0533
2024-07-05,30,0.05343
2024-07-05,91,0.053748
2024-07-05,182,0.052806
2024-07-05,365,0.049800000000000004
2024-07-05,730,0.046035000000000006
2024-07-05,1095,0.043948
2024-07-05,1825,0.04226
2024-07-05,3650,0.042784
2024-07-05,10950,0.044768
2024-07-08,1,0.0533
2024-07-08,30,0.053575
2024-07-08,91,0.053714000000000005
2024-07-08,182,0.052851999999999996
2024-07-08,365,0.0499
2024-07-08,730,0.046285
2024-07-08,1095,0.044146
2024-07-08,1825,0.042409999999999996
2024-07-08,3650,0.042782999999999995
2024-07-08,10950,0.044646
2024-07-09,1,0.0533
2024-07-09,30,0.053183999999999995
2024-07-09,91,0.053536
2024-07-09,182,0.052863
2024-07-09,365,0.050199999999999995
2024-07-09,730,0.046264
2024-07-09,1095,0.044058
2024-07-09,1825,0.04244
2024-07-09,3650,0.042959
2024-07-09,10950,0.044881000000000004
2024-07-10,1,0.0533
2024-07-10,30,0.053253
2024-07-10,91,0.053685000000000004
2024-07-10,182,0.052836999999999995
2024-07-10,365,0.0501
2024-07-10,730,0.0462
2024-07-10,1095,0.043862
2024-07-10,1825,0.04238
2024-07-10,3650,0.042841
2024-07-10,10950,0.044768
2024-07-11,1,0.0533
2024-07-11,30,0.053143
2024-07-11,91,0.053391
2024-07-11,182,0.052081999999999996
2024-07-11,365,0.049100000000000005
2024-07-11,730,0.045129999999999997
2024-07-11,1095,0.042824999999999995
2024-07-11,1825,0.041429999999999995
2024-07-11,3650,0.042101
2024-07-11,10950,0.044199999999999996
2024-07-12,1,0.0533
2024-07-12,30,0.053353000000000005
2024-07-12,91,0.053315
2024-07-12,182,0.051793
2024-07-12,365,0.0487
2024-07-12,730,0.044514
2024-07-12,1095,0.042266000000000005
2024-07-12,1825,0.04103
2024-07-12,3650,0.041829
2024-07-12,10950,0.043959
2024-07-15,1,0.0533
2024-07-15,30,0.053601
2024-07-15,91,0.053255
2024-07-15,182,0.051759000000000006
2024-07-15,365,0.048499999999999995
2024-07-15,730,0.044575
2024-07-15,1095,0.042348
2024-07-15,1825,0.04133
2024-07-15,3650,0.042294
2024-07-15,10950,0.044571
2024-07-16,1,0.0533
2024-07-16,30,0.053542
2024-07-16,91,0.053301999999999995
2024-07-16,182,0.051822
2024-07-16,365,0.048499999999999995
2024-07-16,730,0.044172
2024-07-16,1095,0.041927000000000006
2024-07-16,1825,0.04075
2024-07-16,3650,0.041576
2024-07-16,10950,0.043720999999999996
2024-07-17,1,0.0533
2024-07-17,30,0.053381
2024-07-17,91,0.053346
2024-07-17,182,0.051876
2024-07-17,365,0.048499999999999995
2024-07-17,730,0.044379
2024-07-17,1095,0.042009
2024-07-17,1825,0.040780000000000004
2024-07-17,3650,0.041576
2024-07-17,10950,0.043747999999999995
2024-07-18,1,0.0533
2024-07-18,30,0.053373
2024-07-18,91,0.053339
2024-07-18,182,0.051868
2024-07-18,365,0.048600000000000004
2024-07-18,730,0.044714000000000004
2024-07-18,1095,0.042427
2024-07-18,1825,0.0412
2024-07-18,3650,0.042020999999999996
2024-07-18,10950,0.044217000000000006
2024-07-19,1,0.0533
2024-07-19,30,0.05343
2024-07-19,91,0.053289
2024-07-19,182,0.051926
2024-07-19,365,0.0487
2024-07-19,730,0.045109
2024-07-19,1095,0.042873
2024-07-19,1825,0.04167
2024-07-19,3650,0.042389
2024-07-19,10950,0.044467999999999994
2024-07-22,1,0.0533
2024-07-22,30,0.053703
2024-07-22,91,0.05320299999999999
2024-07-22,182,0.05191900000000001
2024-07-22,365,0.048799999999999996
2024-07-22,730,0.04517
2024-07-22,1095,0.042927999999999994
2024-07-22,1825,0.041740000000000006
2024-07-22,3650,0.04252500000000001
2024-07-22,10950,0.04472
2024-07-23,1,0.0533
2024-07-23,30,0.05369500000000001
2024-07-23,91,0.05299
2024-07-23,182,0.051463999999999996
2024-07-23,365,0.048499999999999995
2024-07-23,730,0.044913
2024-07-23,1095,0.04273
2024-07-23,1825,0.041639999999999996
2024-07-23,3650,0.042506
2024-07-23,10950,0.04484200000000001
2024-07-24,1,0.0533
2024-07-24,30,0.053713
2024-07-24,91,0.053112000000000006
2024-07-24,182,0.051616999999999996
2024-07-24,365,0.0482
2024-07-24,730,0.044307
2024-07-24,1095,0.042587
2024-07-24,1825,0.04173
2024-07-24,3650,0.042838
2024-07-24,10950,0.045419
2024-07-25,1,0.0533
2024-07-25,30,0.053807
2024-07-25,91,0.053052
2024-07-25,182,0.051556
2024-07-25,365,0.0483
2024-07-25,730,0.044307
2024-07-25,1095,0.042473000000000004
2024-07-25,1825,0.041319999999999996
2024-07-25,3650,0.042407
2024-07-25,10950,0.044832000000000004
2024-07-26,1,0.0533
2024-07-26,30,0.053556999999999994
2024-07-26,91,0.052899
2024-07-26,182,0.051401
2024-07-26,365,0.0479
2024-07-26,730,0.043832
2024-07-26,1095,0.041988000000000004
2024-07-26,1825,0.04076
2024-07-26,3650,0.041939000000000004
2024-07-26,10950,0.044523
2024-07-29,1,0.0533
2024-07-29,30,0.05378
2024-07-29,91,0.05284
2024-07-29,182,0.051447
2024-07-29,365,0.0479
2024-07-29,730,0.043997
2024-07-29,1095,0.042099000000000004
2024-07-29,1825,0.04076
2024-07-29,3650,0.041744
2024-07-29,10950,0.044244000000000006
2024-07-30,1,0.0533
2024-07-30,30,0.053797
2024-07-30,91,0.052821999999999994
2024-07-30,182,0.051102
2024-07-30,365,0.0478
2024-07-30,730,0.043585000000000006
2024-07-30,1095,0.041700999999999995
2024-07-30,1825,0.04034
2024-07-30,3650,0.041394
2024-07-30,10950,0.043948
2024-07-31,1,0.0533
2024-07-31,30,0.053662
2024-07-31,91,0.05284
2024-07-31,182,0.050863
2024-07-31,365,0.0473
2024-07-31,730,0.042575
2024-07-31,1095,0.04057
2024-07-31,1825,0.03914
2024-07-31,3650,0.040296000000000005
2024-07-31,10950,0.043028000000000004
2024-08-01,1,0.0533
2024-08-01,30,0.053448999999999997
2024-08-01,91,0.05252
2024-08-01,182,0.050136
2024-08-01,365,0.0462
2024-08-01,730,0.041482
2024-08-01,1095,0.039582
2024-08-01,1825,0.03835
2024-08-01,3650,0.03976
2024-08-01,10950,0.042759
2024-08-02,1,0.0533
2024-08-02,30,0.053200000000000004
2024-08-02,91,0.051741999999999996
2024-08-02,182,0.048388
2024-08-02,365,0.0433
2024-08-02,730,0.038798
2024-08-02,1095,0.037072
2024-08-02,1825,0.03618
2024-08-02,3650,0.037904
2024-08-02,10950,0.041072
2024-08-05,1,0.0533
2024-08-05,30,0.053499
2024-08-05,91,0.052099
2024-08-05,182,0.048780000000000004
2024-08-05,365,0.0434
2024-08-05,730,0.039201
2024-08-05,1095,0.037458
2024-08-05,1825,0.03643
2024-08-05,3650,0.037884
2024-08-05,10950,0.040721
2024-08-06,1,0.0533
2024-08-06,30,0.053286
2024-08-06,91,0.052001
2024-08-06,182,0.049425
2024-08-06,365,0.0446
2024-08-06,730,0.039751
2024-08-06,1095,0.038182
2024-08-06,1825,0.03732
2024-08-06,3650,0.038919
2024-08-06,10950,0.041791999999999996
2024-08-07,1,0.0533
2024-08-07,30,0.053381
2024-08-07,91,0.052202
2024-08-07,182,0.049398
2024-08-07,365,0.044500000000000005
2024-08-07,730,0.039620999999999996
2024-08-07,1095,0.037973
2024-08-07,1825,0.03763
2024-08-07,3650,0.039431
2024-08-07,10950,0.042463
2024-08-08,1,0.0533
2024-08-08,30,0.053424
2024-08-08,91,0.052142
2024-08-08,182,0.049711
2024-08-08,365,0.044800000000000006
2024-08-08,730,0.04038
2024-08-08,1095,0.038753
2024-08-08,1825,0.03828
2024-08-08,3650,0.039876999999999996
2024-08-08,10950,0.042766
2024-08-09,1,0.0533
2024-08-09,30,0.053301999999999995
2024-08-09,91,0.052068
2024-08-09,182,0.049743
2024-08-09,365,0.045
2024-08-09,730,0.040531
2024-08-09,1095,0.038753
2024-08-09,1825,0.037970000000000004
2024-08-09,3650,0.039398
2024-08-09,10950,0.042186
2024-08-12,1,0.0533
2024-08-12,30,0.05355000000000001
2024-08-12,91,0.05208599999999999
2024-08-12,182,0.049737
2024-08-12,365,0.0447
2024-08-12,730,0.04017299999999999
2024-08-12,1095,0.038279
2024-08-12,1825,0.037469999999999996
2024-08-12,3650,0.039035
2024-08-12,10950,0.042003000000000006
2024-08-13,1,0.0533
2024-08-13,30,0.053082000000000004
2024-08-13,91,0.051767
2024-08-13,182,0.049238
2024-08-13,365,0.044000000000000004
2024-08-13,730,0.039293999999999996
2024-08-13,1095,0.0375
2024-08-13,1825,0.03672
2024-08-13,3650,0.038428
2024-08-13,10950,0.041584
2024-08-14,1,0.0533
2024-08-14,30,0.053202
2024-08-14,91,0.052019
2024-08-14,182,0.049504
2024-08-14,365,0.044199999999999996
2024-08-14,730,0.039558
2024-08-14,1095,0.037639
2024-08-14,1825,0.03681
2024-08-14,3650,0.038352
2024-08-14,10950,0.04125
2024-08-15,1,0.0533
2024-08-15,30,0.053169
2024-08-15,91,0.052194000000000004
2024-08-15,182,0.049977
2024-08-15,365,0.0452
2024-08-15,730,0.040929
2024-08-15,1095,0.038977
2024-08-15,1825,0.0379
2024-08-15,3650,0.039131
2024-08-15,10950,0.041702
2024-08-16,1,0.0533
2024-08-16,30,0.053301999999999995
2024-08-16,91,0.052093999999999994
2024-08-16,182,0.049690000000000005
2024-08-16,365,0.0449
2024-08-16,730,0.040497
2024-08-16,1095,0.038532000000000004
2024-08-16,1825,0.03758
2024-08-16,3650,0.038826
2024-08-16,10950,0.041402
2024-08-19,1,0.0533
2024-08-19,30,0.053396
2024-08-19,91,0.051931000000000005
2024-08-19,182,0.049683000000000005
2024-08-19,365,0.044800000000000006
2024-08-19,730,0.04066
2024-08-19,1095,0.038644
2024-08-19,1825,0.03758
2024-08-19,3650,0.038711
2024-08-19,10950,0.041222
2024-08-20,1,0.0533
2024-08-20,30,0.053082000000000004
2024-08-20,91,0.051689
2024-08-20,182,0.049086
2024-08-20,365,0.0443
2024-08-20,730,0.039836
2024-08-20,1095,0.037889
2024-08-20,1825,0.03688
2024-08-20,3650,0.038067000000000004
2024-08-20,10950,0.040606
2024-08-21,1,0.0533
2024-08-21,30,0.052920999999999996
2024-08-21,91,0.051447
2024-08-21,182,0.04886599999999999
2024-08-21,365,0.0436
2024-08-21,730,0.039305
2024-08-21,1095,0.037414
2024-08-21,1825,0.03657
2024-08-21,3650,0.03801
2024-08-21,10950,0.040775
2024-08-22,1,0.0533
2024-08-22,30,0.053092
2024-08-22,91,0.051596
2024-08-22,182,0.04934
2024-08-22,365,0.0443
2024-08-22,730,0.040035
2024-08-22,1095,0.038085
2024-08-22,1825,0.03718
2024-08-22,3650,0.038521
2024-08-22,10950,0.041257999999999996
2024-08-23,1,0.0533
2024-08-23,30,0.052969999999999996
2024-08-23,91,0.051289
2024-08-23,182,0.048867
2024-08-23,365,0.0436
2024-08-23,730,0.039153
2024-08-23,1095,0.037244
2024-08-23,1825,0.03649
2024-08-23,3650,0.037989999999999996
2024-08-23,10950,0.040908
2024-08-26,1,0.0533
2024-08-26,30,0.053269000000000004
2024-08-26,91,0.051254999999999995
2024-08-26,182,0.048994
2024-08-26,365,0.0438
2024-08-26,730,0.039358
2024-08-26,1095,0.037468
2024-08-26,1825,0.03667
2024-08-26,3650,0.03816
2024-08-26,10950,0.041051000000000004
2024-08-27,1,0.0533
2024-08-27,30,0.053261
2024-08-27,91,0.051003
2024-08-27,182,0.048334
2024-08-27,365,0.0434
2024-08-27,730,0.038992
2024-08-27,1095,0.037131
2024-08-27,1825,0.0365
2024-08-27,3650,0.038216
2024-08-27,10950,0.041131
2024-08-28,1,0.0533
2024-08-28,30,0.053099999999999994
2024-08-28,91,0.051048
2024-08-28,182,0.048361
2024-08-28,365,0.0436
2024-08-28,730,0.038650000000000004
2024-08-28,1095,0.037271
2024-08-28,1825,0.03666
2024-08-28,3650,0.038349
2024-08-28,10950,0.04124799999999999
2024-08-29,1,0.0533
2024-08-29,30,0.052862
2024-08-29,91,0.051197
2024-08-29,182,0.048593000000000004
2024-08-29,365,0.0438
2024-08-29,730,0.038939
2024-08-29,1095,0.037523
2024-08-29,1825,0.03667
2024-08-29,3650,0.038615
2024-08-29,10950,0.041455
2024-08-30,1,0.0533
2024-08-30,30,0.052579
2024-08-30,91,0.051116999999999996
2024-08-30,182,0.048568
2024-08-30,365,0.0438
2024-08-30,730,0.039165
2024-08-30,1095,0.037777
2024-08-30,1825,0.037040000000000003
2024-08-30,3650,0.039034
2024-08-30,10950,0.041955
2024-09-02,1,0.0533
2024-09-02,30,0.052579
2024-09-02,91,0.051116999999999996
2024-09-02,182,0.048568
2024-09-02,365,0.0438
2024-09-02,730,0.039165
2024-09-02,1095,0.037777
2024-09-02,1825,0.037040000000000003
2024-09-02,3650,0.039034
2024-09-02,10950,0.041955
2024-09-03,1,0.0533
2024-09-03,30,0.052341
2024-09-03,91,0.051109
2024-09-03,182,0.048402
2024-09-03,365,0.0435
2024-09-03,730,0.038631
2024-09-03,1095,0.037267999999999996
2024-09-03,1825,0.0364
2024-09-03,3650,0.03831
2024-09-03,10950,0.041228999999999995
2024-09-04,1,0.0533
2024-09-04,30,0.051848
2024-09-04,91,0.050771
2024-09-04,182,0.04759
2024-09-04,365,0.042300000000000004
2024-09-04,730,0.037538999999999996
2024-09-04,1095,0.036252
2024-09-04,1825,0.0355
2024-09-04,3650,0.037552
2024-09-04,10950,0.040578
2024-09-05,1,0.0533
2024-09-05,30,0.051407
2024-09-05,91,0.050582
2024-09-05,182,0.047451
2024-09-05,365,0.0421
2024-09-05,730,0.037435
2024-09-05,1095,0.036081
2024-09-05,1825,0.035379999999999995
2024-09-05,3650,0.037269000000000004
2024-09-05,10950,0.040198
2024-09-06,1,0.0533
2024-09-06,30,0.051232
2024-09-06,91,0.05051
2024-09-06,182,0.047167
2024-09-06,365,0.040999999999999995
2024-09-06,730,0.036462
2024-09-06,1095,0.035259
2024-09-06,1825,0.03487
2024-09-06,3650,0.03708
2024-09-06,10950,0.04018
2024-09-09,1,0.0533
2024-09-09,30,0.050867
2024-09-09,91,0.050191
2024-09-09,182,0.047214
2024-09-09,365,0.0412
2024-09-09,730,0.036688
2024-09-09,1095,0.035341
2024-09-09,1825,0.03488
2024-09-09,3650,0.037004
2024-09-09,10950,0.040005
2024-09-10,1,0.0533
2024-09-10,30,0.0504
2024-09-10,91,0.049583
2024-09-10,182,0.046687000000000006
2024-09-10,365,0.0407
2024-09-10,730,0.035941
2024-09-10,1095,0.034578000000000005
2024-09-10,1825,0.03424
2024-09-10,3650,0.036423000000000004
2024-09-10,10950,0.039622000000000004
2024-09-11,1,0.0533
2024-09-11,30,0.050878
2024-09-11,91,0.050018
2024-09-11,182,0.047431
2024-09-11,365,0.0412
2024-09-11,730,0.036415
2024-09-11,1095,0.034607
2024-09-11,1825,0.03445
2024-09-11,3650,0.036534
2024-09-11,10950,0.039657
2024-09-12,1,0.0533
2024-09-12,30,0.050641
2024-09-12,91,0.049621000000000005
2024-09-12,182,0.047079
2024-09-12,365,0.0409
2024-09-12,730,0.036392
2024-09-12,1095,0.034774
2024-09-12,1825,0.03465
2024-09-12,3650,0.03674
2024-09-12,10950,0.039882
2024-09-13,1,0.0533
2024-09-13,30,0.049928999999999994
2024-09-13,91,0.048797
2024-09-13,182,0.046319
2024-09-13,365,0.04
2024-09-13,730,0.035823999999999995
2024-09-13,1095,0.034386
2024-09-13,1825,0.034319999999999996
2024-09-13,3650,0.036513
2024-09-13,10950,0.039795
2024-09-16,1,0.0533
2024-09-16,30,0.049002
2024-09-16,91,0.048609
2024-09-16,182,0.045862
2024-09-16,365,0.039599999999999996
2024-09-16,730,0.035509
2024-09-16,1095,0.034109
2024-09-16,1825,0.03403
2024-09-16,3650,0.036176
2024-09-16,10950,0.039285
2024-09-17,1,0.0533
2024-09-17,30,0.049021
2024-09-17,91,0.048465999999999995
2024-09-17,182,0.045205
2024-09-17,365,0.039900000000000005
2024-09-17,730,0.036048
2024-09-17,1095,0.034664
2024-09-17,1825,0.03444
2024-09-17,3650,0.036456
2024-09-17,10950,0.039586
2024-09-18,1,0.0533
2024-09-18,30,0.047713
2024-09-18,91,0.047499
2024-09-18,182,0.045069
2024-09-18,365,0.0395
2024-09-18,730,0.036172
2024-09-18,1095,0.034887
2024-09-18,1825,0.03484
2024-09-18,3650,0.037038
2024-09-18,10950,0.040205000000000005
2024-09-19,1,0.0483
2024-09-19,30,0.04638
2024-09-19,91,0.04713
2024-09-19,182,0.044718999999999995
2024-09-19,365,0.0393
2024-09-19,730,0.035813000000000005
2024-09-19,1095,0.034693
2024-09-19,1825,0.03483
2024-09-19,3650,0.037131
2024-09-19,10950,0.040505000000000006
2024-09-20,1,0.0483
2024-09-20,30,0.047374
2024-09-20,91,0.046541
2024-09-20,182,0.044597
2024-09-20,365,0.0392
2024-09-20,730,0.035910000000000004
2024-09-20,1095,0.034806
2024-09-20,1825,0.035
2024-09-20,3650,0.037413
2024-09-20,10950,0.040833
2024-09-23,1,0.0483
2024-09-23,30,0.047011000000000004
2024-09-23,91,0.046147
2024-09-23,182,0.044354
2024-09-23,365,0.0391
2024-09-23,730,0.035865999999999995
2024-09-23,1095,0.034835
2024-09-23,1825,0.035070000000000004
2024-09-23,3650,0.037489
2024-09-23,10950,0.040922
2024-09-24,1,0.0483
2024-09-24,30,0.046622000000000004
2024-09-24,91,0.046048
2024-09-24,182,0.043666
2024-09-24,365,0.0388
2024-09-24,730,0.035379
2024-09-24,1095,0.034361
2024-09-24,1825,0.03468
2024-09-24,3650,0.03728
2024-09-24,10950,0.040842
2024-09-25,1,0.0483
2024-09-25,30,0.046616
2024-09-25,91,0.046146
2024-09-25,182,0.043825
2024-09-25,365,0.038900000000000004
2024-09-25,730,0.035592
2024-09-25,1095,0.034892
2024-09-25,1825,0.03526
2024-09-25,3650,0.037849
2024-09-25,10950,0.041398000000000004
2024-09-26,1,0.0483
2024-09-26,30,0.047043
2024-09-26,91,0.046140999999999995
2024-09-26,182,0.044005
2024-09-26,365,0.039599999999999996
2024-09-26,730,0.036287
2024-09-26,1095,0.035481
2024-09-26,1825,0.03568
2024-09-26,3650,0.037963
2024-09-26,10950,0.041308
2024-09-27,1,0.0483
2024-09-27,30,0.047476000000000004
2024-09-27,91,0.046019
2024-09-27,182,0.04383
2024-09-27,365,0.039
2024-09-27,730,0.035592
2024-09-27,1095,0.034783
2024-09-27,1825,0.03506
2024-09-27,3650,0.037506
2024-09-27,10950,0.041038
2024-09-30,1,0.0483
2024-09-30,30,0.048133999999999996
2024-09-30,91,0.046169
2024-09-30,182,0.044036
2024-09-30,365,0.0398
2024-09-30,730,0.036411
2024-09-30,1095,0.035486
2024-09-30,1825,0.035590000000000004
2024-09-30,3650,0.037809
2024-09-30,10950,0.041191000000000005
2024-10-01,1,0.0483
2024-10-01,30,0.048281
2024-10-01,91,0.045689
2024-10-01,182,0.04356
2024-10-01,365,0.039599999999999996
2024-10-01,730,0.036043
2024-10-01,1095,0.035122
2024-10-01,1825,0.035089999999999996
2024-10-01,3650,0.037315
2024-10-01,10950,0.040716
2024-10-02,1,0.0483
2024-10-02,30,0.047916999999999994
2024-10-02,91,0.045891
2024-10-02,182,0.043587
2024-10-02,365,0.0397
2024-10-02,730,0.036414
2024-10-02,1095,0.035489
2024-10-02,1825,0.035539999999999995
2024-10-02,3650,0.037809
2024-10-02,10950,0.041299
2024-10-03,1,0.0483
2024-10-03,30,0.047783
2024-10-03,91,0.045807
2024-10-03,182,0.043687
2024-10-03,365,0.04019999999999999
2024-10-03,730,0.037052999999999996
2024-10-03,1095,0.036197
2024-10-03,1825,0.03629
2024-10-03,3650,0.038458
2024-10-03,10950,0.041779000000000004
2024-10-04,1,0.0483
2024-10-04,30,0.046915
2024-10-04,91,0.046127
2024-10-04,182,0.044412
2024-10-04,365,0.042
2024-10-04,730,0.039217
2024-10-04,1095,0.038309
2024-10-04,1825,0.038060000000000004
2024-10-04,3650,0.039672
2024-10-04,10950,0.042497
2024-10-07,1,0.0483
2024-10-07,30,0.048492
2024-10-07,91,0.046458000000000006
2024-10-07,182,0.044354
2024-10-07,365,0.0424
2024-10-07,730,0.039952
2024-10-07,1095,0.038943
2024-10-07,1825,0.03866
2024-10-07,3650,0.040256
2024-10-07,10950,0.043049
2024-10-08,1,0.0483
2024-10-08,30,0.048051
2024-10-08,91,0.04626
2024-10-08,182,0.044381000000000004
2024-10-08,365,0.0421
2024-10-08,730,0.039582
2024-10-08,1095,0.038632
2024-10-08,1825,0.03847
2024-10-08,3650,0.040118999999999995
2024-10-08,10950,0.042935999999999995
2024-10-09,1,0.0483
2024-10-09,30,0.047866
2024-10-09,91,0.046513
2024-10-09,182,0.044619
2024-10-09,365,0.0424
2024-10-09,730,0.040214999999999994
2024-10-09,1095,0.039279
2024-10-09,1825,0.03918
2024-10-09,3650,0.040726000000000005
2024-10-09,10950,0.043407999999999995
2024-10-10,1,0.0483
2024-10-10,30,0.047885
2024-10-10,91,0.046403
2024-10-10,182,0.044561
2024-10-10,365,0.042199999999999994
2024-10-10,730,0.039573
2024-10-10,1095,0.038694
2024-10-10,1825,0.03886
2024-10-10,3650,0.040608000000000005
2024-10-10,10950,0.043587999999999995
2024-10-11,1,0.0483
2024-10-11,30,0.048185000000000006
2024-10-11,91,0.04625
2024-10-11,182,0.044433
2024-10-11,365,0.0418
2024-10-11,730,0.039554
2024-10-11,1095,0.03875
2024-10-11,1825,0.03903
2024-10-11,3650,0.041003
2024-10-11,10950,0.044106
2024-10-14,1,0.0483
2024-10-14,30,0.048185000000000006
2024-10-14,91,0.04625
2024-10-14,182,0.044433
2024-10-14,365,0.0418
2024-10-14,730,0.039554
2024-10-14,1095,0.03875
2024-10-14,1825,0.03903
2024-10-14,3650,0.041003
2024-10-14,10950,0.044106
2024-10-15,1,0.0483
2024-10-15,30,0.04777
2024-10-15,91,0.046193
2024-10-15,182,0.044348
2024-10-15,365,0.0418
2024-10-15,730,0.039453999999999996
2024-10-15,1095,0.038583
2024-10-15,1825,0.03855
2024-10-15,3650,0.040317
2024-10-15,10950,0.0432
2024-10-16,1,0.0483
2024-10-16,30,0.047739000000000004
2024-10-16,91,0.04620199999999999
2024-10-16,182,0.044248
2024-10-16,365,0.0417
2024-10-16,730,0.039376
2024-10-16,1095,0.038471000000000005
2024-10-16,1825,0.038450000000000005
2024-10-16,3650,0.040122
2024-10-16,10950,0.04295499999999999
2024-10-17,1,0.0483
2024-10-17,30,0.047527999999999994
2024-10-17,91,0.046376999999999995
2024-10-17,182,0.044455
2024-10-17,365,0.0421
2024-10-17,730,0.039719000000000004
2024-10-17,1095,0.038888
2024-10-17,1825,0.039
2024-10-17,3650,0.040906000000000005
2024-10-17,10950,0.043894999999999997
2024-10-18,1,0.0483
2024-10-18,30,0.047577999999999995
2024-10-18,91,0.046282
2024-10-18,182,0.044386
2024-10-18,365,0.04190000000000001
2024-10-18,730,0.039483000000000004
2024-10-18,1095,0.03858
2024-10-18,1825,0.03879
2024-10-18,3650,0.040827999999999996
2024-10-18,10950,0.043924000000000005
2024-10-21,1,0.0483
2024-10-21,30,0.047649
2024-10-21,91,0.046224
2024-10-21,182,0.044883
2024-10-21,365,0.0424
2024-10-21,730,0.040317
2024-10-21,1095,0.039589
2024-10-21,1825,0.03987
2024-10-21,3650,0.041956
2024-10-21,10950,0.044994
2024-10-22,1,0.0483
2024-10-22,30,0.04749
2024-10-22,91,0.046256000000000005
2024-10-22,182,0.044672
2024-10-22,365,0.0424
2024-10-22,730,0.040324
2024-10-22,1095,0.039786
2024-10-22,1825,0.040069999999999995
2024-10-22,3650,0.042076
2024-10-22,10950,0.044965000000000005
2024-10-23,1,0.0483
2024-10-23,30,0.04733
2024-10-23,91,0.046302
2024-10-23,182,0.04488400000000001
2024-10-23,365,0.042699999999999995
2024-10-23,730,0.040778999999999996
2024-10-23,1095,0.040322
2024-10-23,1825,0.04058
2024-10-23,3650,0.042455999999999994
2024-10-23,10950,0.045182
2024-10-24,1,0.0483
2024-10-24,30,0.047401
2024-10-24,91,0.046140999999999995
2024-10-24,182,0.044905
2024-10-24,365,0.0425
2024-10-24,730,0.040787000000000004
2024-10-24,1095,0.040182
2024-10-24,1825,0.04034
2024-10-24,3650,0.042118
2024-10-24,10950,0.044739
2024-10-25,1,0.0483
2024-10-25,30,0.047245999999999996
2024-10-25,91,0.046331
2024-10-25,182,0.045153
2024-10-25,365,0.0429
2024-10-25,730,0.041046
2024-10-25,1095,0.040496
2024-10-25,1825,0.040650000000000006
2024-10-25,3650,0.04239899999999999
2024-10-25,10950,0.044995
2024-10-28,1,0.0483
2024-10-28,30,0.047419
2024-10-28,91,0.046091
2024-10-28,182,0.044883
2024-10-28,365,0.042800000000000005
2024-10-28,730,0.041377
2024-10-28,1095,0.040922
2024-10-28,1825,0.04118
2024-10-28,3650,0.042821
2024-10-28,10950,0.045292000000000006
2024-10-29,1,0.0483
2024-10-29,30,0.047387
2024-10-29,91,0.045896
2024-10-29,182,0.044751000000000006
2024-10-29,365,0.0429
2024-10-29,730,0.040962
2024-10-29,1095,0.040527
2024-10-29,1825,0.040819999999999995
2024-10-29,3650,0.042541
2024-10-29,10950,0.044985
2024-10-30,1,0.0483
2024-10-30,30,0.047381
2024-10-30,91,0.045761
2024-10-30,182,0.044725
2024-10-30,365,0.042800000000000005
2024-10-30,730,0.041826
2024-10-30,1095,0.041466
2024-10-30,1825,0.04163
2024-10-30,3650,0.043004
2024-10-30,10950,0.045035
2024-10-31,1,0.0483
2024-10-31,30,0.046661
2024-10-31,91,0.045418
2024-10-31,182,0.044561
2024-10-31,365,0.042699999999999995
2024-10-31,730,0.041702
2024-10-31,1095,0.041326
2024-10-31,1825,0.041589999999999995
2024-10-31,3650,0.042844
2024-10-31,10950,0.04475
2024-11-01,1,0.0483
2024-11-01,30,0.046327
2024-11-01,91,0.045013
2024-11-01,182,0.044359
2024-11-01,365,0.042800000000000005
2024-11-01,730,0.042054
2024-11-01,1095,0.041845999999999994
2024-11-01,1825,0.04226
2024-11-01,3650,0.04383600000000001
2024-11-01,10950,0.045781999999999996
2024-11-04,1,0.0483
2024-11-04,30,0.046219
2024-11-04,91,0.045214
2024-11-04,182,0.044142
2024-11-04,365,0.0425
2024-11-04,730,0.041599000000000004
2024-11-04,1095,0.041334
2024-11-04,1825,0.04147
2024-11-04,3650,0.042846999999999996
2024-11-04,10950,0.044672
2024-11-05,1,0.0483
2024-11-05,30,0.046009
2024-11-05,91,0.0453
2024-11-05,182,0.044142
2024-11-05,365,0.042699999999999995
2024-11-05,730,0.041765
2024-11-05,1095,0.041334
2024-11-05,1825,0.0415
2024-11-05,3650,0.042708
2024-11-05,10950,0.044349999999999994
2024-11-06,1,0.0483
2024-11-06,30,0.045646000000000006
2024-11-06,91,0.04532
2024-11-06,182,0.04430100000000001
2024-11-06,365,0.0431
2024-11-06,730,0.042617
2024-11-06,1095,0.042314
2024-11-06,1825,0.04275
2024-11-06,3650,0.044315
2024-11-06,10950,0.046095
2024-11-07,1,0.0483
2024-11-07,30,0.045589000000000005
2024-11-07,91,0.04534099999999999
2024-11-07,182,0.044111000000000004
2024-11-07,365,0.042800000000000005
2024-11-07,730,0.041994
2024-11-07,1095,0.041558000000000005
2024-11-07,1825,0.04172
2024-11-07,3650,0.043257000000000004
2024-11-07,10950,0.045297000000000004
2024-11-08,1,0.0458
2024-11-08,30,0.045785
2024-11-08,91,0.04524
2024-11-08,182,0.044379999999999996
2024-11-08,365,0.0432
2024-11-08,730,0.042539
2024-11-08,1095,0.041978
2024-11-08,1825,0.04192
2024-11-08,3650,0.043043
2024-11-08,10950,0.044696
2024-11-11,1,0.0458
2024-11-11,30,0.045785
2024-11-11,91,0.04524
2024-11-11,182,0.044379999999999996
2024-11-11,365,0.0432
2024-11-11,730,0.042539
2024-11-11,1095,0.041978
2024-11-11,1825,0.04192
2024-11-11,3650,0.043043
2024-11-11,10950,0.044696
2024-11-12,1,0.0458
2024-11-12,30,0.04578
2024-11-12,91,0.045286999999999994
2024-11-12,182,0.044691999999999996
2024-11-12,365,0.0438
2024-11-12,730,0.043400999999999995
2024-11-12,1095,0.043016
2024-11-12,1825,0.04314
2024-11-12,3650,0.044275
2024-11-12,10950,0.045673000000000005
2024-11-13,1,0.0458
2024-11-13,30,0.045672
2024-11-13,91,0.044957000000000004
2024-11-13,182,0.044275
2024-11-13,365,0.0431
2024-11-13,730,0.042857000000000006
2024-11-13,1095,0.042679
2024-11-13,1825,0.043070000000000004
2024-11-13,3650,0.044512
2024-11-13,10950,0.046357
2024-11-14,1,0.0458
2024-11-14,30,0.045537999999999995
2024-11-14,91,0.045237
2024-11-14,182,0.044799
2024-11-14,365,0.0436
2024-11-14,730,0.043448
2024-11-14,1095,0.043101
2024-11-14,1825,0.043250000000000004
2024-11-14,3650,0.044354
2024-11-14,10950,0.045868
2024-11-15,1,0.0458
2024-11-15,30,0.045587
2024-11-15,91,0.044909
2024-11-15,182,0.044597
2024-11-15,365,0.0434
2024-11-15,730,0.043033
2024-11-15,1095,0.042738
2024-11-15,1825,0.04308
2024-11-15,3650,0.044394
2024-11-15,10950,0.04617
2024-11-18,1,0.0458
2024-11-18,30,0.045785
2024-11-18,91,0.045111
2024-11-18,182,0.044671
2024-11-18,365,0.0433
2024-11-18,730,0.042802
2024-11-18,1095,0.042485
2024-11-18,1825,0.04277
2024-11-18,3650,0.044138000000000004
2024-11-18,10950,0.046102
2024-11-19,1,0.0458
2024-11-19,30,0.04555
2024-11-19,91,0.04519
2024-11-19,182,0.044593
2024-11-19,365,0.0434
2024-11-19,730,0.04280300000000001
2024-11-19,1095,0.042401
2024-11-19,1825,0.04263
2024-11-19,3650,0.043962
2024-11-19,10950,0.045819
2024-11-20,1,0.0458
2024-11-20,30,0.045646000000000006
2024-11-20,91,0.04531399999999999
2024-11-20,182,0.044698
2024-11-20,365,0.0437
2024-11-20,730,0.043144
2024-11-20,1095,0.042684
2024-11-20,1825,0.04279
2024-11-20,3650,0.0441
2024-11-20,10950,0.045975
2024-11-21,1,0.0458
2024-11-21,30,0.045793999999999994
2024-11-21,91,0.045387000000000004
2024-11-21,182,0.044799
2024-11-21,365,0.043899999999999995
2024-11-21,730,0.043487
2024-11-21,1095,0.042996
2024-11-21,1825,0.04304
2024-11-21,3650,0.044218
2024-11-21,10950,0.046014
2024-11-22,1,0.0458
2024-11-22,30,0.045739999999999996
2024-11-22,91,0.04537
2024-11-22,182,0.044862
2024-11-22,365,0.044199999999999996
2024-11-22,730,0.043730000000000005
2024-11-22,1095,0.043113
2024-11-22,1825,0.042969999999999994
2024-11-22,3650,0.044002
2024-11-22,10950,0.045877
2024-11-25,1,0.0458
2024-11-25,30,0.04627
2024-11-25,91,0.045233999999999996
2024-11-25,182,0.044802999999999996
2024-11-25,365,0.0437
2024-11-25,730,0.042685
2024-11-25,1095,0.042065
2024-11-25,1825,0.041769999999999995
2024-11-25,3650,0.042731000000000005
2024-11-25,10950,0.044657
2024-11-26,1,0.0458
2024-11-26,30,0.04629
2024-11-26,91,0.044859
2024-11-26,182,0.044718999999999995
2024-11-26,365,0.0437
2024-11-26,730,0.042561
2024-11-26,1095,0.04209399999999999
2024-11-26,1825,0.04190000000000001
2024-11-26,3650,0.043061999999999996
2024-11-26,10950,0.044818
2024-11-27,1,0.0458
2024-11-27,30,0.046329
2024-11-27,91,0.044926
2024-11-27,182,0.044534000000000004
2024-11-27,365,0.0434
2024-11-27,730,0.042272
2024-11-27,1095,0.041726
2024-11-27,1825,0.04137
2024-11-27,3650,0.042634
2024-11-27,10950,0.044383
2024-11-28,1,0.0458
2024-11-28,30,0.046192000000000004
2024-11-28,91,0.044926
2024-11-28,182,0.044534000000000004
2024-11-28,365,0.0434
2024-11-28,730,0.042272
2024-11-28,1095,0.041726
2024-11-28,1825,0.04137
2024-11-28,3650,0.042634
2024-11-28,10950,0.044383
2024-11-29,1,0.0458
2024-11-29,30,0.046123000000000004
2024-11-29,91,0.044858
2024-11-29,182,0.044386
2024-11-29,365,0.043
2024-11-29,730,0.041509
2024-11-29,1095,0.040903
2024-11-29,1825,0.040490000000000005
2024-11-29,3650,0.041685
2024-11-29,10950,0.043599
2024-12-02,1,0.0458
2024-12-02,30,0.045811000000000004
2024-12-02,91,0.044619
2024-12-02,182,0.04430100000000001
2024-12-02,365,0.043
2024-12-02,730,0.041796
2024-12-02,1095,0.041272
2024-12-02,1825,0.04087
2024-12-02,3650,0.041897000000000004
2024-12-02,10950,0.043618
2024-12-03,1,0.0458
2024-12-03,30,0.045370999999999995
2024-12-03,91,0.04447
2024-12-03,182,0.044063
2024-12-03,365,0.042699999999999995
2024-12-03,730,0.041795
2024-12-03,1095,0.041413000000000005
2024-12-03,1825,0.04113000000000001
2024-12-03,3650,0.042245
2024-12-03,10950,0.044017
2024-12-04,1,0.0458
2024-12-04,30,0.045289
2024-12-04,91,0.044543
2024-12-04,182,0.043745000000000006
2024-12-04,365,0.042300000000000004
2024-12-04,730,0.041256
2024-12-04,1095,0.040873
2024-12-04,1825,0.040679999999999994
2024-12-04,3650,0.0418
2024-12-04,10950,0.043442
2024-12-05,1,0.0458
2024-12-05,30,0.045258
2024-12-05,91,0.044408
2024-12-05,182,0.043872
2024-12-05,365,0.042300000000000004
2024-12-05,730,0.041440000000000005
2024-12-05,1095,0.040986
2024-12-05,1825,0.04076
2024-12-05,3650,0.041761
2024-12-05,10950,0.043341000000000005
2024-12-06,1,0.0458
2024-12-06,30,0.044208
2024-12-06,91,0.043874
2024-12-06,182,0.04346
2024-12-06,365,0.04190000000000001
2024-12-06,730,0.041039000000000006
2024-12-06,1095,0.040614
2024-12-06,1825,0.04035999999999999
2024-12-06,3650,0.041528999999999996
2024-12-06,10950,0.043358999999999995
2024-12-09,1,0.0458
2024-12-09,30,0.04433
2024-12-09,91,0.04392
2024-12-09,182,0.043508
2024-12-09,365,0.042
2024-12-09,730,0.041245000000000004
2024-12-09,1095,0.04087
2024-12-09,1825,0.04075
2024-12-09,3650,0.042012
2024-12-09,10950,0.043857999999999994
2024-12-10,1,0.0458
2024-12-10,30,0.043993000000000004
2024-12-10,91,0.043641
2024-12-10,182,0.043219
2024-12-10,365,0.042199999999999994
2024-12-10,730,0.041429999999999995
2024-12-10,1095,0.041069
2024-12-10,1825,0.040979999999999996
2024-12-10,3650,0.042263
2024-12-10,10950,0.044194000000000004
2024-12-11,1,0.0458
2024-12-11,30,0.043579999999999994
2024-12-11,91,0.043584
2024-12-11,182,0.043084
2024-12-11,365,0.0421
2024-12-11,730,0.041532
2024-12-11,1095,0.041203000000000004
2024-12-11,1825,0.04134
2024-12-11,3650,0.042711
2024-12-11,10950,0.044826
2024-12-12,1,0.0458
2024-12-12,30,0.043167
2024-12-12,91,0.043268
2024-12-12,182,0.043052
2024-12-12,365,0.042199999999999994
2024-12-12,730,0.041906
2024-12-12,1095,0.041623
2024-12-12,1825,0.04184
2024-12-12,3650,0.043278
2024-12-12,10950,0.045439999999999994
2024-12-13,1,0.0458
2024-12-13,30,0.042856
2024-12-13,91,0.043201
2024-12-13,182,0.043143
2024-12-13,365,0.0424
2024-12-13,730,0.042448
2024-12-13,1095,0.042213
2024-12-13,1825,0.042510000000000006
2024-12-13,3650,0.043967
2024-12-13,10950,0.046013
2024-12-16,1,0.0458
2024-12-16,30,0.043055
2024-12-16,91,0.043067
2024-12-16,182,0.043085000000000005
2024-12-16,365,0.0424
2024-12-16,730,0.04249
2024-12-16,1095,0.042298999999999996
2024-12-16,1825,0.04258
2024-12-16,3650,0.043967
2024-12-16,10950,0.045984
2024-12-17,1,0.0458
2024-12-17,30,0.043254
2024-12-17,91,0.04325300000000001
2024-12-17,182,0.043033999999999996
2024-12-17,365,0.0425
2024-12-17,730,0.042447
2024-12-17,1095,0.042273
2024-12-17,1825,0.04263
2024-12-17,3650,0.043987
2024-12-17,10950,0.045885999999999996
2024-12-18,1,0.0458
2024-12-18,30,0.043095
2024-12-18,91,0.043377
2024-12-18,182,0.043007
2024-12-18,365,0.043
2024-12-18,730,0.043545
2024-12-18,1095,0.043575
2024-12-18,1825,0.044039999999999996
2024-12-18,3650,0.04514
2024-12-18,10950,0.046753
2024-12-19,1,0.0433
2024-12-19,30,0.042962999999999994
2024-12-19,91,0.043268
2024-12-19,182,0.042925000000000005
2024-12-19,365,0.042800000000000005
2024-12-19,730,0.043164999999999995
2024-12-19,1095,0.043379
2024-12-19,1825,0.04424
2024-12-19,3650,0.045621
2024-12-19,10950,0.047355
2024-12-20,1,0.0433
2024-12-20,30,0.04232
2024-12-20,91,0.043175
2024-12-20,182,0.042910000000000004
2024-12-20,365,0.042699999999999995
2024-12-20,730,0.043102
2024-12-20,1095,0.043131
2024-12-20,1825,0.04376
2024-12-20,3650,0.045222
2024-12-20,10950,0.047203999999999996
2024-12-23,1,0.0433
2024-12-23,30,0.043055
2024-12-23,91,0.043144
2024-12-23,182,0.042957999999999996
2024-12-23,365,0.0426
2024-12-23,730,0.043400999999999995
2024-12-23,1095,0.043587999999999995
2024-12-23,1825,0.044349999999999994
2024-12-23,3650,0.045865
2024-12-23,10950,0.04774
2024-12-24,1,0.0433
2024-12-24,30,0.042942
2024-12-24,91,0.04306600000000001
2024-12-24,182,0.042977999999999995
2024-12-24,365,0.0424
2024-12-24,730,0.043324
2024-12-24,1095,0.043621999999999994
2024-12-24,1825,0.04437
2024-12-24,3650,0.045887000000000004
2024-12-24,10950,0.047618
2024-12-25,1,0.0433
2024-12-25,30,0.042942
2024-12-25,91,0.04306600000000001
2024-12-25,182,0.042977999999999995
2024-12-25,365,0.0424
2024-12-25,730,0.043324
2024-12-25,1095,0.043621999999999994
2024-12-25,1825,0.04446
2024-12-25,3650,0.045887000000000004
2024-12-25,10950,0.047618
2024-12-26,1,0.0433
2024-12-26,30,0.042708
2024-12-26,91,0.043191
2024-12-26,182,0.043026
2024-12-26,365,0.042300000000000004
2024-12-26,730,0.043282999999999995
2024-12-26,1095,0.043510999999999994
2024-12-26,1825,0.044340000000000004
2024-12-26,3650,0.045827
2024-12-26,10950,0.04769999999999999
2024-12-27,1,0.0433
2024-12-27,30,0.042907
2024-12-27,91,0.042735
2024-12-27,182,0.042905
2024-12-27,365,0.042
2024-12-27,730,0.043262
2024-12-27,1095,0.043662
2024-12-27,1825,0.04462
2024-12-27,3650,0.046253
2024-12-27,10950,0.048171
2024-12-30,1,0.0433
2024-12-30,30,0.043029000000000005
2024-12-30,91,0.042782
2024-12-30,182,0.042821
2024-12-30,365,0.0417
2024-12-30,730,0.042418
2024-12-30,1095,0.042693
2024-12-30,1825,0.0436
2024-12-30,3650,0.045327
2024-12-30,10950,0.047497
2024-12-31,1,0.0433
2024-12-31,30,0.042713
2024-12-31,91,0.043144
2024-12-31,182,0.042661
2024-12-31,365,0.0416
2024-12-31,730,0.042416
2024-12-31,1095,0.042726
2024-12-31,1825,0.04383
2024-12-31,3650,0.04569
2024-12-31,10950,0.047812
2025-01-01,1,0.0433
2025-01-01,30,0.042713
2025-01-01,91,0.043144
2025-01-01,182,0.042661
2025-01-01,365,0.0416
2025-01-01,730,0.042416
2025-01-01,1095,0.042726
2025-01-01,1825,0.04383
2025-01-01,3650,0.04569
2025-01-01,10950,0.047812
2025-01-02,1,0.0433
2025-01-02,30,0.042912
2025-01-02,91,0.043060999999999995
2025-01-02,182,0.042735
2025-01-02,365,0.0417
2025-01-02,730,0.042394999999999995
2025-01-02,1095,0.042755999999999995
2025-01-02,1825,0.043710000000000006
2025-01-02,3650,0.04559
2025-01-02,10950,0.047771999999999995
2025-01-03,1,0.0433
2025-01-03,30,0.042626
2025-01-03,91,0.042917
2025-01-03,182,0.04272
2025-01-03,365,0.0418
2025-01-03,730,0.042787
2025-01-03,1095,0.043193
2025-01-03,1825,0.04413
2025-01-03,3650,0.045975
2025-01-03,10950,0.04811
2025-01-06,1,0.0433
2025-01-06,30,0.043106
2025-01-06,91,0.042911000000000005
2025-01-06,182,0.042662000000000005
2025-01-06,365,0.0417
2025-01-06,730,0.042745
2025-01-06,1095,0.04325300000000001
2025-01-06,1825,0.0443
2025-01-06,3650,0.0463
2025-01-06,10950,0.048482000000000004
2025-01-07,1,0.0433
2025-01-07,30,0.04302399999999999
2025-01-07,91,0.043071
2025-01-07,182,0.042584
2025-01-07,365,0.04190000000000001
2025-01-07,730,0.042911000000000005
2025-01-07,1095,0.043594
2025-01-07,1825,0.044660000000000005
2025-01-07,3650,0.046849999999999996
2025-01-07,10950,0.04913
2025-01-08,1,0.0433
2025-01-08,30,0.042942
2025-01-08,91,0.04306600000000001
2025-01-08,182,0.042687
2025-01-08,365,0.04190000000000001
2025-01-08,730,0.042828
2025-01-08,1095,0.04351
2025-01-08,1825,0.04462
2025-01-08,3650,0.046891999999999996
2025-01-08,10950,0.049309000000000006
2025-01-09,1,0.0433
2025-01-09,30,0.042988
2025-01-09,91,0.043035
2025-01-09,182,0.042656
2025-01-09,365,0.0416
2025-01-09,730,0.042640000000000004
2025-01-09,1095,0.04337
2025-01-09,1825,0.04457
2025-01-09,3650,0.046893000000000004
2025-01-09,10950,0.049288
2025-01-10,1,0.0433
2025-01-10,30,0.04283000000000001
2025-01-10,91,0.043175
2025-01-10,182,0.042905
2025-01-10,365,0.0425
2025-01-10,730,0.043792
2025-01-10,1095,0.044664999999999996
2025-01-10,1825,0.04575
2025-01-10,3650,0.047591999999999995
2025-01-10,10950,0.049469000000000006
2025-01-13,1,0.0433
2025-01-13,30,0.043055
2025-01-13,91,0.04317
2025-01-13,182,0.043137999999999996
2025-01-13,365,0.0424
2025-01-13,730,0.043793
2025-01-13,1095,0.044778000000000005
2025-01-13,1825,0.04598
2025-01-13,3650,0.047778999999999995
2025-01-13,10950,0.049618
2025-01-14,1,0.0433
2025-01-14,30,0.042998
2025-01-14,91,0.043045
2025-01-14,182,0.04319
2025-01-14,365,0.042199999999999994
2025-01-14,730,0.043668
2025-01-14,1095,0.044693
2025-01-14,1825,0.04596
2025-01-14,3650,0.047923999999999994
2025-01-14,10950,0.049746
2025-01-15,1,0.0433
2025-01-15,30,0.042917
2025-01-15,91,0.043014000000000004
2025-01-15,182,0.042899
2025-01-15,365,0.04190000000000001
2025-01-15,730,0.042637999999999995
2025-01-15,1095,0.04337
2025-01-15,1825,0.044480000000000006
2025-01-15,3650,0.046531
2025-01-15,10950,0.048795000000000005
2025-01-16,1,0.0433
2025-01-16,30,0.042962999999999994
2025-01-16,91,0.042983
2025-01-16,182,0.04292
2025-01-16,365,0.0418
2025-01-16,730,0.042300000000000004
2025-01-16,1095,0.04294800000000001
2025-01-16,1825,0.04397
2025-01-16,3650,0.046125
2025-01-16,10950,0.048545
2025-01-17,1,0.0433
2025-01-17,30,0.043004
2025-01-17,91,0.042962999999999994
2025-01-17,182,0.043032
2025-01-17,365,0.0421
2025-01-17,730,0.042826
2025-01-17,1095,0.043484999999999996
2025-01-17,1825,0.04433
2025-01-17,3650,0.04627
2025-01-17,10950,0.048567
2025-01-20,1,0.0433
2025-01-20,30,0.043004
2025-01-20,91,0.042962999999999994
2025-01-20,182,0.043032
2025-01-20,365,0.0421
2025-01-20,730,0.042826
2025-01-20,1095,0.043484999999999996
2025-01-20,1825,0.04433
2025-01-20,3650,0.04627
2025-01-20,10950,0.048567
2025-01-21,1,0.0433
2025-01-21,30,0.042998
2025-01-21,91,0.042984
2025-01-21,182,0.043106
2025-01-21,365,0.0421
2025-01-21,730,0.042741
2025-01-21,1095,0.043202
2025-01-21,1825,0.04397
2025-01-21,3650,0.045764
2025-01-21,10950,0.048091
2025-01-22,1,0.0433
2025-01-22,30,0.043095
2025-01-22,91,0.04317
2025-01-22,182,0.043057
2025-01-22,365,0.042
2025-01-22,730,0.042975000000000006
2025-01-22,1095,0.043514
2025-01-22,1825,0.04436
2025-01-22,3650,0.046109
2025-01-22,10950,0.048246000000000004
2025-01-23,1,0.0433
2025-01-23,30,0.04309
2025-01-23,91,0.043139000000000004
2025-01-23,182,0.042947
2025-01-23,365,0.0418
2025-01-23,730,0.04289
2025-01-23,1095,0.043514
2025-01-23,1825,0.04452
2025-01-23,3650,0.046436000000000005
2025-01-23,10950,0.048671
2025-01-24,1,0.0433
2025-01-24,30,0.043186999999999996
2025-01-24,91,0.043046
2025-01-24,182,0.042799
2025-01-24,365,0.0417
2025-01-24,730,0.042655000000000005
2025-01-24,1095,0.04325999999999999
2025-01-24,1825,0.04427
2025-01-24,3650,0.046214000000000005
2025-01-24,10950,0.048452999999999996
2025-01-27,1,0.0433
2025-01-27,30,0.043232999999999994
2025-01-27,91,0.042911000000000005
2025-01-27,182,0.042662000000000005
2025-01-27,365,0.041299999999999996
2025-01-27,730,0.04195
2025-01-27,1095,0.042438000000000003
2025-01-27,1825,0.04338
2025-01-27,3650,0.045343
2025-01-27,10950,0.047702999999999995
2025-01-28,1,0.0433
2025-01-28,30,0.043279
2025-01-28,91,0.042838
2025-01-28,182,0.042793
2025-01-28,365,0.0414
2025-01-28,730,0.04194899999999999
2025-01-28,1095,0.042381
2025-01-28,1825,0.0433
2025-01-28,3650,0.045323
2025-01-28,10950,0.047754000000000005
2025-01-29,1,0.0433
2025-01-29,30,0.043274
2025-01-29,91,0.042885
2025-01-29,182,0.042925000000000005
2025-01-29,365,0.0417
2025-01-29,730,0.042135
2025-01-29,1095,0.042522000000000004
2025-01-29,1825,0.04334
2025-01-29,3650,0.045284000000000005
2025-01-29,10950,0.047693000000000006
2025-01-30,1,0.0433
2025-01-30,30,0.043167
2025-01-30,91,0.042854
2025-01-30,182,0.042999
2025-01-30,365,0.0416
2025-01-30,730,0.042073
2025-01-30,1095,0.042436999999999996
2025-01-30,1825,0.04319
2025-01-30,3650,0.045163
2025-01-30,10950,0.047601000000000004
2025-01-31,1,0.0433
2025-01-31,30,0.04283000000000001
2025-01-31,91,0.042839
2025-01-31,182,0.042984
2025-01-31,365,0.0417
2025-01-31,730,0.041971
2025-01-31,1095,0.042378
2025-01-31,1825,0.043280000000000006
2025-01-31,3650,0.045387000000000004
2025-01-31,10950,0.047867
2025-02-03,1,0.0433
2025-02-03,30,0.043156999999999994
2025-02-03,91,0.042911000000000005
2025-02-03,182,0.043164
2025-02-03,365,0.042
2025-02-03,730,0.042489
2025-02-03,1095,0.042863
2025-02-03,1825,0.04362
2025-02-03,3650,0.04555
2025-02-03,10950,0.047908
2025-02-04,1,0.0433
2025-02-04,30,0.043075
2025-02-04,91,0.043097
2025-02-04,182,0.042927999999999994
2025-02-04,365,0.0418
2025-02-04,730,0.042137
2025-02-04,1095,0.042463
2025-02-04,1825,0.04319
2025-02-04,3650,0.045105000000000006
2025-02-04,10950,0.047459
2025-02-05,1,0.0433
2025-02-05,30,0.042942
2025-02-05,91,0.043144
2025-02-05,182,0.043005
2025-02-05,365,0.0417
2025-02-05,730,0.041867999999999995
2025-02-05,1095,0.042062999999999996
2025-02-05,1825,0.04249
2025-02-05,3650,0.044181
2025-02-05,10950,0.046357999999999996
2025-02-06,1,0.0433
2025-02-06,30,0.043038999999999994
2025-02-06,91,0.043191
2025-02-06,182,0.043052
2025-02-06,365,0.04190000000000001
2025-02-06,730,0.042118
2025-02-06,1095,0.04232
2025-02-06,1825,0.04275
2025-02-06,3650,0.044342
2025-02-06,10950,0.046368
2025-02-07,1,0.0433
2025-02-07,30,0.043009000000000006
2025-02-07,91,0.043279
2025-02-07,182,0.043274999999999994
2025-02-07,365,0.0425
2025-02-07,730,0.042892
2025-02-07,1095,0.043121
2025-02-07,1825,0.04349
2025-02-07,3650,0.044947
2025-02-07,10950,0.046925999999999995
2025-02-10,1,0.0433
2025-02-10,30,0.043284
2025-02-10,91,0.043324999999999995
2025-02-10,182,0.043323
2025-02-10,365,0.0424
2025-02-10,730,0.042747
2025-02-10,1095,0.042977
2025-02-10,1825,0.043390000000000005
2025-02-10,3650,0.044968
2025-02-10,10950,0.047066
2025-02-11,1,0.0433
2025-02-11,30,0.043279
2025-02-11,91,0.043149
2025-02-11,182,0.043400999999999995
2025-02-11,365,0.0425
2025-02-11,730,0.042832999999999996
2025-02-11,1095,0.043121
2025-02-11,1825,0.04372
2025-02-11,3650,0.045351999999999996
2025-02-11,10950,0.04747
2025-02-12,1,0.0433
2025-02-12,30,0.043274
2025-02-12,91,0.043273
2025-02-12,182,0.043613
2025-02-12,365,0.043
2025-02-12,730,0.043548
2025-02-12,1095,0.04385
2025-02-12,1825,0.04469
2025-02-12,3650,0.046208
2025-02-12,10950,0.048320999999999996
2025-02-13,1,0.0433
2025-02-13,30,0.043243000000000004
2025-02-13,91,0.043164999999999995
2025-02-13,182,0.043608
2025-02-13,365,0.042699999999999995
2025-02-13,730,0.043067
2025-02-13,1095,0.043258
2025-02-13,1825,0.043899999999999995
2025-02-13,3650,0.045288
2025-02-13,10950,0.047369
2025-02-14,1,0.0433
2025-02-14,30,0.043208
2025-02-14,91,0.043118
2025-02-14,182,0.043533999999999996
2025-02-14,365,0.042300000000000004
2025-02-14,730,0.042588999999999995
2025-02-14,1095,0.042695
2025-02-14,1825,0.043280000000000006
2025-02-14,3650,0.044762
2025-02-14,10950,0.046963
2025-02-17,1,0.0433
2025-02-17,30,0.043208
2025-02-17,91,0.043118
2025-02-17,182,0.043533999999999996
2025-02-17,365,0.042300000000000004
2025-02-17,730,0.042588999999999995
2025-02-17,1095,0.042695
2025-02-17,1825,0.043280000000000006
2025-02-17,3650,0.044762
2025-02-17,10950,0.046963
2025-02-18,1,0.0433
2025-02-18,30,0.043254
2025-02-18,91,0.043139000000000004
2025-02-18,182,0.04376699999999999
2025-02-18,365,0.0424
2025-02-18,730,0.043056000000000004
2025-02-18,1095,0.043286
2025-02-18,1825,0.04402999999999999
2025-02-18,3650,0.045503
2025-02-18,10950,0.047657
2025-02-19,1,0.0433
2025-02-19,30,0.043197
2025-02-19,91,0.043196000000000005
2025-02-19,182,0.043639000000000004
2025-02-19,365,0.042199999999999994
2025-02-19,730,0.042676
2025-02-19,1095,0.042864000000000006
2025-02-19,1825,0.04366
2025-02-19,3650,0.045327
2025-02-19,10950,0.047657
2025-02-20,1,0.0433
2025-02-20,30,0.043141
2025-02-20,91,0.043113
2025-02-20,182,0.043555
2025-02-20,365,0.042
2025-02-20,730,0.042699
2025-02-20,1095,0.042751000000000004
2025-02-20,1825,0.043449999999999996
2025-02-20,3650,0.045053
2025-02-20,10950,0.047468
2025-02-21,1,0.0433
2025-02-21,30,0.04306
2025-02-21,91,0.042994000000000004
2025-02-21,182,0.043249
2025-02-21,365,0.0415
2025-02-21,730,0.04198
2025-02-21,1095,0.042073
2025-02-21,1825,0.04273
2025-02-21,3650,0.044313000000000005
2025-02-21,10950,0.04678499999999999
2025-02-24,1,0.0433
2025-02-24,30,0.04308
2025-02-24,91,0.042886
2025-02-24,182,0.043243000000000004
2025-02-24,365,0.0415
2025-02-24,730,0.041747
2025-02-24,1095,0.041734
2025-02-24,1825,0.042359999999999995
2025-02-24,3650,0.044002999999999994
2025-02-24,10950,0.04655
2025-02-25,1,0.0433
2025-02-25,30,0.042845
2025-02-25,91,0.042812
2025-02-25,182,0.043084
2025-02-25,365,0.0412
2025-02-25,730,0.040942
2025-02-25,1095,0.04086
2025-02-25,1825,0.041299999999999996
2025-02-25,3650,0.042945000000000004
2025-02-25,10950,0.045548000000000005
2025-02-26,1,0.0433
2025-02-26,30,0.042866
2025-02-26,91,0.042962999999999994
2025-02-26,182,0.043084
2025-02-26,365,0.0412
2025-02-26,730,0.040716
2025-02-26,1095,0.040436
2025-02-26,1825,0.040839999999999994
2025-02-26,3650,0.042561999999999996
2025-02-26,10950,0.045092999999999994
2025-02-27,1,0.0433
2025-02-27,30,0.043038999999999994
2025-02-27,91,0.042957999999999996
2025-02-27,182,0.042947
2025-02-27,365,0.041299999999999996
2025-02-27,730,0.040511
2025-02-27,1095,0.040293
2025-02-27,1825,0.04075
2025-02-27,3650,0.042599
2025-02-27,10950,0.045309999999999996
2025-02-28,1,0.0433
2025-02-28,30,0.042932
2025-02-28,91,0.042942
2025-02-28,182,0.04272
2025-02-28,365,0.0408
2025-02-28,730,0.039889
2025-02-28,1095,0.039695
2025-02-28,1825,0.04019999999999999
2025-02-28,3650,0.042081999999999994
2025-02-28,10950,0.044893999999999996
2025-03-03,1,0.0433
2025-03-03,30,0.043106
2025-03-03,91,0.042937
2025-03-03,182,0.042636
2025-03-03,365,0.0406
2025-03-03,730,0.039496
2025-03-03,1095,0.03927
2025-03-03,1825,0.03962
2025-03-03,3650,0.041551
2025-03-03,10950,0.044493
2025-03-04,1,0.0433
2025-03-04,30,0.043177
2025-03-04,91,0.042838
2025-03-04,182,0.042425
2025-03-04,365,0.0404
2025-03-04,730,0.039904999999999996
2025-03-04,1095,0.039858
2025-03-04,1825,0.04046
2025-03-04,3650,0.042442
2025-03-04,10950,0.045376
2025-03-05,1,0.0433
2025-03-05,30,0.043044
2025-03-05,91,0.04304
2025-03-05,182,0.042476
2025-03-05,365,0.0406
2025-03-05,730,0.040047
2025-03-05,1095,0.04011
2025-03-05,1825,0.04079
2025-03-05,3650,0.042785000000000004
2025-03-05,10950,0.045719
2025-03-06,1,0.0433
2025-03-06,30,0.043014000000000004
2025-03-06,91,0.042983
2025-03-06,182,0.042233
2025-03-06,365,0.04019999999999999
2025-03-06,730,0.03959
2025-03-06,1095,0.039712
2025-03-06,1825,0.04057
2025-03-06,3650,0.042784
2025-03-06,10950,0.045786
2025-03-07,1,0.0433
2025-03-07,30,0.042856
2025-03-07,91,0.042994000000000004
2025-03-07,182,0.042377000000000005
2025-03-07,365,0.0405
2025-03-07,730,0.039997
2025-03-07,1095,0.040072
2025-03-07,1825,0.04086
2025-03-07,3650,0.043011
2025-03-07,10950,0.045978000000000005
2025-03-10,1,0.0433
2025-03-10,30,0.042953
2025-03-10,91,0.042782
2025-03-10,182,0.042081
2025-03-10,365,0.0398
2025-03-10,730,0.038833
2025-03-10,1095,0.038908
2025-03-10,1825,0.03968
2025-03-10,3650,0.042131
2025-03-10,10950,0.045404
2025-03-11,1,0.0433
2025-03-11,30,0.042973
2025-03-11,91,0.042812
2025-03-11,182,0.042211
2025-03-11,365,0.0403
2025-03-11,730,0.039431
2025-03-11,1095,0.039471
2025-03-11,1825,0.04035999999999999
2025-03-11,3650,0.042799
2025-03-11,10950,0.045949
2025-03-12,1,0.0433
2025-03-12,30,0.042763999999999996
2025-03-12,91,0.042988
2025-03-12,182,0.042317
2025-03-12,365,0.0407
2025-03-12,730,0.039866
2025-03-12,1095,0.039839
2025-03-12,1825,0.040709999999999996
2025-03-12,3650,0.043124
2025-03-12,10950,0.046306
2025-03-13,1,0.0433
2025-03-13,30,0.042809999999999994
2025-03-13,91,0.042957999999999996
2025-03-13,182,0.042259000000000005
2025-03-13,365,0.0403
2025-03-13,730,0.039571
2025-03-13,1095,0.039447
2025-03-13,1825,0.0403
2025-03-13,3650,0.042682000000000005
2025-03-13,10950,0.045891
2025-03-14,1,0.0433
2025-03-14,30,0.042856
2025-03-14,91,0.042917
2025-03-14,182,0.04243
2025-03-14,365,0.0409
2025-03-14,730,0.040170000000000004
2025-03-14,1095,0.040063
2025-03-14,1825,0.0409
2025-03-14,3650,0.043121
2025-03-14,10950,0.046219
2025-03-17,1,0.0433
2025-03-17,30,0.043029000000000005
2025-03-17,91,0.042859999999999995
2025-03-17,182,0.042557
2025-03-17,365,0.041100000000000005
2025-03-17,730,0.040441000000000005
2025-03-17,1095,0.040232000000000004
2025-03-17,1825,0.04092
2025-03-17,3650,0.042984999999999995
2025-03-17,10950,0.045938999999999994
2025-03-18,1,0.0433
2025-03-18,30,0.042973
2025-03-18,91,0.042817
2025-03-18,182,0.042502000000000005
2025-03-18,365,0.041299999999999996
2025-03-18,730,0.040397999999999996
2025-03-18,1095,0.040148
2025-03-18,1825,0.04074
2025-03-18,3650,0.042831
2025-03-18,10950,0.045852000000000004
2025-03-19,1,0.0433
2025-03-19,30,0.042917
2025-03-19,91,0.042942
2025-03-19,182,0.04237
2025-03-19,365,0.040999999999999995
2025-03-19,730,0.039723
2025-03-19,1095,0.039504000000000004
2025-03-19,1825,0.040220000000000006
2025-03-19,3650,0.042428
2025-03-19,10950,0.045507
2025-03-20,1,0.0433
2025-03-20,30,0.042861
2025-03-20,91,0.042911000000000005
2025-03-20,182,0.042286000000000004
2025-03-20,365,0.0406
2025-03-20,730,0.039636
2025-03-20,1095,0.039392
2025-03-20,1825,0.04013
2025-03-20,3650,0.042369000000000004
2025-03-20,10950,0.045555000000000005
2025-03-21,1,0.0433
2025-03-21,30,0.042753
2025-03-21,91,0.04287
2025-03-21,182,0.042271
2025-03-21,365,0.0404
2025-03-21,730,0.039481
2025-03-21,1095,0.039224
2025-03-21,1825,0.04003999999999999
2025-03-21,3650,0.042462
2025-03-21,10950,0.04589000000000001
2025-03-24,1,0.0433
2025-03-24,30,0.042824999999999995
2025-03-24,91,0.042839
2025-03-24,182,0.042293000000000004
2025-03-24,365,0.041100000000000005
2025-03-24,730,0.040346
2025-03-24,1095,0.040125
2025-03-24,1825,0.04096
2025-03-24,3650,0.043346
2025-03-24,10950,0.046627
2025-03-25,1,0.0433
2025-03-25,30,0.042896000000000004
2025-03-25,91,0.04276
2025-03-25,182,0.042238
2025-03-25,365,0.0409
2025-03-25,730,0.040132
2025-03-25,1095,0.039900000000000005
2025-03-25,1825,0.04069
2025-03-25,3650,0.043133
2025-03-25,10950,0.046588000000000004
2025-03-26,1,0.0433
2025-03-26,30,0.042891000000000006
2025-03-26,91,0.042937
2025-03-26,182,0.042263999999999996
2025-03-26,365,0.040999999999999995
2025-03-26,730,0.04016600000000001
2025-03-26,1095,0.040126999999999996
2025-03-26,1825,0.04099
2025-03-26,3650,0.043518999999999995
2025-03-26,10950,0.04702
2025-03-27,1,0.0433
2025-03-27,30,0.043065
2025-03-27,91,0.042932
2025-03-27,182,0.042339
2025-03-27,365,0.040999999999999995
2025-03-27,730,0.039899
2025-03-27,1095,0.039902
2025-03-27,1825,0.04089
2025-03-27,3650,0.043594999999999995
2025-03-27,10950,0.047208
2025-03-28,1,0.0433
2025-03-28,30,0.0426
2025-03-28,91,0.042917
2025-03-28,182,0.042165999999999995
2025-03-28,365,0.0404
2025-03-28,730,0.039119
2025-03-28,1095,0.038971
2025-03-28,1825,0.0398
2025-03-28,3650,0.042494
2025-03-28,10950,0.046285999999999994
2025-03-31,1,0.0433
2025-03-31,30,0.042977999999999995
2025-03-31,91,0.042937
2025-03-31,182,0.042213
2025-03-31,365,0.0403
2025-03-31,730,0.038832
2025-03-31,1095,0.038744
2025-03-31,1825,0.0395
2025-03-31,3650,0.042053
2025-03-31,10950,0.045707000000000005
2025-04-01,1,0.0433
2025-04-01,30,0.043075
2025-04-01,91,0.042915999999999996
2025-04-01,182,0.04195
2025-04-01,365,0.0401
2025-04-01,730,0.038811
2025-04-01,1095,0.038631
2025-04-01,1825,0.03926
2025-04-01,3650,0.041689
2025-04-01,10950,0.04524
2025-04-02,1,0.0433
2025-04-02,30,0.043019
2025-04-02,91,0.042988
2025-04-02,182,0.042185
2025-04-02,365,0.0404
2025-04-02,730,0.038584
2025-04-02,1095,0.038291
2025-04-02,1825,0.03886
2025-04-02,3650,0.041307
2025-04-02,10950,0.045004
2025-04-03,1,0.0433
2025-04-03,30,0.043014000000000004
2025-04-03,91,0.04288
2025-04-03,182,0.041731
2025-04-03,365,0.0392
2025-04-03,730,0.036817
2025-04-03,1095,0.036543
2025-04-03,1825,0.03727
2025-04-03,3650,0.040286
2025-04-03,10950,0.044703
2025-04-04,1,0.0433
2025-04-04,30,0.042728
2025-04-04,91,0.042425
2025-04-04,182,0.040819999999999995
2025-04-04,365,0.038599999999999995
2025-04-04,730,0.036520000000000004
2025-04-04,1095,0.036339
2025-04-04,1825,0.0371
2025-04-04,3650,0.039943
2025-04-04,10950,0.04409
2025-04-07,1,0.0433
2025-04-07,30,0.042977999999999995
2025-04-07,91,0.04260100000000001
2025-04-07,182,0.041475
2025-04-07,365,0.038599999999999995
2025-04-07,730,0.037629
2025-04-07,1095,0.037608
2025-04-07,1825,0.03868
2025-04-07,3650,0.041835000000000004
2025-04-07,10950,0.046188
2025-04-08,1,0.0433
2025-04-08,30,0.043075
2025-04-08,91,0.042915999999999996
2025-04-08,182,0.041155
2025-04-08,365,0.0383
2025-04-08,730,0.037256
2025-04-08,1095,0.037607
2025-04-08,1825,0.039169999999999996
2025-04-08,3650,0.042929
2025-04-08,10950,0.047647
2025-04-09,1,0.0433
2025-04-09,30,0.042942
2025-04-09,91,0.043196000000000005
2025-04-09,182,0.041974
2025-04-09,365,0.0403
2025-04-09,730,0.039077
2025-04-09,1095,0.039283
2025-04-09,1825,0.04045
2025-04-09,3650,0.043315
2025-04-09,10950,0.047367
2025-04-10,1,0.0433
2025-04-10,30,0.042912
2025-04-10,91,0.043113
2025-04-10,182,0.04152
2025-04-10,365,0.0397
2025-04-10,730,0.03862
2025-04-10,1095,0.039115000000000004
2025-04-10,1825,0.04073
2025-04-10,3650,0.044249000000000004
2025-04-10,10950,0.048692
2025-04-11,1,0.0433
2025-04-11,30,0.042753
2025-04-11,91,0.043098
2025-04-11,182,0.041822
2025-04-11,365,0.0404
2025-04-11,730,0.039599
2025-04-11,1095,0.040067000000000005
2025-04-11,1825,0.041609999999999994
2025-04-11,3650,0.044895
2025-04-11,10950,0.048703
2025-04-14,1,0.0433
2025-04-14,30,0.04285
2025-04-14,91,0.042989
2025-04-14,182,0.041738
2025-04-14,365,0.039900000000000005
2025-04-14,730,0.038450000000000005
2025-04-14,1095,0.038697
2025-04-14,1825,0.04013
2025-04-14,3650,0.043739
2025-04-14,10950,0.048091
2025-04-15,1,0.0433
2025-04-15,30,0.042896000000000004
2025-04-15,91,0.042968
2025-04-15,182,0.041842
2025-04-15,365,0.039900000000000005
2025-04-15,730,0.038449
2025-04-15,1095,0.038558
2025-04-15,1825,0.03987
2025-04-15,3650,0.04333
2025-04-15,10950,0.047778
2025-04-16,1,0.0433
2025-04-16,30,0.042839999999999996
2025-04-16,91,0.04306600000000001
2025-04-16,182,0.041761999999999994
2025-04-16,365,0.039599999999999996
2025-04-16,730,0.037695
2025-04-16,1095,0.037694
2025-04-16,1825,0.03904
2025-04-16,3650,0.042768
2025-04-16,10950,0.047387
2025-04-17,1,0.0433
2025-04-17,30,0.042744
2025-04-17,91,0.043098
2025-04-17,182,0.041902
2025-04-17,365,0.039900000000000005
2025-04-17,730,0.037982
2025-04-17,1095,0.037973
2025-04-17,1825,0.03939
2025-04-17,3650,0.043249
2025-04-17,10950,0.04798
2025-04-18,1,0.0433
2025-04-18,30,0.042881
2025-04-18,91,0.043098
2025-04-18,182,0.041902
2025-04-18,365,0.039900000000000005
2025-04-18,730,0.037982
2025-04-18,1095,0.037973
2025-04-18,1825,0.03939
2025-04-18,3650,0.043249
2025-04-18,10950,0.04798
2025-04-21,1,0.0433
2025-04-21,30,0.043004
2025-04-21,91,0.04317
2025-04-21,182,0.041923
2025-04-21,365,0.0395
2025-04-21,730,0.037623000000000004
2025-04-21,1095,0.037861
2025-04-21,1825,0.03976
2025-04-21,3650,0.044106
2025-04-21,10950,0.049023000000000004
2025-04-22,1,0.0433
2025-04-22,30,0.042667000000000004
2025-04-22,91,0.043019
2025-04-22,182,0.041867999999999995
2025-04-22,365,0.0398
2025-04-22,730,0.03819
2025-04-22,1095,0.03831
2025-04-22,1825,0.03993
2025-04-22,3650,0.044008000000000005
2025-04-22,10950,0.048775000000000006
2025-04-23,1,0.0433
2025-04-23,30,0.042636
2025-04-23,91,0.043118
2025-04-23,182,0.042053
2025-04-23,365,0.0401
2025-04-23,730,0.038709
2025-04-23,1095,0.038844
2025-04-23,1825,0.040229999999999995
2025-04-23,3650,0.043812
2025-04-23,10950,0.048223
2025-04-24,1,0.0433
2025-04-24,30,0.042529000000000004
2025-04-24,91,0.042983
2025-04-24,182,0.041969000000000006
2025-04-24,365,0.0397
2025-04-24,730,0.037971
2025-04-24,1095,0.037973
2025-04-24,1825,0.039369999999999995
2025-04-24,3650,0.043149
2025-04-24,10950,0.047758
2025-04-25,1,0.0433
2025-04-25,30,0.042575
2025-04-25,91,0.042917
2025-04-25,182,0.041902
2025-04-25,365,0.0395
2025-04-25,730,0.03748
2025-04-25,1095,0.037355
2025-04-25,1825,0.038599999999999995
2025-04-25,3650,0.042352999999999995
2025-04-25,10950,0.047009999999999996
2025-04-28,1,0.0433
2025-04-28,30,0.042927
2025-04-28,91,0.042859999999999995
2025-04-28,182,0.04195
2025-04-28,365,0.0392
2025-04-28,730,0.036928
2025-04-28,1095,0.036822
2025-04-28,1825,0.03814
2025-04-28,3650,0.042081999999999994
2025-04-28,10950,0.046823
2025-04-29,1,0.0433
2025-04-29,30,0.042947
2025-04-29,91,0.042812
2025-04-29,182,0.041712
2025-04-29,365,0.038900000000000004
2025-04-29,730,0.036499000000000004
2025-04-29,1095,0.0364
2025-04-29,1825,0.03767
2025-04-29,3650,0.041715999999999996
2025-04-29,10950,0.046490000000000004
2025-04-30,1,0.0433
2025-04-30,30,0.042891000000000006
2025-04-30,91,0.042859
2025-04-30,182,0.041736
2025-04-30,365,0.0385
2025-04-30,730,0.036027
2025-04-30,1095,0.03595
2025-04-30,1825,0.03727
2025-04-30,3650,0.041619
2025-04-30,10950,0.046773999999999996
2025-05-01,1,0.0433
2025-05-01,30,0.042886
2025-05-01,91,0.04290600000000001
2025-05-01,182,0.041890000000000004
2025-05-01,365,0.0392
2025-05-01,730,0.036987
2025-05-01,1095,0.036847
2025-05-01,1825,0.03805
2025-05-01,3650,0.042176
2025-05-01,10950,0.047228000000000006
2025-05-02,1,0.0433
2025-05-02,30,0.04283000000000001
2025-05-02,91,0.043122999999999995
2025-05-02,182,0.042403
2025-05-02,365,0.04
2025-05-02,730,0.038239
2025-05-02,1095,0.038088000000000004
2025-05-02,1825,0.03919
2025-05-02,3650,0.043083
2025-05-02,10950,0.047889
2025-05-05,1,0.0433
2025-05-05,30,0.043029000000000005
2025-05-05,91,0.043093000000000006
2025-05-05,182,0.042344999999999994
2025-05-05,365,0.04019999999999999
2025-05-05,730,0.038323
2025-05-05,1095,0.038145
2025-05-05,1825,0.0394
2025-05-05,3650,0.043433
2025-05-05,10950,0.048346
2025-05-06,1,0.0433
2025-05-06,30,0.042947
2025-05-06,91,0.043019
2025-05-06,182,0.042079000000000005
2025-05-06,365,0.0398
2025-05-06,730,0.037827
2025-05-06,1095,0.037528
2025-05-06,1825,0.03894
2025-05-06,3650,0.042946
2025-05-06,10950,0.04797
2025-05-07,1,0.0433
2025-05-07,30,0.042789
2025-05-07,91,0.043196000000000005
2025-05-07,182,0.042131999999999996
2025-05-07,365,0.04
2025-05-07,730,0.037765
2025-05-07,1095,0.037444000000000005
2025-05-07,1825,0.03864
2025-05-07,3650,0.042694
2025-05-07,10950,0.047687999999999994
2025-05-08,1,0.0433
2025-05-08,30,0.042809999999999994
2025-05-08,91,0.043242
2025-05-08,182,0.042418
2025-05-08,365,0.0405
2025-05-08,730,0.038738999999999996
2025-05-08,1095,0.038585
2025-05-08,1825,0.03986
2025-05-08,3650,0.043785
2025-05-08,10950,0.048428000000000006
2025-05-09,1,0.0433
2025-05-09,30,0.042753
2025-05-09,91,0.043201
2025-05-09,182,0.042324
2025-05-09,365,0.0405
2025-05-09,730,0.03891
2025-05-09,1095,0.038780999999999996
2025-05-09,1825,0.04002
2025-05-09,3650,0.043785
2025-05-09,10950,0.048343
2025-05-12,1,0.0433
2025-05-12,30,0.04308
2025-05-12,91,0.043791000000000004
2025-05-12,182,0.042450999999999996
2025-05-12,365,0.041100000000000005
2025-05-12,730,0.040103
2025-05-12,1095,0.040067000000000005
2025-05-12,1825,0.041120000000000004
2025-05-12,3650,0.044709000000000006
2025-05-12,10950,0.04905
2025-05-13,1,0.0433
2025-05-13,30,0.043101
2025-05-13,91,0.043745000000000006
2025-05-13,182,0.042502000000000005
2025-05-13,365,0.041100000000000005
2025-05-13,730,0.040000999999999995
2025-05-13,1095,0.039899
2025-05-13,1825,0.04099
2025-05-13,3650,0.044649999999999995
2025-05-13,10950,0.04906
2025-05-14,1,0.0433
2025-05-14,30,0.043121
2025-05-14,91,0.04384299999999999
2025-05-14,182,0.042608
2025-05-14,365,0.0414
2025-05-14,730,0.040507999999999995
2025-05-14,1095,0.040487
2025-05-14,1825,0.04168
2025-05-14,3650,0.045363
2025-05-14,10950,0.049696
2025-05-15,1,0.0433
2025-05-15,30,0.043065
2025-05-15,91,0.043552999999999994
2025-05-15,182,0.042443999999999996
2025-05-15,365,0.040999999999999995
2025-05-15,730,0.039608
2025-05-15,1095,0.03948
2025-05-15,1825,0.04056
2025-05-15,3650,0.044315
2025-05-15,10950,0.048867
2025-05-16,1,0.0433
2025-05-16,30,0.042753
2025-05-16,91,0.043356000000000006
2025-05-16,182,0.042614
2025-05-16,365,0.041299999999999996
2025-05-16,730,0.039994999999999996
2025-05-16,1095,0.039821
2025-05-16,1825,0.040940000000000004
2025-05-16,3650,0.044770000000000004
2025-05-16,10950,0.049439000000000004
2025-05-19,1,0.0433
2025-05-19,30,0.042977999999999995
2025-05-19,91,0.043377
2025-05-19,182,0.042742
2025-05-19,365,0.0412
2025-05-19,730,0.039765
2025-05-19,1095,0.039514
2025-05-19,1825,0.04064
2025-05-19,3650,0.044474
2025-05-19,10950,0.04903
2025-05-20,1,0.0433
2025-05-20,30,0.042794
2025-05-20,91,0.043201
2025-05-20,182,0.042767
2025-05-20,365,0.0412
2025-05-20,730,0.039704
2025-05-20,1095,0.039487
2025-05-20,1825,0.04074
2025-05-20,3650,0.044869000000000006
2025-05-20,10950,0.049696
2025-05-21,1,0.0433
2025-05-21,30,0.042610999999999996
2025-05-21,91,0.043377
2025-05-21,182,0.042952000000000004
2025-05-21,365,0.041299999999999996
2025-05-21,730,0.040194
2025-05-21,1095,0.040136000000000005
2025-05-21,1825,0.041609999999999994
2025-05-21,3650,0.045985
2025-05-21,10950,0.050922999999999996
2025-05-22,1,0.0433
2025-05-22,30,0.042606000000000005
2025-05-22,91,0.043346
2025-05-22,182,0.042947
2025-05-22,365,0.041299999999999996
2025-05-22,730,0.039900000000000005
2025-05-22,1095,0.039659
2025-05-22,1825,0.040940000000000004
2025-05-22,3650,0.045286999999999994
2025-05-22,10950,0.050395
2025-05-23,1,0.0433
2025-05-23,30,0.042774
2025-05-23,91,0.043324999999999995
2025-05-23,182,0.043006
2025-05-23,365,0.0415
2025-05-23,730,0.039912
2025-05-23,1095,0.039608
2025-05-23,1825,0.040819999999999995
2025-05-23,3650,0.045110000000000004
2025-05-23,10950,0.050374
2025-05-26,1,0.0433
2025-05-26,30,0.042799
2025-05-26,91,0.043377
2025-05-26,182,0.042979
2025-05-26,365,0.0415
2025-05-26,730,0.039912
2025-05-26,1095,0.039608
2025-05-26,1825,0.040819999999999995
2025-05-26,3650,0.045110000000000004
2025-05-26,10950,0.050374
2025-05-27,1,0.0433
2025-05-27,30,0.042667000000000004
2025-05-27,91,0.04301
2025-05-27,182,0.043001
2025-05-27,365,0.0414
2025-05-27,730,0.039807999999999996
2025-05-27,1095,0.039299
2025-05-27,1825,0.04034
2025-05-27,3650,0.044436
2025-05-27,10950,0.049511
2025-05-28,1,0.0433
2025-05-28,30,0.042738
2025-05-28,91,0.043273
2025-05-28,182,0.043113
2025-05-28,365,0.0416
2025-05-28,730,0.039901
2025-05-28,1095,0.039583
2025-05-28,1825,0.04064
2025-05-28,3650,0.04477299999999999
2025-05-28,10950,0.049758
2025-05-29,1,0.0433
2025-05-29,30,0.042733
2025-05-29,91,0.043372
2025-05-29,182,0.04311
2025-05-29,365,0.041299999999999996
2025-05-29,730,0.039386000000000004
2025-05-29,1095,0.039047
2025-05-29,1825,0.03998
2025-05-29,3650,0.044180000000000004
2025-05-29,10950,0.049162
2025-05-30,1,0.0433
2025-05-30,30,0.042626
2025-05-30,91,0.04333
2025-05-30,182,0.043095
2025-05-30,365,0.041100000000000005
2025-05-30,730,0.038975
2025-05-30,1095,0.038625
2025-05-30,1825,0.03963
2025-05-30,3650,0.044004
2025-05-30,10950,0.049305
2025-06-02,1,0.0433
2025-06-02,30,0.042824999999999995
2025-06-02,91,0.043299000000000004
2025-06-02,182,0.042905
2025-06-02,365,0.0412
2025-06-02,730,0.039366
2025-06-02,1095,0.038994
2025-06-02,1825,0.04005
2025-06-02,3650,0.044398999999999994
2025-06-02,10950,0.049655
2025-06-03,1,0.0433
2025-06-03,30,0.042743
2025-06-03,91,0.043201
2025-06-03,182,0.042899
2025-06-03,365,0.0412
2025-06-03,730,0.039511
2025-06-03,1095,0.039166
2025-06-03,1825,0.040220000000000006
2025-06-03,3650,0.04453700000000001
2025-06-03,10950,0.04981
2025-06-04,1,0.0433
2025-06-04,30,0.042687
2025-06-04,91,0.043377
2025-06-04,182,0.042634
2025-06-04,365,0.0406
2025-06-04,730,0.038665
2025-06-04,1095,0.038258
2025-06-04,1825,0.03924
2025-06-04,3650,0.043552
2025-06-04,10950,0.048775000000000006
2025-06-05,1,0.0433
2025-06-05,30,0.042325
2025-06-05,91,0.04332
2025-06-05,182,0.042603
2025-06-05,365,0.0408
2025-06-05,730,0.039201
2025-06-05,1095,0.03894
2025-06-05,1825,0.03992
2025-06-05,3650,0.043906
2025-06-05,10950,0.048775000000000006
2025-06-06,1,0.0433
2025-06-06,30,0.042192
2025-06-06,91,0.043356000000000006
2025-06-06,182,0.042905
2025-06-06,365,0.0414
2025-06-06,730,0.040365000000000005
2025-06-06,1095,0.040201
2025-06-06,1825,0.04122
2025-06-06,3650,0.045056000000000006
2025-06-06,10950,0.049676
2025-06-09,1,0.0433
2025-06-09,30,0.042391
2025-06-09,91,0.043455
2025-06-09,182,0.042926
2025-06-09,365,0.041299999999999996
2025-06-09,730,0.040034
2025-06-09,1095,0.039802
2025-06-09,1825,0.040830000000000005
2025-06-09,3650,0.044738
2025-06-09,10950,0.049397
2025-06-10,1,0.0433
2025-06-10,30,0.042283999999999995
2025-06-10,91,0.043356000000000006
2025-06-10,182,0.042977999999999995
2025-06-10,365,0.0412
2025-06-10,730,0.040180999999999994
2025-06-10,1095,0.03989
2025-06-10,1825,0.04087
2025-06-10,3650,0.044698
2025-06-10,10950,0.049274
2025-06-11,1,0.0433
2025-06-11,30,0.042407
2025-06-11,91,0.043532
2025-06-11,182,0.042899
2025-06-11,365,0.0408
2025-06-11,730,0.039514999999999995
2025-06-11,1095,0.039168
2025-06-11,1825,0.040220000000000006
2025-06-11,3650,0.044203
2025-06-11,10950,0.049172
2025-06-12,1,0.0433
2025-06-12,30,0.041867
2025-06-12,91,0.043631
2025-06-12,182,0.042709000000000004
2025-06-12,365,0.0406
2025-06-12,730,0.039077
2025-06-12,1095,0.038694
2025-06-12,1825,0.039670000000000004
2025-06-12,3650,0.043592000000000006
2025-06-12,10950,0.048412
2025-06-13,1,0.0433
2025-06-13,30,0.041809000000000006
2025-06-13,91,0.043486000000000004
2025-06-13,182,0.042667000000000004
2025-06-13,365,0.0409
2025-06-13,730,0.039474999999999996
2025-06-13,1095,0.039028
2025-06-13,1825,0.040010000000000004
2025-06-13,3650,0.043987
2025-06-13,10950,0.048937999999999995
2025-06-16,1,0.0433
2025-06-16,30,0.04183
2025-06-16,91,0.043532
2025-06-16,182,0.042953
2025-06-16,365,0.040999999999999995
2025-06-16,730,0.039664000000000005
2025-06-16,1095,0.039307
2025-06-16,1825,0.040330000000000005
2025-06-16,3650,0.044462
2025-06-16,10950,0.049552
2025-06-17,1,0.0433
2025-06-17,30,0.041698000000000006
2025-06-17,91,0.043071
2025-06-17,182,0.042866999999999995
2025-06-17,365,0.040999999999999995
2025-06-17,730,0.039518
2025-06-17,1095,0.039
2025-06-17,1825,0.03992
2025-06-17,3650,0.043887999999999996
2025-06-17,10950,0.048907
2025-06-18,1,0.0433
2025-06-18,30,0.04163700000000001
2025-06-18,91,0.043191
2025-06-18,182,0.042814
2025-06-18,365,0.040999999999999995
2025-06-18,730,0.039414
2025-06-18,1095,0.038944
2025-06-18,1825,0.03992
2025-06-18,3650,0.043909000000000004
2025-06-18,10950,0.048887
2025-06-19,1,0.0433
2025-06-19,30,0.041619
2025-06-19,91,0.043191
2025-06-19,182,0.042814
2025-06-19,365,0.040999999999999995
2025-06-19,730,0.039414
2025-06-19,1095,0.038944
2025-06-19,1825,0.03992
2025-06-19,3650,0.043909000000000004
2025-06-19,10950,0.048887
2025-06-20,1,0.0433
2025-06-20,30,0.041503
2025-06-20,91,0.042994000000000004
2025-06-20,182,0.04272
2025-06-20,365,0.0407
2025-06-20,730,0.039077
2025-06-20,1095,0.038607
2025-06-20,1825,0.03962
2025-06-20,3650,0.043751
2025-06-20,10950,0.048897
2025-06-23,1,0.0433
2025-06-23,30,0.041166999999999995
2025-06-23,91,0.042627
2025-06-23,182,0.042450999999999996
2025-06-23,365,0.04
2025-06-23,730,0.038633
2025-06-23,1095,0.038102
2025-06-23,1825,0.03914
2025-06-23,3650,0.043475
2025-06-23,10950,0.048755
2025-06-24,1,0.0433
2025-06-24,30,0.041035
2025-06-24,91,0.042605000000000004
2025-06-24,182,0.042293000000000004
2025-06-24,365,0.039900000000000005
2025-06-24,730,0.038251
2025-06-24,1095,0.037626
2025-06-24,1825,0.038650000000000004
2025-06-24,3650,0.042945000000000004
2025-06-24,10950,0.048331
2025-06-25,1,0.0433
2025-06-25,30,0.041055
2025-06-25,91,0.042885
2025-06-25,182,0.042346
2025-06-25,365,0.039900000000000005
2025-06-25,730,0.037807
2025-06-25,1095,0.037512
2025-06-25,1825,0.03851
2025-06-25,3650,0.04290600000000001
2025-06-25,10950,0.048311
2025-06-26,1,0.0433
2025-06-26,30,0.040898000000000004
2025-06-26,91,0.043060999999999995
2025-06-26,182,0.042344
2025-06-26,365,0.039599999999999996
2025-06-26,730,0.037193000000000004
2025-06-26,1095,0.036868
2025-06-26,1825,0.03796
2025-06-26,3650,0.042416999999999996
2025-06-26,10950,0.048002
2025-06-27,1,0.0433
2025-06-27,30,0.041273
2025-06-27,91,0.042942
2025-06-27,182,0.042329
2025-06-27,365,0.0397
2025-06-27,730,0.03748
2025-06-27,1095,0.03717
2025-06-27,1825,0.03831
2025-06-27,3650,0.042769
2025-06-27,10950,0.048351
2025-06-30,1,0.0433
2025-06-30,30,0.042085
2025-06-30,91,0.042911000000000005
2025-06-30,182,0.042455999999999994
2025-06-30,365,0.039599999999999996
2025-06-30,730,0.037191999999999996
2025-06-30,1095,0.036888000000000004
2025-06-30,1825,0.03798
2025-06-30,3650,0.04228
2025-06-30,10950,0.047743
2025-07-01,1,0.0433
2025-07-01,30,0.042539
2025-07-01,91,0.043227
2025-07-01,182,0.042373
2025-07-01,365,0.0398
2025-07-01,730,0.037725
2025-07-01,1095,0.03742
2025-07-01,1825,0.03834
2025-07-01,3650,0.042416
2025-07-01,10950,0.047645
2025-07-02,1,0.0433
2025-07-02,30,0.042126000000000004
2025-07-02,91,0.043273
2025-07-02,182,0.042346
2025-07-02,365,0.039900000000000005
2025-07-02,730,0.037848
2025-07-02,1095,0.037614999999999996
2025-07-02,1825,0.038650000000000004
2025-07-02,3650,0.042769
2025-07-02,10950,0.048011
2025-07-03,1,0.0433
2025-07-03,30,0.042183
2025-07-03,91,0.043512
2025-07-03,182,0.042910000000000004
2025-07-03,365,0.0407
2025-07-03,730,0.038799
2025-07-03,1095,0.038403
2025-07-03,1825,0.039369999999999995
2025-07-03,3650,0.043456999999999996
2025-07-03,10950,0.048612999999999996
2025-07-04,1,0.0433
2025-07-04,30,0.042626
2025-07-04,91,0.043512
2025-07-04,182,0.042910000000000004
2025-07-04,365,0.0407
2025-07-04,730,0.038799
2025-07-04,1095,0.038403
2025-07-04,1825,0.039369999999999995
2025-07-04,3650,0.043456999999999996
2025-07-04,10950,0.048612999999999996
2025-07-07,1,0.0433
2025-07-07,30,0.043055
2025-07-07,91,0.043429
2025-07-07,182,0.042826
2025-07-07,365,0.0408
2025-07-07,730,0.038946
2025-07-07,1095,0.038544
2025-07-07,1825,0.03957
2025-07-07,3650,0.04379400000000001
2025-07-07,10950,0.049151999999999994
2025-07-08,1,0.0433
2025-07-08,30,0.042896000000000004
2025-07-08,91,0.04346
2025-07-08,182,0.042872
2025-07-08,365,0.041100000000000005
2025-07-08,730,0.038904999999999995
2025-07-08,1095,0.038572
2025-07-08,1825,0.03972
2025-07-08,3650,0.043992
2025-07-08,10950,0.049244
2025-07-09,1,0.0433
2025-07-09,30,0.042942
2025-07-09,91,0.043584
2025-07-09,182,0.042661
2025-07-09,365,0.0407
2025-07-09,730,0.038429000000000005
2025-07-09,1095,0.03811
2025-07-09,1825,0.03907
2025-07-09,3650,0.04332
2025-07-09,10950,0.048684000000000005
2025-07-10,1,0.0433
2025-07-10,30,0.042988
2025-07-10,91,0.043501000000000005
2025-07-10,182,0.042603
2025-07-10,365,0.0407
2025-07-10,730,0.038721
2025-07-10,1095,0.038388
2025-07-10,1825,0.03935
2025-07-10,3650,0.043498
2025-07-10,10950,0.048693999999999994
2025-07-11,1,0.0433
2025-07-11,30,0.042907
2025-07-11,91,0.043304999999999996
2025-07-11,182,0.042561999999999996
2025-07-11,365,0.0409
2025-07-11,730,0.038849999999999996
2025-07-11,1095,0.038611
2025-07-11,1825,0.039740000000000004
2025-07-11,3650,0.044093
2025-07-11,10950,0.04949099999999999
2025-07-14,1,0.0433
2025-07-14,30,0.043055
2025-07-14,91,0.043324999999999995
2025-07-14,182,0.042636
2025-07-14,365,0.0408
2025-07-14,730,0.038998
2025-07-14,1095,0.03875
2025-07-14,1825,0.03989
2025-07-14,3650,0.044333
2025-07-14,10950,0.04977
2025-07-15,1,0.0433
2025-07-15,30,0.042998
2025-07-15,91,0.043304
2025-07-15,182,0.042846
2025-07-15,365,0.0412
2025-07-15,730,0.039398
2025-07-15,1095,0.039196
2025-07-15,1825,0.04042
2025-07-15,3650,0.044813
2025-07-15,10950,0.050198
2025-07-16,1,0.0433
2025-07-16,30,0.042968
2025-07-16,91,0.043324999999999995
2025-07-16,182,0.042634
2025-07-16,365,0.0408
2025-07-16,730,0.038917
2025-07-16,1095,0.038666
2025-07-16,1825,0.03993
2025-07-16,3650,0.044553
2025-07-16,10950,0.050103999999999996
2025-07-17,1,0.0433
2025-07-17,30,0.042937
2025-07-17,91,0.043372
2025-07-17,182,0.042735
2025-07-17,365,0.040999999999999995
2025-07-17,730,0.039045
2025-07-17,1095,0.038749
2025-07-17,1825,0.039900000000000005
2025-07-17,3650,0.044513
2025-07-17,10950,0.050072
2025-07-18,1,0.0433
2025-07-18,30,0.042804
2025-07-18,91,0.043279
2025-07-18,182,0.042561999999999996
2025-07-18,365,0.0408
2025-07-18,730,0.038691
2025-07-18,1095,0.038356
2025-07-18,1825,0.03947
2025-07-18,3650,0.044155
2025-07-18,10950,0.049874999999999996
2025-07-21,1,0.0433
2025-07-21,30,0.042953
2025-07-21,91,0.043222
2025-07-21,182,0.042609
2025-07-21,365,0.0406
2025-07-21,730,0.038607999999999996
2025-07-21,1095,0.038132
2025-07-21,1825,0.03918
2025-07-21,3650,0.043776999999999996
2025-07-21,10950,0.04944
2025-07-22,1,0.0433
2025-07-22,30,0.042871
2025-07-22,91,0.043071
2025-07-22,182,0.042267
2025-07-22,365,0.0405
2025-07-22,730,0.038334
2025-07-22,1095,0.037795999999999996
2025-07-22,1825,0.03886
2025-07-22,3650,0.043440000000000006
2025-07-22,10950,0.049173
2025-07-23,1,0.0433
2025-07-23,30,0.042815000000000006
2025-07-23,91,0.043455
2025-07-23,182,0.042634
2025-07-23,365,0.0408
2025-07-23,730,0.0388
2025-07-23,1095,0.03827
2025-07-23,1825,0.03933
2025-07-23,3650,0.043798000000000004
2025-07-23,10950,0.049347
2025-07-24,1,0.0433
2025-07-24,30,0.042835
2025-07-24,91,0.043501000000000005
2025-07-24,182,0.042709000000000004
2025-07-24,365,0.040999999999999995
2025-07-24,730,0.039162
2025-07-24,1095,0.038634
2025-07-24,1825,0.039599999999999996
2025-07-24,3650,0.043956999999999996
2025-07-24,10950,0.049347
2025-07-25,1,0.0433
2025-07-25,30,0.043111
2025-07-25,91,0.04346
2025-07-25,182,0.042667000000000004
2025-07-25,365,0.0409
2025-07-25,730,0.039232
2025-07-25,1095,0.038689
2025-07-25,1825,0.039580000000000004
2025-07-25,3650,0.043878
2025-07-25,10950,0.049296
2025-07-28,1,0.0433
2025-07-28,30,0.043259
2025-07-28,91,0.043351
2025-07-28,182,0.042557
2025-07-28,365,0.0409
2025-07-28,730,0.039255
2025-07-28,1095,0.038773
2025-07-28,1825,0.03971
2025-07-28,3650,0.044098
2025-07-28,10950,0.049585
2025-07-29,1,0.0433
2025-07-29,30,0.043254
2025-07-29,91,0.04333
2025-07-29,182,0.042396
2025-07-29,365,0.0407
2025-07-29,730,0.038689
2025-07-29,1095,0.038154
2025-07-29,1825,0.039
2025-07-29,3650,0.043204
2025-07-29,10950,0.048563
2025-07-30,1,0.0433
2025-07-30,30,0.043400999999999995
2025-07-30,91,0.043377
2025-07-30,182,0.042714
2025-07-30,365,0.0412
2025-07-30,730,0.039406
2025-07-30,1095,0.038858000000000004
2025-07-30,1825,0.03965
2025-07-30,3650,0.0437
2025-07-30,10950,0.048989000000000005
2025-07-31,1,0.0433
2025-07-31,30,0.043549
2025-07-31,91,0.043372
2025-07-31,182,0.042682000000000005
2025-07-31,365,0.040999999999999995
2025-07-31,730,0.039571
2025-07-31,1095,0.038999
2025-07-31,1825,0.03973
2025-07-31,3650,0.043739999999999994
2025-07-31,10950,0.049
2025-08-01,1,0.0433
2025-08-01,30,0.043238000000000006
2025-08-01,91,0.042657999999999995
2025-08-01,182,0.040978
2025-08-01,365,0.0387
2025-08-01,730,0.036817
2025-08-01,1095,0.036543
2025-08-01,1825,0.03758
2025-08-01,3650,0.042159
2025-08-01,10950,0.048221
2025-08-04,1,0.0433
2025-08-04,30,0.043616
2025-08-04,91,0.042446000000000005
2025-08-04,182,0.040974000000000003
2025-08-04,365,0.0382
2025-08-04,730,0.036752
2025-08-04,1095,0.036427999999999995
2025-08-04,1825,0.03739
2025-08-04,3650,0.041923
2025-08-04,10950,0.047911999999999996
2025-08-05,1,0.0433
2025-08-05,30,0.043509
2025-08-05,91,0.04232
2025-08-05,182,0.041129
2025-08-05,365,0.0392
2025-08-05,730,0.037242000000000004
2025-08-05,1095,0.036905
2025-08-05,1825,0.03779
2025-08-05,3650,0.0421
2025-08-05,10950,0.047802
2025-08-06,1,0.0433
2025-08-06,30,0.043503
2025-08-06,91,0.042289
2025-08-06,182,0.041075999999999994
2025-08-06,365,0.039
2025-08-06,730,0.037136999999999996
2025-08-06,1095,0.036666
2025-08-06,1825,0.03777
2025-08-06,3650,0.042256999999999996
2025-08-06,10950,0.048201
2025-08-07,1,0.0433
2025-08-07,30,0.04332
2025-08-07,91,0.042362000000000004
2025-08-07,182,0.041070999999999996
2025-08-07,365,0.0392
2025-08-07,730,0.037279
2025-08-07,1095,0.03686
2025-08-07,1825,0.037919999999999995
2025-08-07,3650,0.0425
2025-08-07,10950,0.048261000000000005
2025-08-08,1,0.0433
2025-08-08,30,0.043238000000000006
2025-08-08,91,0.042373
2025-08-08,182,0.041163
2025-08-08,365,0.0393
2025-08-08,730,0.037624
2025-08-08,1095,0.037305000000000005
2025-08-08,1825,0.03832
2025-08-08,3650,0.042829
2025-08-08,10950,0.048494
2025-08-11,1,0.0433
2025-08-11,30,0.043361000000000004
2025-08-11,91,0.04242
2025-08-11,182,0.041105
2025-08-11,365,0.0393
2025-08-11,730,0.037684
2025-08-11,1095,0.037333
2025-08-11,1825,0.03838
2025-08-11,3650,0.042849000000000005
2025-08-11,10950,0.048524000000000005
2025-08-12,1,0.0433
2025-08-12,30,0.04302399999999999
2025-08-12,91,0.042191
2025-08-12,182,0.040759
2025-08-12,365,0.039
2025-08-12,730,0.037308
2025-08-12,1095,0.037027000000000004
2025-08-12,1825,0.03823
2025-08-12,3650,0.042888
2025-08-12,10950,0.048785999999999996
2025-08-13,1,0.0433
2025-08-13,30,0.042992999999999996
2025-08-13,91,0.042005
2025-08-13,182,0.040416
2025-08-13,365,0.038599999999999995
2025-08-13,730,0.036745
2025-08-13,1095,0.036416
2025-08-13,1825,0.03762
2025-08-13,3650,0.042325999999999996
2025-08-13,10950,0.048253000000000004
2025-08-14,1,0.0433
2025-08-14,30,0.043038999999999994
2025-08-14,91,0.042129
2025-08-14,182,0.040755
2025-08-14,365,0.0391
2025-08-14,730,0.037324
2025-08-14,1095,0.036972
2025-08-14,1825,0.038149999999999996
2025-08-14,3650,0.042849000000000005
2025-08-14,10950,0.048726000000000005
2025-08-15,1,0.0433
2025-08-15,30,0.043136
2025-08-15,91,0.042115
2025-08-15,182,0.040688
2025-08-15,365,0.0393
2025-08-15,730,0.037505000000000004
2025-08-15,1095,0.03714
2025-08-15,1825,0.03837
2025-08-15,3650,0.04316
2025-08-15,10950,0.049183000000000004
2025-08-18,1,0.0433
2025-08-18,30,0.043437
2025-08-18,91,0.042213
2025-08-18,182,0.040736
2025-08-18,365,0.0393
2025-08-18,730,0.037629
2025-08-18,1095,0.037224
2025-08-18,1825,0.03848
2025-08-18,3650,0.043335
2025-08-18,10950,0.049336000000000005
2025-08-19,1,0.0433
2025-08-19,30,0.043380999999999996
2025-08-19,91,0.041958
2025-08-19,182,0.04047100000000001
2025-08-19,365,0.0391
2025-08-19,730,0.03748
2025-08-19,1095,0.037085
2025-08-19,1825,0.03825
2025-08-19,3650,0.043061999999999996
2025-08-19,10950,0.049081
2025-08-20,1,0.0433
2025-08-20,30,0.043299000000000004
2025-08-20,91,0.042081999999999994
2025-08-20,182,0.040574000000000006
2025-08-20,365,0.039
2025-08-20,730,0.037478
2025-08-20,1095,0.037001
2025-08-20,1825,0.03812
2025-08-20,3650,0.042907
2025-08-20,10950,0.048948
2025-08-21,1,0.0433
2025-08-21,30,0.043345
2025-08-21,91,0.04231
2025-08-21,182,0.040938999999999996
2025-08-21,365,0.0395
2025-08-21,730,0.037918
2025-08-21,1095,0.037448999999999996
2025-08-21,1825,0.03856
2025-08-21,3650,0.043277
2025-08-21,10950,0.049172
2025-08-22,1,0.0433
2025-08-22,30,0.043085000000000005
2025-08-22,91,0.04183
2025-08-22,182,0.040372000000000005
2025-08-22,365,0.0387
2025-08-22,730,0.036962999999999996
2025-08-22,1095,0.036442999999999996
2025-08-22,1825,0.037599999999999995
2025-08-22,3650,0.042537000000000005
2025-08-22,10950,0.048755
2025-08-25,1,0.0433
2025-08-25,30,0.043385999999999994
2025-08-25,91,0.041929
2025-08-25,182,0.040367
2025-08-25,365,0.0388
2025-08-25,730,0.037235
2025-08-25,1095,0.036723
2025-08-25,1825,0.03786
2025-08-25,3650,0.042751000000000004
2025-08-25,10950,0.048897
2025-08-26,1,0.0433
2025-08-26,30,0.042947
2025-08-26,91,0.04173
2025-08-26,182,0.040126
2025-08-26,365,0.0385
2025-08-26,730,0.036789
2025-08-26,1095,0.036218
2025-08-26,1825,0.03743
2025-08-26,3650,0.042615
2025-08-26,10950,0.049193
2025-08-27,1,0.0433
2025-08-27,30,0.042968
2025-08-27,91,0.041725000000000005
2025-08-27,182,0.039968
2025-08-27,365,0.0383
2025-08-27,730,0.036085
2025-08-27,1095,0.035798
2025-08-27,1825,0.03697
2025-08-27,3650,0.042343
2025-08-27,10950,0.04921299999999999
2025-08-28,1,0.0433
2025-08-28,30,0.043038999999999994
2025-08-28,91,0.04172
2025-08-28,182,0.040042
2025-08-28,365,0.0385
2025-08-28,730,0.03629
2025-08-28,1095,0.035880999999999996
2025-08-28,1825,0.03691
2025-08-28,3650,0.042032999999999994
2025-08-28,10950,0.048755
2025-08-29,1,0.0433
2025-08-29,30,0.04308
2025-08-29,91,0.041391
2025-08-29,182,0.039604
2025-08-29,365,0.0383
2025-08-29,730,0.036167
2025-08-29,1095,0.035767
2025-08-29,1825,0.03697
2025-08-29,3650,0.042283999999999995
2025-08-29,10950,0.049274
2025-09-01,1,0.0433
2025-09-01,30,0.04308
2025-09-01,91,0.041391
2025-09-01,182,0.039604
2025-09-01,365,0.0383
2025-09-01,730,0.036167
2025-09-01,1095,0.035767
2025-09-01,1825,0.03697
2025-09-01,3650,0.042283999999999995
2025-09-01,10950,0.049274
2025-09-02,1,0.0433
2025-09-02,30,0.042947
2025-09-02,91,0.04117899999999999
2025-09-02,182,0.039784
2025-09-02,365,0.0382
2025-09-02,730,0.036392
2025-09-02,1095,0.036046999999999996
2025-09-02,1825,0.03723
2025-09-02,3650,0.042614
2025-09-02,10950,0.049614000000000005
2025-09-03,1,0.0433
2025-09-03,30,0.042458
2025-09-03,91,0.041177
2025-09-03,182,0.039783
2025-09-03,365,0.0377
2025-09-03,730,0.036166000000000004
2025-09-03,1095,0.035822
2025-09-03,1825,0.03693
2025-09-03,3650,0.042168000000000004
2025-09-03,10950,0.048968
2025-09-04,1,0.0433
2025-09-04,30,0.042427
2025-09-04,91,0.040758
2025-09-04,182,0.039463
2025-09-04,365,0.037599999999999995
2025-09-04,730,0.035878
2025-09-04,1095,0.035483
2025-09-04,1825,0.036469999999999995
2025-09-04,3650,0.041607000000000005
2025-09-04,10950,0.048533
2025-09-05,1,0.0433
2025-09-05,30,0.041452
2025-09-05,91,0.040021
2025-09-05,182,0.038713000000000004
2025-09-05,365,0.0365
2025-09-05,730,0.035092
2025-09-05,1095,0.034804
2025-09-05,1825,0.03583
2025-09-05,3650,0.040742
2025-09-05,10950,0.047587000000000004
2025-09-08,1,0.0433
2025-09-08,30,0.041677
2025-09-08,91,0.040172
2025-09-08,182,0.038603
2025-09-08,365,0.0364
2025-09-08,730,0.034863
2025-09-08,1095,0.03452
2025-09-08,1825,0.03562
2025-09-08,3650,0.040397999999999996
2025-09-08,10950,0.046922
2025-09-09,1,0.0433
2025-09-09,30,0.041519
2025-09-09,91,0.040172
2025-09-09,182,0.038703
2025-09-09,365,0.0368
2025-09-09,730,0.035584
2025-09-09,1095,0.035168
2025-09-09,1825,0.03617
2025-09-09,3650,0.040875
2025-09-09,10950,0.047311
2025-09-10,1,0.0433
2025-09-10,30,0.041489000000000005
2025-09-10,91,0.040297
2025-09-10,182,0.038544999999999996
2025-09-10,365,0.0366
2025-09-10,730,0.035438
2025-09-10,1095,0.034967
2025-09-10,1825,0.03597
2025-09-10,3650,0.040454
2025-09-10,10950,0.046959999999999995
2025-09-11,1,0.0433
2025-09-11,30,0.041382
2025-09-11,91,0.040214999999999994
2025-09-11,182,0.038383
2025-09-11,365,0.0363
2025-09-11,730,0.035415
2025-09-11,1095,0.035022000000000005
2025-09-11,1825,0.03596
2025-09-11,3650,0.040206
2025-09-11,10950,0.046535
2025-09-12,1,0.0433
2025-09-12,30,0.041273
2025-09-12,91,0.040202
2025-09-12,182,0.038529
2025-09-12,365,0.0366
2025-09-12,730,0.035556000000000004
2025-09-12,1095,0.0353
2025-09-12,1825,0.03634
2025-09-12,3650,0.040643000000000006
2025-09-12,10950,0.046805000000000006
2025-09-15,1,0.0433
2025-09-15,30,0.041319999999999996
2025-09-15,91,0.039888
2025-09-15,182,0.038446
2025-09-15,365,0.0364
2025-09-15,730,0.035368
2025-09-15,1095,0.035023
2025-09-15,1825,0.03606
2025-09-15,3650,0.040374999999999994
2025-09-15,10950,0.046602
2025-09-16,1,0.0433
2025-09-16,30,0.041009000000000004
2025-09-16,91,0.039526
2025-09-16,182,0.038047
2025-09-16,365,0.0362
2025-09-16,730,0.035033
2025-09-16,1095,0.034719
2025-09-16,1825,0.035859999999999996
2025-09-16,3650,0.040278999999999995
2025-09-16,10950,0.046486
2025-09-17,1,0.0433
2025-09-17,30,0.04075
2025-09-17,91,0.039651
2025-09-17,182,0.038124
2025-09-17,365,0.036000000000000004
2025-09-17,730,0.035531
2025-09-17,1095,0.035359
2025-09-17,1825,0.03655
2025-09-17,3650,0.040872
2025-09-17,10950,0.046901
2025-09-18,1,0.0408
2025-09-18,30,0.04077
2025-09-18,91,0.039724
2025-09-18,182,0.038278
2025-09-18,365,0.0361
2025-09-18,730,0.035635
2025-09-18,1095,0.035471
2025-09-18,1825,0.03664
2025-09-18,3650,0.041044
2025-09-18,10950,0.047242
2025-09-19,1,0.0408
2025-09-19,30,0.040304
2025-09-19,91,0.039608
2025-09-19,182,0.038292
2025-09-19,365,0.036000000000000004
2025-09-19,730,0.035715
2025-09-19,1095,0.035559
2025-09-19,1825,0.036789999999999996
2025-09-19,3650,0.041274
2025-09-19,10950,0.047438
2025-09-22,1,0.0409
2025-09-22,30,0.040759
2025-09-22,91,0.039371
2025-09-22,182,0.03834
2025-09-22,365,0.0361
2025-09-22,730,0.03603
2025-09-22,1095,0.035840000000000004
2025-09-22,1825,0.03702
2025-09-22,3650,0.041467000000000004
2025-09-22,10950,0.047625
2025-09-23,1,0.0409
2025-09-23,30,0.040601000000000005
2025-09-23,91,0.039245999999999996
2025-09-23,182,0.038255
2025-09-23,365,0.0361
2025-09-23,730,0.035859999999999996
2025-09-23,1095,0.035617
2025-09-23,1825,0.03669
2025-09-23,3650,0.04106099999999999
2025-09-23,10950,0.047193
2025-09-24,1,0.0409
2025-09-24,30,0.04075
2025-09-24,91,0.039526
2025-09-24,182,0.038361
2025-09-24,365,0.0363
2025-09-24,730,0.036041
2025-09-24,1095,0.036039
2025-09-24,1825,0.03718
2025-09-24,3650,0.041466
2025-09-24,10950,0.047507
2025-09-25,1,0.0409
2025-09-25,30,0.040999999999999995
2025-09-25,91,0.039703
2025-09-25,182,0.03862
2025-09-25,365,0.0368
2025-09-25,730,0.036553
2025-09-25,1095,0.036547
2025-09-25,1825,0.037610000000000005
2025-09-25,3650,0.041698000000000006
2025-09-25,10950,0.047477
2025-09-26,1,0.0409
2025-09-26,30,0.041069
2025-09-26,91,0.039483000000000004
2025-09-26,182,0.038475999999999996
2025-09-26,365,0.036699999999999997
2025-09-26,730,0.03643
2025-09-26,1095,0.036525
2025-09-26,1825,0.03766
2025-09-26,3650,0.04175500000000001
2025-09-26,10950,0.047487
2025-09-29,1,0.0409
2025-09-29,30,0.041269
2025-09-29,91,0.039529999999999996
2025-09-29,182,0.038498000000000004
2025-09-29,365,0.0365
2025-09-29,730,0.036205
2025-09-29,1095,0.036217
2025-09-29,1825,0.03735
2025-09-29,3650,0.041387
2025-09-29,10950,0.047037
2025-09-30,1,0.0409
2025-09-30,30,0.041009000000000004
2025-09-30,91,0.039323000000000004
2025-09-30,182,0.038361
2025-09-30,365,0.0368
2025-09-30,730,0.036083
2025-09-30,1095,0.036191
2025-09-30,1825,0.03742
2025-09-30,3650,0.041503
2025-09-30,10950,0.04731
2025-10-01,1,0.0409
2025-10-01,30,0.04075
2025-10-01,91,0.039293
2025-10-01,182,0.038071
2025-10-01,365,0.0362
2025-10-01,730,0.035346999999999996
2025-10-01,1095,0.035459
2025-10-01,1825,0.03672
2025-10-01,3650,0.040981
2025-10-01,10950,0.047095000000000005
2025-10-02,1,0.0409
2025-10-02,30,0.040949
2025-10-02,91,0.039418
2025-10-02,182,0.03812
2025-10-02,365,0.0362
2025-10-02,730,0.035388
2025-10-02,1095,0.035517
2025-10-02,1825,0.03671
2025-10-02,3650,0.040827
2025-10-02,10950,0.046881000000000006
2025-10-03,1,0.0409
2025-10-03,30,0.040738
2025-10-03,91,0.039508999999999996
2025-10-03,182,0.038213
2025-10-03,365,0.0364
2025-10-03,730,0.035759
2025-10-03,1095,0.035917
2025-10-03,1825,0.03716
2025-10-03,3650,0.041192
2025-10-03,10950,0.047114
2025-10-06,1,0.0409
2025-10-06,30,0.041116
2025-10-06,91,0.039401
2025-10-06,182,0.038182999999999995
2025-10-06,365,0.0366
2025-10-06,730,0.035883
2025-10-06,1095,0.036061
2025-10-06,1825,0.03735
2025-10-06,3650,0.04152
2025-10-06,10950,0.047477
2025-10-07,1,0.0409
2025-10-07,30,0.040907
2025-10-07,91,0.039138
2025-10-07,182,0.038071
2025-10-07,365,0.0365
2025-10-07,730,0.035636
2025-10-07,1095,0.035779
2025-10-07,1825,0.03702
2025-10-07,3650,0.04123
2025-10-07,10950,0.047230999999999995
2025-10-08,1,0.040999999999999995
2025-10-08,30,0.040801
2025-10-08,91,0.039315
2025-10-08,182,0.038203
2025-10-08,365,0.0366
2025-10-08,730,0.035802
2025-10-08,1095,0.035942
2025-10-08,1825,0.03716
2025-10-08,3650,0.041171
2025-10-08,10950,0.047075
2025-10-09,1,0.040999999999999995
2025-10-09,30,0.040796
2025-10-09,91,0.039517000000000004
2025-10-09,182,0.038383
2025-10-09,365,0.0366
2025-10-09,730,0.035927
2025-10-09,1095,0.036081
2025-10-09,1825,0.03737
2025-10-09,3650,0.041384
2025-10-09,10950,0.047212
2025-10-10,1,0.040999999999999995
2025-10-10,30,0.040738
2025-10-10,91,0.039423
2025-10-10,182,0.038130000000000004
2025-10-10,365,0.036000000000000004
2025-10-10,730,0.035015
2025-10-10,1095,0.035110999999999996
2025-10-10,1825,0.03626
2025-10-10,3650,0.040322
2025-10-10,10950,0.046187
2025-10-13,1,0.040999999999999995
2025-10-13,30,0.040738
2025-10-13,91,0.039423
2025-10-13,182,0.038130000000000004
2025-10-13,365,0.036000000000000004
2025-10-13,730,0.035015
2025-10-13,1095,0.035110999999999996
2025-10-13,1825,0.03626
2025-10-13,3650,0.040322
2025-10-13,10950,0.046187
2025-10-14,1,0.040999999999999995
2025-10-14,30,0.040631
2025-10-14,91,0.039315
2025-10-14,182,0.038126
2025-10-14,365,0.0358
2025-10-14,730,0.034807000000000005
2025-10-14,1095,0.034889
2025-10-14,1825,0.03608
2025-10-14,3650,0.040320999999999996
2025-10-14,10950,0.046321
2025-10-15,1,0.040999999999999995
2025-10-15,30,0.040856
2025-10-15,91,0.039496
2025-10-15,182,0.038203
2025-10-15,365,0.0361
2025-10-15,730,0.034973000000000004
2025-10-15,1095,0.035
2025-10-15,1825,0.03617
2025-10-15,3650,0.040282
2025-10-15,10950,0.046253999999999997
2025-10-16,1,0.041100000000000005
2025-10-16,30,0.040775
2025-10-16,91,0.039337
2025-10-16,182,0.037857
2025-10-16,365,0.0354
2025-10-16,730,0.034243
2025-10-16,1095,0.03428
2025-10-16,1825,0.03548
2025-10-16,3650,0.039745
2025-10-16,10950,0.045843999999999996
2025-10-17,1,0.041100000000000005
2025-10-17,30,0.040431999999999996
2025-10-17,91,0.039143
2025-10-17,182,0.037897
2025-10-17,365,0.0356
2025-10-17,730,0.034573
2025-10-17,1095,0.034665
2025-10-17,1825,0.03592
2025-10-17,3650,0.040088
2025-10-17,10950,0.046053
2025-10-20,1,0.041100000000000005
2025-10-20,30,0.040351
2025-10-20,91,0.038726
2025-10-20,182,0.037841
2025-10-20,365,0.0355
2025-10-20,730,0.034552
2025-10-20,1095,0.034582
2025-10-20,1825,0.03573
2025-10-20,3650,0.0398
2025-10-20,10950,0.045692
2025-10-21,1,0.041100000000000005
2025-10-21,30,0.040091
2025-10-21,91,0.038647
2025-10-21,182,0.037729
2025-10-21,365,0.0356
2025-10-21,730,0.034551
2025-10-21,1095,0.034581
2025-10-21,1825,0.03565
2025-10-21,3650,0.039626999999999996
2025-10-21,10950,0.045427999999999996
2025-10-22,1,0.041100000000000005
2025-10-22,30,0.040061
2025-10-22,91,0.038772
2025-10-22,182,0.037755000000000004
2025-10-22,365,0.0355
2025-10-22,730,0.034445
2025-10-22,1095,0.034441
2025-10-22,1825,0.035539999999999995
2025-10-22,3650,0.039493
2025-10-22,10950,0.045306
2025-10-23,1,0.041100000000000005
2025-10-23,30,0.040057
2025-10-23,91,0.038794
2025-10-23,182,0.037804000000000004
2025-10-23,365,0.0359
2025-10-23,730,0.034885
2025-10-23,1095,0.034942
2025-10-23,1825,0.0361
2025-10-23,3650,0.040008999999999996
2025-10-23,10950,0.045786
2025-10-24,1,0.041100000000000005
2025-10-24,30,0.039845
2025-10-24,91,0.038446
2025-10-24,182,0.037556
2025-10-24,365,0.0358
2025-10-24,730,0.034799000000000004
2025-10-24,1095,0.034885
2025-10-24,1825,0.03606
2025-10-24,3650,0.040007
2025-10-24,10950,0.045928000000000004
2025-10-27,1,0.0412
2025-10-27,30,0.040019
2025-10-27,91,0.038132
2025-10-27,182,0.037447
2025-10-27,365,0.0359
2025-10-27,730,0.034905
2025-10-27,1095,0.034913
2025-10-27,1825,0.03603
2025-10-27,3650,0.039795
2025-10-27,10950,0.045522
2025-10-28,1,0.0412
2025-10-28,30,0.039581
2025-10-28,91,0.037924
2025-10-28,182,0.037361
2025-10-28,365,0.0359
2025-10-28,730,0.034898
2025-10-28,1095,0.034968
2025-10-28,1825,0.0361
2025-10-28,3650,0.039756
2025-10-28,10950,0.045399
2025-10-29,1,0.0412
2025-10-29,30,0.039296000000000005
2025-10-29,91,0.038746
2025-10-29,182,0.038229
2025-10-29,365,0.037000000000000005
2025-10-29,730,0.03598
2025-10-29,1095,0.035977999999999996
2025-10-29,1825,0.03712
2025-10-29,3650,0.040757
2025-10-29,10950,0.046252
2025-10-30,1,0.0387
2025-10-30,30,0.039266999999999996
2025-10-30,91,0.038355
2025-10-30,182,0.038041
2025-10-30,365,0.037000000000000005
2025-10-30,730,0.036082
2025-10-30,1095,0.036091000000000005
2025-10-30,1825,0.037200000000000004
2025-10-30,3650,0.040970000000000006
2025-10-30,10950,0.046541
2025-10-31,1,0.038599999999999995
2025-10-31,30,0.038978
2025-10-31,91,0.038007
2025-10-31,182,0.038029
2025-10-31,365,0.037000000000000005
2025-10-31,730,0.035736
2025-10-31,1095,0.035783
2025-10-31,1825,0.03688
2025-10-31,3650,0.040775
2025-10-31,10950,0.046512000000000005
2025-11-03,1,0.0387
2025-11-03,30,0.039687
2025-11-03,91,0.038597
2025-11-03,182,0.038182999999999995
2025-11-03,365,0.037000000000000005
2025-11-03,730,0.036045
2025-11-03,1095,0.036122999999999995
2025-11-03,1825,0.03723
2025-11-03,3650,0.041104
2025-11-03,10950,0.046908000000000005
2025-11-04,1,0.0387
2025-11-04,30,0.039326
2025-11-04,91,0.038647
2025-11-04,182,0.037939
2025-11-04,365,0.036699999999999997
2025-11-04,730,0.035758
2025-11-04,1095,0.035841
2025-11-04,1825,0.03697
2025-11-04,3650,0.040852000000000006
2025-11-04,10950,0.046647
2025-11-05,1,0.0387
2025-11-05,30,0.038991
2025-11-05,91,0.038772
2025-11-05,182,0.038149999999999996
2025-11-05,365,0.0371
2025-11-05,730,0.036295
2025-11-05,1095,0.036463999999999996
2025-11-05,1825,0.03764
2025-11-05,3650,0.041590999999999996
2025-11-05,10950,0.047378
2025-11-06,1,0.0387
2025-11-06,30,0.038553000000000004
2025-11-06,91,0.038484
2025-11-06,182,0.037778
2025-11-06,365,0.0365
2025-11-06,730,0.035553
2025-11-06,1095,0.035644
2025-11-06,1825,0.03681
2025-11-06,3650,0.040831
2025-11-06,10950,0.046801
2025-11-07,1,0.0387
2025-11-07,30,0.038391
2025-11-07,91,0.038446
2025-11-07,182,0.037766
2025-11-07,365,0.0363
2025-11-07,730,0.035616
2025-11-07,1095,0.035701000000000004
2025-11-07,1825,0.03685
2025-11-07,3650,0.040965999999999995
2025-11-07,10950,0.046986
2025-11-10,1,0.0387
2025-11-10,30,0.039453999999999996
2025-11-10,91,0.038696
2025-11-10,182,0.038047
2025-11-10,365,0.0366
2025-11-10,730,0.035908
2025-11-10,1095,0.035958000000000004
2025-11-10,1825,0.03714
2025-11-10,3650,0.041159999999999995
2025-11-10,10950,0.047054
2025-11-11,1,0.0387
2025-11-11,30,0.039453999999999996
2025-11-11,91,0.038285
2025-11-11,182,0.037652
2025-11-11,365,0.0366
2025-11-11,730,0.035908
2025-11-11,1095,0.035886999999999995
2025-11-11,1825,0.03714
2025-11-11,3650,0.041159999999999995
2025-11-11,10950,0.047054
2025-11-12,1,0.0387
2025-11-12,30,0.039321999999999996
2025-11-12,91,0.038695
2025-11-12,182,0.037966
2025-11-12,365,0.0365
2025-11-12,730,0.03568
2025-11-12,1095,0.03561
2025-11-12,1825,0.03672
2025-11-12,3650,0.040693
2025-11-12,10950,0.046646
2025-11-13,1,0.0388
2025-11-13,30,0.039445
2025-11-13,91,0.038794
2025-11-13,182,0.03812
2025-11-13,365,0.0368
2025-11-13,730,0.035908999999999996
2025-11-13,1095,0.035915
2025-11-13,1825,0.03707
2025-11-13,3650,0.041192
2025-11-13,10950,0.047123
2025-11-14,1,0.0388
2025-11-14,30,0.039054000000000005
2025-11-14,91,0.038756
2025-11-14,182,0.03816
2025-11-14,365,0.037000000000000005
2025-11-14,730,0.036058
2025-11-14,1095,0.03611
2025-11-14,1825,0.03732
2025-11-14,3650,0.041483
2025-11-14,10950,0.047478
2025-11-17,1,0.0388
2025-11-17,30,0.039483000000000004
2025-11-17,91,0.038571
2025-11-17,182,0.038209
2025-11-17,365,0.0369
2025-11-17,730,0.036101
2025-11-17,1095,0.03611
2025-11-17,1825,0.03728
2025-11-17,3650,0.041386000000000006
2025-11-17,10950,0.047358000000000004
2025-11-18,1,0.0388
2025-11-18,30,0.039275000000000004
2025-11-18,91,0.038518
2025-11-18,182,0.038045
2025-11-18,365,0.036699999999999997
2025-11-18,730,0.035725
2025-11-18,1095,0.035666
2025-11-18,1825,0.03685
2025-11-18,3650,0.041134000000000004
2025-11-18,10950,0.047328
2025-11-19,1,0.0388
2025-11-19,30,0.039195
2025-11-19,91,0.038668999999999995
2025-11-19,182,0.038229
2025-11-19,365,0.0368
2025-11-19,730,0.035915
2025-11-19,1095,0.035861000000000004
2025-11-19,1825,0.03709
2025-11-19,3650,0.041367
2025-11-19,10950,0.047557
2025-11-20,1,0.0388
2025-11-20,30,0.039266999999999996
2025-11-20,91,0.038613
2025-11-20,182,0.038093
2025-11-20,365,0.0365
2025-11-20,730,0.035327000000000004
2025-11-20,1095,0.035249
2025-11-20,1825,0.03646
2025-11-20,3650,0.040845
2025-11-20,10950,0.047229
2025-11-21,1,0.0388
2025-11-21,30,0.039182
2025-11-21,91,0.038214
2025-11-21,182,0.037608
2025-11-21,365,0.0362
2025-11-21,730,0.035074999999999995
2025-11-21,1095,0.034997
2025-11-21,1825,0.03622
2025-11-21,3650,0.040633
2025-11-21,10950,0.047119999999999995
2025-11-24,1,0.0388
2025-11-24,30,0.03956
2025-11-24,91,0.038158
2025-11-24,182,0.037762
2025-11-24,365,0.0361
2025-11-24,730,0.034969
2025-11-24,1095,0.034802
2025-11-24,1825,0.03592
2025-11-24,3650,0.040248
2025-11-24,10950,0.046696999999999995
2025-11-25,1,0.0388
2025-11-25,30,0.039529999999999996
2025-11-25,91,0.037665000000000004
2025-11-25,182,0.037646
2025-11-25,365,0.036000000000000004
2025-11-25,730,0.034586
2025-11-25,1095,0.034523
2025-11-25,1825,0.03564
2025-11-25,3650,0.03996
2025-11-25,10950,0.046492000000000006
2025-11-26,1,0.0388
2025-11-26,30,0.040031
2025-11-26,91,0.038381
2025-11-26,182,0.037778
2025-11-26,365,0.0361
2025-11-26,730,0.03475
2025-11-26,1095,0.034661
2025-11-26,1825,0.035699999999999996
2025-11-26,3650,0.039941
2025-11-26,10950,0.046414
2025-11-27,1,0.0388
2025-11-27,30,0.039091999999999995
2025-11-27,91,0.038381
2025-11-27,182,0.037778
2025-11-27,365,0.0361
2025-11-27,730,0.03475
2025-11-27,1095,0.034661
2025-11-27,1825,0.035699999999999996
2025-11-27,3650,0.039941
2025-11-27,10950,0.046414
2025-11-28,1,0.038900000000000004
2025-11-28,30,0.03908
2025-11-28,91,0.037956
2025-11-28,182,0.037635
2025-11-28,365,0.0361
2025-11-28,730,0.034893
2025-11-28,1095,0.034855
2025-11-28,1825,0.03597
2025-11-28,3650,0.040132
2025-11-28,10950,0.046627999999999996
2025-12-01,1,0.038900000000000004
2025-12-01,30,0.03882
2025-12-01,91,0.037668
2025-12-01,182,0.037447
2025-12-01,365,0.0362
2025-12-01,730,0.035304
2025-12-01,1095,0.035417000000000004
2025-12-01,1825,0.03665
2025-12-01,3650,0.040865
2025-12-01,10950,0.04736799999999999
2025-12-02,1,0.038900000000000004
2025-12-02,30,0.038103
2025-12-02,91,0.037406999999999996
2025-12-02,182,0.037124000000000004
2025-12-02,365,0.0359
2025-12-02,730,0.03508
2025-12-02,1095,0.035276
2025-12-02,1825,0.03656
2025-12-02,3650,0.040865
2025-12-02,10950,0.047457
2025-12-03,1,0.038900000000000004
2025-12-03,30,0.037462
2025-12-03,91,0.037042
2025-12-03,182,0.036782
2025-12-03,365,0.035699999999999996
2025-12-03,730,0.034835
2025-12-03,1095,0.035023
2025-12-03,1825,0.0363
2025-12-03,3650,0.040633
2025-12-03,10950,0.047308
2025-12-04,1,0.038900000000000004
2025-12-04,30,0.037534
2025-12-04,91,0.037012
2025-12-04,182,0.036884
2025-12-04,365,0.036000000000000004
2025-12-04,730,0.035226
2025-12-04,1095,0.035445000000000004
2025-12-04,1825,0.03674
2025-12-04,3650,0.040981
2025-12-04,10950,0.047547
2025-12-05,1,0.038900000000000004
2025-12-05,30,0.036734
2025-12-05,91,0.036949
2025-12-05,182,0.036767
2025-12-05,365,0.0361
2025-12-05,730,0.035602999999999996
2025-12-05,1095,0.035842
2025-12-05,1825,0.03712
2025-12-05,3650,0.041351000000000006
2025-12-05,10950,0.047918
2025-12-08,1,0.038900000000000004
2025-12-08,30,0.037265
2025-12-08,91,0.036946
2025-12-08,182,0.036843
2025-12-08,365,0.0361
2025-12-08,730,0.035750000000000004
2025-12-08,1095,0.036097000000000004
2025-12-08,1825,0.037469999999999996
2025-12-08,3650,0.041643
2025-12-08,10950,0.048019
2025-12-09,1,0.038900000000000004
2025-12-09,30,0.037134
2025-12-09,91,0.03702
2025-12-09,182,0.0366
2025-12-09,365,0.0363
2025-12-09,730,0.036147
2025-12-09,1095,0.036525
2025-12-09,1825,0.03788
2025-12-09,3650,0.041878
2025-12-09,10950,0.04808
2025-12-10,1,0.038900000000000004
2025-12-10,30,0.036723
2025-12-10,91,0.036655
2025-12-10,182,0.036204
2025-12-10,365,0.0358
2025-12-10,730,0.035381
2025-12-10,1095,0.035859
2025-12-10,1825,0.03732
2025-12-10,3650,0.041468
2025-12-10,10950,0.047868
2025-12-11,1,0.0364
2025-12-11,30,0.036795
2025-12-11,91,0.036419
2025-12-11,182,0.036148
2025-12-11,365,0.0356
2025-12-11,730,0.035404
2025-12-11,1095,0.035859
2025-12-11,1825,0.03735
2025-12-11,3650,0.041566
2025-12-11,10950,0.047999
2025-12-12,1,0.0364
2025-12-12,30,0.036377
2025-12-12,91,0.036072
2025-12-12,182,0.035769999999999996
2025-12-12,365,0.0354
2025-12-12,730,0.035222
2025-12-12,1095,0.035775
2025-12-12,1825,0.03743
2025-12-12,3650,0.041840999999999996
2025-12-12,10950,0.048445
2025-12-15,1,0.0364
2025-12-15,30,0.036704
2025-12-15,91,0.036172
2025-12-15,182,0.035898
2025-12-15,365,0.0352
2025-12-15,730,0.035015
2025-12-15,1095,0.035526
2025-12-15,1825,0.03725
2025-12-15,3650,0.041722999999999996
2025-12-15,10950,0.048465999999999995
2025-12-16,1,0.0364
2025-12-16,30,0.036573
2025-12-16,91,0.036064
2025-12-16,182,0.035941
2025-12-16,365,0.0351
2025-12-16,730,0.03487
2025-12-16,1095,0.035276999999999996
2025-12-16,1825,0.03697
2025-12-16,3650,0.041449999999999994
2025-12-16,10950,0.04813
2025-12-17,1,0.0364
2025-12-17,30,0.036288999999999995
2025-12-17,91,0.03619
2025-12-17,182,0.035889000000000004
2025-12-17,365,0.0351
2025-12-17,730,0.034829
2025-12-17,1095,0.035276999999999996
2025-12-17,1825,0.036989999999999995
2025-12-17,3650,0.041528
2025-12-17,10950,0.048262
2025-12-18,1,0.0364
2025-12-18,30,0.035802
2025-12-18,91,0.036032
2025-12-18,182,0.035833
2025-12-18,365,0.0349
2025-12-18,730,0.0346
2025-12-18,1095,0.034998999999999995
2025-12-18,1825,0.03662
2025-12-18,3650,0.041217
2025-12-18,10950,0.048029
2025-12-19,1,0.0364
2025-12-19,30,0.035867
2025-12-19,91,0.036021
2025-12-19,182,0.03598
2025-12-19,365,0.0351
2025-12-19,730,0.034834000000000004
2025-12-19,1095,0.035249
2025-12-19,1825,0.03694
2025-12-19,3650,0.041471
2025-12-19,10950,0.048242
2025-12-22,1,0.0364
2025-12-22,30,0.03622
2025-12-22,91,0.036069
2025-12-22,182,0.035924
2025-12-22,365,0.0353
2025-12-22,730,0.035067
2025-12-22,1095,0.035527
2025-12-22,1825,0.03714
2025-12-22,3650,0.041628
2025-12-22,10950,0.048364000000000004
2025-12-23,1,0.0364
2025-12-23,30,0.03614
2025-12-23,91,0.035832
2025-12-23,182,0.035885
2025-12-23,365,0.0352
2025-12-23,730,0.035321
2025-12-23,1095,0.035807000000000005
2025-12-23,1825,0.03737
2025-12-23,3650,0.041628
2025-12-23,10950,0.048242
2025-12-24,1,0.0364
2025-12-24,30,0.036057
2025-12-24,91,0.036341
2025-12-24,182,0.035807000000000005
2025-12-24,365,0.035
2025-12-24,730,0.035013999999999997
2025-12-24,1095,0.035556000000000004
2025-12-24,1825,0.03717
2025-12-24,3650,0.041335
2025-12-24,10950,0.047938
2025-12-25,1,0.0364
2025-12-25,30,0.035903
2025-12-25,91,0.036341
2025-12-25,182,0.035807000000000005
2025-12-25,365,0.035
2025-12-25,730,0.035013999999999997
2025-12-25,1095,0.035556000000000004
2025-12-25,1825,0.03717
2025-12-25,3650,0.041335
2025-12-25,10950,0.047938
2025-12-26,1,0.0364
2025-12-26,30,0.03579
2025-12-26,91,0.036227
2025-12-26,182,0.035717
2025-12-26,365,0.0349
2025-12-26,730,0.03479
2025-12-26,1095,0.035304
2025-12-26,1825,0.03697
2025-12-26,3650,0.041277
2025-12-26,10950,0.048140999999999996
2025-12-29,1,0.0364
2025-12-29,30,0.03594
2025-12-29,91,0.036172
2025-12-29,182,0.035844999999999995
2025-12-29,365,0.0348
2025-12-29,730,0.034545
2025-12-29,1095,0.035024
2025-12-29,1825,0.03669
2025-12-29,3650,0.041102
2025-12-29,10950,0.047969
2025-12-30,1,0.0364
2025-12-30,30,0.035274
2025-12-30,91,0.035419
2025-12-30,182,0.035964
2025-12-30,365,0.0347
2025-12-30,730,0.034484
2025-12-30,1095,0.035024
2025-12-30,1825,0.03678
2025-12-30,3650,0.041219
2025-12-30,10950,0.04807
2025-12-31,1,0.0364
2025-12-31,30,0.035904
2025-12-31,91,0.036264
2025-12-31,182,0.036017
2025-12-31,365,0.0348
2025-12-31,730,0.03473
2025-12-31,1095,0.035389
2025-12-31,1825,0.03726
2025-12-31,3650,0.04167
2025-12-31,10950,0.04843600000000001
2026-01-01,1,0.0364
2026-01-01,30,0.035291
2026-01-01,91,0.036264
2026-01-01,182,0.036017
2026-01-01,365,0.0348
2026-01-01,730,0.03473
2026-01-01,1095,0.035389
2026-01-01,1825,0.03726
2026-01-01,3650,0.04167
2026-01-01,10950,0.04843600000000001
2026-01-02,1,0.0364
2026-01-02,30,0.03551
2026-01-02,91,0.036124
2026-01-02,182,0.036006
2026-01-02,365,0.0347
2026-01-02,730,0.034733
2026-01-02,1095,0.035474
2026-01-02,1825,0.03744
2026-01-02,3650,0.041907
2026-01-02,10950,0.048701999999999995
2026-01-05,1,0.0364
2026-01-05,30,0.036143999999999996
2026-01-05,91,0.035914
2026-01-05,182,0.035819000000000004
2026-01-05,365,0.0347
2026-01-05,730,0.034508000000000004
2026-01-05,1095,0.035192
2026-01-05,1825,0.03705
2026-01-05,3650,0.041612
2026-01-05,10950,0.048497000000000005
2026-01-06,1,0.0364
2026-01-06,30,0.035935999999999996
2026-01-06,91,0.035781
2026-01-06,182,0.035575999999999997
2026-01-06,365,0.0348
2026-01-06,730,0.034632
2026-01-06,1095,0.035276
2026-01-06,1825,0.03714
2026-01-06,3650,0.04173
2026-01-06,10950,0.048651
2026-01-07,1,0.0364
2026-01-07,30,0.036009
2026-01-07,91,0.03588
2026-01-07,182,0.035705
2026-01-07,365,0.0348
2026-01-07,730,0.034695000000000004
2026-01-07,1095,0.035248
2026-01-07,1825,0.03705
2026-01-07,3650,0.041475
2026-01-07,10950,0.048314
2026-01-08,1,0.0364
2026-01-08,30,0.036006
2026-01-08,91,0.035877
2026-01-08,182,0.035728
2026-01-08,365,0.0348
2026-01-08,730,0.034881
2026-01-08,1095,0.035474
2026-01-08,1825,0.03728
2026-01-08,3650,0.041672
2026-01-08,10950,0.048365
2026-01-09,1,0.0364
2026-01-09,30,0.03579
2026-01-09,91,0.035918
2026-01-09,182,0.035822
2026-01-09,365,0.0352
2026-01-09,730,0.035321
2026-01-09,1095,0.035873
2026-01-09,1825,0.03751
2026-01-09,3650,0.041653
2026-01-09,10950,0.048121
2026-01-12,1,0.0364
2026-01-12,30,0.036195
2026-01-12,91,0.03612
2026-01-12,182,0.03595
2026-01-12,365,0.0353
2026-01-12,730,0.035343
2026-01-12,1095,0.035901999999999996
2026-01-12,1825,0.037559999999999996
2026-01-12,3650,0.041752000000000004
2026-01-12,10950,0.048273
2026-01-13,1,0.0364
2026-01-13,30,0.036191
2026-01-13,91,0.036323
2026-01-13,182,0.035994
2026-01-13,365,0.0351
2026-01-13,730,0.035324
2026-01-13,1095,0.035914
2026-01-13,1825,0.03753
2026-01-13,3650,0.041791999999999996
2026-01-13,10950,0.048354999999999995
2026-01-14,1,0.0364
2026-01-14,30,0.036213
2026-01-14,91,0.036396000000000005
2026-01-14,182,0.036046999999999996
2026-01-14,365,0.035
2026-01-14,730,0.035097
2026-01-14,1095,0.035609
2026-01-14,1825,0.03713
2026-01-14,3650,0.041319999999999996
2026-01-14,10950,0.047838000000000006
2026-01-15,1,0.0364
2026-01-15,30,0.036234999999999996
2026-01-15,91,0.036419
2026-01-15,182,0.036148
2026-01-15,365,0.0354
2026-01-15,730,0.035641
2026-01-15,1095,0.036164999999999996
2026-01-15,1825,0.03768
2026-01-15,3650,0.041694
2026-01-15,10950,0.047958999999999995
2026-01-16,1,0.0364
2026-01-16,30,0.036475
2026-01-16,91,0.036301
2026-01-16,182,0.036134
2026-01-16,365,0.0355
2026-01-16,730,0.035859999999999996
2026-01-16,1095,0.03653
2026-01-16,1825,0.03816
2026-01-16,3650,0.042229
2026-01-16,10950,0.048365
2026-01-19,1,0.0364
2026-01-19,30,0.036475
2026-01-19,91,0.036301
2026-01-19,182,0.036134
2026-01-19,365,0.0355
2026-01-19,730,0.035859999999999996
2026-01-19,1095,0.03653
2026-01-19,1825,0.03816
2026-01-19,3650,0.042229
2026-01-19,10950,0.048365
2026-01-20,1,0.0364
2026-01-20,30,0.036573
2026-01-20,91,0.036478000000000003
2026-01-20,182,0.036156
2026-01-20,365,0.0353
2026-01-20,730,0.035968
2026-01-20,1095,0.036755
2026-01-20,1825,0.03859
2026-01-20,3650,0.042925000000000005
2026-01-20,10950,0.049189
2026-01-21,1,0.0364
2026-01-21,30,0.036747999999999996
2026-01-21,91,0.036680000000000004
2026-01-21,182,0.036336
2026-01-21,365,0.0353
2026-01-21,730,0.035844999999999995
2026-01-21,1095,0.036533
2026-01-21,1825,0.03825
2026-01-21,3650,0.042428
2026-01-21,10950,0.048621
2026-01-22,1,0.0364
2026-01-22,30,0.036719
2026-01-22,91,0.036650999999999996
2026-01-22,182,0.036306
2026-01-22,365,0.0353
2026-01-22,730,0.036058
2026-01-22,1095,0.036758
2026-01-22,1825,0.03846
2026-01-22,3650,0.042449
2026-01-22,10950,0.048376
2026-01-23,1,0.0364
2026-01-23,30,0.036555
2026-01-23,91,0.03664
2026-01-23,182,0.036295
2026-01-23,365,0.0353
2026-01-23,730,0.03594
2026-01-23,1095,0.036593
2026-01-23,1825,0.03825
2026-01-23,3650,0.042252
2026-01-23,10950,0.048263999999999994
2026-01-26,1,0.0364
2026-01-26,30,0.036832
2026-01-26,91,0.036533
2026-01-26,182,0.036317
2026-01-26,365,0.0352
2026-01-26,730,0.0359
2026-01-26,1095,0.036538
2026-01-26,1825,0.03821
2026-01-26,3650,0.042113
2026-01-26,10950,0.04801999999999999
2026-01-27,1,0.0364
2026-01-27,30,0.036828
2026-01-27,91,0.036452
2026-01-27,182,0.036336
2026-01-27,365,0.035
2026-01-27,730,0.035731
2026-01-27,1095,0.036455
2026-01-27,1825,0.038290000000000005
2026-01-27,3650,0.042432
2026-01-27,10950,0.048590999999999995
2026-01-28,1,0.0364
2026-01-28,30,0.036823999999999996
2026-01-28,91,0.036655
2026-01-28,182,0.036441
2026-01-28,365,0.0352
2026-01-28,730,0.035712
2026-01-28,1095,0.036399
2026-01-28,1825,0.038290000000000005
2026-01-28,3650,0.042432
2026-01-28,10950,0.04855
2026-01-29,1,0.0364
2026-01-29,30,0.036871999999999995
2026-01-29,91,0.036599
2026-01-29,182,0.036384
2026-01-29,365,0.035
2026-01-29,730,0.035591
2026-01-29,1095,0.03626
2026-01-29,1825,0.03817
2026-01-29,3650,0.042313
2026-01-29,10950,0.04853
2026-01-30,1,0.0364
2026-01-30,30,0.036683
2026-01-30,91,0.036537
2026-01-30,182,0.036242
2026-01-30,365,0.0348
2026-01-30,730,0.035224000000000005
2026-01-30,1095,0.035896
2026-01-30,1825,0.03789
2026-01-30,3650,0.042355000000000004
2026-01-30,10950,0.048725
2026-02-02,1,0.0364
2026-02-02,30,0.036832
2026-02-02,91,0.036610000000000004
2026-02-02,182,0.036396000000000005
2026-02-02,365,0.0349
2026-02-02,730,0.035716
2026-02-02,1095,0.036433
2026-02-02,1825,0.03836
2026-02-02,3650,0.042774
2026-02-02,10950,0.049118
2026-02-03,1,0.0364
2026-02-03,30,0.036752
2026-02-03,91,0.036632
2026-02-03,182,0.036258
2026-02-03,365,0.0349
2026-02-03,730,0.035696
2026-02-03,1095,0.036434
2026-02-03,1825,0.03833
2026-02-03,3650,0.042655000000000005
2026-02-03,10950,0.048942
2026-02-04,1,0.0364
2026-02-04,30,0.036774
2026-02-04,91,0.036758
2026-02-04,182,0.036441
2026-02-04,365,0.0349
2026-02-04,730,0.035532
2026-02-04,1095,0.036321
2026-02-04,1825,0.03831
2026-02-04,3650,0.042735
2026-02-04,10950,0.04917
2026-02-05,1,0.0364
2026-02-05,30,0.036692999999999996
2026-02-05,91,0.036573
2026-02-05,182,0.035833
2026-02-05,365,0.0344
2026-02-05,730,0.034504
2026-02-05,1095,0.03522
2026-02-05,1825,0.037200000000000004
2026-02-05,3650,0.041801000000000005
2026-02-05,10950,0.048407
2026-02-06,1,0.0364
2026-02-06,30,0.036657
2026-02-06,91,0.036691
2026-02-06,182,0.036032
2026-02-06,365,0.0345
2026-02-06,730,0.034976
2026-02-06,1095,0.035701000000000004
2026-02-06,1825,0.03759
2026-02-06,3650,0.04206000000000001
2026-02-06,10950,0.04851
2026-02-09,1,0.0364
2026-02-09,30,0.036883
2026-02-09,91,0.036765
2026-02-09,182,0.036002
2026-02-09,365,0.034300000000000004
2026-02-09,730,0.034851
2026-02-09,1095,0.035588
2026-02-09,1825,0.037450000000000004
2026-02-09,3650,0.042020999999999996
2026-02-09,10950,0.048582
2026-02-10,1,0.0364
2026-02-10,30,0.036803
2026-02-10,91,0.036684
2026-02-10,182,0.035915
2026-02-10,365,0.034
2026-02-10,730,0.03452
2026-02-10,1095,0.035135
2026-02-10,1825,0.03702
2026-02-10,3650,0.041427
2026-02-10,10950,0.04784
2026-02-11,1,0.0364
2026-02-11,30,0.036774
2026-02-11,91,0.036886999999999996
2026-02-11,182,0.036046999999999996
2026-02-11,365,0.0347
2026-02-11,730,0.035099
2026-02-11,1095,0.035693
2026-02-11,1825,0.03744
2026-02-11,3650,0.041724
2026-02-11,10950,0.048072
2026-02-12,1,0.0364
2026-02-12,30,0.036795
2026-02-12,91,0.036806
2026-02-12,182,0.036043
2026-02-12,365,0.0345
2026-02-12,730,0.034559
2026-02-12,1095,0.034998999999999995
2026-02-12,1825,0.0366
2026-02-12,3650,0.040981
2026-02-12,10950,0.047328
2026-02-13,1,0.0364
2026-02-13,30,0.036832
2026-02-13,91,0.036713
2026-02-13,182,0.036029
2026-02-13,365,0.0342
2026-02-13,730,0.034076
2026-02-13,1095,0.034446
2026-02-13,1825,0.03606
2026-02-13,3650,0.040483000000000005
2026-02-13,10950,0.046943
2026-02-16,1,0.0364
2026-02-16,30,0.036832
2026-02-16,91,0.036713
2026-02-16,182,0.036029
2026-02-16,365,0.0342
2026-02-16,730,0.034076
2026-02-16,1095,0.034446
2026-02-16,1825,0.03606
2026-02-16,3650,0.040483000000000005
2026-02-16,10950,0.046943
2026-02-17,1,0.0364
2026-02-17,30,0.036828
2026-02-17,91,0.03671
2026-02-17,182,0.036078
2026-02-17,365,0.0348
2026-02-17,730,0.034325
2026-02-17,1095,0.034639
2026-02-17,1825,0.03622
2026-02-17,3650,0.040578
2026-02-17,10950,0.046885
2026-02-18,1,0.0364
2026-02-18,30,0.036747999999999996
2026-02-18,91,0.036861000000000005
2026-02-18,182,0.036152000000000004
2026-02-18,365,0.0349
2026-02-18,730,0.034595
2026-02-18,1095,0.034943
2026-02-18,1825,0.03651
2026-02-18,3650,0.040827
2026-02-18,10950,0.047060000000000005
2026-02-19,1,0.0364
2026-02-19,30,0.036668
2026-02-19,91,0.036753999999999995
2026-02-19,182,0.036148
2026-02-19,365,0.035
2026-02-19,730,0.034573
2026-02-19,1095,0.03486
2026-02-19,1825,0.03639
2026-02-19,3650,0.040673
2026-02-19,10950,0.046981999999999996
2026-02-20,1,0.0364
2026-02-20,30,0.036606
2026-02-20,91,0.036743
2026-02-20,182,0.036242
2026-02-20,365,0.0351
2026-02-20,730,0.034781
2026-02-20,1095,0.03497
2026-02-20,1825,0.03648
2026-02-20,3650,0.040826
2026-02-20,10950,0.047235
2026-02-23,1,0.0364
2026-02-23,30,0.036883
2026-02-23,91,0.036662
2026-02-23,182,0.036291000000000004
2026-02-23,365,0.035
2026-02-23,730,0.03438
2026-02-23,1095,0.03444
2026-02-23,1825,0.03585
2026-02-23,3650,0.040309
2026-02-23,10950,0.04702
2026-02-24,1,0.0364
2026-02-24,30,0.036752
2026-02-24,91,0.036607
2026-02-24,182,0.036362
2026-02-24,365,0.0352
2026-02-24,730,0.034611
2026-02-24,1095,0.034607
2026-02-24,1825,0.03595
2026-02-24,3650,0.04029
2026-02-24,10950,0.046817000000000004
2026-02-25,1,0.0364
2026-02-25,30,0.036621
2026-02-25,91,0.036629
2026-02-25,182,0.036336
2026-02-25,365,0.0353
2026-02-25,730,0.03471
2026-02-25,1095,0.034857
2026-02-25,1825,0.03624
2026-02-25,3650,0.040519
2026-02-25,10950,0.046971
2026-02-26,1,0.0364
2026-02-26,30,0.036668
2026-02-26,91,0.036702
2026-02-26,182,0.036279
2026-02-26,365,0.0352
2026-02-26,730,0.03428
2026-02-26,1095,0.034382
2026-02-26,1825,0.035699999999999996
2026-02-26,3650,0.040041
2026-02-26,10950,0.046565
2026-02-27,1,0.0364
2026-02-27,30,0.036683
2026-02-27,91,0.036562000000000004
2026-02-27,182,0.036164
2026-02-27,365,0.0348
2026-02-27,730,0.033749
2026-02-27,1095,0.033765
2026-02-27,1825,0.03503
2026-02-27,3650,0.039375
2026-02-27,10950,0.046106
2026-03-02,1,0.0364
2026-03-02,30,0.036899
2026-03-02,91,0.036636
2026-03-02,182,0.036391
2026-03-02,365,0.0354
2026-03-02,730,0.034752
2026-03-02,1095,0.034799000000000004
2026-03-02,1825,0.03611
2026-03-02,3650,0.040345000000000006
2026-03-02,10950,0.046797000000000005
2026-03-03,1,0.0364
2026-03-03,30,0.036936
2026-03-03,91,0.036721
2026-03-03,182,0.03619
2026-03-03,365,0.0355
2026-03-03,730,0.035081
2026-03-03,1095,0.035136
2026-03-03,1825,0.03641
2026-03-03,3650,0.040594
2026-03-03,10950,0.047039
2026-03-04,1,0.0364
2026-03-04,30,0.036934999999999996
2026-03-04,91,0.036777000000000004
2026-03-04,182,0.036432
2026-03-04,365,0.0358
2026-03-04,730,0.035473
2026-03-04,1095,0.035558
2026-03-04,1825,0.03682
2026-03-04,3650,0.040959
2026-03-04,10950,0.047340999999999994
2026-03-05,1,0.0364
2026-03-05,30,0.03692
2026-03-05,91,0.036641
2026-03-05,182,0.036409
2026-03-05,365,0.0359
2026-03-05,730,0.035764
2026-03-05,1095,0.035953
2026-03-05,1825,0.03728
2026-03-05,3650,0.041363000000000004
2026-03-05,10950,0.047527999999999994
2026-03-06,1,0.0364
2026-03-06,30,0.036939
2026-03-06,91,0.036571
2026-03-06,182,0.036105
2026-03-06,365,0.0355
2026-03-06,730,0.035605000000000005
2026-03-06,1095,0.035898
2026-03-06,1825,0.03728
2026-03-06,3650,0.041383
2026-03-06,10950,0.047567000000000005
2026-03-09,1,0.0364
2026-03-09,30,0.036941
2026-03-09,91,0.036665
2026-03-09,182,0.03622
2026-03-09,365,0.0356
2026-03-09,730,0.035359
2026-03-09,1095,0.035559
2026-03-09,1825,0.03686
2026-03-09,3650,0.040957999999999994
2026-03-09,10950,0.047136
2026-03-10,1,0.0364
2026-03-10,30,0.0369
2026-03-10,91,0.03666
2026-03-10,182,0.036376
2026-03-10,365,0.0356
2026-03-10,730,0.0359
2026-03-10,1095,0.036126
2026-03-10,1825,0.03741
2026-03-10,3650,0.041557000000000004
2026-03-10,10950,0.047903
2026-03-11,1,0.0364
2026-03-11,30,0.036931
2026-03-11,91,0.036793
2026-03-11,182,0.036433
2026-03-11,365,0.036000000000000004
2026-03-11,730,0.036527
2026-03-11,1095,0.036749000000000004
2026-03-11,1825,0.03805
2026-03-11,3650,0.04229599999999999
2026-03-11,10950,0.048784999999999995
2026-03-12,1,0.0364
2026-03-12,30,0.036934999999999996
2026-03-12,91,0.036843
2026-03-12,182,0.036539
2026-03-12,365,0.0366
2026-03-12,730,0.037406999999999996
2026-03-12,1095,0.037586
2026-03-12,1825,0.03867
2026-03-12,3650,0.042609
2026-03-12,10950,0.048816
2026-03-13,1,0.0364
2026-03-13,30,0.036834
2026-03-13,91,0.036835
2026-03-13,182,0.036511999999999996
2026-03-13,365,0.0366
2026-03-13,730,0.037169
2026-03-13,1095,0.037362
2026-03-13,1825,0.03859
2026-03-13,3650,0.042767
2026-03-13,10950,0.049039
2026-03-16,1,0.0364
2026-03-16,30,0.036959
2026-03-16,91,0.036831
2026-03-16,182,0.036663
2026-03-16,365,0.0364
2026-03-16,730,0.036711
2026-03-16,1095,0.036778
2026-03-16,1825,0.037970000000000004
2026-03-16,3650,0.04216
2026-03-16,10950,0.048664
2026-03-17,1,0.0364
2026-03-17,30,0.036871
2026-03-17,91,0.036807
2026-03-17,182,0.03671
2026-03-17,365,0.0363
2026-03-17,730,0.036736
2026-03-17,1095,0.036807
2026-03-17,1825,0.0379
2026-03-17,3650,0.041985
2026-03-17,10950,0.048402
2026-03-18,1,0.0364
2026-03-18,30,0.036718
2026-03-18,91,0.036962999999999996
2026-03-18,182,0.037014
2026-03-18,365,0.0368
2026-03-18,730,0.037729
2026-03-18,1095,0.037759
2026-03-18,1825,0.03877
2026-03-18,3650,0.042649999999999993
2026-03-18,10950,0.048806
2026-03-19,1,0.0364
2026-03-19,30,0.036432
2026-03-19,91,0.0369
2026-03-19,182,0.037043
2026-03-19,365,0.0373
2026-03-19,730,0.037924
2026-03-19,1095,0.037902
2026-03-19,1825,0.03879
2026-03-19,3650,0.042492999999999996
2026-03-19,10950,0.048372
2026-03-20,1,0.0364
2026-03-20,30,0.03657
2026-03-20,91,0.036996
2026-03-20,182,0.037438
2026-03-20,365,0.038
2026-03-20,730,0.039001
2026-03-20,1095,0.039177
2026-03-20,1825,0.04009
2026-03-20,3650,0.043796
2026-03-20,10950,0.049377000000000004
2026-03-23,1,0.0364
2026-03-23,30,0.036711
2026-03-23,91,0.036891
2026-03-23,182,0.03727
2026-03-23,365,0.037599999999999995
2026-03-23,730,0.038519
2026-03-23,1095,0.038643000000000004
2026-03-23,1825,0.039670000000000004
2026-03-23,3650,0.04341999999999999
2026-03-23,10950,0.049131
2026-03-24,1,0.0364
2026-03-24,30,0.036781
2026-03-24,91,0.036862
2026-03-24,182,0.037297
2026-03-24,365,0.0381
2026-03-24,730,0.038887
2026-03-24,1095,0.038985
2026-03-24,1825,0.03993
2026-03-24,3650,0.043599
2026-03-24,10950,0.049274
2026-03-25,1,0.0364
2026-03-25,30,0.036791
2026-03-25,91,0.037002
2026-03-25,182,0.03719
2026-03-25,365,0.0377
2026-03-25,730,0.038852000000000005
2026-03-25,1095,0.038819
2026-03-25,1825,0.03978
2026-03-25,3650,0.043322
2026-03-25,10950,0.049009
2026-03-26,1,0.0364
2026-03-26,30,0.036863
2026-03-26,91,0.037056
2026-03-26,182,0.037222
2026-03-26,365,0.0383
2026-03-26,730,0.039858
2026-03-26,1095,0.039871
2026-03-26,1825,0.04093
2026-03-26,3650,0.044116999999999996
2026-03-26,10950,0.049326
2026-03-27,1,0.0364
2026-03-27,30,0.036692
2026-03-27,91,0.036792
2026-03-27,182,0.037003
2026-03-27,365,0.0377
2026-03-27,730,0.039119
2026-03-27,1095,0.039371
2026-03-27,1825,0.0407
2026-03-27,3650,0.044278000000000005
2026-03-27,10950,0.049645
2026-03-30,1,0.0364
2026-03-30,30,0.036871
2026-03-30,91,0.036810999999999997
2026-03-30,182,0.036918
2026-03-30,365,0.0371
2026-03-30,730,0.038279
2026-03-30,1095,0.038522
2026-03-30,1825,0.03985
2026-03-30,3650,0.043482
2026-03-30,10950,0.049111
2026-03-31,1,0.0364
2026-03-31,30,0.036865999999999996
2026-03-31,91,0.036718
2026-03-31,182,0.036889
2026-03-31,365,0.0368
2026-03-31,730,0.03793
2026-03-31,1095,0.038155
2026-03-31,1825,0.03944
2026-03-31,3650,0.043166
2026-03-31,10950,0.049101
2026-04-01,1,0.0364
2026-04-01,30,0.036817
2026-04-01,91,0.036867000000000004
2026-04-01,182,0.036966
2026-04-01,365,0.0368
2026-04-01,730,0.03801
2026-04-01,1095,0.0383
2026-04-01,1825,0.03955
2026-04-01,3650,0.043186
2026-04-01,10950,0.048978
2026-04-02,1,0.0364
2026-04-02,30,0.036577
2026-04-02,91,0.036894
2026-04-02,182,0.036921
2026-04-02,365,0.0368
2026-04-02,730,0.037963
2026-04-02,1095,0.038224999999999995
2026-04-02,1825,0.03948
2026-04-02,3650,0.043049
2026-04-02,10950,0.048795000000000005
2026-04-03,1,0.0364
2026-04-03,30,0.036734
2026-04-03,91,0.036917
2026-04-03,182,0.037003
2026-04-03,365,0.037200000000000004
2026-04-03,730,0.038395
2026-04-03,1095,0.038713000000000004
2026-04-03,1825,0.03987
2026-04-03,3650,0.043406
2026-04-03,10950,0.04905
2026-04-06,1,0.0364
2026-04-06,30,0.03673
2026-04-06,91,0.037051
2026-04-06,182,0.037185
2026-04-06,365,0.037200000000000004
2026-04-06,730,0.038478
2026-04-06,1095,0.038741
2026-04-06,1825,0.03984
2026-04-06,3650,0.043307000000000005
2026-04-06,10950,0.04886599999999999
2026-04-07,1,0.0364
2026-04-07,30,0.03634
2026-04-07,91,0.036805
2026-04-07,182,0.036967
2026-04-07,365,0.0368
2026-04-07,730,0.037877
2026-04-07,1095,0.038116
2026-04-07,1825,0.0393
2026-04-07,3650,0.042931
2026-04-07,10950,0.048704
2026-04-08,1,0.0364
2026-04-08,30,0.036356
2026-04-08,91,0.036786
2026-04-08,182,0.037036
2026-04-08,365,0.0369
2026-04-08,730,0.037855
2026-04-08,1095,0.038138
2026-04-08,1825,0.03925
2026-04-08,3650,0.042911000000000005
2026-04-08,10950,0.048826
2026-04-09,1,0.0364
2026-04-09,30,0.036031
2026-04-09,91,0.036678
2026-04-09,182,0.036862
2026-04-09,365,0.0368
2026-04-09,730,0.037667
2026-04-09,1095,0.037861
2026-04-09,1825,0.03898
2026-04-09,3650,0.042754
2026-04-09,10950,0.048806
2026-04-10,1,0.0364
2026-04-10,30,0.03636
2026-04-10,91,0.036701000000000004
2026-04-10,182,0.036956
2026-04-10,365,0.037000000000000005
2026-04-10,730,0.037952
2026-04-10,1095,0.038249
2026-04-10,1825,0.03944
2026-04-10,3650,0.04317
2026-04-10,10950,0.049090999999999996
2026-04-13,1,0.0364
2026-04-13,30,0.036553
2026-04-13,91,0.03683
2026-04-13,182,0.037117
2026-04-13,365,0.037000000000000005
2026-04-13,730,0.037722000000000006
2026-04-13,1095,0.037916
2026-04-13,1825,0.03911
2026-04-13,3650,0.042933000000000006
2026-04-13,10950,0.048968
2026-04-14,1,0.0364
2026-04-14,30,0.036736
2026-04-14,91,0.036699
2026-04-14,182,0.037087
2026-04-14,365,0.0371
2026-04-14,730,0.037448999999999996
2026-04-14,1095,0.037583000000000005
2026-04-14,1825,0.03867
2026-04-14,3650,0.042478999999999996
2026-04-14,10950,0.04860299999999999
2026-04-15,1,0.0364
2026-04-15,30,0.036816
2026-04-15,91,0.036957
2026-04-15,182,0.03705
2026-04-15,365,0.037000000000000005
2026-04-15,730,0.037614
2026-04-15,1095,0.037804000000000004
2026-04-15,1825,0.03895
2026-04-15,3650,0.042834000000000004
2026-04-15,10950,0.048979
2026-04-16,1,0.0364
2026-04-16,30,0.036654
2026-04-16,91,0.036906
2026-04-16,182,0.036895
2026-04-16,365,0.0369
2026-04-16,730,0.037737
2026-04-16,1095,0.037970000000000004
2026-04-16,1825,0.03919
2026-04-16,3650,0.043112000000000004
2026-04-16,10950,0.049326
2026-04-17,1,0.0364
2026-04-17,30,0.036411
2026-04-17,91,0.036786
2026-04-17,182,0.036618
2026-04-17,365,0.0364
2026-04-17,730,0.037082000000000004
2026-04-17,1095,0.037243
2026-04-17,1825,0.03847
2026-04-17,3650,0.042480000000000004
2026-04-17,10950,0.048836000000000004
2026-04-20,1,0.0364
2026-04-20,30,0.036396000000000005
2026-04-20,91,0.036747999999999996
2026-04-20,182,0.036924
2026-04-20,365,0.0365
2026-04-20,730,0.037205
2026-04-20,1095,0.037351999999999996
2026-04-20,1825,0.03856
2026-04-20,3650,0.042510000000000006
2026-04-20,10950,0.048785999999999996
2026-04-21,1,0.0364
2026-04-21,30,0.036275
2026-04-21,91,0.036707000000000004
2026-04-21,182,0.037048
2026-04-21,365,0.0369
2026-04-21,730,0.037791
2026-04-21,1095,0.037937
2026-04-21,1825,0.03911
2026-04-21,3650,0.042915999999999996
2026-04-21,10950,0.048998999999999994
2026-04-22,1,0.0364
2026-04-22,30,0.03634
2026-04-22,91,0.03672
2026-04-22,182,0.037001
2026-04-22,365,0.0369
2026-04-22,730,0.037979
2026-04-22,1095,0.038159
2026-04-22,1825,0.03927
2026-04-22,3650,0.043025
2026-04-22,10950,0.04904
2026-04-23,1,0.0364
2026-04-23,30,0.036276
2026-04-23,91,0.03675
2026-04-23,182,0.037046
2026-04-23,365,0.037000000000000005
2026-04-23,730,0.038336999999999996
2026-04-23,1095,0.038495
2026-04-23,1825,0.039599999999999996
2026-04-23,3650,0.043244
2026-04-23,10950,0.049112
2026-04-24,1,0.0364
2026-04-24,30,0.036448
2026-04-24,91,0.036734
2026-04-24,182,0.03693
2026-04-24,365,0.036699999999999997
2026-04-24,730,0.037783000000000004
2026-04-24,1095,0.037988
2026-04-24,1825,0.039169999999999996
2026-04-24,3650,0.043007
2026-04-24,10950,0.049071
2026-04-27,1,0.0364
2026-04-27,30,0.036563
2026-04-27,91,0.03672
2026-04-27,182,0.037034
2026-04-27,365,0.0369
2026-04-27,730,0.037972
2026-04-27,1095,0.038239
2026-04-27,1825,0.03949
2026-04-27,3650,0.043395
2026-04-27,10950,0.049461000000000005
2026-04-28,1,0.0364
2026-04-28,30,0.036386
2026-04-28,91,0.036654
2026-04-28,182,0.037027000000000004
2026-04-28,365,0.0371
2026-04-28,730,0.03836
2026-04-28,1095,0.038604
2026-04-28,1825,0.03978
2026-04-28,3650,0.043455
2026-04-28,10950,0.049337
2026-04-29,1,0.0364
2026-04-29,30,0.036322
2026-04-29,91,0.036743
2026-04-29,182,0.03711
2026-04-29,365,0.0375
2026-04-29,730,0.039468
2026-04-29,1095,0.039705
2026-04-29,1825,0.040810000000000006
2026-04-29,3650,0.044298000000000004
2026-04-29,10950,0.050011
2026-04-30,1,0.0364
2026-04-30,30,0.036386
2026-04-30,91,0.036604
2026-04-30,182,0.036869
2026-04-30,365,0.037200000000000004
2026-04-30,730,0.038689
2026-04-30,1095,0.038914
2026-04-30,1825,0.040060000000000005
2026-04-30,3650,0.043705999999999995
2026-04-30,10950,0.049657
2026-05-01,1,0.0364
2026-05-01,30,0.036518
2026-05-01,91,0.036528
2026-05-01,182,0.036907
2026-05-01,365,0.0373
2026-05-01,730,0.038775
2026-05-01,1095,0.039027
2026-05-01,1825,0.04015
2026-05-01,3650,0.043697999999999994
2026-05-01,10950,0.049585
2026-05-04,1,0.0364
2026-05-04,30,0.036539999999999996
2026-05-04,91,0.036666
2026-05-04,182,0.037132
2026-05-04,365,0.0378
2026-05-04,730,0.03952
2026-05-04,1095,0.039792999999999995
2026-05-04,1825,0.04089
2026-05-04,3650,0.044382000000000005
2026-05-04,10950,0.050147000000000004
2026-05-05,1,0.0364
2026-05-05,30,0.036359
2026-05-05,91,0.036743
2026-05-05,182,0.037066
2026-05-05,365,0.0377
2026-05-05,730,0.039398
2026-05-05,1095,0.039708
2026-05-05,1825,0.0408
2026-05-05,3650,0.044241
2026-05-05,10950,0.049876
2026-05-06,1,0.0364
2026-05-06,30,0.03634
2026-05-06,91,0.036796
2026-05-06,182,0.036946
2026-05-06,365,0.0373
2026-05-06,730,0.038654
2026-05-06,1095,0.038913
2026-05-06,1825,0.03998
2026-05-06,3650,0.04348900000000001
2026-05-06,10950,0.049358000000000006
2026-05-07,1,0.0363
2026-05-07,30,0.036222
2026-05-07,91,0.036813
2026-05-07,182,0.036995
2026-05-07,365,0.037599999999999995
2026-05-07,730,0.039112
2026-05-07,1095,0.039368
2026-05-07,1825,0.04042
2026-05-07,3650,0.043861
2026-05-07,10950,0.049606000000000004
2026-05-08,1,0.0363
2026-05-08,30,0.036445
2026-05-08,91,0.036759
2026-05-08,182,0.036958000000000005
2026-05-08,365,0.0375
2026-05-08,730,0.038846
2026-05-08,1095,0.039084
2026-05-08,1825,0.04003
2026-05-08,3650,0.043540999999999996
2026-05-08,10950,0.049338
2026-05-11,1,0.0363
2026-05-11,30,0.036527
2026-05-11,91,0.036759
2026-05-11,182,0.037243
2026-05-11,365,0.0379
2026-05-11,730,0.039535999999999995
2026-05-11,1095,0.039769
2026-05-11,1825,0.04074
2026-05-11,3650,0.044134
2026-05-11,10950,0.049855000000000003
2026-05-12,1,0.0363
2026-05-12,30,0.036525
2026-05-12,91,0.036795
2026-05-12,182,0.037326
2026-05-12,365,0.038
2026-05-12,730,0.039914
2026-05-12,1095,0.040256999999999994
2026-05-12,1825,0.04127
2026-05-12,3650,0.04463
2026-05-12,10950,0.050242
2026-05-13,1,0.0363
2026-05-13,30,0.036445
2026-05-13,91,0.03675
2026-05-13,182,0.037239
2026-05-13,365,0.0379
2026-05-13,730,0.039791
2026-05-13,1095,0.040201
2026-05-13,1825,0.04118
2026-05-13,3650,0.044688
2026-05-13,10950,0.05033699999999999
2026-05-14,1,0.0363
2026-05-14,30,0.036413
2026-05-14,91,0.036747
2026-05-14,182,0.037138
2026-05-14,365,0.0379
2026-05-14,730,0.040172
2026-05-14,1095,0.040593000000000004
2026-05-14,1825,0.04154
2026-05-14,3650,0.044816
2026-05-14,10950,0.050263999999999996
2026-05-15,1,0.0363
2026-05-15,30,0.036351
2026-05-15,91,0.036641
2026-05-15,182,0.037266
2026-05-15,365,0.0382
2026-05-15,730,0.040687
2026-05-15,1095,0.041384
2026-05-15,1825,0.04259
2026-05-15,3650,0.045934
2026-05-15,10950,0.051157
2026-05-18,1,0.0363
2026-05-18,30,0.036332
2026-05-18,91,0.036395
2026-05-18,182,0.03719
2026-05-18,365,0.0381
2026-05-18,730,0.040438
2026-05-18,1095,0.041189
2026-05-18,1825,0.042359999999999995
2026-05-18,3650,0.045874
2026-05-18,10950,0.051230000000000005
2026-05-19,1,0.0362
2026-05-19,30,0.036041
2026-05-19,91,0.036516
2026-05-19,182,0.037263000000000004
2026-05-19,365,0.0383
2026-05-19,730,0.041181999999999996
2026-05-19,1095,0.042009
2026-05-19,1825,0.04327
2026-05-19,3650,0.046662999999999996
2026-05-19,10950,0.051806
2026-05-20,1,0.0362
2026-05-20,30,0.035947
2026-05-20,91,0.036409
2026-05-20,182,0.037166000000000005
2026-05-20,365,0.0379
2026-05-20,730,0.040551000000000004
2026-05-20,1095,0.04124799999999999
2026-05-20,1825,0.04245
2026-05-20,3650,0.045855
2026-05-20,10950,0.051230000000000005
2026-05-21,1,0.0362
2026-05-21,30,0.036371
2026-05-21,91,0.036607
2026-05-21,182,0.037376
2026-05-21,365,0.0383
2026-05-21,730,0.040830000000000005
2026-05-21,1095,0.041391
2026-05-21,1825,0.04245
2026-05-21,3650,0.045696
2026-05-21,10950,0.050919
2026-05-22,1,0.0362
2026-05-22,30,0.036592
2026-05-22,91,0.036623
2026-05-22,182,0.037483
2026-05-22,365,0.038599999999999995
2026-05-22,730,0.041210000000000004
2026-05-22,1095,0.041711
2026-05-22,1825,0.04258
2026-05-22,3650,0.045578
2026-05-22,10950,0.050641
2026-05-25,1,0.0362
2026-05-25,30,0.027607
2026-05-25,91,0.036606
2026-05-25,182,0.037269000000000004
2026-05-25,365,0.038599999999999995
2026-05-25,730,0.041210000000000004
2026-05-25,1095,0.041711
2026-05-25,1825,0.04258
2026-05-25,3650,0.045578
2026-05-25,10950,0.050641
2026-05-26,1,0.0362
2026-05-26,30,0.036607
2026-05-26,91,0.036626
2026-05-26,182,0.037555
2026-05-26,365,0.0382
2026-05-26,730,0.040317
2026-05-26,1095,0.040834
2026-05-26,1825,0.04173
2026-05-26,3650,0.044846000000000004
2026-05-26,10950,0.050180999999999996
2026-05-27,1,0.0362
2026-05-27,30,0.036605
2026-05-27,91,0.03665
2026-05-27,182,0.037506
2026-05-27,365,0.038
2026-05-27,730,0.040328
2026-05-27,1095,0.040836
2026-05-27,1825,0.04178
2026-05-27,3650,0.044827000000000006
2026-05-27,10950,0.05011
2026-05-28,1,0.0362
2026-05-28,30,0.03666
2026-05-28,91,0.036701000000000004
2026-05-28,182,0.037492
2026-05-28,365,0.038
2026-05-28,730,0.040205000000000005
2026-05-28,1095,0.040694999999999995
2026-05-28,1825,0.04154
2026-05-28,3650,0.044473000000000006
2026-05-28,10950,0.049726
2026-05-29,1,0.0362
2026-05-29,30,0.036680000000000004
2026-05-29,91,0.036699999999999997
2026-05-29,182,0.037409
2026-05-29,365,0.0379
2026-05-29,730,0.040041
2026-05-29,1095,0.040500999999999995
2026-05-29,1825,0.041420000000000005
2026-05-29,3650,0.044355000000000006
2026-05-29,10950,0.049715999999999996
2026-06-01,1,0.0362
2026-06-01,30,0.036861000000000005
2026-06-01,91,0.036952
2026-06-01,182,0.037529
2026-06-01,365,0.0383
2026-06-01,730,0.040328
2026-06-01,1095,0.040815000000000004
2026-06-01,1825,0.04166
2026-06-01,3650,0.044531999999999995
2026-06-01,10950,0.049696
2026-06-02,1,0.0362
2026-06-02,30,0.036846000000000004
2026-06-02,91,0.036943000000000004
2026-06-02,182,0.037583000000000005
2026-06-02,365,0.0382
2026-06-02,730,0.040431
2026-06-02,1095,0.040873
2026-06-02,1825,0.0417
2026-06-02,3650,0.044433
2026-06-02,10950,0.049554999999999995
2026-06-03,1,0.0362
2026-06-03,30,0.036678
2026-06-03,91,0.037061000000000004
2026-06-03,182,0.037637000000000004
2026-06-03,365,0.0384
2026-06-03,730,0.040824
2026-06-03,1095,0.041331
2026-06-03,1825,0.04217
2026-06-03,3650,0.044946
2026-06-03,10950,0.049916999999999996
2026-06-04,1,0.0362
2026-06-04,30,0.036557
2026-06-04,91,0.037016
2026-06-04,182,0.037574
2026-06-04,365,0.0382
2026-06-04,730,0.040431
2026-06-04,1095,0.040962
2026-06-04,1825,0.04185
2026-06-04,3650,0.044729
2026-06-04,10950,0.049746
2026-06-05,1,0.0362
2026-06-05,30,0.03657
2026-06-05,91,0.037056
2026-06-05,182,0.037867000000000005
2026-06-05,365,0.0388
2026-06-05,730,0.04147
2026-06-05,1095,0.041999
2026-06-05,1825,0.04269
2026-06-05,3650,0.045303
2026-06-05,10950,0.049957
2026-06-08,1,0.0362
2026-06-08,30,0.036692999999999996
2026-06-08,91,0.037092
2026-06-08,182,0.038002
2026-06-08,365,0.0385
2026-06-08,730,0.041618
2026-06-08,1095,0.042145
2026-06-08,1825,0.042910000000000004
2026-06-08,3650,0.045621999999999996
2026-06-08,10950,0.050353
2026-06-09,1,0.0362
2026-06-09,30,0.036496
2026-06-09,91,0.03691
2026-06-09,182,0.03803
2026-06-09,365,0.039
2026-06-09,730,0.041181
2026-06-09,1095,0.041688
2026-06-09,1825,0.04245
2026-06-09,3650,0.045165
2026-06-09,10950,0.049967
2026-06-10,1,0.0362
2026-06-10,30,0.036574
2026-06-10,91,0.037114
2026-06-10,182,0.038104
2026-06-10,365,0.039
2026-06-10,730,0.041433
2026-06-10,1095,0.042005999999999995
2026-06-10,1825,0.042809999999999994
2026-06-10,3650,0.045523
2026-06-10,10950,0.050292
2026-06-11,1,0.0362
2026-06-11,30,0.03641
2026-06-11,91,0.037028
2026-06-11,182,0.037879
2026-06-11,365,0.0385
2026-06-11,730,0.040618999999999995
2026-06-11,1095,0.04111
2026-06-11,1825,0.04185
2026-06-11,3650,0.044611
2026-06-11,10950,0.049554
2026-06-12,1,0.0362
2026-06-12,30,0.036497
2026-06-12,91,0.036977
2026-06-12,182,0.037925
2026-06-12,365,0.038599999999999995
2026-06-12,730,0.040809
2026-06-12,1095,0.041306
2026-06-12,1825,0.042069999999999996
2026-06-12,3650,0.044789
2026-06-12,10950,0.049664
2026-06-15,1,0.0363
2026-06-15,30,0.036547
2026-06-15,91,0.037012
2026-06-15,182,0.037936
2026-06-15,365,0.0384
2026-06-15,730,0.040663
2026-06-15,1095,0.04111
2026-06-15,1825,0.04192
2026-06-15,3650,0.04473
2026-06-15,10950,0.049785
2026-06-16,1,0.0363
2026-06-16,30,0.036278000000000005
2026-06-16,91,0.037073
2026-06-16,182,0.037903
2026-06-16,365,0.0384
2026-06-16,730,0.040515999999999996
2026-06-16,1095,0.040941
2026-06-16,1825,0.041639999999999996
2026-06-16,3650,0.044394
2026-06-16,10950,0.049434
2026-06-17,1,0.0363
2026-06-17,30,0.036466
2026-06-17,91,0.037531
2026-06-17,182,0.038799
2026-06-17,365,0.0398
2026-06-17,730,0.041843000000000005
2026-06-17,1095,0.042147
2026-06-17,1825,0.04263
2026-06-17,3650,0.044869000000000006
2026-06-17,10950,0.049314
2026-06-18,1,0.0363
2026-06-18,30,0.036371
2026-06-18,91,0.037401
2026-06-18,182,0.038900000000000004
2026-06-18,365,0.04
2026-06-18,730,0.041767000000000006
2026-06-18,1095,0.041923
2026-06-18,1825,0.04233
2026-06-18,3650,0.044532999999999996
2026-06-18,10950,0.048976
2026-06-19,1,0.0363
2026-06-19,30,0.036291000000000004
2026-06-19,91,0.037401
2026-06-19,182,0.038900000000000004
2026-06-19,365,0.04
2026-06-19,730,0.041767000000000006
2026-06-19,1095,0.041923
2026-06-19,1825,0.04233
2026-06-19,3650,0.044532999999999996
2026-06-19,10950,0.048976
2026-06-22,1,0.0363
2026-06-22,30,0.036012
2026-06-22,91,0.03762
2026-06-22,182,0.039368
2026-06-22,365,0.0404
2026-06-22,730,0.042256999999999996
2026-06-22,1095,0.042459
2026-06-22,1825,0.04288
2026-06-22,3650,0.045087999999999996
2026-06-22,10950,0.049483
2026-06-23,1,0.0363
2026-06-23,30,0.036083
2026-06-23,91,0.037531
2026-06-23,182,0.039285
2026-06-23,365,0.0401
2026-06-23,730,0.041983
2026-06-23,1095,0.042177
2026-06-23,1825,0.04269
2026-06-23,3650,0.044969
2026-06-23,10950,0.049453
2026-06-24,1,0.0363
2026-06-24,30,0.036113
2026-06-24,91,0.037742
2026-06-24,182,0.039375
2026-06-24,365,0.039900000000000005
2026-06-24,730,0.041456
2026-06-24,1095,0.041444
2026-06-24,1825,0.041769999999999995
2026-06-24,3650,0.043921999999999996
2026-06-24,10950,0.048396
2026-06-25,1,0.0363
2026-06-25,30,0.036284000000000004
2026-06-25,91,0.03762
2026-06-25,182,0.039262
2026-06-25,365,0.039599999999999996
2026-06-25,730,0.041228999999999995
2026-06-25,1095,0.041218000000000005
2026-06-25,1825,0.04166
2026-06-25,3650,0.043921999999999996
2026-06-25,10950,0.048611
2026-06-26,1,0.0363
2026-06-26,30,0.036529
2026-06-26,91,0.037429000000000004
2026-06-26,182,0.039159
2026-06-26,365,0.0394
2026-06-26,730,0.040921000000000006
2026-06-26,1095,0.040905
2026-06-26,1825,0.04128999999999999
2026-06-26,3650,0.043685999999999996
2026-06-26,10950,0.048639999999999996
2026-06-29,1,0.0363
2026-06-29,30,0.036784
2026-06-29,91,0.037641
2026-06-29,182,0.039453999999999996
2026-06-29,365,0.0397
2026-06-29,730,0.041045
2026-06-29,1095,0.041074
2026-06-29,1825,0.041429999999999995
2026-06-29,3650,0.043744
2026-06-29,10950,0.04863000000000001
2026-06-30,1,0.0363
2026-06-30,30,0.036571
2026-06-30,91,0.038105
2026-06-30,182,0.039695
2026-06-30,365,0.0398
2026-06-30,730,0.041722999999999996
2026-06-30,1095,0.041811
2026-06-30,1825,0.04227
2026-06-30,3650,0.044652000000000004
2026-06-30,10950,0.049513
