Date,Ticker,AdjClose
2019-01-02,AAPL,157.92
2019-01-02,SPX,2510.03
2019-01-02,TSLA,310.12
2019-01-03,AAPL,142.19
2019-01-03,SPX,2447.89
2019-01-03,TSLA,300.36
2019-01-04,AAPL,148.26
2019-01-04,SPX,2531.94
2019-01-04,TSLA,317.69
2019-01-07,AAPL,147.93
2019-01-07,SPX,2549.69
2019-01-07,TSLA,334.96
2019-01-08,AAPL,150.75
2019-01-08,SPX,2574.41
2019-01-08,TSLA,335.35
2019-01-09,AAPL,153.31
2019-01-09,SPX,2584.96
2019-01-09,TSLA,338.53
2019-01-10,AAPL,153.8
2019-01-10,SPX,2596.64
2019-01-10,TSLA,344.97
2019-01-11,AAPL,152.29
2019-01-11,SPX,2596.26
2019-01-11,TSLA,347.26
2019-01-14,AAPL,150.0
2019-01-14,SPX,2582.61
2019-01-14,TSLA,334.4
2019-01-15,AAPL,153.07
2019-01-15,SPX,2610.3
2019-01-15,TSLA,344.43
2019-01-16,AAPL,154.94
2019-01-16,SPX,2616.1
2019-01-16,TSLA,346.05
2019-01-17,AAPL,155.86
2019-01-17,SPX,2635.96
2019-01-17,TSLA,347.31
2019-01-18,AAPL,156.82
2019-01-18,SPX,2670.71
2019-01-18,TSLA,302.26
2019-01-22,AAPL,153.3
2019-01-22,SPX,2632.9
2019-01-22,TSLA,298.92
2019-01-23,AAPL,153.92
2019-01-23,SPX,2638.7
2019-01-23,TSLA,287.59
2019-01-24,AAPL,152.7
2019-01-24,SPX,2642.33
2019-01-24,TSLA,291.51
2019-01-25,AAPL,157.76
2019-01-25,SPX,2664.76
2019-01-25,TSLA,297.04
2019-01-28,AAPL,156.3
2019-01-28,SPX,2643.85
2019-01-28,TSLA,296.38
2019-01-29,AAPL,154.68
2019-01-29,SPX,2640.0
2019-01-29,TSLA,297.46
2019-01-30,AAPL,165.25
2019-01-30,SPX,2681.05
2019-01-30,TSLA,308.77
2019-01-31,AAPL,166.44
2019-01-31,SPX,2704.1
2019-01-31,TSLA,307.02
2019-02-01,AAPL,166.52
2019-02-01,SPX,2706.53
2019-02-01,TSLA,312.21
2019-02-04,AAPL,171.25
2019-02-04,SPX,2724.87
2019-02-04,TSLA,312.89
2019-02-05,AAPL,174.18
2019-02-05,SPX,2737.7
2019-02-05,TSLA,321.35
2019-02-06,AAPL,174.24
2019-02-06,SPX,2731.61
2019-02-06,TSLA,317.22
2019-02-07,AAPL,170.94
2019-02-07,SPX,2706.05
2019-02-07,TSLA,307.51
2019-02-08,AAPL,170.41
2019-02-08,SPX,2707.88
2019-02-08,TSLA,305.8
2019-02-11,AAPL,169.43
2019-02-11,SPX,2709.8
2019-02-11,TSLA,312.84
2019-02-12,AAPL,170.89
2019-02-12,SPX,2744.73
2019-02-12,TSLA,311.81
2019-02-13,AAPL,170.18
2019-02-13,SPX,2753.03
2019-02-13,TSLA,308.17
2019-02-14,AAPL,170.8
2019-02-14,SPX,2745.73
2019-02-14,TSLA,303.77
2019-02-15,AAPL,170.42
2019-02-15,SPX,2775.6
2019-02-15,TSLA,307.88
2019-02-19,AAPL,170.93
2019-02-19,SPX,2779.76
2019-02-19,TSLA,305.64
2019-02-20,AAPL,172.03
2019-02-20,SPX,2784.7
2019-02-20,TSLA,302.56
2019-02-21,AAPL,171.06
2019-02-21,SPX,2774.88
2019-02-21,TSLA,291.23
2019-02-22,AAPL,172.97
2019-02-22,SPX,2792.67
2019-02-22,TSLA,294.71
2019-02-25,AAPL,174.23
2019-02-25,SPX,2796.11
2019-02-25,TSLA,298.77
2019-02-26,AAPL,174.33
2019-02-26,SPX,2793.9
2019-02-26,TSLA,297.86
2019-02-27,AAPL,174.87
2019-02-27,SPX,2792.38
2019-02-27,TSLA,314.74
2019-02-28,AAPL,173.15
2019-02-28,SPX,2784.49
2019-02-28,TSLA,319.88
2019-03-01,AAPL,174.97
2019-03-01,SPX,2803.69
2019-03-01,TSLA,294.79
2019-03-04,AAPL,175.85
2019-03-04,SPX,2792.81
2019-03-04,TSLA,285.36
2019-03-05,AAPL,175.53
2019-03-05,SPX,2789.65
2019-03-05,TSLA,276.54
2019-03-06,AAPL,174.52
2019-03-06,SPX,2771.45
2019-03-06,TSLA,276.24
2019-03-07,AAPL,172.5
2019-03-07,SPX,2748.93
2019-03-07,TSLA,276.59
2019-03-08,AAPL,172.91
2019-03-08,SPX,2743.07
2019-03-08,TSLA,284.14
2019-03-11,AAPL,178.9
2019-03-11,SPX,2783.3
2019-03-11,TSLA,290.92
2019-03-12,AAPL,180.91
2019-03-12,SPX,2791.52
2019-03-12,TSLA,283.36
2019-03-13,AAPL,181.71
2019-03-13,SPX,2810.92
2019-03-13,TSLA,288.96
2019-03-14,AAPL,183.73
2019-03-14,SPX,2808.48
2019-03-14,TSLA,289.96
2019-03-15,AAPL,186.12
2019-03-15,SPX,2822.48
2019-03-15,TSLA,275.43
2019-03-18,AAPL,188.02
2019-03-18,SPX,2832.94
2019-03-18,TSLA,269.49
2019-03-19,AAPL,186.53
2019-03-19,SPX,2832.57
2019-03-19,TSLA,267.47
2019-03-20,AAPL,188.16
2019-03-20,SPX,2824.23
2019-03-20,TSLA,273.6
2019-03-21,AAPL,195.09
2019-03-21,SPX,2854.88
2019-03-21,TSLA,274.02
2019-03-22,AAPL,191.05
2019-03-22,SPX,2800.71
2019-03-22,TSLA,264.53
2019-03-25,AAPL,188.74
2019-03-25,SPX,2798.36
2019-03-25,TSLA,260.42
2019-03-26,AAPL,186.79
2019-03-26,SPX,2818.46
2019-03-26,TSLA,267.77
2019-03-27,AAPL,188.47
2019-03-27,SPX,2805.37
2019-03-27,TSLA,274.83
2019-03-28,AAPL,188.72
2019-03-28,SPX,2815.44
2019-03-28,TSLA,278.62
2019-03-29,AAPL,189.95
2019-03-29,SPX,2834.4
2019-03-29,TSLA,279.86
2019-04-01,AAPL,191.24
2019-04-01,SPX,2867.19
2019-04-01,TSLA,289.18
2019-04-02,AAPL,194.02
2019-04-02,SPX,2867.24
2019-04-02,TSLA,285.88
2019-04-03,AAPL,195.35
2019-04-03,SPX,2873.4
2019-04-03,TSLA,291.81
2019-04-04,AAPL,195.69
2019-04-04,SPX,2879.39
2019-04-04,TSLA,267.78
2019-04-05,AAPL,197.0
2019-04-05,SPX,2892.74
2019-04-05,TSLA,274.96
2019-04-08,AAPL,200.1
2019-04-08,SPX,2895.77
2019-04-08,TSLA,273.2
2019-04-09,AAPL,199.5
2019-04-09,SPX,2878.2
2019-04-09,TSLA,272.31
2019-04-10,AAPL,200.62
2019-04-10,SPX,2888.21
2019-04-10,TSLA,276.06
2019-04-11,AAPL,198.95
2019-04-11,SPX,2888.32
2019-04-11,TSLA,268.42
2019-04-12,AAPL,198.87
2019-04-12,SPX,2907.41
2019-04-12,TSLA,267.7
2019-04-15,AAPL,199.23
2019-04-15,SPX,2905.58
2019-04-15,TSLA,266.38
2019-04-16,AAPL,199.25
2019-04-16,SPX,2907.06
2019-04-16,TSLA,273.36
2019-04-17,AAPL,203.13
2019-04-17,SPX,2900.45
2019-04-17,TSLA,271.23
2019-04-18,AAPL,203.86
2019-04-18,SPX,2905.03
2019-04-18,TSLA,273.26
2019-04-22,AAPL,204.53
2019-04-22,SPX,2907.97
2019-04-22,TSLA,262.75
2019-04-23,AAPL,207.48
2019-04-23,SPX,2933.68
2019-04-23,TSLA,263.9
2019-04-24,AAPL,207.16
2019-04-24,SPX,2927.25
2019-04-24,TSLA,258.66
2019-04-25,AAPL,205.28
2019-04-25,SPX,2926.17
2019-04-25,TSLA,247.63
2019-04-26,AAPL,204.3
2019-04-26,SPX,2939.88
2019-04-26,TSLA,235.14
2019-04-29,AAPL,204.61
2019-04-29,SPX,2943.03
2019-04-29,TSLA,241.47
2019-04-30,AAPL,200.67
2019-04-30,SPX,2945.83
2019-04-30,TSLA,238.69
2019-05-01,AAPL,210.52
2019-05-01,SPX,2923.73
2019-05-01,TSLA,234.01
2019-05-02,AAPL,209.15
2019-05-02,SPX,2917.52
2019-05-02,TSLA,244.1
2019-05-03,AAPL,211.75
2019-05-03,SPX,2945.64
2019-05-03,TSLA,255.03
2019-05-06,AAPL,208.48
2019-05-06,SPX,2932.47
2019-05-06,TSLA,255.34
2019-05-07,AAPL,202.86
2019-05-07,SPX,2884.05
2019-05-07,TSLA,247.06
2019-05-08,AAPL,202.9
2019-05-08,SPX,2879.42
2019-05-08,TSLA,244.84
2019-05-09,AAPL,200.72
2019-05-09,SPX,2870.72
2019-05-09,TSLA,241.98
2019-05-10,AAPL,197.18
2019-05-10,SPX,2881.4
2019-05-10,TSLA,239.52
2019-05-13,AAPL,185.72
2019-05-13,SPX,2811.87
2019-05-13,TSLA,227.01
2019-05-14,AAPL,188.66
2019-05-14,SPX,2834.41
2019-05-14,TSLA,232.31
2019-05-15,AAPL,190.92
2019-05-15,SPX,2850.96
2019-05-15,TSLA,231.95
2019-05-16,AAPL,190.08
2019-05-16,SPX,2876.32
2019-05-16,TSLA,228.33
2019-05-17,AAPL,189.0
2019-05-17,SPX,2859.53
2019-05-17,TSLA,211.03
2019-05-20,AAPL,183.09
2019-05-20,SPX,2840.23
2019-05-20,TSLA,205.36
2019-05-21,AAPL,186.6
2019-05-21,SPX,2864.36
2019-05-21,TSLA,205.08
2019-05-22,AAPL,182.78
2019-05-22,SPX,2856.27
2019-05-22,TSLA,192.73
2019-05-23,AAPL,179.66
2019-05-23,SPX,2822.24
2019-05-23,TSLA,195.49
2019-05-24,AAPL,178.97
2019-05-24,SPX,2826.06
2019-05-24,TSLA,190.63
2019-05-28,AAPL,178.23
2019-05-28,SPX,2802.39
2019-05-28,TSLA,188.7
2019-05-29,AAPL,177.38
2019-05-29,SPX,2783.02
2019-05-29,TSLA,189.86
2019-05-30,AAPL,178.3
2019-05-30,SPX,2788.86
2019-05-30,TSLA,188.22
2019-05-31,AAPL,175.07
2019-05-31,SPX,2752.06
2019-05-31,TSLA,185.16
2019-06-03,AAPL,173.3
2019-06-03,SPX,2744.45
2019-06-03,TSLA,178.97
2019-06-04,AAPL,179.64
2019-06-04,SPX,2803.27
2019-06-04,TSLA,193.6
2019-06-05,AAPL,182.54
2019-06-05,SPX,2826.15
2019-06-05,TSLA,196.59
2019-06-06,AAPL,185.22
2019-06-06,SPX,2843.49
2019-06-06,TSLA,205.95
2019-06-07,AAPL,190.15
2019-06-07,SPX,2873.34
2019-06-07,TSLA,204.5
2019-06-10,AAPL,192.58
2019-06-10,SPX,2886.73
2019-06-10,TSLA,212.88
2019-06-11,AAPL,194.81
2019-06-11,SPX,2885.72
2019-06-11,TSLA,217.1
2019-06-12,AAPL,194.19
2019-06-12,SPX,2879.84
2019-06-12,TSLA,209.26
2019-06-13,AAPL,194.15
2019-06-13,SPX,2891.64
2019-06-13,TSLA,213.91
2019-06-14,AAPL,192.74
2019-06-14,SPX,2886.98
2019-06-14,TSLA,214.92
2019-06-17,AAPL,193.89
2019-06-17,SPX,2889.67
2019-06-17,TSLA,225.03
2019-06-18,AAPL,198.45
2019-06-18,SPX,2917.75
2019-06-18,TSLA,224.74
2019-06-19,AAPL,197.87
2019-06-19,SPX,2926.46
2019-06-19,TSLA,226.43
2019-06-20,AAPL,199.46
2019-06-20,SPX,2954.18
2019-06-20,TSLA,219.62
2019-06-21,AAPL,198.78
2019-06-21,SPX,2950.46
2019-06-21,TSLA,221.86
2019-06-24,AAPL,198.58
2019-06-24,SPX,2945.35
2019-06-24,TSLA,223.64
2019-06-25,AAPL,195.57
2019-06-25,SPX,2917.38
2019-06-25,TSLA,219.76
2019-06-26,AAPL,199.8
2019-06-26,SPX,2913.78
2019-06-26,TSLA,219.27
2019-06-27,AAPL,199.74
2019-06-27,SPX,2924.92
2019-06-27,TSLA,222.84
2019-06-28,AAPL,197.92
2019-06-28,SPX,2941.76
2019-06-28,TSLA,223.46
2019-07-01,AAPL,201.55
2019-07-01,SPX,2964.33
2019-07-01,TSLA,227.17
2019-07-02,AAPL,202.73
2019-07-02,SPX,2973.01
2019-07-02,TSLA,224.55
2019-07-03,AAPL,204.41
2019-07-03,SPX,2995.82
2019-07-03,TSLA,234.9
2019-07-05,AAPL,204.23
2019-07-05,SPX,2990.41
2019-07-05,TSLA,233.1
2019-07-08,AAPL,200.02
2019-07-08,SPX,2975.95
2019-07-08,TSLA,230.34
2019-07-09,AAPL,201.24
2019-07-09,SPX,2979.63
2019-07-09,TSLA,230.06
2019-07-10,AAPL,203.23
2019-07-10,SPX,2993.07
2019-07-10,TSLA,238.92
2019-07-11,AAPL,201.75
2019-07-11,SPX,2999.91
2019-07-11,TSLA,238.6
2019-07-12,AAPL,203.3
2019-07-12,SPX,3013.77
2019-07-12,TSLA,245.08
2019-07-15,AAPL,205.21
2019-07-15,SPX,3014.3
2019-07-15,TSLA,253.5
2019-07-16,AAPL,204.5
2019-07-16,SPX,3004.04
2019-07-16,TSLA,252.38
2019-07-17,AAPL,203.35
2019-07-17,SPX,2984.42
2019-07-17,TSLA,254.86
2019-07-18,AAPL,205.66
2019-07-18,SPX,2995.11
2019-07-18,TSLA,253.54
2019-07-19,AAPL,202.59
2019-07-19,SPX,2976.61
2019-07-19,TSLA,258.18
2019-07-22,AAPL,207.22
2019-07-22,SPX,2985.03
2019-07-22,TSLA,255.68
2019-07-23,AAPL,208.84
2019-07-23,SPX,3005.47
2019-07-23,TSLA,260.17
2019-07-24,AAPL,208.67
2019-07-24,SPX,3019.56
2019-07-24,TSLA,264.88
2019-07-25,AAPL,207.02
2019-07-25,SPX,3003.67
2019-07-25,TSLA,228.82
2019-07-26,AAPL,207.74
2019-07-26,SPX,3025.86
2019-07-26,TSLA,228.04
2019-07-29,AAPL,209.68
2019-07-29,SPX,3020.97
2019-07-29,TSLA,235.77
2019-07-30,AAPL,208.78
2019-07-30,SPX,3013.18
2019-07-30,TSLA,242.26
2019-07-31,AAPL,213.04
2019-07-31,SPX,2980.38
2019-07-31,TSLA,241.61
2019-08-01,AAPL,208.43
2019-08-01,SPX,2953.56
2019-08-01,TSLA,233.85
2019-08-02,AAPL,204.02
2019-08-02,SPX,2932.05
2019-08-02,TSLA,234.34
2019-08-05,AAPL,193.34
2019-08-05,SPX,2844.74
2019-08-05,TSLA,228.32
2019-08-06,AAPL,197.0
2019-08-06,SPX,2881.77
2019-08-06,TSLA,230.75
2019-08-07,AAPL,199.04
2019-08-07,SPX,2883.98
2019-08-07,TSLA,233.42
2019-08-08,AAPL,203.43
2019-08-08,SPX,2938.09
2019-08-08,TSLA,238.3
2019-08-09,AAPL,200.99
2019-08-09,SPX,2918.65
2019-08-09,TSLA,235.01
2019-08-12,AAPL,200.48
2019-08-12,SPX,2883.75
2019-08-12,TSLA,229.01
2019-08-13,AAPL,208.97
2019-08-13,SPX,2926.32
2019-08-13,TSLA,235.0
2019-08-14,AAPL,202.75
2019-08-14,SPX,2840.6
2019-08-14,TSLA,219.62
2019-08-15,AAPL,201.74
2019-08-15,SPX,2847.6
2019-08-15,TSLA,215.64
2019-08-16,AAPL,206.5
2019-08-16,SPX,2888.68
2019-08-16,TSLA,219.94
2019-08-19,AAPL,210.35
2019-08-19,SPX,2923.65
2019-08-19,TSLA,226.83
2019-08-20,AAPL,210.36
2019-08-20,SPX,2900.51
2019-08-20,TSLA,225.86
2019-08-21,AAPL,212.64
2019-08-21,SPX,2924.43
2019-08-21,TSLA,220.83
2019-08-22,AAPL,212.46
2019-08-22,SPX,2922.95
2019-08-22,TSLA,222.15
2019-08-23,AAPL,202.64
2019-08-23,SPX,2847.11
2019-08-23,TSLA,211.4
2019-08-26,AAPL,206.49
2019-08-26,SPX,2878.38
2019-08-26,TSLA,215.0
2019-08-27,AAPL,204.16
2019-08-27,SPX,2869.16
2019-08-27,TSLA,214.08
2019-08-28,AAPL,205.53
2019-08-28,SPX,2887.94
2019-08-28,TSLA,215.59
2019-08-29,AAPL,209.01
2019-08-29,SPX,2924.58
2019-08-29,TSLA,221.71
2019-08-30,AAPL,208.74
2019-08-30,SPX,2926.46
2019-08-30,TSLA,225.61
2019-09-03,AAPL,205.7
2019-09-03,SPX,2906.27
2019-09-03,TSLA,225.01
2019-09-04,AAPL,209.19
2019-09-04,SPX,2937.78
2019-09-04,TSLA,220.68
2019-09-05,AAPL,213.28
2019-09-05,SPX,2976.0
2019-09-05,TSLA,229.58
2019-09-06,AAPL,213.26
2019-09-06,SPX,2978.71
2019-09-06,TSLA,227.45
2019-09-09,AAPL,214.17
2019-09-09,SPX,2978.43
2019-09-09,TSLA,231.79
2019-09-10,AAPL,216.7
2019-09-10,SPX,2979.39
2019-09-10,TSLA,235.54
2019-09-11,AAPL,223.59
2019-09-11,SPX,3000.93
2019-09-11,TSLA,247.1
2019-09-12,AAPL,223.085
2019-09-12,SPX,3009.57
2019-09-12,TSLA,245.87
2019-09-13,AAPL,218.75
2019-09-13,SPX,3007.39
2019-09-13,TSLA,245.2
2019-09-16,AAPL,219.9
2019-09-16,SPX,2997.96
2019-09-16,TSLA,242.81
2019-09-17,AAPL,220.7
2019-09-17,SPX,3005.7
2019-09-17,TSLA,244.79
2019-09-18,AAPL,222.77
2019-09-18,SPX,3006.73
2019-09-18,TSLA,243.49
2019-09-19,AAPL,220.96
2019-09-19,SPX,3006.79
2019-09-19,TSLA,246.6
2019-09-20,AAPL,217.73
2019-09-20,SPX,2992.07
2019-09-20,TSLA,240.62
2019-09-23,AAPL,218.72
2019-09-23,SPX,2991.78
2019-09-23,TSLA,241.23
2019-09-24,AAPL,217.68
2019-09-24,SPX,2966.6
2019-09-24,TSLA,223.21
2019-09-25,AAPL,221.03
2019-09-25,SPX,2984.87
2019-09-25,TSLA,228.7
2019-09-26,AAPL,219.89
2019-09-26,SPX,2977.62
2019-09-26,TSLA,242.56
2019-09-27,AAPL,218.82
2019-09-27,SPX,2961.79
2019-09-27,TSLA,242.13
2019-09-30,AAPL,223.97
2019-09-30,SPX,2976.74
2019-09-30,TSLA,240.87
2019-10-01,AAPL,224.59
2019-10-01,SPX,2940.25
2019-10-01,TSLA,244.69
2019-10-02,AAPL,218.96
2019-10-02,SPX,2887.61
2019-10-02,TSLA,243.13
2019-10-03,AAPL,220.82
2019-10-03,SPX,2910.63
2019-10-03,TSLA,233.03
2019-10-04,AAPL,227.01
2019-10-04,SPX,2952.01
2019-10-04,TSLA,231.43
2019-10-07,AAPL,227.06
2019-10-07,SPX,2938.79
2019-10-07,TSLA,237.72
2019-10-08,AAPL,224.4
2019-10-08,SPX,2893.06
2019-10-08,TSLA,240.05
2019-10-09,AAPL,227.03
2019-10-09,SPX,2919.4
2019-10-09,TSLA,244.53
2019-10-10,AAPL,230.09
2019-10-10,SPX,2938.13
2019-10-10,TSLA,244.74
2019-10-11,AAPL,236.21
2019-10-11,SPX,2970.27
2019-10-11,TSLA,247.89
2019-10-14,AAPL,235.87
2019-10-14,SPX,2966.15
2019-10-14,TSLA,256.96
2019-10-15,AAPL,235.32
2019-10-15,SPX,2995.68
2019-10-15,TSLA,257.89
2019-10-16,AAPL,234.37
2019-10-16,SPX,2989.69
2019-10-16,TSLA,259.75
2019-10-17,AAPL,235.28
2019-10-17,SPX,2997.95
2019-10-17,TSLA,261.97
2019-10-18,AAPL,236.41
2019-10-18,SPX,2986.2
2019-10-18,TSLA,256.95
2019-10-21,AAPL,240.51
2019-10-21,SPX,3006.72
2019-10-21,TSLA,253.5
2019-10-22,AAPL,239.96
2019-10-22,SPX,2995.99
2019-10-22,TSLA,255.58
2019-10-23,AAPL,243.18
2019-10-23,SPX,3004.52
2019-10-23,TSLA,254.68
2019-10-24,AAPL,243.58
2019-10-24,SPX,3010.29
2019-10-24,TSLA,299.68
2019-10-25,AAPL,246.58
2019-10-25,SPX,3022.55
2019-10-25,TSLA,328.13
2019-10-28,AAPL,249.05
2019-10-28,SPX,3039.42
2019-10-28,TSLA,327.71
2019-10-29,AAPL,243.29
2019-10-29,SPX,3036.89
2019-10-29,TSLA,316.22
2019-10-30,AAPL,243.26
2019-10-30,SPX,3046.77
2019-10-30,TSLA,315.01
2019-10-31,AAPL,248.76
2019-10-31,SPX,3037.56
2019-10-31,TSLA,314.92
2019-11-01,AAPL,255.82
2019-11-01,SPX,3066.91
2019-11-01,TSLA,313.31
2019-11-04,AAPL,257.5
2019-11-04,SPX,3078.27
2019-11-04,TSLA,317.47
2019-11-05,AAPL,257.13
2019-11-05,SPX,3074.62
2019-11-05,TSLA,317.22
2019-11-06,AAPL,257.24
2019-11-06,SPX,3076.78
2019-11-06,TSLA,326.58
2019-11-07,AAPL,259.43
2019-11-07,SPX,3085.18
2019-11-07,TSLA,335.54
2019-11-08,AAPL,260.14
2019-11-08,SPX,3093.08
2019-11-08,TSLA,337.14
2019-11-11,AAPL,262.2
2019-11-11,SPX,3087.01
2019-11-11,TSLA,345.09
2019-11-12,AAPL,261.96
2019-11-12,SPX,3091.84
2019-11-12,TSLA,349.93
2019-11-13,AAPL,264.47
2019-11-13,SPX,3094.04
2019-11-13,TSLA,346.11
2019-11-14,AAPL,262.64
2019-11-14,SPX,3096.63
2019-11-14,TSLA,349.35
2019-11-15,AAPL,265.76
2019-11-15,SPX,3120.46
2019-11-15,TSLA,352.17
2019-11-18,AAPL,267.1
2019-11-18,SPX,3122.03
2019-11-18,TSLA,349.99
2019-11-19,AAPL,266.29
2019-11-19,SPX,3120.18
2019-11-19,TSLA,359.52
2019-11-20,AAPL,263.19
2019-11-20,SPX,3108.46
2019-11-20,TSLA,352.22
2019-11-21,AAPL,262.01
2019-11-21,SPX,3103.54
2019-11-21,TSLA,354.83
2019-11-22,AAPL,261.78
2019-11-22,SPX,3110.29
2019-11-22,TSLA,333.04
2019-11-25,AAPL,266.37
2019-11-25,SPX,3133.64
2019-11-25,TSLA,336.34
2019-11-26,AAPL,264.29
2019-11-26,SPX,3140.52
2019-11-26,TSLA,328.92
2019-11-27,AAPL,267.84
2019-11-27,SPX,3153.63
2019-11-27,TSLA,331.29
2019-11-29,AAPL,267.25
2019-11-29,SPX,3140.98
2019-11-29,TSLA,329.94
2019-12-02,AAPL,264.16
2019-12-02,SPX,3113.87
2019-12-02,TSLA,334.87
2019-12-03,AAPL,259.45
2019-12-03,SPX,3093.2
2019-12-03,TSLA,336.2
2019-12-04,AAPL,261.74
2019-12-04,SPX,3112.76
2019-12-04,TSLA,333.03
2019-12-05,AAPL,265.58
2019-12-05,SPX,3117.43
2019-12-05,TSLA,330.37
2019-12-06,AAPL,270.71
2019-12-06,SPX,3145.91
2019-12-06,TSLA,335.89
2019-12-09,AAPL,266.92
2019-12-09,SPX,3135.96
2019-12-09,TSLA,339.53
2019-12-10,AAPL,268.48
2019-12-10,SPX,3132.52
2019-12-10,TSLA,348.84
2019-12-11,AAPL,270.77
2019-12-11,SPX,3141.63
2019-12-11,TSLA,352.7
2019-12-12,AAPL,271.46
2019-12-12,SPX,3168.57
2019-12-12,TSLA,359.68
2019-12-13,AAPL,275.15
2019-12-13,SPX,3168.8
2019-12-13,TSLA,358.39
2019-12-16,AAPL,279.86
2019-12-16,SPX,3191.45
2019-12-16,TSLA,381.5
2019-12-17,AAPL,280.41
2019-12-17,SPX,3192.52
2019-12-17,TSLA,378.99
2019-12-18,AAPL,279.74
2019-12-18,SPX,3191.14
2019-12-18,TSLA,393.15
2019-12-19,AAPL,280.02
2019-12-19,SPX,3205.37
2019-12-19,TSLA,404.04
2019-12-20,AAPL,279.44
2019-12-20,SPX,3221.22
2019-12-20,TSLA,405.59
2019-12-23,AAPL,284.0
2019-12-23,SPX,3224.01
2019-12-23,TSLA,419.22
2019-12-24,AAPL,284.27
2019-12-24,SPX,3223.38
2019-12-24,TSLA,425.25
2019-12-26,AAPL,289.91
2019-12-26,SPX,3239.91
2019-12-26,TSLA,430.94
2019-12-27,AAPL,289.8
2019-12-27,SPX,3240.02
2019-12-27,TSLA,430.38
2019-12-30,AAPL,291.52
2019-12-30,SPX,3221.29
2019-12-30,TSLA,414.7
2019-12-31,AAPL,293.65
2019-12-31,SPX,3230.78
2019-12-31,TSLA,418.33
2020-01-02,AAPL,300.35
2020-01-02,SPX,3257.85
2020-01-02,TSLA,430.26
2020-01-03,AAPL,297.43
2020-01-03,SPX,3234.85
2020-01-03,TSLA,443.01
2020-01-06,AAPL,299.8
2020-01-06,SPX,3246.28
2020-01-06,TSLA,451.54
2020-01-07,AAPL,298.39
2020-01-07,SPX,3237.18
2020-01-07,TSLA,469.06
2020-01-08,AAPL,303.19
2020-01-08,SPX,3253.05
2020-01-08,TSLA,492.14
2020-01-09,AAPL,309.63
2020-01-09,SPX,3274.7
2020-01-09,TSLA,481.34
2020-01-10,AAPL,310.33
2020-01-10,SPX,3265.35
2020-01-10,TSLA,478.15
2020-01-13,AAPL,316.96
2020-01-13,SPX,3288.13
2020-01-13,TSLA,524.86
2020-01-14,AAPL,312.68
2020-01-14,SPX,3283.15
2020-01-14,TSLA,537.92
2020-01-15,AAPL,311.34
2020-01-15,SPX,3289.29
2020-01-15,TSLA,518.5
2020-01-16,AAPL,315.24
2020-01-16,SPX,3316.81
2020-01-16,TSLA,513.49
2020-01-17,AAPL,318.73
2020-01-17,SPX,3329.62
2020-01-17,TSLA,510.5
2020-01-21,AAPL,316.57
2020-01-21,SPX,3320.79
2020-01-21,TSLA,547.2
2020-01-22,AAPL,317.7
2020-01-22,SPX,3321.75
2020-01-22,TSLA,569.56
2020-01-23,AAPL,319.23
2020-01-23,SPX,3325.54
2020-01-23,TSLA,572.2
2020-01-24,AAPL,318.31
2020-01-24,SPX,3295.47
2020-01-24,TSLA,564.82
2020-01-27,AAPL,308.95
2020-01-27,SPX,3243.63
2020-01-27,TSLA,558.02
2020-01-28,AAPL,317.69
2020-01-28,SPX,3276.24
2020-01-28,TSLA,566.9
2020-01-29,AAPL,324.34
2020-01-29,SPX,3273.4
2020-01-29,TSLA,580.99
2020-01-30,AAPL,323.87
2020-01-30,SPX,3283.66
2020-01-30,TSLA,640.81
2020-01-31,AAPL,309.51
2020-01-31,SPX,3225.52
2020-01-31,TSLA,650.57
2020-02-03,AAPL,308.66
2020-02-03,SPX,3248.92
2020-02-03,TSLA,780.0
2020-02-04,AAPL,318.85
2020-02-04,SPX,3297.59
2020-02-04,TSLA,887.06
2020-02-05,AAPL,321.45
2020-02-05,SPX,3334.69
2020-02-05,TSLA,734.7
2020-02-06,AAPL,325.21
2020-02-06,SPX,3345.78
2020-02-06,TSLA,748.96
2020-02-07,AAPL,320.03
2020-02-07,SPX,3327.71
2020-02-07,TSLA,748.07
2020-02-10,AAPL,321.55
2020-02-10,SPX,3352.09
2020-02-10,TSLA,771.28
2020-02-11,AAPL,319.61
2020-02-11,SPX,3357.75
2020-02-11,TSLA,774.38
2020-02-12,AAPL,327.2
2020-02-12,SPX,3379.45
2020-02-12,TSLA,767.29
2020-02-13,AAPL,324.87
2020-02-13,SPX,3373.94
2020-02-13,TSLA,804.0
2020-02-14,AAPL,324.95
2020-02-14,SPX,3380.16
2020-02-14,TSLA,800.03
2020-02-18,AAPL,319.0
2020-02-18,SPX,3370.29
2020-02-18,TSLA,858.4
2020-02-19,AAPL,323.62
2020-02-19,SPX,3386.15
2020-02-19,TSLA,917.42
2020-02-20,AAPL,320.3
2020-02-20,SPX,3373.23
2020-02-20,TSLA,899.41
2020-02-21,AAPL,313.05
2020-02-21,SPX,3337.75
2020-02-21,TSLA,901.0
2020-02-24,AAPL,298.18
2020-02-24,SPX,3225.89
2020-02-24,TSLA,833.79
2020-02-25,AAPL,288.08
2020-02-25,SPX,3128.21
2020-02-25,TSLA,799.91
2020-02-26,AAPL,292.65
2020-02-26,SPX,3116.39
2020-02-26,TSLA,778.8
2020-02-27,AAPL,273.52
2020-02-27,SPX,2978.76
2020-02-27,TSLA,679.0
2020-02-28,AAPL,273.36
2020-02-28,SPX,2954.22
2020-02-28,TSLA,667.99
2020-03-02,AAPL,298.81
2020-03-02,SPX,3090.23
2020-03-02,TSLA,743.62
2020-03-03,AAPL,289.32
2020-03-03,SPX,3003.37
2020-03-03,TSLA,745.51
2020-03-04,AAPL,302.74
2020-03-04,SPX,3130.12
2020-03-04,TSLA,749.5
2020-03-05,AAPL,292.92
2020-03-05,SPX,3023.94
2020-03-05,TSLA,724.54
2020-03-06,AAPL,289.03
2020-03-06,SPX,2972.37
2020-03-06,TSLA,703.48
2020-03-09,AAPL,266.17
2020-03-09,SPX,2746.56
2020-03-09,TSLA,608.0
2020-03-10,AAPL,285.34
2020-03-10,SPX,2882.23
2020-03-10,TSLA,645.33
2020-03-11,AAPL,275.43
2020-03-11,SPX,2741.38
2020-03-11,TSLA,634.23
2020-03-12,AAPL,248.23
2020-03-12,SPX,2480.64
2020-03-12,TSLA,560.55
2020-03-13,AAPL,277.97
2020-03-13,SPX,2711.02
2020-03-13,TSLA,546.62
2020-03-16,AAPL,242.21
2020-03-16,SPX,2386.13
2020-03-16,TSLA,445.07
2020-03-17,AAPL,252.86
2020-03-17,SPX,2529.19
2020-03-17,TSLA,430.2
2020-03-18,AAPL,246.67
2020-03-18,SPX,2398.1
2020-03-18,TSLA,361.22
2020-03-19,AAPL,244.78
2020-03-19,SPX,2409.39
2020-03-19,TSLA,427.64
2020-03-20,AAPL,229.24
2020-03-20,SPX,2304.92
2020-03-20,TSLA,427.53
2020-03-23,AAPL,224.37
2020-03-23,SPX,2237.4
2020-03-23,TSLA,434.29
2020-03-24,AAPL,246.88
2020-03-24,SPX,2447.33
2020-03-24,TSLA,505.0
2020-03-25,AAPL,245.52
2020-03-25,SPX,2475.56
2020-03-25,TSLA,539.25
2020-03-26,AAPL,258.44
2020-03-26,SPX,2630.07
2020-03-26,TSLA,528.16
2020-03-27,AAPL,247.74
2020-03-27,SPX,2541.47
2020-03-27,TSLA,514.36
2020-03-30,AAPL,254.81
2020-03-30,SPX,2626.65
2020-03-30,TSLA,502.13
2020-03-31,AAPL,254.29
2020-03-31,SPX,2584.59
2020-03-31,TSLA,524.0
2020-04-01,AAPL,240.91
2020-04-01,SPX,2470.5
2020-04-01,TSLA,481.56
2020-04-02,AAPL,244.93
2020-04-02,SPX,2526.9
2020-04-02,TSLA,454.47
2020-04-03,AAPL,241.41
2020-04-03,SPX,2488.65
2020-04-03,TSLA,480.01
2020-04-06,AAPL,262.47
2020-04-06,SPX,2663.68
2020-04-06,TSLA,516.24
2020-04-07,AAPL,259.43
2020-04-07,SPX,2659.41
2020-04-07,TSLA,545.45
2020-04-08,AAPL,266.07
2020-04-08,SPX,2749.98
2020-04-08,TSLA,548.84
2020-04-09,AAPL,267.99
2020-04-09,SPX,2789.82
2020-04-09,TSLA,573.0
2020-04-13,AAPL,273.25
2020-04-13,SPX,2761.63
2020-04-13,TSLA,650.95
2020-04-14,AAPL,287.05
2020-04-14,SPX,2846.06
2020-04-14,TSLA,709.89
2020-04-15,AAPL,284.43
2020-04-15,SPX,2783.36
2020-04-15,TSLA,729.83
2020-04-16,AAPL,286.69
2020-04-16,SPX,2799.55
2020-04-16,TSLA,745.21
2020-04-17,AAPL,282.8
2020-04-17,SPX,2874.56
2020-04-17,TSLA,753.89
2020-04-20,AAPL,276.93
2020-04-20,SPX,2823.16
2020-04-20,TSLA,746.36
2020-04-21,AAPL,268.37
2020-04-21,SPX,2736.56
2020-04-21,TSLA,686.72
2020-04-22,AAPL,276.1
2020-04-22,SPX,2799.31
2020-04-22,TSLA,732.11
2020-04-23,AAPL,275.03
2020-04-23,SPX,2797.8
2020-04-23,TSLA,705.63
2020-04-24,AAPL,282.97
2020-04-24,SPX,2836.74
2020-04-24,TSLA,725.15
2020-04-27,AAPL,283.17
2020-04-27,SPX,2878.48
2020-04-27,TSLA,798.75
2020-04-28,AAPL,278.58
2020-04-28,SPX,2863.39
2020-04-28,TSLA,769.12
2020-04-29,AAPL,287.73
2020-04-29,SPX,2939.51
2020-04-29,TSLA,800.51
2020-04-30,AAPL,293.8
2020-04-30,SPX,2912.43
2020-04-30,TSLA,781.88
2020-05-01,AAPL,289.07
2020-05-01,SPX,2830.71
2020-05-01,TSLA,701.32
2020-05-04,AAPL,293.16
2020-05-04,SPX,2842.74
2020-05-04,TSLA,761.19
2020-05-05,AAPL,297.56
2020-05-05,SPX,2868.44
2020-05-05,TSLA,768.21
2020-05-06,AAPL,300.63
2020-05-06,SPX,2848.42
2020-05-06,TSLA,782.58
2020-05-07,AAPL,303.74
2020-05-07,SPX,2881.19
2020-05-07,TSLA,780.04
2020-05-08,AAPL,310.13
2020-05-08,SPX,2929.8
2020-05-08,TSLA,819.42
2020-05-11,AAPL,315.01
2020-05-11,SPX,2930.32
2020-05-11,TSLA,811.29
2020-05-12,AAPL,311.41
2020-05-12,SPX,2870.12
2020-05-12,TSLA,809.41
2020-05-13,AAPL,307.65
2020-05-13,SPX,2820.0
2020-05-13,TSLA,790.96
2020-05-14,AAPL,309.54
2020-05-14,SPX,2852.5
2020-05-14,TSLA,803.33
2020-05-15,AAPL,307.71
2020-05-15,SPX,2863.7
2020-05-15,TSLA,799.17
2020-05-18,AAPL,314.96
2020-05-18,SPX,2953.91
2020-05-18,TSLA,813.63
2020-05-19,AAPL,313.14
2020-05-19,SPX,2922.94
2020-05-19,TSLA,808.01
2020-05-20,AAPL,319.23
2020-05-20,SPX,2971.61
2020-05-20,TSLA,815.56
2020-05-21,AAPL,316.85
2020-05-21,SPX,2948.51
2020-05-21,TSLA,827.6
2020-05-22,AAPL,318.89
2020-05-22,SPX,2955.45
2020-05-22,TSLA,816.88
2020-05-26,AAPL,316.73
2020-05-26,SPX,2991.77
2020-05-26,TSLA,818.87
2020-05-27,AAPL,318.11
2020-05-27,SPX,3036.13
2020-05-27,TSLA,820.23
2020-05-28,AAPL,318.25
2020-05-28,SPX,3029.73
2020-05-28,TSLA,805.81
2020-05-29,AAPL,317.94
2020-05-29,SPX,3044.31
2020-05-29,TSLA,835.0
2020-06-01,AAPL,321.85
2020-06-01,SPX,3055.73
2020-06-01,TSLA,898.1
2020-06-02,AAPL,323.34
2020-06-02,SPX,3080.82
2020-06-02,TSLA,881.56
2020-06-03,AAPL,325.12
2020-06-03,SPX,3122.87
2020-06-03,TSLA,882.96
2020-06-04,AAPL,322.32
2020-06-04,SPX,3112.35
2020-06-04,TSLA,864.38
2020-06-05,AAPL,331.5
2020-06-05,SPX,3193.93
2020-06-05,TSLA,885.66
2020-06-08,AAPL,333.46
2020-06-08,SPX,3232.39
2020-06-08,TSLA,949.92
2020-06-09,AAPL,343.99
2020-06-09,SPX,3207.18
2020-06-09,TSLA,940.67
2020-06-10,AAPL,352.84
2020-06-10,SPX,3190.14
2020-06-10,TSLA,1025.05
2020-06-11,AAPL,335.9
2020-06-11,SPX,3002.1
2020-06-11,TSLA,972.84
2020-06-12,AAPL,338.8
2020-06-12,SPX,3041.31
2020-06-12,TSLA,935.28
2020-06-15,AAPL,342.99
2020-06-15,SPX,3066.59
2020-06-15,TSLA,990.9
2020-06-16,AAPL,352.08
2020-06-16,SPX,3124.74
2020-06-16,TSLA,982.13
2020-06-17,AAPL,351.59
2020-06-17,SPX,3113.49
2020-06-17,TSLA,991.79
2020-06-18,AAPL,351.73
2020-06-18,SPX,3115.34
2020-06-18,TSLA,1003.96
2020-06-19,AAPL,349.72
2020-06-19,SPX,3097.74
2020-06-19,TSLA,1000.9
2020-06-22,AAPL,358.87
2020-06-22,SPX,3117.86
2020-06-22,TSLA,994.32
2020-06-23,AAPL,366.53
2020-06-23,SPX,3131.29
2020-06-23,TSLA,1001.78
2020-06-24,AAPL,360.06
2020-06-24,SPX,3050.33
2020-06-24,TSLA,960.85
2020-06-25,AAPL,364.84
2020-06-25,SPX,3083.76
2020-06-25,TSLA,985.98
2020-06-26,AAPL,353.63
2020-06-26,SPX,3009.05
2020-06-26,TSLA,959.74
2020-06-29,AAPL,361.78
2020-06-29,SPX,3053.24
2020-06-29,TSLA,1009.35
2020-06-30,AAPL,364.8
2020-06-30,SPX,3100.29
2020-06-30,TSLA,1079.81
2020-07-01,AAPL,364.11
2020-07-01,SPX,3115.86
2020-07-01,TSLA,1119.63
2020-07-02,AAPL,364.11
2020-07-02,SPX,3130.01
2020-07-02,TSLA,1208.66
2020-07-06,AAPL,373.85
2020-07-06,SPX,3179.72
2020-07-06,TSLA,1371.58
2020-07-07,AAPL,372.69
2020-07-07,SPX,3145.32
2020-07-07,TSLA,1389.86
2020-07-08,AAPL,381.37
2020-07-08,SPX,3169.94
2020-07-08,TSLA,1365.88
2020-07-09,AAPL,382.73
2020-07-09,SPX,3152.05
2020-07-09,TSLA,1394.28
2020-07-10,AAPL,383.68
2020-07-10,SPX,3185.04
2020-07-10,TSLA,1544.65
2020-07-13,AAPL,381.91
2020-07-13,SPX,3155.22
2020-07-13,TSLA,1497.06
2020-07-14,AAPL,388.23
2020-07-14,SPX,3197.52
2020-07-14,TSLA,1516.8
2020-07-15,AAPL,390.9
2020-07-15,SPX,3226.56
2020-07-15,TSLA,1546.01
2020-07-16,AAPL,386.09
2020-07-16,SPX,3215.57
2020-07-16,TSLA,1500.64
2020-07-17,AAPL,385.31
2020-07-17,SPX,3224.73
2020-07-17,TSLA,1500.84
2020-07-20,AAPL,393.43
2020-07-20,SPX,3251.84
2020-07-20,TSLA,1643.0
2020-07-21,AAPL,388.0
2020-07-21,SPX,3257.3
2020-07-21,TSLA,1568.36
2020-07-22,AAPL,389.09
2020-07-22,SPX,3276.02
2020-07-22,TSLA,1592.33
2020-07-23,AAPL,371.38
2020-07-23,SPX,3235.66
2020-07-23,TSLA,1513.07
2020-07-24,AAPL,370.46
2020-07-24,SPX,3215.63
2020-07-24,TSLA,1417.0
2020-07-27,AAPL,379.24
2020-07-27,SPX,3239.41
2020-07-27,TSLA,1539.6
2020-07-28,AAPL,373.01
2020-07-28,SPX,3218.44
2020-07-28,TSLA,1476.49
2020-07-29,AAPL,380.16
2020-07-29,SPX,3258.44
2020-07-29,TSLA,1499.11
2020-07-30,AAPL,384.76
2020-07-30,SPX,3246.22
2020-07-30,TSLA,1487.49
2020-07-31,AAPL,425.04
2020-07-31,SPX,3271.12
2020-07-31,TSLA,1430.76
2020-08-03,AAPL,435.75
2020-08-03,SPX,3294.61
2020-08-03,TSLA,1485.0
2020-08-04,AAPL,438.66
2020-08-04,SPX,3306.51
2020-08-04,TSLA,1487.0
2020-08-05,AAPL,440.25
2020-08-05,SPX,3327.77
2020-08-05,TSLA,1485.02
2020-08-06,AAPL,455.61
2020-08-06,SPX,3349.16
2020-08-06,TSLA,1489.58
2020-08-07,AAPL,444.45
2020-08-07,SPX,3351.28
2020-08-07,TSLA,1452.71
2020-08-10,AAPL,450.91
2020-08-10,SPX,3360.47
2020-08-10,TSLA,1418.57
2020-08-11,AAPL,437.5
2020-08-11,SPX,3333.69
2020-08-11,TSLA,1374.39
2020-08-12,AAPL,452.04
2020-08-12,SPX,3380.35
2020-08-12,TSLA,1554.76
2020-08-13,AAPL,460.04
2020-08-13,SPX,3373.43
2020-08-13,TSLA,1621.0
2020-08-14,AAPL,459.63
2020-08-14,SPX,3372.85
2020-08-14,TSLA,1650.71
2020-08-17,AAPL,458.43
2020-08-17,SPX,3381.99
2020-08-17,TSLA,1835.64
2020-08-18,AAPL,462.25
2020-08-18,SPX,3389.78
2020-08-18,TSLA,1887.09
2020-08-19,AAPL,462.83
2020-08-19,SPX,3374.85
2020-08-19,TSLA,1878.53
2020-08-20,AAPL,473.1
2020-08-20,SPX,3385.51
2020-08-20,TSLA,2001.83
2020-08-21,AAPL,497.48
2020-08-21,SPX,3397.16
2020-08-21,TSLA,2049.98
2020-08-24,AAPL,503.43
2020-08-24,SPX,3431.28
2020-08-24,TSLA,2014.2
2020-08-25,AAPL,499.3
2020-08-25,SPX,3443.62
2020-08-25,TSLA,2023.34
2020-08-26,AAPL,506.09
2020-08-26,SPX,3478.73
2020-08-26,TSLA,2153.17
2020-08-27,AAPL,500.04
2020-08-27,SPX,3484.55
2020-08-27,TSLA,2238.75
2020-08-28,AAPL,499.23
2020-08-28,SPX,3508.01
2020-08-28,TSLA,2213.4
2020-08-31,AAPL,129.04
2020-08-31,SPX,3500.31
2020-08-31,TSLA,498.32
2020-09-01,AAPL,134.18
2020-09-01,SPX,3526.65
2020-09-01,TSLA,475.05
2020-09-02,AAPL,131.4
2020-09-02,SPX,3580.84
2020-09-02,TSLA,447.37
2020-09-03,AAPL,120.88
2020-09-03,SPX,3455.06
2020-09-03,TSLA,407.0
2020-09-04,AAPL,120.96
2020-09-04,SPX,3426.96
2020-09-04,TSLA,418.32
2020-09-08,AAPL,112.82
2020-09-08,SPX,3331.84
2020-09-08,TSLA,330.21
2020-09-09,AAPL,117.32
2020-09-09,SPX,3398.96
2020-09-09,TSLA,366.28
2020-09-10,AAPL,113.49
2020-09-10,SPX,3339.19
2020-09-10,TSLA,371.34
2020-09-11,AAPL,112.0
2020-09-11,SPX,3340.97
2020-09-11,TSLA,372.72
2020-09-14,AAPL,115.355
2020-09-14,SPX,3383.54
2020-09-14,TSLA,419.62
2020-09-15,AAPL,115.54
2020-09-15,SPX,3401.2
2020-09-15,TSLA,449.76
2020-09-16,AAPL,112.13
2020-09-16,SPX,3385.49
2020-09-16,TSLA,441.76
2020-09-17,AAPL,110.34
2020-09-17,SPX,3357.01
2020-09-17,TSLA,423.43
2020-09-18,AAPL,106.84
2020-09-18,SPX,3319.47
2020-09-18,TSLA,442.15
2020-09-21,AAPL,110.08
2020-09-21,SPX,3281.06
2020-09-21,TSLA,449.39
2020-09-22,AAPL,111.81
2020-09-22,SPX,3315.57
2020-09-22,TSLA,424.23
2020-09-23,AAPL,107.12
2020-09-23,SPX,3236.92
2020-09-23,TSLA,380.36
2020-09-24,AAPL,108.22
2020-09-24,SPX,3246.59
2020-09-24,TSLA,387.79
2020-09-25,AAPL,112.28
2020-09-25,SPX,3298.46
2020-09-25,TSLA,407.34
2020-09-28,AAPL,114.96
2020-09-28,SPX,3351.6
2020-09-28,TSLA,421.2
2020-09-29,AAPL,114.09
2020-09-29,SPX,3335.47
2020-09-29,TSLA,419.07
2020-09-30,AAPL,115.81
2020-09-30,SPX,3363.0
2020-09-30,TSLA,429.01
2020-10-01,AAPL,116.79
2020-10-01,SPX,3380.8
2020-10-01,TSLA,448.16
2020-10-02,AAPL,113.02
2020-10-02,SPX,3348.44
2020-10-02,TSLA,415.09
2020-10-05,AAPL,116.5
2020-10-05,SPX,3408.63
2020-10-05,TSLA,425.68
2020-10-06,AAPL,113.16
2020-10-06,SPX,3360.95
2020-10-06,TSLA,413.98
2020-10-07,AAPL,115.08
2020-10-07,SPX,3419.45
2020-10-07,TSLA,425.3
2020-10-08,AAPL,114.97
2020-10-08,SPX,3446.83
2020-10-08,TSLA,425.92
2020-10-09,AAPL,116.97
2020-10-09,SPX,3477.13
2020-10-09,TSLA,434.0
2020-10-12,AAPL,124.4
2020-10-12,SPX,3534.22
2020-10-12,TSLA,442.3
2020-10-13,AAPL,121.1
2020-10-13,SPX,3511.93
2020-10-13,TSLA,446.65
2020-10-14,AAPL,121.19
2020-10-14,SPX,3488.67
2020-10-14,TSLA,461.3
2020-10-15,AAPL,120.71
2020-10-15,SPX,3483.34
2020-10-15,TSLA,448.88
2020-10-16,AAPL,119.02
2020-10-16,SPX,3483.81
2020-10-16,TSLA,439.67
2020-10-19,AAPL,115.98
2020-10-19,SPX,3426.92
2020-10-19,TSLA,430.83
2020-10-20,AAPL,117.51
2020-10-20,SPX,3443.12
2020-10-20,TSLA,421.94
2020-10-21,AAPL,116.87
2020-10-21,SPX,3435.56
2020-10-21,TSLA,422.64
2020-10-22,AAPL,115.75
2020-10-22,SPX,3453.49
2020-10-22,TSLA,425.79
2020-10-23,AAPL,115.04
2020-10-23,SPX,3465.39
2020-10-23,TSLA,420.63
2020-10-26,AAPL,115.05
2020-10-26,SPX,3400.97
2020-10-26,TSLA,420.28
2020-10-27,AAPL,116.6
2020-10-27,SPX,3390.68
2020-10-27,TSLA,424.68
2020-10-28,AAPL,111.2
2020-10-28,SPX,3271.03
2020-10-28,TSLA,406.02
2020-10-29,AAPL,115.32
2020-10-29,SPX,3310.11
2020-10-29,TSLA,410.83
2020-10-30,AAPL,108.86
2020-10-30,SPX,3269.96
2020-10-30,TSLA,388.04
2020-11-02,AAPL,108.77
2020-11-02,SPX,3310.24
2020-11-02,TSLA,400.51
2020-11-03,AAPL,110.44
2020-11-03,SPX,3369.16
2020-11-03,TSLA,423.9
2020-11-04,AAPL,114.95
2020-11-04,SPX,3443.44
2020-11-04,TSLA,420.98
2020-11-05,AAPL,119.03
2020-11-05,SPX,3510.45
2020-11-05,TSLA,438.09
2020-11-06,AAPL,118.69
2020-11-06,SPX,3509.44
2020-11-06,TSLA,429.95
2020-11-09,AAPL,116.32
2020-11-09,SPX,3550.5
2020-11-09,TSLA,421.26
2020-11-10,AAPL,115.97
2020-11-10,SPX,3545.53
2020-11-10,TSLA,410.36
2020-11-11,AAPL,119.49
2020-11-11,SPX,3572.66
2020-11-11,TSLA,417.13
2020-11-12,AAPL,119.21
2020-11-12,SPX,3537.01
2020-11-12,TSLA,411.76
2020-11-13,AAPL,119.26
2020-11-13,SPX,3585.15
2020-11-13,TSLA,408.5
2020-11-16,AAPL,120.3
2020-11-16,SPX,3626.91
2020-11-16,TSLA,408.09
2020-11-17,AAPL,119.39
2020-11-17,SPX,3609.53
2020-11-17,TSLA,441.61
2020-11-18,AAPL,118.03
2020-11-18,SPX,3567.79
2020-11-18,TSLA,486.64
2020-11-19,AAPL,118.64
2020-11-19,SPX,3581.87
2020-11-19,TSLA,499.27
2020-11-20,AAPL,117.34
2020-11-20,SPX,3557.54
2020-11-20,TSLA,489.61
2020-11-23,AAPL,113.85
2020-11-23,SPX,3577.59
2020-11-23,TSLA,521.85
2020-11-24,AAPL,115.17
2020-11-24,SPX,3635.41
2020-11-24,TSLA,555.38
2020-11-25,AAPL,116.03
2020-11-25,SPX,3629.65
2020-11-25,TSLA,574.0
2020-11-27,AAPL,116.59
2020-11-27,SPX,3638.35
2020-11-27,TSLA,585.76
2020-11-30,AAPL,119.05
2020-11-30,SPX,3621.63
2020-11-30,TSLA,567.6
2020-12-01,AAPL,122.72
2020-12-01,SPX,3662.45
2020-12-01,TSLA,584.76
2020-12-02,AAPL,123.08
2020-12-02,SPX,3669.01
2020-12-02,TSLA,568.82
2020-12-03,AAPL,122.94
2020-12-03,SPX,3666.72
2020-12-03,TSLA,593.38
2020-12-04,AAPL,122.25
2020-12-04,SPX,3699.12
2020-12-04,TSLA,599.04
2020-12-07,AAPL,123.75
2020-12-07,SPX,3691.96
2020-12-07,TSLA,641.76
2020-12-08,AAPL,124.38
2020-12-08,SPX,3702.25
2020-12-08,TSLA,649.88
2020-12-09,AAPL,121.78
2020-12-09,SPX,3672.82
2020-12-09,TSLA,604.48
2020-12-10,AAPL,123.24
2020-12-10,SPX,3668.1
2020-12-10,TSLA,627.07
2020-12-11,AAPL,122.41
2020-12-11,SPX,3663.46
2020-12-11,TSLA,609.99
2020-12-14,AAPL,121.78
2020-12-14,SPX,3647.49
2020-12-14,TSLA,639.83
2020-12-15,AAPL,127.88
2020-12-15,SPX,3694.62
2020-12-15,TSLA,633.25
2020-12-16,AAPL,127.81
2020-12-16,SPX,3701.17
2020-12-16,TSLA,622.77
2020-12-17,AAPL,128.7
2020-12-17,SPX,3722.48
2020-12-17,TSLA,655.9
2020-12-18,AAPL,126.655
2020-12-18,SPX,3709.41
2020-12-18,TSLA,695.0
2020-12-21,AAPL,128.23
2020-12-21,SPX,3694.92
2020-12-21,TSLA,649.86
2020-12-22,AAPL,131.88
2020-12-22,SPX,3687.26
2020-12-22,TSLA,640.34
2020-12-23,AAPL,130.96
2020-12-23,SPX,3690.01
2020-12-23,TSLA,645.98
2020-12-24,AAPL,131.97
2020-12-24,SPX,3703.06
2020-12-24,TSLA,661.77
2020-12-28,AAPL,136.69
2020-12-28,SPX,3735.36
2020-12-28,TSLA,663.69
2020-12-29,AAPL,134.87
2020-12-29,SPX,3727.04
2020-12-29,TSLA,665.99
2020-12-30,AAPL,133.72
2020-12-30,SPX,3732.04
2020-12-30,TSLA,694.78
2020-12-31,AAPL,132.69
2020-12-31,SPX,3756.07
2020-12-31,TSLA,705.67
2021-01-04,AAPL,129.41
2021-01-04,SPX,3700.65
2021-01-04,TSLA,729.77
2021-01-05,AAPL,131.01
2021-01-05,SPX,3726.86
2021-01-05,TSLA,735.11
2021-01-06,AAPL,126.6
2021-01-06,SPX,3748.14
2021-01-06,TSLA,755.98
2021-01-07,AAPL,130.92
2021-01-07,SPX,3803.79
2021-01-07,TSLA,816.04
2021-01-08,AAPL,132.05
2021-01-08,SPX,3824.68
2021-01-08,TSLA,880.02
2021-01-11,AAPL,128.98
2021-01-11,SPX,3799.61
2021-01-11,TSLA,811.19
2021-01-12,AAPL,128.8
2021-01-12,SPX,3801.19
2021-01-12,TSLA,849.44
2021-01-13,AAPL,130.89
2021-01-13,SPX,3809.84
2021-01-13,TSLA,854.41
2021-01-14,AAPL,128.91
2021-01-14,SPX,3795.54
2021-01-14,TSLA,845.0
2021-01-15,AAPL,127.14
2021-01-15,SPX,3768.25
2021-01-15,TSLA,826.16
2021-01-19,AAPL,127.83
2021-01-19,SPX,3798.91
2021-01-19,TSLA,844.55
2021-01-20,AAPL,132.03
2021-01-20,SPX,3851.85
2021-01-20,TSLA,850.45
2021-01-21,AAPL,136.87
2021-01-21,SPX,3853.07
2021-01-21,TSLA,844.99
2021-01-22,AAPL,139.07
2021-01-22,SPX,3841.47
2021-01-22,TSLA,846.64
2021-01-25,AAPL,142.92
2021-01-25,SPX,3855.36
2021-01-25,TSLA,880.8
2021-01-26,AAPL,143.16
2021-01-26,SPX,3849.62
2021-01-26,TSLA,883.09
2021-01-27,AAPL,142.06
2021-01-27,SPX,3750.77
2021-01-27,TSLA,864.16
2021-01-28,AAPL,137.09
2021-01-28,SPX,3787.38
2021-01-28,TSLA,835.43
2021-01-29,AAPL,131.96
2021-01-29,SPX,3714.24
2021-01-29,TSLA,793.53
2021-02-01,AAPL,134.14
2021-02-01,SPX,3773.86
2021-02-01,TSLA,839.81
2021-02-02,AAPL,134.99
2021-02-02,SPX,3826.31
2021-02-02,TSLA,872.79
2021-02-03,AAPL,133.94
2021-02-03,SPX,3830.17
2021-02-03,TSLA,854.69
2021-02-04,AAPL,137.39
2021-02-04,SPX,3871.74
2021-02-04,TSLA,849.99
2021-02-05,AAPL,136.76
2021-02-05,SPX,3886.83
2021-02-05,TSLA,852.23
2021-02-08,AAPL,136.91
2021-02-08,SPX,3915.59
2021-02-08,TSLA,863.42
2021-02-09,AAPL,136.01
2021-02-09,SPX,3911.23
2021-02-09,TSLA,849.46
2021-02-10,AAPL,135.39
2021-02-10,SPX,3909.88
2021-02-10,TSLA,804.82
2021-02-11,AAPL,135.13
2021-02-11,SPX,3916.38
2021-02-11,TSLA,811.66
2021-02-12,AAPL,135.37
2021-02-12,SPX,3934.83
2021-02-12,TSLA,816.12
2021-02-16,AAPL,133.19
2021-02-16,SPX,3932.59
2021-02-16,TSLA,796.22
2021-02-17,AAPL,130.84
2021-02-17,SPX,3931.33
2021-02-17,TSLA,798.15
2021-02-18,AAPL,129.71
2021-02-18,SPX,3913.97
2021-02-18,TSLA,787.38
2021-02-19,AAPL,129.87
2021-02-19,SPX,3906.71
2021-02-19,TSLA,781.3
2021-02-22,AAPL,126.0
2021-02-22,SPX,3876.5
2021-02-22,TSLA,714.5
2021-02-23,AAPL,125.86
2021-02-23,SPX,3881.37
2021-02-23,TSLA,698.84
2021-02-24,AAPL,125.35
2021-02-24,SPX,3925.43
2021-02-24,TSLA,742.02
2021-02-25,AAPL,120.99
2021-02-25,SPX,3829.34
2021-02-25,TSLA,682.22
2021-02-26,AAPL,121.26
2021-02-26,SPX,3811.15
2021-02-26,TSLA,675.5
2021-03-01,AAPL,127.79
2021-03-01,SPX,3901.82
2021-03-01,TSLA,718.43
2021-03-02,AAPL,125.12
2021-03-02,SPX,3870.29
2021-03-02,TSLA,686.44
2021-03-03,AAPL,122.06
2021-03-03,SPX,3819.72
2021-03-03,TSLA,653.2
2021-03-04,AAPL,120.13
2021-03-04,SPX,3768.47
2021-03-04,TSLA,621.44
2021-03-05,AAPL,121.42
2021-03-05,SPX,3841.94
2021-03-05,TSLA,597.95
2021-03-08,AAPL,116.36
2021-03-08,SPX,3821.35
2021-03-08,TSLA,563.0
2021-03-09,AAPL,121.085
2021-03-09,SPX,3875.44
2021-03-09,TSLA,673.58
2021-03-10,AAPL,119.98
2021-03-10,SPX,3898.81
2021-03-10,TSLA,668.06
2021-03-11,AAPL,121.96
2021-03-11,SPX,3939.34
2021-03-11,TSLA,699.6
2021-03-12,AAPL,121.03
2021-03-12,SPX,3943.34
2021-03-12,TSLA,693.73
2021-03-15,AAPL,123.99
2021-03-15,SPX,3968.94
2021-03-15,TSLA,707.94
2021-03-16,AAPL,125.57
2021-03-16,SPX,3962.71
2021-03-16,TSLA,676.88
2021-03-17,AAPL,124.76
2021-03-17,SPX,3974.12
2021-03-17,TSLA,701.81
2021-03-18,AAPL,120.53
2021-03-18,SPX,3915.46
2021-03-18,TSLA,653.16
2021-03-19,AAPL,119.99
2021-03-19,SPX,3913.1
2021-03-19,TSLA,654.87
2021-03-22,AAPL,123.39
2021-03-22,SPX,3940.59
2021-03-22,TSLA,670.0
2021-03-23,AAPL,122.54
2021-03-23,SPX,3910.52
2021-03-23,TSLA,662.16
2021-03-24,AAPL,120.09
2021-03-24,SPX,3889.14
2021-03-24,TSLA,630.27
2021-03-25,AAPL,120.59
2021-03-25,SPX,3909.52
2021-03-25,TSLA,640.39
2021-03-26,AAPL,121.21
2021-03-26,SPX,3974.54
2021-03-26,TSLA,618.71
2021-03-29,AAPL,121.39
2021-03-29,SPX,3971.09
2021-03-29,TSLA,611.29
2021-03-30,AAPL,119.9
2021-03-30,SPX,3958.55
2021-03-30,TSLA,635.62
2021-03-31,AAPL,122.15
2021-03-31,SPX,3972.89
2021-03-31,TSLA,667.93
2021-04-01,AAPL,123.0
2021-04-01,SPX,4019.87
2021-04-01,TSLA,661.75
2021-04-05,AAPL,125.9
2021-04-05,SPX,4077.91
2021-04-05,TSLA,691.05
2021-04-06,AAPL,126.21
2021-04-06,SPX,4073.94
2021-04-06,TSLA,691.62
2021-04-07,AAPL,127.9
2021-04-07,SPX,4079.95
2021-04-07,TSLA,670.97
2021-04-08,AAPL,130.36
2021-04-08,SPX,4097.17
2021-04-08,TSLA,683.8
2021-04-09,AAPL,132.995
2021-04-09,SPX,4128.8
2021-04-09,TSLA,677.02
2021-04-12,AAPL,131.24
2021-04-12,SPX,4127.99
2021-04-12,TSLA,701.98
2021-04-13,AAPL,134.43
2021-04-13,SPX,4141.59
2021-04-13,TSLA,762.32
2021-04-14,AAPL,132.03
2021-04-14,SPX,4124.66
2021-04-14,TSLA,732.23
2021-04-15,AAPL,134.5
2021-04-15,SPX,4170.42
2021-04-15,TSLA,738.85
2021-04-16,AAPL,134.16
2021-04-16,SPX,4185.47
2021-04-16,TSLA,739.78
2021-04-19,AAPL,134.84
2021-04-19,SPX,4163.26
2021-04-19,TSLA,714.63
2021-04-20,AAPL,133.11
2021-04-20,SPX,4134.94
2021-04-20,TSLA,718.99
2021-04-21,AAPL,133.5
2021-04-21,SPX,4173.42
2021-04-21,TSLA,744.12
2021-04-22,AAPL,131.94
2021-04-22,SPX,4134.98
2021-04-22,TSLA,719.69
2021-04-23,AAPL,134.32
2021-04-23,SPX,4180.17
2021-04-23,TSLA,729.4
2021-04-26,AAPL,134.72
2021-04-26,SPX,4187.62
2021-04-26,TSLA,738.2
2021-04-27,AAPL,134.39
2021-04-27,SPX,4186.72
2021-04-27,TSLA,704.74
2021-04-28,AAPL,133.58
2021-04-28,SPX,4183.18
2021-04-28,TSLA,694.4
2021-04-29,AAPL,133.48
2021-04-29,SPX,4211.47
2021-04-29,TSLA,677.0
2021-04-30,AAPL,131.46
2021-04-30,SPX,4181.17
2021-04-30,TSLA,709.44
2021-05-03,AAPL,132.54
2021-05-03,SPX,4192.66
2021-05-03,TSLA,684.9
2021-05-04,AAPL,127.85
2021-05-04,SPX,4164.66
2021-05-04,TSLA,673.6
2021-05-05,AAPL,128.1
2021-05-05,SPX,4167.59
2021-05-05,TSLA,670.94
2021-05-06,AAPL,129.74
2021-05-06,SPX,4201.62
2021-05-06,TSLA,663.54
2021-05-07,AAPL,130.21
2021-05-07,SPX,4232.6
2021-05-07,TSLA,672.37
2021-05-10,AAPL,126.85
2021-05-10,SPX,4188.43
2021-05-10,TSLA,629.04
2021-05-11,AAPL,125.91
2021-05-11,SPX,4152.1
2021-05-11,TSLA,617.2
2021-05-12,AAPL,122.77
2021-05-12,SPX,4063.04
2021-05-12,TSLA,589.89
2021-05-13,AAPL,124.97
2021-05-13,SPX,4112.5
2021-05-13,TSLA,571.69
2021-05-14,AAPL,127.45
2021-05-14,SPX,4173.85
2021-05-14,TSLA,589.74
2021-05-17,AAPL,126.27
2021-05-17,SPX,4163.29
2021-05-17,TSLA,576.83
2021-05-18,AAPL,124.85
2021-05-18,SPX,4127.83
2021-05-18,TSLA,577.87
2021-05-19,AAPL,124.69
2021-05-19,SPX,4115.68
2021-05-19,TSLA,563.46
2021-05-20,AAPL,127.31
2021-05-20,SPX,4159.12
2021-05-20,TSLA,586.78
2021-05-21,AAPL,125.43
2021-05-21,SPX,4155.86
2021-05-21,TSLA,580.88
2021-05-24,AAPL,127.1
2021-05-24,SPX,4197.05
2021-05-24,TSLA,606.44
2021-05-25,AAPL,126.9
2021-05-25,SPX,4188.13
2021-05-25,TSLA,604.69
2021-05-26,AAPL,126.85
2021-05-26,SPX,4195.99
2021-05-26,TSLA,619.13
2021-05-27,AAPL,125.28
2021-05-27,SPX,4200.88
2021-05-27,TSLA,630.85
2021-05-28,AAPL,124.61
2021-05-28,SPX,4204.11
2021-05-28,TSLA,625.22
2021-06-01,AAPL,124.28
2021-06-01,SPX,4202.04
2021-06-01,TSLA,623.9
2021-06-02,AAPL,125.06
2021-06-02,SPX,4208.12
2021-06-02,TSLA,605.12
2021-06-03,AAPL,123.54
2021-06-03,SPX,4192.85
2021-06-03,TSLA,572.84
2021-06-04,AAPL,125.89
2021-06-04,SPX,4229.89
2021-06-04,TSLA,599.05
2021-06-07,AAPL,125.9
2021-06-07,SPX,4226.52
2021-06-07,TSLA,605.13
2021-06-08,AAPL,126.74
2021-06-08,SPX,4227.26
2021-06-08,TSLA,603.59
2021-06-09,AAPL,127.13
2021-06-09,SPX,4219.55
2021-06-09,TSLA,598.78
2021-06-10,AAPL,126.11
2021-06-10,SPX,4239.18
2021-06-10,TSLA,610.12
2021-06-11,AAPL,127.35
2021-06-11,SPX,4247.44
2021-06-11,TSLA,609.89
2021-06-14,AAPL,130.48
2021-06-14,SPX,4255.15
2021-06-14,TSLA,617.69
2021-06-15,AAPL,129.64
2021-06-15,SPX,4246.59
2021-06-15,TSLA,599.36
2021-06-16,AAPL,130.15
2021-06-16,SPX,4223.7
2021-06-16,TSLA,604.87
2021-06-17,AAPL,131.79
2021-06-17,SPX,4221.86
2021-06-17,TSLA,616.6
2021-06-18,AAPL,130.46
2021-06-18,SPX,4166.45
2021-06-18,TSLA,623.31
2021-06-21,AAPL,132.3
2021-06-21,SPX,4224.79
2021-06-21,TSLA,620.83
2021-06-22,AAPL,133.98
2021-06-22,SPX,4246.44
2021-06-22,TSLA,623.71
2021-06-23,AAPL,133.7
2021-06-23,SPX,4241.84
2021-06-23,TSLA,656.57
2021-06-24,AAPL,133.41
2021-06-24,SPX,4266.49
2021-06-24,TSLA,679.82
2021-06-25,AAPL,133.11
2021-06-25,SPX,4280.7
2021-06-25,TSLA,671.87
2021-06-28,AAPL,134.78
2021-06-28,SPX,4290.61
2021-06-28,TSLA,688.72
2021-06-29,AAPL,136.33
2021-06-29,SPX,4291.8
2021-06-29,TSLA,680.76
2021-06-30,AAPL,136.96
2021-06-30,SPX,4297.5
2021-06-30,TSLA,679.7
2021-07-01,AAPL,137.27
2021-07-01,SPX,4319.94
2021-07-01,TSLA,677.92
2021-07-02,AAPL,139.96
2021-07-02,SPX,4352.34
2021-07-02,TSLA,678.9
2021-07-06,AAPL,142.02
2021-07-06,SPX,4343.54
2021-07-06,TSLA,659.58
2021-07-07,AAPL,144.57
2021-07-07,SPX,4358.13
2021-07-07,TSLA,644.65
2021-07-08,AAPL,143.24
2021-07-08,SPX,4320.82
2021-07-08,TSLA,652.81
2021-07-09,AAPL,145.11
2021-07-09,SPX,4369.55
2021-07-09,TSLA,656.95
2021-07-12,AAPL,144.5
2021-07-12,SPX,4384.63
2021-07-12,TSLA,685.7
2021-07-13,AAPL,145.64
2021-07-13,SPX,4369.21
2021-07-13,TSLA,668.54
2021-07-14,AAPL,149.15
2021-07-14,SPX,4374.3
2021-07-14,TSLA,653.38
2021-07-15,AAPL,148.48
2021-07-15,SPX,4360.03
2021-07-15,TSLA,650.6
2021-07-16,AAPL,146.39
2021-07-16,SPX,4327.16
2021-07-16,TSLA,644.22
2021-07-19,AAPL,142.45
2021-07-19,SPX,4258.49
2021-07-19,TSLA,646.22
2021-07-20,AAPL,146.15
2021-07-20,SPX,4323.06
2021-07-20,TSLA,660.5
2021-07-21,AAPL,145.4
2021-07-21,SPX,4358.69
2021-07-21,TSLA,655.29
2021-07-22,AAPL,146.8
2021-07-22,SPX,4367.48
2021-07-22,TSLA,649.26
2021-07-23,AAPL,148.56
2021-07-23,SPX,4411.79
2021-07-23,TSLA,643.38
2021-07-26,AAPL,148.99
2021-07-26,SPX,4422.3
2021-07-26,TSLA,657.62
2021-07-27,AAPL,146.77
2021-07-27,SPX,4401.46
2021-07-27,TSLA,644.78
2021-07-28,AAPL,144.98
2021-07-28,SPX,4400.64
2021-07-28,TSLA,646.98
2021-07-29,AAPL,145.64
2021-07-29,SPX,4419.15
2021-07-29,TSLA,677.35
2021-07-30,AAPL,145.86
2021-07-30,SPX,4395.26
2021-07-30,TSLA,687.2
2021-08-02,AAPL,145.52
2021-08-02,SPX,4387.16
2021-08-02,TSLA,709.67
2021-08-03,AAPL,147.36
2021-08-03,SPX,4423.15
2021-08-03,TSLA,709.74
2021-08-04,AAPL,146.95
2021-08-04,SPX,4402.66
2021-08-04,TSLA,710.92
2021-08-05,AAPL,147.06
2021-08-05,SPX,4429.1
2021-08-05,TSLA,714.63
2021-08-06,AAPL,146.14
2021-08-06,SPX,4436.52
2021-08-06,TSLA,699.1
2021-08-09,AAPL,146.09
2021-08-09,SPX,4432.35
2021-08-09,TSLA,713.76
2021-08-10,AAPL,145.6
2021-08-10,SPX,4436.75
2021-08-10,TSLA,709.99
2021-08-11,AAPL,145.86
2021-08-11,SPX,4447.7
2021-08-11,TSLA,707.82
2021-08-12,AAPL,148.89
2021-08-12,SPX,4460.83
2021-08-12,TSLA,722.25
2021-08-13,AAPL,149.1
2021-08-13,SPX,4468.0
2021-08-13,TSLA,717.17
2021-08-16,AAPL,151.12
2021-08-16,SPX,4479.71
2021-08-16,TSLA,686.17
2021-08-17,AAPL,150.19
2021-08-17,SPX,4448.08
2021-08-17,TSLA,665.71
2021-08-18,AAPL,146.36
2021-08-18,SPX,4400.27
2021-08-18,TSLA,688.99
2021-08-19,AAPL,146.7
2021-08-19,SPX,4405.8
2021-08-19,TSLA,673.47
2021-08-20,AAPL,148.19
2021-08-20,SPX,4441.67
2021-08-20,TSLA,680.26
2021-08-23,AAPL,149.71
2021-08-23,SPX,4479.53
2021-08-23,TSLA,706.3
2021-08-24,AAPL,149.62
2021-08-24,SPX,4486.23
2021-08-24,TSLA,708.49
2021-08-25,AAPL,148.36
2021-08-25,SPX,4496.19
2021-08-25,TSLA,711.2
2021-08-26,AAPL,147.54
2021-08-26,SPX,4470.0
2021-08-26,TSLA,701.16
2021-08-27,AAPL,148.6
2021-08-27,SPX,4509.37
2021-08-27,TSLA,711.92
2021-08-30,AAPL,153.12
2021-08-30,SPX,4528.79
2021-08-30,TSLA,730.91
2021-08-31,AAPL,151.83
2021-08-31,SPX,4522.68
2021-08-31,TSLA,735.72
2021-09-01,AAPL,152.51
2021-09-01,SPX,4524.09
2021-09-01,TSLA,734.09
2021-09-02,AAPL,153.65
2021-09-02,SPX,4536.95
2021-09-02,TSLA,732.39
2021-09-03,AAPL,154.3
2021-09-03,SPX,4535.43
2021-09-03,TSLA,733.57
2021-09-07,AAPL,156.69
2021-09-07,SPX,4520.03
2021-09-07,TSLA,752.92
2021-09-08,AAPL,155.11
2021-09-08,SPX,4514.07
2021-09-08,TSLA,753.87
2021-09-09,AAPL,154.07
2021-09-09,SPX,4493.28
2021-09-09,TSLA,754.86
2021-09-10,AAPL,148.97
2021-09-10,SPX,4458.58
2021-09-10,TSLA,736.27
2021-09-13,AAPL,149.55
2021-09-13,SPX,4468.73
2021-09-13,TSLA,743.0
2021-09-14,AAPL,148.12
2021-09-14,SPX,4443.05
2021-09-14,TSLA,744.49
2021-09-15,AAPL,149.03
2021-09-15,SPX,4480.7
2021-09-15,TSLA,755.83
2021-09-16,AAPL,148.79
2021-09-16,SPX,4473.75
2021-09-16,TSLA,756.99
2021-09-17,AAPL,146.06
2021-09-17,SPX,4432.99
2021-09-17,TSLA,759.49
2021-09-20,AAPL,142.94
2021-09-20,SPX,4357.73
2021-09-20,TSLA,730.17
2021-09-21,AAPL,143.43
2021-09-21,SPX,4354.19
2021-09-21,TSLA,739.38
2021-09-22,AAPL,145.85
2021-09-22,SPX,4395.64
2021-09-22,TSLA,751.94
2021-09-23,AAPL,146.83
2021-09-23,SPX,4448.98
2021-09-23,TSLA,753.64
2021-09-24,AAPL,146.92
2021-09-24,SPX,4455.48
2021-09-24,TSLA,774.39
2021-09-27,AAPL,145.37
2021-09-27,SPX,4443.11
2021-09-27,TSLA,791.36
2021-09-28,AAPL,141.91
2021-09-28,SPX,4352.63
2021-09-28,TSLA,777.56
2021-09-29,AAPL,142.83
2021-09-29,SPX,4359.46
2021-09-29,TSLA,781.31
2021-09-30,AAPL,141.5
2021-09-30,SPX,4307.54
2021-09-30,TSLA,775.48
2021-10-01,AAPL,142.65
2021-10-01,SPX,4357.04
2021-10-01,TSLA,775.22
2021-10-04,AAPL,139.14
2021-10-04,SPX,4300.46
2021-10-04,TSLA,781.53
2021-10-05,AAPL,141.11
2021-10-05,SPX,4345.72
2021-10-05,TSLA,780.59
2021-10-06,AAPL,142.0
2021-10-06,SPX,4363.55
2021-10-06,TSLA,782.75
2021-10-07,AAPL,143.29
2021-10-07,SPX,4399.76
2021-10-07,TSLA,793.61
2021-10-08,AAPL,142.9
2021-10-08,SPX,4391.34
2021-10-08,TSLA,785.49
2021-10-11,AAPL,142.81
2021-10-11,SPX,4361.19
2021-10-11,TSLA,791.94
2021-10-12,AAPL,141.51
2021-10-12,SPX,4350.65
2021-10-12,TSLA,805.72
2021-10-13,AAPL,140.91
2021-10-13,SPX,4363.8
2021-10-13,TSLA,811.08
2021-10-14,AAPL,143.76
2021-10-14,SPX,4438.26
2021-10-14,TSLA,818.32
2021-10-15,AAPL,144.84
2021-10-15,SPX,4471.37
2021-10-15,TSLA,843.03
2021-10-18,AAPL,146.55
2021-10-18,SPX,4486.46
2021-10-18,TSLA,870.11
2021-10-19,AAPL,148.76
2021-10-19,SPX,4519.63
2021-10-19,TSLA,864.27
2021-10-20,AAPL,149.26
2021-10-20,SPX,4536.19
2021-10-20,TSLA,865.8
2021-10-21,AAPL,149.48
2021-10-21,SPX,4549.78
2021-10-21,TSLA,894.0
2021-10-22,AAPL,148.69
2021-10-22,SPX,4544.9
2021-10-22,TSLA,909.68
2021-10-25,AAPL,148.64
2021-10-25,SPX,4566.48
2021-10-25,TSLA,1024.86
2021-10-26,AAPL,149.32
2021-10-26,SPX,4574.79
2021-10-26,TSLA,1018.43
2021-10-27,AAPL,148.85
2021-10-27,SPX,4551.68
2021-10-27,TSLA,1037.86
2021-10-28,AAPL,152.57
2021-10-28,SPX,4596.42
2021-10-28,TSLA,1077.04
2021-10-29,AAPL,149.8
2021-10-29,SPX,4605.38
2021-10-29,TSLA,1114.0
2021-11-01,AAPL,148.96
2021-11-01,SPX,4613.67
2021-11-01,TSLA,1208.59
2021-11-02,AAPL,150.02
2021-11-02,SPX,4630.65
2021-11-02,TSLA,1172.0
2021-11-03,AAPL,151.49
2021-11-03,SPX,4660.57
2021-11-03,TSLA,1213.86
2021-11-04,AAPL,150.96
2021-11-04,SPX,4680.06
2021-11-04,TSLA,1229.91
2021-11-05,AAPL,151.28
2021-11-05,SPX,4697.53
2021-11-05,TSLA,1222.09
2021-11-08,AAPL,150.44
2021-11-08,SPX,4701.7
2021-11-08,TSLA,1162.94
2021-11-09,AAPL,150.81
2021-11-09,SPX,4685.25
2021-11-09,TSLA,1023.5
2021-11-10,AAPL,147.92
2021-11-10,SPX,4646.71
2021-11-10,TSLA,1067.95
2021-11-11,AAPL,147.87
2021-11-11,SPX,4649.27
2021-11-11,TSLA,1063.51
2021-11-12,AAPL,149.99
2021-11-12,SPX,4682.85
2021-11-12,TSLA,1033.42
2021-11-15,AAPL,150.0
2021-11-15,SPX,4682.8
2021-11-15,TSLA,1013.39
2021-11-16,AAPL,151.0
2021-11-16,SPX,4700.9
2021-11-16,TSLA,1054.73
2021-11-17,AAPL,153.49
2021-11-17,SPX,4688.67
2021-11-17,TSLA,1089.01
2021-11-18,AAPL,157.87
2021-11-18,SPX,4704.54
2021-11-18,TSLA,1096.38
2021-11-19,AAPL,160.55
2021-11-19,SPX,4697.96
2021-11-19,TSLA,1137.06
2021-11-22,AAPL,161.02
2021-11-22,SPX,4682.94
2021-11-22,TSLA,1156.87
2021-11-23,AAPL,161.41
2021-11-23,SPX,4690.7
2021-11-23,TSLA,1109.03
2021-11-24,AAPL,161.94
2021-11-24,SPX,4701.46
2021-11-24,TSLA,1116.0
2021-11-26,AAPL,156.81
2021-11-26,SPX,4594.62
2021-11-26,TSLA,1081.92
2021-11-29,AAPL,160.24
2021-11-29,SPX,4655.27
2021-11-29,TSLA,1136.99
2021-11-30,AAPL,165.3
2021-11-30,SPX,4567.0
2021-11-30,TSLA,1144.76
2021-12-01,AAPL,164.77
2021-12-01,SPX,4513.04
2021-12-01,TSLA,1095.0
2021-12-02,AAPL,163.76
2021-12-02,SPX,4577.1
2021-12-02,TSLA,1084.6
2021-12-03,AAPL,161.84
2021-12-03,SPX,4538.43
2021-12-03,TSLA,1014.97
2021-12-06,AAPL,165.32
2021-12-06,SPX,4591.67
2021-12-06,TSLA,1009.01
2021-12-07,AAPL,171.18
2021-12-07,SPX,4686.75
2021-12-07,TSLA,1051.75
2021-12-08,AAPL,175.08
2021-12-08,SPX,4701.21
2021-12-08,TSLA,1068.96
2021-12-09,AAPL,174.56
2021-12-09,SPX,4667.45
2021-12-09,TSLA,1003.8
2021-12-10,AAPL,179.45
2021-12-10,SPX,4712.02
2021-12-10,TSLA,1017.03
2021-12-13,AAPL,175.74
2021-12-13,SPX,4668.97
2021-12-13,TSLA,966.41
2021-12-14,AAPL,174.33
2021-12-14,SPX,4634.09
2021-12-14,TSLA,958.51
2021-12-15,AAPL,179.3
2021-12-15,SPX,4709.85
2021-12-15,TSLA,975.99
2021-12-16,AAPL,172.26
2021-12-16,SPX,4668.67
2021-12-16,TSLA,926.92
2021-12-17,AAPL,171.14
2021-12-17,SPX,4620.64
2021-12-17,TSLA,932.57
2021-12-20,AAPL,169.75
2021-12-20,SPX,4568.02
2021-12-20,TSLA,899.94
2021-12-21,AAPL,172.99
2021-12-21,SPX,4649.23
2021-12-21,TSLA,938.53
2021-12-22,AAPL,175.64
2021-12-22,SPX,4696.56
2021-12-22,TSLA,1008.87
2021-12-23,AAPL,176.28
2021-12-23,SPX,4725.79
2021-12-23,TSLA,1067.0
2021-12-27,AAPL,180.33
2021-12-27,SPX,4791.19
2021-12-27,TSLA,1093.94
2021-12-28,AAPL,179.29
2021-12-28,SPX,4786.35
2021-12-28,TSLA,1088.47
2021-12-29,AAPL,179.38
2021-12-29,SPX,4793.06
2021-12-29,TSLA,1086.19
2021-12-30,AAPL,178.2
2021-12-30,SPX,4778.73
2021-12-30,TSLA,1070.34
2021-12-31,AAPL,177.57
2021-12-31,SPX,4766.18
2021-12-31,TSLA,1056.78
2022-01-03,AAPL,182.01
2022-01-03,SPX,4796.56
2022-01-03,TSLA,1199.78
2022-01-04,AAPL,179.7
2022-01-04,SPX,4793.54
2022-01-04,TSLA,1149.59
2022-01-05,AAPL,174.92
2022-01-05,SPX,4700.58
2022-01-05,TSLA,1088.12
2022-01-06,AAPL,172.0
2022-01-06,SPX,4696.05
2022-01-06,TSLA,1064.7
2022-01-07,AAPL,172.17
2022-01-07,SPX,4677.03
2022-01-07,TSLA,1026.96
2022-01-10,AAPL,172.19
2022-01-10,SPX,4670.29
2022-01-10,TSLA,1058.12
2022-01-11,AAPL,175.08
2022-01-11,SPX,4713.07
2022-01-11,TSLA,1064.4
2022-01-12,AAPL,175.53
2022-01-12,SPX,4726.35
2022-01-12,TSLA,1106.22
2022-01-13,AAPL,172.19
2022-01-13,SPX,4659.03
2022-01-13,TSLA,1031.56
2022-01-14,AAPL,173.07
2022-01-14,SPX,4662.85
2022-01-14,TSLA,1049.61
2022-01-18,AAPL,169.8
2022-01-18,SPX,4577.11
2022-01-18,TSLA,1030.51
2022-01-19,AAPL,166.23
2022-01-19,SPX,4532.76
2022-01-19,TSLA,995.65
2022-01-20,AAPL,164.51
2022-01-20,SPX,4482.73
2022-01-20,TSLA,996.27
2022-01-21,AAPL,162.41
2022-01-21,SPX,4397.94
2022-01-21,TSLA,943.9
2022-01-24,AAPL,161.62
2022-01-24,SPX,4410.13
2022-01-24,TSLA,930.0
2022-01-25,AAPL,159.78
2022-01-25,SPX,4356.45
2022-01-25,TSLA,918.4
2022-01-26,AAPL,159.69
2022-01-26,SPX,4349.93
2022-01-26,TSLA,937.41
2022-01-27,AAPL,159.22
2022-01-27,SPX,4326.51
2022-01-27,TSLA,829.1
2022-01-28,AAPL,170.33
2022-01-28,SPX,4431.85
2022-01-28,TSLA,846.35
2022-01-31,AAPL,174.78
2022-01-31,SPX,4515.55
2022-01-31,TSLA,936.72
2022-02-01,AAPL,174.61
2022-02-01,SPX,4546.54
2022-02-01,TSLA,931.25
2022-02-02,AAPL,175.84
2022-02-02,SPX,4589.38
2022-02-02,TSLA,905.66
2022-02-03,AAPL,172.9
2022-02-03,SPX,4477.44
2022-02-03,TSLA,891.14
2022-02-04,AAPL,172.39
2022-02-04,SPX,4500.53
2022-02-04,TSLA,923.32
2022-02-07,AAPL,171.66
2022-02-07,SPX,4483.87
2022-02-07,TSLA,907.34
2022-02-08,AAPL,174.83
2022-02-08,SPX,4521.54
2022-02-08,TSLA,922.0
2022-02-09,AAPL,176.28
2022-02-09,SPX,4587.18
2022-02-09,TSLA,932.0
2022-02-10,AAPL,172.12
2022-02-10,SPX,4504.08
2022-02-10,TSLA,904.55
2022-02-11,AAPL,168.64
2022-02-11,SPX,4418.64
2022-02-11,TSLA,860.0
2022-02-14,AAPL,168.88
2022-02-14,SPX,4401.67
2022-02-14,TSLA,875.76
2022-02-15,AAPL,172.79
2022-02-15,SPX,4471.07
2022-02-15,TSLA,922.43
2022-02-16,AAPL,172.55
2022-02-16,SPX,4475.01
2022-02-16,TSLA,923.39
2022-02-17,AAPL,168.88
2022-02-17,SPX,4380.26
2022-02-17,TSLA,876.35
2022-02-18,AAPL,167.3
2022-02-18,SPX,4348.87
2022-02-18,TSLA,856.98
2022-02-22,AAPL,164.32
2022-02-22,SPX,4304.76
2022-02-22,TSLA,821.53
2022-02-23,AAPL,160.07
2022-02-23,SPX,4225.5
2022-02-23,TSLA,764.04
2022-02-24,AAPL,162.74
2022-02-24,SPX,4288.7
2022-02-24,TSLA,800.77
2022-02-25,AAPL,164.85
2022-02-25,SPX,4384.65
2022-02-25,TSLA,809.87
2022-02-28,AAPL,165.12
2022-02-28,SPX,4373.94
2022-02-28,TSLA,870.43
2022-03-01,AAPL,163.2
2022-03-01,SPX,4306.26
2022-03-01,TSLA,864.37
2022-03-02,AAPL,166.56
2022-03-02,SPX,4386.54
2022-03-02,TSLA,879.89
2022-03-03,AAPL,166.23
2022-03-03,SPX,4363.49
2022-03-03,TSLA,839.29
2022-03-04,AAPL,163.17
2022-03-04,SPX,4328.87
2022-03-04,TSLA,838.29
2022-03-07,AAPL,159.3
2022-03-07,SPX,4201.09
2022-03-07,TSLA,804.58
2022-03-08,AAPL,157.44
2022-03-08,SPX,4170.7
2022-03-08,TSLA,824.4
2022-03-09,AAPL,162.95
2022-03-09,SPX,4277.88
2022-03-09,TSLA,858.97
2022-03-10,AAPL,158.52
2022-03-10,SPX,4259.52
2022-03-10,TSLA,838.3
2022-03-11,AAPL,154.73
2022-03-11,SPX,4204.31
2022-03-11,TSLA,795.35
2022-03-14,AAPL,150.62
2022-03-14,SPX,4173.11
2022-03-14,TSLA,766.37
2022-03-15,AAPL,155.09
2022-03-15,SPX,4262.45
2022-03-15,TSLA,801.89
2022-03-16,AAPL,159.59
2022-03-16,SPX,4357.86
2022-03-16,TSLA,840.23
2022-03-17,AAPL,160.62
2022-03-17,SPX,4411.67
2022-03-17,TSLA,871.6
2022-03-18,AAPL,163.98
2022-03-18,SPX,4463.12
2022-03-18,TSLA,905.39
2022-03-21,AAPL,165.38
2022-03-21,SPX,4461.18
2022-03-21,TSLA,921.16
2022-03-22,AAPL,168.82
2022-03-22,SPX,4511.61
2022-03-22,TSLA,993.98
2022-03-23,AAPL,170.21
2022-03-23,SPX,4456.24
2022-03-23,TSLA,999.11
2022-03-24,AAPL,174.07
2022-03-24,SPX,4520.16
2022-03-24,TSLA,1013.92
2022-03-25,AAPL,174.72
2022-03-25,SPX,4543.06
2022-03-25,TSLA,1010.64
2022-03-28,AAPL,175.6
2022-03-28,SPX,4575.52
2022-03-28,TSLA,1091.84
2022-03-29,AAPL,178.96
2022-03-29,SPX,4631.6
2022-03-29,TSLA,1099.57
2022-03-30,AAPL,177.77
2022-03-30,SPX,4602.45
2022-03-30,TSLA,1093.99
2022-03-31,AAPL,174.61
2022-03-31,SPX,4530.41
2022-03-31,TSLA,1077.6
2022-04-01,AAPL,174.31
2022-04-01,SPX,4545.86
2022-04-01,TSLA,1084.59
2022-04-04,AAPL,178.44
2022-04-04,SPX,4582.64
2022-04-04,TSLA,1145.45
2022-04-05,AAPL,175.06
2022-04-05,SPX,4525.12
2022-04-05,TSLA,1091.26
2022-04-06,AAPL,171.83
2022-04-06,SPX,4481.15
2022-04-06,TSLA,1045.76
2022-04-07,AAPL,172.14
2022-04-07,SPX,4500.21
2022-04-07,TSLA,1057.26
2022-04-08,AAPL,170.09
2022-04-08,SPX,4488.28
2022-04-08,TSLA,1025.49
2022-04-11,AAPL,165.75
2022-04-11,SPX,4412.53
2022-04-11,TSLA,975.93
2022-04-12,AAPL,167.66
2022-04-12,SPX,4397.45
2022-04-12,TSLA,986.95
2022-04-13,AAPL,170.4
2022-04-13,SPX,4446.59
2022-04-13,TSLA,1022.37
2022-04-14,AAPL,165.29
2022-04-14,SPX,4392.59
2022-04-14,TSLA,985.0
2022-04-18,AAPL,165.07
2022-04-18,SPX,4391.69
2022-04-18,TSLA,1004.29
2022-04-19,AAPL,167.4
2022-04-19,SPX,4462.21
2022-04-19,TSLA,1028.15
2022-04-20,AAPL,167.23
2022-04-20,SPX,4459.45
2022-04-20,TSLA,977.2
2022-04-21,AAPL,166.42
2022-04-21,SPX,4393.66
2022-04-21,TSLA,1008.78
2022-04-22,AAPL,161.79
2022-04-22,SPX,4271.78
2022-04-22,TSLA,1005.05
2022-04-25,AAPL,162.88
2022-04-25,SPX,4296.12
2022-04-25,TSLA,998.02
2022-04-26,AAPL,156.8
2022-04-26,SPX,4175.2
2022-04-26,TSLA,876.42
2022-04-27,AAPL,156.57
2022-04-27,SPX,4183.96
2022-04-27,TSLA,881.51
2022-04-28,AAPL,163.64
2022-04-28,SPX,4287.5
2022-04-28,TSLA,877.51
2022-04-29,AAPL,157.65
2022-04-29,SPX,4131.93
2022-04-29,TSLA,870.76
2022-05-02,AAPL,157.96
2022-05-02,SPX,4155.38
2022-05-02,TSLA,902.94
2022-05-03,AAPL,159.48
2022-05-03,SPX,4175.48
2022-05-03,TSLA,909.25
2022-05-04,AAPL,166.02
2022-05-04,SPX,4300.17
2022-05-04,TSLA,952.62
2022-05-05,AAPL,156.77
2022-05-05,SPX,4146.87
2022-05-05,TSLA,873.28
2022-05-06,AAPL,157.28
2022-05-06,SPX,4123.34
2022-05-06,TSLA,865.65
2022-05-09,AAPL,152.06
2022-05-09,SPX,3991.24
2022-05-09,TSLA,787.11
2022-05-10,AAPL,154.51
2022-05-10,SPX,4001.05
2022-05-10,TSLA,800.04
2022-05-11,AAPL,146.5
2022-05-11,SPX,3935.18
2022-05-11,TSLA,734.0
2022-05-12,AAPL,142.56
2022-05-12,SPX,3930.08
2022-05-12,TSLA,728.0
2022-05-13,AAPL,147.11
2022-05-13,SPX,4023.89
2022-05-13,TSLA,769.59
2022-05-16,AAPL,145.54
2022-05-16,SPX,4008.01
2022-05-16,TSLA,724.37
2022-05-17,AAPL,149.24
2022-05-17,SPX,4088.85
2022-05-17,TSLA,761.61
2022-05-18,AAPL,140.82
2022-05-18,SPX,3923.68
2022-05-18,TSLA,709.81
2022-05-19,AAPL,137.35
2022-05-19,SPX,3900.79
2022-05-19,TSLA,709.42
2022-05-20,AAPL,137.59
2022-05-20,SPX,3901.36
2022-05-20,TSLA,663.9
2022-05-23,AAPL,143.11
2022-05-23,SPX,3973.75
2022-05-23,TSLA,674.9
2022-05-24,AAPL,140.36
2022-05-24,SPX,3941.48
2022-05-24,TSLA,628.16
2022-05-25,AAPL,140.52
2022-05-25,SPX,3978.73
2022-05-25,TSLA,658.8
2022-05-26,AAPL,143.78
2022-05-26,SPX,4057.84
2022-05-26,TSLA,707.73
2022-05-27,AAPL,149.64
2022-05-27,SPX,4158.24
2022-05-27,TSLA,759.63
2022-05-31,AAPL,148.84
2022-05-31,SPX,4132.15
2022-05-31,TSLA,758.26
2022-06-01,AAPL,148.71
2022-06-01,SPX,4101.23
2022-06-01,TSLA,740.37
2022-06-02,AAPL,151.21
2022-06-02,SPX,4176.82
2022-06-02,TSLA,775.0
2022-06-03,AAPL,145.38
2022-06-03,SPX,4108.54
2022-06-03,TSLA,703.55
2022-06-06,AAPL,146.14
2022-06-06,SPX,4121.43
2022-06-06,TSLA,714.84
2022-06-07,AAPL,148.71
2022-06-07,SPX,4160.68
2022-06-07,TSLA,716.66
2022-06-08,AAPL,147.96
2022-06-08,SPX,4115.77
2022-06-08,TSLA,725.6
2022-06-09,AAPL,142.64
2022-06-09,SPX,4017.82
2022-06-09,TSLA,719.12
2022-06-10,AAPL,137.13
2022-06-10,SPX,3900.86
2022-06-10,TSLA,696.69
2022-06-13,AAPL,131.88
2022-06-13,SPX,3749.63
2022-06-13,TSLA,647.21
2022-06-14,AAPL,132.76
2022-06-14,SPX,3735.48
2022-06-14,TSLA,662.67
2022-06-15,AAPL,135.43
2022-06-15,SPX,3789.99
2022-06-15,TSLA,699.0
2022-06-16,AAPL,130.06
2022-06-16,SPX,3666.77
2022-06-16,TSLA,639.3
2022-06-17,AAPL,131.56
2022-06-17,SPX,3674.84
2022-06-17,TSLA,650.28
2022-06-21,AAPL,135.87
2022-06-21,SPX,3764.79
2022-06-21,TSLA,711.11
2022-06-22,AAPL,135.35
2022-06-22,SPX,3759.89
2022-06-22,TSLA,708.26
2022-06-23,AAPL,138.27
2022-06-23,SPX,3795.73
2022-06-23,TSLA,705.21
2022-06-24,AAPL,141.66
2022-06-24,SPX,3911.74
2022-06-24,TSLA,737.12
2022-06-27,AAPL,141.66
2022-06-27,SPX,3900.11
2022-06-27,TSLA,734.76
2022-06-28,AAPL,137.44
2022-06-28,SPX,3821.55
2022-06-28,TSLA,697.99
2022-06-29,AAPL,139.23
2022-06-29,SPX,3818.83
2022-06-29,TSLA,685.47
2022-06-30,AAPL,136.72
2022-06-30,SPX,3785.38
2022-06-30,TSLA,673.42
2022-07-01,AAPL,138.93
2022-07-01,SPX,3825.33
2022-07-01,TSLA,681.79
2022-07-05,AAPL,141.56
2022-07-05,SPX,3831.39
2022-07-05,TSLA,699.2
2022-07-06,AAPL,142.92
2022-07-06,SPX,3845.08
2022-07-06,TSLA,695.2
2022-07-07,AAPL,146.35
2022-07-07,SPX,3902.62
2022-07-07,TSLA,733.63
2022-07-08,AAPL,147.04
2022-07-08,SPX,3899.38
2022-07-08,TSLA,752.29
2022-07-11,AAPL,144.87
2022-07-11,SPX,3854.43
2022-07-11,TSLA,703.03
2022-07-12,AAPL,145.86
2022-07-12,SPX,3818.8
2022-07-12,TSLA,699.21
2022-07-13,AAPL,145.49
2022-07-13,SPX,3801.78
2022-07-13,TSLA,711.12
2022-07-14,AAPL,148.47
2022-07-14,SPX,3790.38
2022-07-14,TSLA,714.94
2022-07-15,AAPL,150.17
2022-07-15,SPX,3863.16
2022-07-15,TSLA,720.2
2022-07-18,AAPL,147.07
2022-07-18,SPX,3830.85
2022-07-18,TSLA,721.64
2022-07-19,AAPL,151.0
2022-07-19,SPX,3936.69
2022-07-19,TSLA,736.59
2022-07-20,AAPL,153.04
2022-07-20,SPX,3959.9
2022-07-20,TSLA,742.5
2022-07-21,AAPL,155.35
2022-07-21,SPX,3998.95
2022-07-21,TSLA,815.12
2022-07-22,AAPL,154.09
2022-07-22,SPX,3961.63
2022-07-22,TSLA,816.73
2022-07-25,AAPL,152.95
2022-07-25,SPX,3966.84
2022-07-25,TSLA,805.3
2022-07-26,AAPL,151.6
2022-07-26,SPX,3921.05
2022-07-26,TSLA,776.58
2022-07-27,AAPL,156.79
2022-07-27,SPX,4023.61
2022-07-27,TSLA,824.46
2022-07-28,AAPL,157.35
2022-07-28,SPX,4072.43
2022-07-28,TSLA,842.7
2022-07-29,AAPL,162.51
2022-07-29,SPX,4130.29
2022-07-29,TSLA,891.45
2022-08-01,AAPL,161.51
2022-08-01,SPX,4118.63
2022-08-01,TSLA,891.83
2022-08-02,AAPL,160.01
2022-08-02,SPX,4091.19
2022-08-02,TSLA,901.76
2022-08-03,AAPL,166.13
2022-08-03,SPX,4155.17
2022-08-03,TSLA,922.19
2022-08-04,AAPL,165.81
2022-08-04,SPX,4151.94
2022-08-04,TSLA,925.9
2022-08-05,AAPL,165.35
2022-08-05,SPX,4145.19
2022-08-05,TSLA,864.51
2022-08-08,AAPL,164.87
2022-08-08,SPX,4140.06
2022-08-08,TSLA,871.27
2022-08-09,AAPL,164.92
2022-08-09,SPX,4122.47
2022-08-09,TSLA,850.0
2022-08-10,AAPL,169.24
2022-08-10,SPX,4210.24
2022-08-10,TSLA,883.07
2022-08-11,AAPL,168.49
2022-08-11,SPX,4207.27
2022-08-11,TSLA,859.89
2022-08-12,AAPL,172.1
2022-08-12,SPX,4280.15
2022-08-12,TSLA,900.09
2022-08-15,AAPL,173.19
2022-08-15,SPX,4297.14
2022-08-15,TSLA,927.96
2022-08-16,AAPL,173.03
2022-08-16,SPX,4305.2
2022-08-16,TSLA,919.69
2022-08-17,AAPL,174.55
2022-08-17,SPX,4274.04
2022-08-17,TSLA,911.99
2022-08-18,AAPL,174.15
2022-08-18,SPX,4283.74
2022-08-18,TSLA,908.61
2022-08-19,AAPL,171.52
2022-08-19,SPX,4228.48
2022-08-19,TSLA,890.0
2022-08-22,AAPL,167.57
2022-08-22,SPX,4137.99
2022-08-22,TSLA,869.74
2022-08-23,AAPL,167.23
2022-08-23,SPX,4128.73
2022-08-23,TSLA,889.36
2022-08-24,AAPL,167.53
2022-08-24,SPX,4140.77
2022-08-24,TSLA,891.29
2022-08-25,AAPL,170.03
2022-08-25,SPX,4199.12
2022-08-25,TSLA,296.07
2022-08-26,AAPL,163.62
2022-08-26,SPX,4057.66
2022-08-26,TSLA,288.09
2022-08-29,AAPL,161.38
2022-08-29,SPX,4030.61
2022-08-29,TSLA,284.82
2022-08-30,AAPL,158.91
2022-08-30,SPX,3986.16
2022-08-30,TSLA,277.7
2022-08-31,AAPL,157.22
2022-08-31,SPX,3955.0
2022-08-31,TSLA,275.61
2022-09-01,AAPL,157.96
2022-09-01,SPX,3966.85
2022-09-01,TSLA,277.16
2022-09-02,AAPL,155.81
2022-09-02,SPX,3924.26
2022-09-02,TSLA,270.21
2022-09-06,AAPL,154.53
2022-09-06,SPX,3908.19
2022-09-06,TSLA,274.42
2022-09-07,AAPL,155.96
2022-09-07,SPX,3979.87
2022-09-07,TSLA,283.7
2022-09-08,AAPL,154.46
2022-09-08,SPX,4006.18
2022-09-08,TSLA,289.26
2022-09-09,AAPL,157.37
2022-09-09,SPX,4067.36
2022-09-09,TSLA,299.68
2022-09-12,AAPL,163.43
2022-09-12,SPX,4110.41
2022-09-12,TSLA,304.42
2022-09-13,AAPL,153.84
2022-09-13,SPX,3932.69
2022-09-13,TSLA,292.13
2022-09-14,AAPL,155.31
2022-09-14,SPX,3946.01
2022-09-14,TSLA,302.61
2022-09-15,AAPL,152.37
2022-09-15,SPX,3901.35
2022-09-15,TSLA,303.75
2022-09-16,AAPL,150.7
2022-09-16,SPX,3873.33
2022-09-16,TSLA,303.35
2022-09-19,AAPL,154.48
2022-09-19,SPX,3899.89
2022-09-19,TSLA,309.07
2022-09-20,AAPL,156.9
2022-09-20,SPX,3855.93
2022-09-20,TSLA,308.73
2022-09-21,AAPL,153.72
2022-09-21,SPX,3789.93
2022-09-21,TSLA,300.8
2022-09-22,AAPL,152.74
2022-09-22,SPX,3757.99
2022-09-22,TSLA,288.59
2022-09-23,AAPL,150.43
2022-09-23,SPX,3693.23
2022-09-23,TSLA,275.33
2022-09-26,AAPL,150.77
2022-09-26,SPX,3655.04
2022-09-26,TSLA,276.01
2022-09-27,AAPL,151.76
2022-09-27,SPX,3647.29
2022-09-27,TSLA,282.94
2022-09-28,AAPL,149.84
2022-09-28,SPX,3719.04
2022-09-28,TSLA,287.81
2022-09-29,AAPL,142.48
2022-09-29,SPX,3640.47
2022-09-29,TSLA,268.21
2022-09-30,AAPL,138.2
2022-09-30,SPX,3585.62
2022-09-30,TSLA,265.25
2022-10-03,AAPL,142.45
2022-10-03,SPX,3678.43
2022-10-03,TSLA,242.4
2022-10-04,AAPL,146.1
2022-10-04,SPX,3790.93
2022-10-04,TSLA,249.44
2022-10-05,AAPL,146.4
2022-10-05,SPX,3783.28
2022-10-05,TSLA,240.81
2022-10-06,AAPL,145.43
2022-10-06,SPX,3744.52
2022-10-06,TSLA,238.13
2022-10-07,AAPL,140.09
2022-10-07,SPX,3639.66
2022-10-07,TSLA,223.07
2022-10-10,AAPL,140.42
2022-10-10,SPX,3612.39
2022-10-10,TSLA,222.96
2022-10-11,AAPL,138.98
2022-10-11,SPX,3588.84
2022-10-11,TSLA,216.5
2022-10-12,AAPL,138.34
2022-10-12,SPX,3577.03
2022-10-12,TSLA,217.24
2022-10-13,AAPL,142.99
2022-10-13,SPX,3669.91
2022-10-13,TSLA,221.72
2022-10-14,AAPL,138.38
2022-10-14,SPX,3583.07
2022-10-14,TSLA,204.99
2022-10-17,AAPL,142.41
2022-10-17,SPX,3677.95
2022-10-17,TSLA,219.35
2022-10-18,AAPL,143.75
2022-10-18,SPX,3719.98
2022-10-18,TSLA,220.19
2022-10-19,AAPL,143.86
2022-10-19,SPX,3695.16
2022-10-19,TSLA,222.04
2022-10-20,AAPL,143.39
2022-10-20,SPX,3665.78
2022-10-20,TSLA,207.28
2022-10-21,AAPL,147.27
2022-10-21,SPX,3752.75
2022-10-21,TSLA,214.44
2022-10-24,AAPL,149.45
2022-10-24,SPX,3797.34
2022-10-24,TSLA,211.25
2022-10-25,AAPL,152.34
2022-10-25,SPX,3859.11
2022-10-25,TSLA,222.415
2022-10-26,AAPL,149.35
2022-10-26,SPX,3830.6
2022-10-26,TSLA,224.64
2022-10-27,AAPL,144.8
2022-10-27,SPX,3807.3
2022-10-27,TSLA,225.09
2022-10-28,AAPL,155.74
2022-10-28,SPX,3901.06
2022-10-28,TSLA,228.52
2022-10-31,AAPL,153.34
2022-10-31,SPX,3871.98
2022-10-31,TSLA,227.54
2022-11-01,AAPL,150.65
2022-11-01,SPX,3856.1
2022-11-01,TSLA,227.82
2022-11-02,AAPL,145.03
2022-11-02,SPX,3759.69
2022-11-02,TSLA,214.98
2022-11-03,AAPL,138.88
2022-11-03,SPX,3719.89
2022-11-03,TSLA,215.31
2022-11-04,AAPL,138.38
2022-11-04,SPX,3770.55
2022-11-04,TSLA,207.47
2022-11-07,AAPL,138.92
2022-11-07,SPX,3806.8
2022-11-07,TSLA,197.08
2022-11-08,AAPL,139.5
2022-11-08,SPX,3828.11
2022-11-08,TSLA,191.3
2022-11-09,AAPL,134.87
2022-11-09,SPX,3748.57
2022-11-09,TSLA,177.59
2022-11-10,AAPL,146.87
2022-11-10,SPX,3956.37
2022-11-10,TSLA,190.72
2022-11-11,AAPL,149.7
2022-11-11,SPX,3992.93
2022-11-11,TSLA,195.97
2022-11-14,AAPL,148.28
2022-11-14,SPX,3957.25
2022-11-14,TSLA,190.95
2022-11-15,AAPL,150.04
2022-11-15,SPX,3991.73
2022-11-15,TSLA,194.42
2022-11-16,AAPL,148.79
2022-11-16,SPX,3958.79
2022-11-16,TSLA,186.92
2022-11-17,AAPL,150.72
2022-11-17,SPX,3946.56
2022-11-17,TSLA,183.17
2022-11-18,AAPL,151.29
2022-11-18,SPX,3965.34
2022-11-18,TSLA,180.19
2022-11-21,AAPL,148.01
2022-11-21,SPX,3949.94
2022-11-21,TSLA,167.87
2022-11-22,AAPL,150.18
2022-11-22,SPX,4003.58
2022-11-22,TSLA,169.91
2022-11-23,AAPL,151.07
2022-11-23,SPX,4027.26
2022-11-23,TSLA,183.2
2022-11-25,AAPL,148.11
2022-11-25,SPX,4026.12
2022-11-25,TSLA,182.86
2022-11-28,AAPL,144.22
2022-11-28,SPX,3963.94
2022-11-28,TSLA,182.92
2022-11-29,AAPL,141.17
2022-11-29,SPX,3957.63
2022-11-29,TSLA,180.83
2022-11-30,AAPL,148.03
2022-11-30,SPX,4080.11
2022-11-30,TSLA,194.7
2022-12-01,AAPL,148.31
2022-12-01,SPX,4076.57
2022-12-01,TSLA,194.7
2022-12-02,AAPL,147.81
2022-12-02,SPX,4071.7
2022-12-02,TSLA,194.86
2022-12-05,AAPL,146.63
2022-12-05,SPX,3998.84
2022-12-05,TSLA,182.45
2022-12-06,AAPL,142.91
2022-12-06,SPX,3941.26
2022-12-06,TSLA,179.82
2022-12-07,AAPL,140.94
2022-12-07,SPX,3933.92
2022-12-07,TSLA,174.04
2022-12-08,AAPL,142.65
2022-12-08,SPX,3963.51
2022-12-08,TSLA,173.44
2022-12-09,AAPL,142.16
2022-12-09,SPX,3934.38
2022-12-09,TSLA,179.05
2022-12-12,AAPL,144.49
2022-12-12,SPX,3990.56
2022-12-12,TSLA,167.82
2022-12-13,AAPL,145.47
2022-12-13,SPX,4019.65
2022-12-13,TSLA,160.95
2022-12-14,AAPL,143.21
2022-12-14,SPX,3995.32
2022-12-14,TSLA,156.8
2022-12-15,AAPL,136.5
2022-12-15,SPX,3895.75
2022-12-15,TSLA,157.67
2022-12-16,AAPL,134.51
2022-12-16,SPX,3852.36
2022-12-16,TSLA,150.23
2022-12-19,AAPL,132.37
2022-12-19,SPX,3817.66
2022-12-19,TSLA,149.87
2022-12-20,AAPL,132.3
2022-12-20,SPX,3821.62
2022-12-20,TSLA,137.8
2022-12-21,AAPL,135.45
2022-12-21,SPX,3878.44
2022-12-21,TSLA,137.57
2022-12-22,AAPL,132.23
2022-12-22,SPX,3822.39
2022-12-22,TSLA,125.35
2022-12-23,AAPL,131.86
2022-12-23,SPX,3844.82
2022-12-23,TSLA,123.15
2022-12-27,AAPL,130.03
2022-12-27,SPX,3829.25
2022-12-27,TSLA,109.1
2022-12-28,AAPL,126.04
2022-12-28,SPX,3783.22
2022-12-28,TSLA,112.71
2022-12-29,AAPL,129.61
2022-12-29,SPX,3849.28
2022-12-29,TSLA,121.82
2022-12-30,AAPL,129.93
2022-12-30,SPX,3839.5
2022-12-30,TSLA,123.18
2023-01-03,AAPL,125.07
2023-01-03,SPX,3824.14
2023-01-03,TSLA,108.1
2023-01-04,AAPL,126.36
2023-01-04,SPX,3852.97
2023-01-04,TSLA,113.64
2023-01-05,AAPL,125.02
2023-01-05,SPX,3808.1
2023-01-05,TSLA,110.34
2023-01-06,AAPL,129.62
2023-01-06,SPX,3895.08
2023-01-06,TSLA,113.06
2023-01-09,AAPL,130.15
2023-01-09,SPX,3892.09
2023-01-09,TSLA,119.77
2023-01-10,AAPL,130.73
2023-01-10,SPX,3919.25
2023-01-10,TSLA,118.85
2023-01-11,AAPL,133.49
2023-01-11,SPX,3969.61
2023-01-11,TSLA,123.22
2023-01-12,AAPL,133.41
2023-01-12,SPX,3983.17
2023-01-12,TSLA,123.56
2023-01-13,AAPL,134.76
2023-01-13,SPX,3999.09
2023-01-13,TSLA,122.4
2023-01-17,AAPL,135.94
2023-01-17,SPX,3990.97
2023-01-17,TSLA,131.49
2023-01-18,AAPL,135.21
2023-01-18,SPX,3928.86
2023-01-18,TSLA,128.78
2023-01-19,AAPL,135.27
2023-01-19,SPX,3898.85
2023-01-19,TSLA,127.17
2023-01-20,AAPL,137.87
2023-01-20,SPX,3972.61
2023-01-20,TSLA,133.42
2023-01-23,AAPL,141.11
2023-01-23,SPX,4019.81
2023-01-23,TSLA,143.75
2023-01-24,AAPL,142.53
2023-01-24,SPX,4016.95
2023-01-24,TSLA,143.89
2023-01-25,AAPL,141.86
2023-01-25,SPX,4016.22
2023-01-25,TSLA,144.43
2023-01-26,AAPL,143.96
2023-01-26,SPX,4060.43
2023-01-26,TSLA,160.27
2023-01-27,AAPL,145.93
2023-01-27,SPX,4070.56
2023-01-27,TSLA,177.9
2023-01-30,AAPL,143.0
2023-01-30,SPX,4017.77
2023-01-30,TSLA,166.66
2023-01-31,AAPL,144.29
2023-01-31,SPX,4076.6
2023-01-31,TSLA,173.22
2023-02-01,AAPL,145.43
2023-02-01,SPX,4119.21
2023-02-01,TSLA,181.41
2023-02-02,AAPL,150.82
2023-02-02,SPX,4179.76
2023-02-02,TSLA,188.27
2023-02-03,AAPL,154.5
2023-02-03,SPX,4136.48
2023-02-03,TSLA,189.98
2023-02-06,AAPL,151.73
2023-02-06,SPX,4111.08
2023-02-06,TSLA,194.76
2023-02-07,AAPL,154.65
2023-02-07,SPX,4164.0
2023-02-07,TSLA,196.81
2023-02-08,AAPL,151.92
2023-02-08,SPX,4117.86
2023-02-08,TSLA,201.29
2023-02-09,AAPL,150.87
2023-02-09,SPX,4081.5
2023-02-09,TSLA,207.32
2023-02-10,AAPL,151.01
2023-02-10,SPX,4090.46
2023-02-10,TSLA,196.89
2023-02-13,AAPL,153.85
2023-02-13,SPX,4137.29
2023-02-13,TSLA,194.64
2023-02-14,AAPL,153.2
2023-02-14,SPX,4136.13
2023-02-14,TSLA,209.25
2023-02-15,AAPL,155.33
2023-02-15,SPX,4147.6
2023-02-15,TSLA,214.24
2023-02-16,AAPL,153.71
2023-02-16,SPX,4090.41
2023-02-16,TSLA,202.04
2023-02-17,AAPL,152.55
2023-02-17,SPX,4079.09
2023-02-17,TSLA,208.31
2023-02-21,AAPL,148.48
2023-02-21,SPX,3997.34
2023-02-21,TSLA,197.37
2023-02-22,AAPL,148.91
2023-02-22,SPX,3991.05
2023-02-22,TSLA,200.86
2023-02-23,AAPL,149.4
2023-02-23,SPX,4012.32
2023-02-23,TSLA,202.07
2023-02-24,AAPL,146.71
2023-02-24,SPX,3970.04
2023-02-24,TSLA,196.88
2023-02-27,AAPL,147.92
2023-02-27,SPX,3982.24
2023-02-27,TSLA,207.63
2023-02-28,AAPL,147.41
2023-02-28,SPX,3970.15
2023-02-28,TSLA,205.71
2023-03-01,AAPL,145.31
2023-03-01,SPX,3951.39
2023-03-01,TSLA,202.77
2023-03-02,AAPL,145.91
2023-03-02,SPX,3981.35
2023-03-02,TSLA,190.9
2023-03-03,AAPL,151.03
2023-03-03,SPX,4045.64
2023-03-03,TSLA,197.79
2023-03-06,AAPL,153.83
2023-03-06,SPX,4048.42
2023-03-06,TSLA,193.81
2023-03-07,AAPL,151.6
2023-03-07,SPX,3986.37
2023-03-07,TSLA,187.71
2023-03-08,AAPL,152.87
2023-03-08,SPX,3992.01
2023-03-08,TSLA,182.0
2023-03-09,AAPL,150.59
2023-03-09,SPX,3918.32
2023-03-09,TSLA,172.92
2023-03-10,AAPL,148.5
2023-03-10,SPX,3861.59
2023-03-10,TSLA,173.44
2023-03-13,AAPL,150.47
2023-03-13,SPX,3855.76
2023-03-13,TSLA,174.48
2023-03-14,AAPL,152.59
2023-03-14,SPX,3919.29
2023-03-14,TSLA,183.26
2023-03-15,AAPL,152.99
2023-03-15,SPX,3891.93
2023-03-15,TSLA,180.45
2023-03-16,AAPL,155.85
2023-03-16,SPX,3960.28
2023-03-16,TSLA,184.13
2023-03-17,AAPL,155.0
2023-03-17,SPX,3916.64
2023-03-17,TSLA,180.13
2023-03-20,AAPL,157.4
2023-03-20,SPX,3951.57
2023-03-20,TSLA,183.25
2023-03-21,AAPL,159.28
2023-03-21,SPX,4002.87
2023-03-21,TSLA,197.58
2023-03-22,AAPL,157.83
2023-03-22,SPX,3936.97
2023-03-22,TSLA,191.15
2023-03-23,AAPL,158.93
2023-03-23,SPX,3948.72
2023-03-23,TSLA,192.22
2023-03-24,AAPL,160.25
2023-03-24,SPX,3970.99
2023-03-24,TSLA,190.41
2023-03-27,AAPL,158.28
2023-03-27,SPX,3977.53
2023-03-27,TSLA,191.81
2023-03-28,AAPL,157.65
2023-03-28,SPX,3971.27
2023-03-28,TSLA,189.19
2023-03-29,AAPL,160.77
2023-03-29,SPX,4027.81
2023-03-29,TSLA,193.88
2023-03-30,AAPL,162.36
2023-03-30,SPX,4050.83
2023-03-30,TSLA,195.28
2023-03-31,AAPL,164.9
2023-03-31,SPX,4109.31
2023-03-31,TSLA,207.46
2023-04-03,AAPL,166.17
2023-04-03,SPX,4124.51
2023-04-03,TSLA,194.77
2023-04-04,AAPL,165.63
2023-04-04,SPX,4100.6
2023-04-04,TSLA,192.58
2023-04-05,AAPL,163.76
2023-04-05,SPX,4090.38
2023-04-05,TSLA,185.52
2023-04-06,AAPL,164.66
2023-04-06,SPX,4105.02
2023-04-06,TSLA,185.06
2023-04-10,AAPL,162.03
2023-04-10,SPX,4109.11
2023-04-10,TSLA,184.51
2023-04-11,AAPL,160.8
2023-04-11,SPX,4108.94
2023-04-11,TSLA,186.79
2023-04-12,AAPL,160.1
2023-04-12,SPX,4091.95
2023-04-12,TSLA,180.54
2023-04-13,AAPL,165.56
2023-04-13,SPX,4146.22
2023-04-13,TSLA,185.9
2023-04-14,AAPL,165.21
2023-04-14,SPX,4137.64
2023-04-14,TSLA,185.0
2023-04-17,AAPL,165.23
2023-04-17,SPX,4151.32
2023-04-17,TSLA,187.04
2023-04-18,AAPL,166.47
2023-04-18,SPX,4154.87
2023-04-18,TSLA,184.31
2023-04-19,AAPL,167.63
2023-04-19,SPX,4154.52
2023-04-19,TSLA,180.59
2023-04-20,AAPL,166.65
2023-04-20,SPX,4129.79
2023-04-20,TSLA,162.99
2023-04-21,AAPL,165.02
2023-04-21,SPX,4133.52
2023-04-21,TSLA,165.08
2023-04-24,AAPL,165.33
2023-04-24,SPX,4137.04
2023-04-24,TSLA,162.55
2023-04-25,AAPL,163.77
2023-04-25,SPX,4071.63
2023-04-25,TSLA,160.67
2023-04-26,AAPL,163.76
2023-04-26,SPX,4055.99
2023-04-26,TSLA,153.75
2023-04-27,AAPL,168.41
2023-04-27,SPX,4135.35
2023-04-27,TSLA,160.19
2023-04-28,AAPL,169.68
2023-04-28,SPX,4169.48
2023-04-28,TSLA,164.31
2023-05-01,AAPL,169.59
2023-05-01,SPX,4167.87
2023-05-01,TSLA,161.83
2023-05-02,AAPL,168.54
2023-05-02,SPX,4119.58
2023-05-02,TSLA,160.31
2023-05-03,AAPL,167.45
2023-05-03,SPX,4090.75
2023-05-03,TSLA,160.61
2023-05-04,AAPL,165.79
2023-05-04,SPX,4061.22
2023-05-04,TSLA,161.2
2023-05-05,AAPL,173.57
2023-05-05,SPX,4136.25
2023-05-05,TSLA,170.06
2023-05-08,AAPL,173.5
2023-05-08,SPX,4138.12
2023-05-08,TSLA,171.79
2023-05-09,AAPL,171.77
2023-05-09,SPX,4119.17
2023-05-09,TSLA,169.15
2023-05-10,AAPL,173.555
2023-05-10,SPX,4137.64
2023-05-10,TSLA,168.54
2023-05-11,AAPL,173.75
2023-05-11,SPX,4130.62
2023-05-11,TSLA,172.08
2023-05-12,AAPL,172.57
2023-05-12,SPX,4124.08
2023-05-12,TSLA,167.98
2023-05-15,AAPL,172.07
2023-05-15,SPX,4136.28
2023-05-15,TSLA,166.35
2023-05-16,AAPL,172.07
2023-05-16,SPX,4109.9
2023-05-16,TSLA,166.52
2023-05-17,AAPL,172.69
2023-05-17,SPX,4158.77
2023-05-17,TSLA,173.86
2023-05-18,AAPL,175.05
2023-05-18,SPX,4198.05
2023-05-18,TSLA,176.89
2023-05-19,AAPL,175.16
2023-05-19,SPX,4191.98
2023-05-19,TSLA,180.14
2023-05-22,AAPL,174.2
2023-05-22,SPX,4192.63
2023-05-22,TSLA,188.87
2023-05-23,AAPL,171.56
2023-05-23,SPX,4145.58
2023-05-23,TSLA,185.77
2023-05-24,AAPL,171.84
2023-05-24,SPX,4115.24
2023-05-24,TSLA,182.9
2023-05-25,AAPL,172.99
2023-05-25,SPX,4151.28
2023-05-25,TSLA,184.47
2023-05-26,AAPL,175.43
2023-05-26,SPX,4205.45
2023-05-26,TSLA,193.17
2023-05-30,AAPL,177.3
2023-05-30,SPX,4205.52
2023-05-30,TSLA,201.16
2023-05-31,AAPL,177.25
2023-05-31,SPX,4179.83
2023-05-31,TSLA,203.93
2023-06-01,AAPL,180.09
2023-06-01,SPX,4221.02
2023-06-01,TSLA,207.52
2023-06-02,AAPL,180.95
2023-06-02,SPX,4282.37
2023-06-02,TSLA,213.97
2023-06-05,AAPL,179.58
2023-06-05,SPX,4273.79
2023-06-05,TSLA,217.61
2023-06-06,AAPL,179.21
2023-06-06,SPX,4283.85
2023-06-06,TSLA,221.31
2023-06-07,AAPL,177.82
2023-06-07,SPX,4267.52
2023-06-07,TSLA,224.57
2023-06-08,AAPL,180.57
2023-06-08,SPX,4293.93
2023-06-08,TSLA,234.86
2023-06-09,AAPL,180.96
2023-06-09,SPX,4298.86
2023-06-09,TSLA,244.4
2023-06-12,AAPL,183.79
2023-06-12,SPX,4338.93
2023-06-12,TSLA,249.83
2023-06-13,AAPL,183.31
2023-06-13,SPX,4369.01
2023-06-13,TSLA,258.71
2023-06-14,AAPL,183.95
2023-06-14,SPX,4372.59
2023-06-14,TSLA,256.79
2023-06-15,AAPL,186.01
2023-06-15,SPX,4425.84
2023-06-15,TSLA,255.9
2023-06-16,AAPL,184.92
2023-06-16,SPX,4409.59
2023-06-16,TSLA,260.54
2023-06-20,AAPL,185.01
2023-06-20,SPX,4388.71
2023-06-20,TSLA,274.45
2023-06-21,AAPL,183.96
2023-06-21,SPX,4365.69
2023-06-21,TSLA,259.46
2023-06-22,AAPL,187.0
2023-06-22,SPX,4381.89
2023-06-22,TSLA,264.61
2023-06-23,AAPL,186.68
2023-06-23,SPX,4348.33
2023-06-23,TSLA,256.6
2023-06-26,AAPL,185.27
2023-06-26,SPX,4328.82
2023-06-26,TSLA,241.05
2023-06-27,AAPL,188.06
2023-06-27,SPX,4378.41
2023-06-27,TSLA,250.21
2023-06-28,AAPL,189.25
2023-06-28,SPX,4376.86
2023-06-28,TSLA,256.24
2023-06-29,AAPL,189.59
2023-06-29,SPX,4396.44
2023-06-29,TSLA,257.5
2023-06-30,AAPL,193.97
2023-06-30,SPX,4450.38
2023-06-30,TSLA,261.77
2023-07-03,AAPL,192.46
2023-07-03,SPX,4455.59
2023-07-03,TSLA,279.82
2023-07-05,AAPL,191.33
2023-07-05,SPX,4446.82
2023-07-05,TSLA,282.48
2023-07-06,AAPL,191.81
2023-07-06,SPX,4411.59
2023-07-06,TSLA,276.54
2023-07-07,AAPL,190.68
2023-07-07,SPX,4398.95
2023-07-07,TSLA,274.43
2023-07-10,AAPL,188.61
2023-07-10,SPX,4409.53
2023-07-10,TSLA,269.61
2023-07-11,AAPL,188.08
2023-07-11,SPX,4439.26
2023-07-11,TSLA,269.79
2023-07-12,AAPL,189.77
2023-07-12,SPX,4472.16
2023-07-12,TSLA,271.99
2023-07-13,AAPL,190.54
2023-07-13,SPX,4510.04
2023-07-13,TSLA,277.9
2023-07-14,AAPL,190.69
2023-07-14,SPX,4505.42
2023-07-14,TSLA,281.38
2023-07-17,AAPL,193.99
2023-07-17,SPX,4522.79
2023-07-17,TSLA,290.38
2023-07-18,AAPL,193.73
2023-07-18,SPX,4554.98
2023-07-18,TSLA,293.34
2023-07-19,AAPL,195.1
2023-07-19,SPX,4565.72
2023-07-19,TSLA,291.26
2023-07-20,AAPL,193.13
2023-07-20,SPX,4534.87
2023-07-20,TSLA,262.9
2023-07-21,AAPL,191.94
2023-07-21,SPX,4536.34
2023-07-21,TSLA,260.02
2023-07-24,AAPL,192.75
2023-07-24,SPX,4554.64
2023-07-24,TSLA,269.06
2023-07-25,AAPL,193.62
2023-07-25,SPX,4567.46
2023-07-25,TSLA,265.28
2023-07-26,AAPL,194.5
2023-07-26,SPX,4566.75
2023-07-26,TSLA,264.35
2023-07-27,AAPL,193.22
2023-07-27,SPX,4537.41
2023-07-27,TSLA,255.71
2023-07-28,AAPL,195.83
2023-07-28,SPX,4582.23
2023-07-28,TSLA,266.44
2023-07-31,AAPL,196.45
2023-07-31,SPX,4588.96
2023-07-31,TSLA,267.43
2023-08-01,AAPL,195.605
2023-08-01,SPX,4576.73
2023-08-01,TSLA,261.07
2023-08-02,AAPL,192.58
2023-08-02,SPX,4513.39
2023-08-02,TSLA,254.11
2023-08-03,AAPL,191.17
2023-08-03,SPX,4501.89
2023-08-03,TSLA,259.32
2023-08-04,AAPL,181.99
2023-08-04,SPX,4478.03
2023-08-04,TSLA,253.86
2023-08-07,AAPL,178.85
2023-08-07,SPX,4518.44
2023-08-07,TSLA,251.45
2023-08-08,AAPL,179.8
2023-08-08,SPX,4499.38
2023-08-08,TSLA,249.7
2023-08-09,AAPL,178.19
2023-08-09,SPX,4467.71
2023-08-09,TSLA,242.19
2023-08-10,AAPL,177.97
2023-08-10,SPX,4468.83
2023-08-10,TSLA,245.34
2023-08-11,AAPL,177.79
2023-08-11,SPX,4464.05
2023-08-11,TSLA,242.65
2023-08-14,AAPL,179.46
2023-08-14,SPX,4489.72
2023-08-14,TSLA,239.76
2023-08-15,AAPL,177.45
2023-08-15,SPX,4437.86
2023-08-15,TSLA,232.96
2023-08-16,AAPL,176.57
2023-08-16,SPX,4404.33
2023-08-16,TSLA,225.6
2023-08-17,AAPL,174.0
2023-08-17,SPX,4370.36
2023-08-17,TSLA,219.22
2023-08-18,AAPL,174.49
2023-08-18,SPX,4369.71
2023-08-18,TSLA,215.49
2023-08-21,AAPL,175.84
2023-08-21,SPX,4399.77
2023-08-21,TSLA,231.28
2023-08-22,AAPL,177.23
2023-08-22,SPX,4387.55
2023-08-22,TSLA,233.19
2023-08-23,AAPL,181.12
2023-08-23,SPX,4436.01
2023-08-23,TSLA,236.86
2023-08-24,AAPL,176.38
2023-08-24,SPX,4376.31
2023-08-24,TSLA,230.04
2023-08-25,AAPL,178.61
2023-08-25,SPX,4405.71
2023-08-25,TSLA,238.59
2023-08-28,AAPL,180.19
2023-08-28,SPX,4433.31
2023-08-28,TSLA,238.82
2023-08-29,AAPL,184.12
2023-08-29,SPX,4497.63
2023-08-29,TSLA,257.18
2023-08-30,AAPL,187.65
2023-08-30,SPX,4514.87
2023-08-30,TSLA,256.9
2023-08-31,AAPL,187.87
2023-08-31,SPX,4507.66
2023-08-31,TSLA,258.08
2023-09-01,AAPL,189.46
2023-09-01,SPX,4515.77
2023-09-01,TSLA,245.01
2023-09-05,AAPL,189.7
2023-09-05,SPX,4496.83
2023-09-05,TSLA,256.49
2023-09-06,AAPL,182.91
2023-09-06,SPX,4465.48
2023-09-06,TSLA,251.92
2023-09-07,AAPL,177.56
2023-09-07,SPX,4451.14
2023-09-07,TSLA,251.49
2023-09-08,AAPL,178.18
2023-09-08,SPX,4457.49
2023-09-08,TSLA,248.5
2023-09-11,AAPL,179.36
2023-09-11,SPX,4487.46
2023-09-11,TSLA,273.58
2023-09-12,AAPL,176.3
2023-09-12,SPX,4461.9
2023-09-12,TSLA,267.48
2023-09-13,AAPL,174.21
2023-09-13,SPX,4467.44
2023-09-13,TSLA,271.3
2023-09-14,AAPL,175.74
2023-09-14,SPX,4505.1
2023-09-14,TSLA,276.04
2023-09-15,AAPL,175.01
2023-09-15,SPX,4450.32
2023-09-15,TSLA,274.39
2023-09-18,AAPL,177.97
2023-09-18,SPX,4453.53
2023-09-18,TSLA,265.28
2023-09-19,AAPL,179.07
2023-09-19,SPX,4443.95
2023-09-19,TSLA,266.5
2023-09-20,AAPL,175.49
2023-09-20,SPX,4402.2
2023-09-20,TSLA,262.59
2023-09-21,AAPL,173.93
2023-09-21,SPX,4330.0
2023-09-21,TSLA,255.7
2023-09-22,AAPL,174.79
2023-09-22,SPX,4320.06
2023-09-22,TSLA,244.88
2023-09-25,AAPL,176.08
2023-09-25,SPX,4337.44
2023-09-25,TSLA,246.99
2023-09-26,AAPL,171.96
2023-09-26,SPX,4273.53
2023-09-26,TSLA,244.12
2023-09-27,AAPL,170.43
2023-09-27,SPX,4274.51
2023-09-27,TSLA,240.5
2023-09-28,AAPL,170.69
2023-09-28,SPX,4299.7
2023-09-28,TSLA,246.38
2023-09-29,AAPL,171.21
2023-09-29,SPX,4288.05
2023-09-29,TSLA,250.22
2023-10-02,AAPL,173.75
2023-10-02,SPX,4288.39
2023-10-02,TSLA,251.6
2023-10-03,AAPL,172.4
2023-10-03,SPX,4229.45
2023-10-03,TSLA,246.53
2023-10-04,AAPL,173.66
2023-10-04,SPX,4263.75
2023-10-04,TSLA,261.16
2023-10-05,AAPL,174.91
2023-10-05,SPX,4258.19
2023-10-05,TSLA,260.05
2023-10-06,AAPL,177.49
2023-10-06,SPX,4308.5
2023-10-06,TSLA,260.53
2023-10-09,AAPL,178.99
2023-10-09,SPX,4335.66
2023-10-09,TSLA,259.67
2023-10-10,AAPL,178.39
2023-10-10,SPX,4358.24
2023-10-10,TSLA,263.62
2023-10-11,AAPL,179.8
2023-10-11,SPX,4376.95
2023-10-11,TSLA,262.99
2023-10-12,AAPL,180.71
2023-10-12,SPX,4349.61
2023-10-12,TSLA,258.87
2023-10-13,AAPL,178.85
2023-10-13,SPX,4327.78
2023-10-13,TSLA,251.12
2023-10-16,AAPL,178.72
2023-10-16,SPX,4373.63
2023-10-16,TSLA,253.92
2023-10-17,AAPL,177.15
2023-10-17,SPX,4373.2
2023-10-17,TSLA,254.85
2023-10-18,AAPL,175.84
2023-10-18,SPX,4314.6
2023-10-18,TSLA,242.68
2023-10-19,AAPL,175.46
2023-10-19,SPX,4278.0
2023-10-19,TSLA,220.11
2023-10-20,AAPL,172.88
2023-10-20,SPX,4224.16
2023-10-20,TSLA,211.99
2023-10-23,AAPL,173.0
2023-10-23,SPX,4217.04
2023-10-23,TSLA,212.08
2023-10-24,AAPL,173.44
2023-10-24,SPX,4247.68
2023-10-24,TSLA,216.52
2023-10-25,AAPL,171.1
2023-10-25,SPX,4186.77
2023-10-25,TSLA,212.42
2023-10-26,AAPL,166.89
2023-10-26,SPX,4137.23
2023-10-26,TSLA,205.76
2023-10-27,AAPL,168.22
2023-10-27,SPX,4117.37
2023-10-27,TSLA,207.3
2023-10-30,AAPL,170.29
2023-10-30,SPX,4166.82
2023-10-30,TSLA,197.36
2023-10-31,AAPL,170.77
2023-10-31,SPX,4193.8
2023-10-31,TSLA,200.84
2023-11-01,AAPL,173.97
2023-11-01,SPX,4237.86
2023-11-01,TSLA,205.66
2023-11-02,AAPL,177.57
2023-11-02,SPX,4317.78
2023-11-02,TSLA,218.51
2023-11-03,AAPL,176.65
2023-11-03,SPX,4358.34
2023-11-03,TSLA,219.96
2023-11-06,AAPL,179.23
2023-11-06,SPX,4365.98
2023-11-06,TSLA,219.27
2023-11-07,AAPL,181.82
2023-11-07,SPX,4378.38
2023-11-07,TSLA,222.18
2023-11-08,AAPL,182.89
2023-11-08,SPX,4382.78
2023-11-08,TSLA,222.11
2023-11-09,AAPL,182.41
2023-11-09,SPX,4347.35
2023-11-09,TSLA,209.98
2023-11-10,AAPL,186.4
2023-11-10,SPX,4415.24
2023-11-10,TSLA,214.65
2023-11-13,AAPL,184.8
2023-11-13,SPX,4411.55
2023-11-13,TSLA,223.71
2023-11-14,AAPL,187.44
2023-11-14,SPX,4495.7
2023-11-14,TSLA,237.41
2023-11-15,AAPL,188.01
2023-11-15,SPX,4502.88
2023-11-15,TSLA,242.84
2023-11-16,AAPL,189.71
2023-11-16,SPX,4508.24
2023-11-16,TSLA,233.59
2023-11-17,AAPL,189.69
2023-11-17,SPX,4514.02
2023-11-17,TSLA,234.3
2023-11-20,AAPL,191.45
2023-11-20,SPX,4547.38
2023-11-20,TSLA,235.6
2023-11-21,AAPL,190.64
2023-11-21,SPX,4538.19
2023-11-21,TSLA,241.2
2023-11-22,AAPL,191.31
2023-11-22,SPX,4556.62
2023-11-22,TSLA,234.21
2023-11-24,AAPL,189.97
2023-11-24,SPX,4559.34
2023-11-24,TSLA,235.45
2023-11-27,AAPL,189.79
2023-11-27,SPX,4550.43
2023-11-27,TSLA,236.08
2023-11-28,AAPL,190.4
2023-11-28,SPX,4554.89
2023-11-28,TSLA,246.72
2023-11-29,AAPL,189.37
2023-11-29,SPX,4550.58
2023-11-29,TSLA,244.14
2023-11-30,AAPL,189.95
2023-11-30,SPX,4567.8
2023-11-30,TSLA,240.08
2023-12-01,AAPL,191.24
2023-12-01,SPX,4594.63
2023-12-01,TSLA,238.83
2023-12-04,AAPL,189.43
2023-12-04,SPX,4569.78
2023-12-04,TSLA,235.58
2023-12-05,AAPL,193.42
2023-12-05,SPX,4567.18
2023-12-05,TSLA,238.72
2023-12-06,AAPL,192.32
2023-12-06,SPX,4549.34
2023-12-06,TSLA,239.37
2023-12-07,AAPL,194.27
2023-12-07,SPX,4585.59
2023-12-07,TSLA,242.64
2023-12-08,AAPL,195.71
2023-12-08,SPX,4604.37
2023-12-08,TSLA,243.84
2023-12-11,AAPL,193.18
2023-12-11,SPX,4622.44
2023-12-11,TSLA,239.74
2023-12-12,AAPL,194.71
2023-12-12,SPX,4643.7
2023-12-12,TSLA,237.01
2023-12-13,AAPL,197.96
2023-12-13,SPX,4707.09
2023-12-13,TSLA,239.29
2023-12-14,AAPL,198.11
2023-12-14,SPX,4719.55
2023-12-14,TSLA,251.05
2023-12-15,AAPL,197.57
2023-12-15,SPX,4719.19
2023-12-15,TSLA,253.5
2023-12-18,AAPL,195.89
2023-12-18,SPX,4740.56
2023-12-18,TSLA,252.08
2023-12-19,AAPL,196.94
2023-12-19,SPX,4768.37
2023-12-19,TSLA,257.22
2023-12-20,AAPL,194.83
2023-12-20,SPX,4698.35
2023-12-20,TSLA,247.14
2023-12-21,AAPL,194.68
2023-12-21,SPX,4746.75
2023-12-21,TSLA,254.5
2023-12-22,AAPL,193.6
2023-12-22,SPX,4754.63
2023-12-22,TSLA,252.54
2023-12-26,AAPL,193.05
2023-12-26,SPX,4774.75
2023-12-26,TSLA,256.61
2023-12-27,AAPL,193.15
2023-12-27,SPX,4781.58
2023-12-27,TSLA,261.44
2023-12-28,AAPL,193.58
2023-12-28,SPX,4783.35
2023-12-28,TSLA,253.18
2023-12-29,AAPL,192.53
2023-12-29,SPX,4769.83
2023-12-29,TSLA,248.48
2024-01-02,AAPL,185.64
2024-01-02,SPX,4742.83
2024-01-02,TSLA,248.42
2024-01-03,AAPL,184.25
2024-01-03,SPX,4704.81
2024-01-03,TSLA,238.45
2024-01-04,AAPL,181.91
2024-01-04,SPX,4688.68
2024-01-04,TSLA,237.93
2024-01-05,AAPL,181.18
2024-01-05,SPX,4697.24
2024-01-05,TSLA,237.49
2024-01-08,AAPL,185.56
2024-01-08,SPX,4763.54
2024-01-08,TSLA,240.45
2024-01-09,AAPL,185.14
2024-01-09,SPX,4756.5
2024-01-09,TSLA,234.96
2024-01-10,AAPL,186.19
2024-01-10,SPX,4783.45
2024-01-10,TSLA,233.94
2024-01-11,AAPL,185.59
2024-01-11,SPX,4780.24
2024-01-11,TSLA,227.22
2024-01-12,AAPL,185.92
2024-01-12,SPX,4783.83
2024-01-12,TSLA,218.89
2024-01-16,AAPL,183.63
2024-01-16,SPX,4765.98
2024-01-16,TSLA,219.91
2024-01-17,AAPL,182.68
2024-01-17,SPX,4739.21
2024-01-17,TSLA,215.55
2024-01-18,AAPL,188.63
2024-01-18,SPX,4780.94
2024-01-18,TSLA,211.88
2024-01-19,AAPL,191.56
2024-01-19,SPX,4839.81
2024-01-19,TSLA,212.19
2024-01-22,AAPL,193.89
2024-01-22,SPX,4850.43
2024-01-22,TSLA,208.8
2024-01-23,AAPL,195.18
2024-01-23,SPX,4864.6
2024-01-23,TSLA,209.14
2024-01-24,AAPL,194.5
2024-01-24,SPX,4868.55
2024-01-24,TSLA,207.83
2024-01-25,AAPL,194.17
2024-01-25,SPX,4894.16
2024-01-25,TSLA,182.63
2024-01-26,AAPL,192.42
2024-01-26,SPX,4890.97
2024-01-26,TSLA,183.25
2024-01-29,AAPL,191.73
2024-01-29,SPX,4927.93
2024-01-29,TSLA,190.93
2024-01-30,AAPL,188.04
2024-01-30,SPX,4924.97
2024-01-30,TSLA,191.59
2024-01-31,AAPL,184.4
2024-01-31,SPX,4845.65
2024-01-31,TSLA,187.29
2024-02-01,AAPL,186.86
2024-02-01,SPX,4906.19
2024-02-01,TSLA,188.86
2024-02-02,AAPL,185.85
2024-02-02,SPX,4958.61
2024-02-02,TSLA,187.91
2024-02-05,AAPL,187.68
2024-02-05,SPX,4942.81
2024-02-05,TSLA,181.06
2024-02-06,AAPL,189.3
2024-02-06,SPX,4954.23
2024-02-06,TSLA,185.1
2024-02-07,AAPL,189.41
2024-02-07,SPX,4995.06
2024-02-07,TSLA,187.58
2024-02-08,AAPL,188.32
2024-02-08,SPX,4997.91
2024-02-08,TSLA,189.56
2024-02-09,AAPL,188.85
2024-02-09,SPX,5026.61
2024-02-09,TSLA,193.57
2024-02-12,AAPL,187.15
2024-02-12,SPX,5021.84
2024-02-12,TSLA,188.13
2024-02-13,AAPL,185.04
2024-02-13,SPX,4953.17
2024-02-13,TSLA,184.02
2024-02-14,AAPL,184.15
2024-02-14,SPX,5000.62
2024-02-14,TSLA,188.71
2024-02-15,AAPL,183.86
2024-02-15,SPX,5029.73
2024-02-15,TSLA,200.45
2024-02-16,AAPL,182.31
2024-02-16,SPX,5005.57
2024-02-16,TSLA,199.95
2024-02-20,AAPL,181.56
2024-02-20,SPX,4975.51
2024-02-20,TSLA,193.76
2024-02-21,AAPL,182.32
2024-02-21,SPX,4981.8
2024-02-21,TSLA,194.77
2024-02-22,AAPL,184.37
2024-02-22,SPX,5087.03
2024-02-22,TSLA,197.41
2024-02-23,AAPL,182.52
2024-02-23,SPX,5088.8
2024-02-23,TSLA,191.97
2024-02-26,AAPL,181.16
2024-02-26,SPX,5069.53
2024-02-26,TSLA,199.4
2024-02-27,AAPL,182.63
2024-02-27,SPX,5078.18
2024-02-27,TSLA,199.73
2024-02-28,AAPL,181.42
2024-02-28,SPX,5069.76
2024-02-28,TSLA,202.04
2024-02-29,AAPL,180.75
2024-02-29,SPX,5096.27
2024-02-29,TSLA,201.88
2024-03-01,AAPL,179.66
2024-03-01,SPX,5137.08
2024-03-01,TSLA,202.64
2024-03-04,AAPL,175.1
2024-03-04,SPX,5130.95
2024-03-04,TSLA,188.14
2024-03-05,AAPL,170.12
2024-03-05,SPX,5078.65
2024-03-05,TSLA,180.74
2024-03-06,AAPL,169.12
2024-03-06,SPX,5104.76
2024-03-06,TSLA,176.54
2024-03-07,AAPL,169.0
2024-03-07,SPX,5157.36
2024-03-07,TSLA,178.65
2024-03-08,AAPL,170.73
2024-03-08,SPX,5123.69
2024-03-08,TSLA,175.34
2024-03-11,AAPL,172.75
2024-03-11,SPX,5117.94
2024-03-11,TSLA,177.77
2024-03-12,AAPL,173.23
2024-03-12,SPX,5175.27
2024-03-12,TSLA,177.54
2024-03-13,AAPL,171.13
2024-03-13,SPX,5165.31
2024-03-13,TSLA,169.48
2024-03-14,AAPL,173.0
2024-03-14,SPX,5150.48
2024-03-14,TSLA,162.5
2024-03-15,AAPL,172.62
2024-03-15,SPX,5117.09
2024-03-15,TSLA,163.57
2024-03-18,AAPL,173.72
2024-03-18,SPX,5149.42
2024-03-18,TSLA,173.8
2024-03-19,AAPL,176.08
2024-03-19,SPX,5178.51
2024-03-19,TSLA,171.32
2024-03-20,AAPL,178.67
2024-03-20,SPX,5224.62
2024-03-20,TSLA,175.66
2024-03-21,AAPL,171.37
2024-03-21,SPX,5241.53
2024-03-21,TSLA,172.82
2024-03-22,AAPL,172.28
2024-03-22,SPX,5234.18
2024-03-22,TSLA,170.83
2024-03-25,AAPL,170.85
2024-03-25,SPX,5218.19
2024-03-25,TSLA,172.63
2024-03-26,AAPL,169.71
2024-03-26,SPX,5203.58
2024-03-26,TSLA,177.67
2024-03-27,AAPL,173.31
2024-03-27,SPX,5248.49
2024-03-27,TSLA,179.83
2024-03-28,AAPL,171.48
2024-03-28,SPX,5254.35
2024-03-28,TSLA,175.79
2024-04-01,AAPL,170.03
2024-04-01,SPX,5243.77
2024-04-01,TSLA,175.22
2024-04-02,AAPL,168.84
2024-04-02,SPX,5205.81
2024-04-02,TSLA,166.63
2024-04-03,AAPL,169.65
2024-04-03,SPX,5211.49
2024-04-03,TSLA,168.38
2024-04-04,AAPL,168.82
2024-04-04,SPX,5147.21
2024-04-04,TSLA,171.11
2024-04-05,AAPL,169.58
2024-04-05,SPX,5204.34
2024-04-05,TSLA,164.9
2024-04-08,AAPL,168.45
2024-04-08,SPX,5202.39
2024-04-08,TSLA,172.98
2024-04-09,AAPL,169.67
2024-04-09,SPX,5209.91
2024-04-09,TSLA,176.88
2024-04-10,AAPL,167.78
2024-04-10,SPX,5160.64
2024-04-10,TSLA,171.76
2024-04-11,AAPL,175.04
2024-04-11,SPX,5199.06
2024-04-11,TSLA,174.6
2024-04-12,AAPL,176.55
2024-04-12,SPX,5123.41
2024-04-12,TSLA,171.05
2024-04-15,AAPL,172.69
2024-04-15,SPX,5061.82
2024-04-15,TSLA,161.48
2024-04-16,AAPL,169.38
2024-04-16,SPX,5051.41
2024-04-16,TSLA,157.11
2024-04-17,AAPL,168.0
2024-04-17,SPX,5022.21
2024-04-17,TSLA,155.45
2024-04-18,AAPL,167.04
2024-04-18,SPX,5011.12
2024-04-18,TSLA,149.93
2024-04-19,AAPL,165.0
2024-04-19,SPX,4967.23
2024-04-19,TSLA,147.05
2024-04-22,AAPL,165.84
2024-04-22,SPX,5010.6
2024-04-22,TSLA,142.05
2024-04-23,AAPL,166.9
2024-04-23,SPX,5070.55
2024-04-23,TSLA,144.68
2024-04-24,AAPL,169.02
2024-04-24,SPX,5071.63
2024-04-24,TSLA,162.13
2024-04-25,AAPL,169.89
2024-04-25,SPX,5048.42
2024-04-25,TSLA,170.18
2024-04-26,AAPL,169.3
2024-04-26,SPX,5099.96
2024-04-26,TSLA,168.29
2024-04-29,AAPL,173.5
2024-04-29,SPX,5116.17
2024-04-29,TSLA,194.05
2024-04-30,AAPL,170.33
2024-04-30,SPX,5035.69
2024-04-30,TSLA,183.28
2024-05-01,AAPL,169.3
2024-05-01,SPX,5018.39
2024-05-01,TSLA,179.99
2024-05-02,AAPL,173.03
2024-05-02,SPX,5064.2
2024-05-02,TSLA,180.01
2024-05-03,AAPL,183.38
2024-05-03,SPX,5127.79
2024-05-03,TSLA,181.19
2024-05-06,AAPL,181.71
2024-05-06,SPX,5180.74
2024-05-06,TSLA,184.76
2024-05-07,AAPL,182.4
2024-05-07,SPX,5187.7
2024-05-07,TSLA,177.81
2024-05-08,AAPL,182.74
2024-05-08,SPX,5187.67
2024-05-08,TSLA,174.72
2024-05-09,AAPL,184.57
2024-05-09,SPX,5214.08
2024-05-09,TSLA,171.97
2024-05-10,AAPL,183.05
2024-05-10,SPX,5222.68
2024-05-10,TSLA,168.47
2024-05-13,AAPL,186.28
2024-05-13,SPX,5221.42
2024-05-13,TSLA,171.89
2024-05-14,AAPL,187.43
2024-05-14,SPX,5246.68
2024-05-14,TSLA,177.55
2024-05-15,AAPL,189.72
2024-05-15,SPX,5308.15
2024-05-15,TSLA,173.99
2024-05-16,AAPL,189.84
2024-05-16,SPX,5297.1
2024-05-16,TSLA,174.84
2024-05-17,AAPL,189.87
2024-05-17,SPX,5303.27
2024-05-17,TSLA,177.46
2024-05-20,AAPL,191.04
2024-05-20,SPX,5308.13
2024-05-20,TSLA,174.95
2024-05-21,AAPL,192.35
2024-05-21,SPX,5321.41
2024-05-21,TSLA,186.6
2024-05-22,AAPL,190.9
2024-05-22,SPX,5307.01
2024-05-22,TSLA,180.11
2024-05-23,AAPL,186.88
2024-05-23,SPX,5267.84
2024-05-23,TSLA,173.74
2024-05-24,AAPL,189.98
2024-05-24,SPX,5304.72
2024-05-24,TSLA,179.24
2024-05-28,AAPL,189.99
2024-05-28,SPX,5306.04
2024-05-28,TSLA,176.75
2024-05-29,AAPL,190.29
2024-05-29,SPX,5266.95
2024-05-29,TSLA,176.19
2024-05-30,AAPL,191.29
2024-05-30,SPX,5235.48
2024-05-30,TSLA,178.79
2024-05-31,AAPL,192.25
2024-05-31,SPX,5277.51
2024-05-31,TSLA,178.08
2024-06-03,AAPL,194.03
2024-06-03,SPX,5283.4
2024-06-03,TSLA,176.29
2024-06-04,AAPL,194.35
2024-06-04,SPX,5291.34
2024-06-04,TSLA,174.77
2024-06-05,AAPL,195.87
2024-06-05,SPX,5354.03
2024-06-05,TSLA,175.0
2024-06-06,AAPL,194.48
2024-06-06,SPX,5352.96
2024-06-06,TSLA,177.94
2024-06-07,AAPL,196.89
2024-06-07,SPX,5346.99
2024-06-07,TSLA,177.48
2024-06-10,AAPL,193.12
2024-06-10,SPX,5360.79
2024-06-10,TSLA,173.79
2024-06-11,AAPL,207.15
2024-06-11,SPX,5375.32
2024-06-11,TSLA,170.66
2024-06-12,AAPL,213.07
2024-06-12,SPX,5421.03
2024-06-12,TSLA,177.29
2024-06-13,AAPL,214.24
2024-06-13,SPX,5433.74
2024-06-13,TSLA,182.47
2024-06-14,AAPL,212.49
2024-06-14,SPX,5431.6
2024-06-14,TSLA,178.01
2024-06-17,AAPL,216.67
2024-06-17,SPX,5473.23
2024-06-17,TSLA,187.44
2024-06-18,AAPL,214.29
2024-06-18,SPX,5487.03
2024-06-18,TSLA,184.86
2024-06-20,AAPL,209.68
2024-06-20,SPX,5473.17
2024-06-20,TSLA,181.57
2024-06-21,AAPL,207.49
2024-06-21,SPX,5464.62
2024-06-21,TSLA,183.01
2024-06-24,AAPL,208.14
2024-06-24,SPX,5447.87
2024-06-24,TSLA,182.58
2024-06-25,AAPL,209.07
2024-06-25,SPX,5469.3
2024-06-25,TSLA,187.35
2024-06-26,AAPL,213.25
2024-06-26,SPX,5477.9
2024-06-26,TSLA,196.37
2024-06-27,AAPL,214.1
2024-06-27,SPX,5482.87
2024-06-27,TSLA,197.42
2024-06-28,AAPL,210.62
2024-06-28,SPX,5460.48
2024-06-28,TSLA,197.88
2024-07-01,AAPL,216.75
2024-07-01,SPX,5475.09
2024-07-01,TSLA,209.86
2024-07-02,AAPL,220.27
2024-07-02,SPX,5509.01
2024-07-02,TSLA,231.26
2024-07-03,AAPL,221.55
2024-07-03,SPX,5537.02
2024-07-03,TSLA,246.39
2024-07-05,AAPL,226.34
2024-07-05,SPX,5567.19
2024-07-05,TSLA,251.52
2024-07-08,AAPL,227.82
2024-07-08,SPX,5572.85
2024-07-08,TSLA,252.94
2024-07-09,AAPL,228.68
2024-07-09,SPX,5576.98
2024-07-09,TSLA,262.33
2024-07-10,AAPL,232.98
2024-07-10,SPX,5633.91
2024-07-10,TSLA,263.26
2024-07-11,AAPL,227.57
2024-07-11,SPX,5584.54
2024-07-11,TSLA,241.03
2024-07-12,AAPL,230.54
2024-07-12,SPX,5615.35
2024-07-12,TSLA,248.23
2024-07-15,AAPL,234.4
2024-07-15,SPX,5631.22
2024-07-15,TSLA,252.64
2024-07-16,AAPL,234.82
2024-07-16,SPX,5667.2
2024-07-16,TSLA,256.56
2024-07-17,AAPL,228.88
2024-07-17,SPX,5588.27
2024-07-17,TSLA,248.5
2024-07-18,AAPL,224.18
2024-07-18,SPX,5544.59
2024-07-18,TSLA,249.23
2024-07-19,AAPL,224.31
2024-07-19,SPX,5505.0
2024-07-19,TSLA,239.2
2024-07-22,AAPL,223.96
2024-07-22,SPX,5564.41
2024-07-22,TSLA,251.51
2024-07-23,AAPL,225.01
2024-07-23,SPX,5555.74
2024-07-23,TSLA,246.38
2024-07-24,AAPL,218.54
2024-07-24,SPX,5427.13
2024-07-24,TSLA,215.99
2024-07-25,AAPL,217.49
2024-07-25,SPX,5399.22
2024-07-25,TSLA,220.25
2024-07-26,AAPL,217.96
2024-07-26,SPX,5459.1
2024-07-26,TSLA,219.8
2024-07-29,AAPL,218.24
2024-07-29,SPX,5463.54
2024-07-29,TSLA,232.1
2024-07-30,AAPL,218.8
2024-07-30,SPX,5436.44
2024-07-30,TSLA,222.62
2024-07-31,AAPL,222.08
2024-07-31,SPX,5522.3
2024-07-31,TSLA,232.07
2024-08-01,AAPL,218.36
2024-08-01,SPX,5446.68
2024-08-01,TSLA,216.86
2024-08-02,AAPL,219.86
2024-08-02,SPX,5346.56
2024-08-02,TSLA,207.67
2024-08-05,AAPL,209.27
2024-08-05,SPX,5186.33
2024-08-05,TSLA,198.88
2024-08-06,AAPL,207.23
2024-08-06,SPX,5240.03
2024-08-06,TSLA,200.64
2024-08-07,AAPL,209.82
2024-08-07,SPX,5199.5
2024-08-07,TSLA,191.76
2024-08-08,AAPL,213.31
2024-08-08,SPX,5319.31
2024-08-08,TSLA,198.84
2024-08-09,AAPL,216.24
2024-08-09,SPX,5344.16
2024-08-09,TSLA,200.0
2024-08-12,AAPL,217.53
2024-08-12,SPX,5344.39
2024-08-12,TSLA,197.49
2024-08-13,AAPL,221.27
2024-08-13,SPX,5434.43
2024-08-13,TSLA,207.83
2024-08-14,AAPL,221.72
2024-08-14,SPX,5455.21
2024-08-14,TSLA,201.38
2024-08-15,AAPL,224.72
2024-08-15,SPX,5543.22
2024-08-15,TSLA,214.14
2024-08-16,AAPL,226.05
2024-08-16,SPX,5554.25
2024-08-16,TSLA,216.12
2024-08-19,AAPL,225.89
2024-08-19,SPX,5608.25
2024-08-19,TSLA,222.72
2024-08-20,AAPL,226.51
2024-08-20,SPX,5597.12
2024-08-20,TSLA,221.1
2024-08-21,AAPL,226.4
2024-08-21,SPX,5620.85
2024-08-21,TSLA,223.27
2024-08-22,AAPL,224.53
2024-08-22,SPX,5570.64
2024-08-22,TSLA,210.66
2024-08-23,AAPL,226.84
2024-08-23,SPX,5634.61
2024-08-23,TSLA,220.32
2024-08-26,AAPL,227.18
2024-08-26,SPX,5616.84
2024-08-26,TSLA,213.21
2024-08-27,AAPL,228.03
2024-08-27,SPX,5625.8
2024-08-27,TSLA,209.21
2024-08-28,AAPL,226.49
2024-08-28,SPX,5592.18
2024-08-28,TSLA,205.75
2024-08-29,AAPL,229.79
2024-08-29,SPX,5591.96
2024-08-29,TSLA,206.28
2024-08-30,AAPL,229.0
2024-08-30,SPX,5648.4
2024-08-30,TSLA,214.11
2024-09-03,AAPL,222.77
2024-09-03,SPX,5528.93
2024-09-03,TSLA,210.6
2024-09-04,AAPL,220.85
2024-09-04,SPX,5520.07
2024-09-04,TSLA,219.41
2024-09-05,AAPL,222.38
2024-09-05,SPX,5503.41
2024-09-05,TSLA,230.17
2024-09-06,AAPL,220.82
2024-09-06,SPX,5408.42
2024-09-06,TSLA,210.73
2024-09-09,AAPL,220.91
2024-09-09,SPX,5471.05
2024-09-09,TSLA,216.27
2024-09-10,AAPL,220.11
2024-09-10,SPX,5495.52
2024-09-10,TSLA,226.17
2024-09-11,AAPL,222.66
2024-09-11,SPX,5554.13
2024-09-11,TSLA,228.13
2024-09-12,AAPL,222.77
2024-09-12,SPX,5595.76
2024-09-12,TSLA,229.81
2024-09-13,AAPL,222.5
2024-09-13,SPX,5626.02
2024-09-13,TSLA,230.29
2024-09-16,AAPL,216.32
2024-09-16,SPX,5633.09
2024-09-16,TSLA,226.78
2024-09-17,AAPL,216.79
2024-09-17,SPX,5634.58
2024-09-17,TSLA,227.87
2024-09-18,AAPL,220.69
2024-09-18,SPX,5618.26
2024-09-18,TSLA,227.2
2024-09-19,AAPL,228.87
2024-09-19,SPX,5713.64
2024-09-19,TSLA,243.92
2024-09-20,AAPL,228.2
2024-09-20,SPX,5702.55
2024-09-20,TSLA,238.25
2024-09-23,AAPL,226.47
2024-09-23,SPX,5718.57
2024-09-23,TSLA,250.0
2024-09-24,AAPL,227.37
2024-09-24,SPX,5732.93
2024-09-24,TSLA,254.27
2024-09-25,AAPL,226.37
2024-09-25,SPX,5722.26
2024-09-25,TSLA,257.02
2024-09-26,AAPL,227.52
2024-09-26,SPX,5745.37
2024-09-26,TSLA,254.22
2024-09-27,AAPL,227.79
2024-09-27,SPX,5738.17
2024-09-27,TSLA,260.46
2024-09-30,AAPL,233.0
2024-09-30,SPX,5762.48
2024-09-30,TSLA,261.63
2024-10-01,AAPL,226.21
2024-10-01,SPX,5708.75
2024-10-01,TSLA,258.02
2024-10-02,AAPL,226.78
2024-10-02,SPX,5709.54
2024-10-02,TSLA,249.02
2024-10-03,AAPL,225.67
2024-10-03,SPX,5699.94
2024-10-03,TSLA,240.66
2024-10-04,AAPL,226.8
2024-10-04,SPX,5751.07
2024-10-04,TSLA,250.08
2024-10-07,AAPL,221.69
2024-10-07,SPX,5695.94
2024-10-07,TSLA,240.83
2024-10-08,AAPL,225.77
2024-10-08,SPX,5751.13
2024-10-08,TSLA,244.5
2024-10-09,AAPL,229.54
2024-10-09,SPX,5792.04
2024-10-09,TSLA,241.05
2024-10-10,AAPL,229.04
2024-10-10,SPX,5780.05
2024-10-10,TSLA,238.77
2024-10-11,AAPL,227.55
2024-10-11,SPX,5815.03
2024-10-11,TSLA,217.8
2024-10-14,AAPL,231.3
2024-10-14,SPX,5859.85
2024-10-14,TSLA,219.16
2024-10-15,AAPL,233.85
2024-10-15,SPX,5815.26
2024-10-15,TSLA,219.57
2024-10-16,AAPL,231.78
2024-10-16,SPX,5842.47
2024-10-16,TSLA,221.33
2024-10-17,AAPL,232.15
2024-10-17,SPX,5841.47
2024-10-17,TSLA,220.89
2024-10-18,AAPL,235.0
2024-10-18,SPX,5864.67
2024-10-18,TSLA,220.7
2024-10-21,AAPL,236.48
2024-10-21,SPX,5853.98
2024-10-21,TSLA,218.85
2024-10-22,AAPL,235.86
2024-10-22,SPX,5851.2
2024-10-22,TSLA,217.97
2024-10-23,AAPL,230.76
2024-10-23,SPX,5797.42
2024-10-23,TSLA,213.65
2024-10-24,AAPL,230.57
2024-10-24,SPX,5809.86
2024-10-24,TSLA,260.48
2024-10-25,AAPL,231.41
2024-10-25,SPX,5808.12
2024-10-25,TSLA,269.19
2024-10-28,AAPL,233.4
2024-10-28,SPX,5823.52
2024-10-28,TSLA,262.51
2024-10-29,AAPL,233.67
2024-10-29,SPX,5832.92
2024-10-29,TSLA,259.52
2024-10-30,AAPL,230.1
2024-10-30,SPX,5813.67
2024-10-30,TSLA,257.55
2024-10-31,AAPL,225.91
2024-10-31,SPX,5705.45
2024-10-31,TSLA,249.85
2024-11-01,AAPL,222.91
2024-11-01,SPX,5728.8
2024-11-01,TSLA,248.98
2024-11-04,AAPL,222.01
2024-11-04,SPX,5712.69
2024-11-04,TSLA,242.84
2024-11-05,AAPL,223.45
2024-11-05,SPX,5782.76
2024-11-05,TSLA,251.44
2024-11-06,AAPL,222.72
2024-11-06,SPX,5929.04
2024-11-06,TSLA,288.53
2024-11-07,AAPL,227.48
2024-11-07,SPX,5973.1
2024-11-07,TSLA,296.91
2024-11-08,AAPL,226.96
2024-11-08,SPX,5995.54
2024-11-08,TSLA,321.22
2024-11-11,AAPL,224.23
2024-11-11,SPX,6001.35
2024-11-11,TSLA,350.0
2024-11-12,AAPL,224.23
2024-11-12,SPX,5983.99
2024-11-12,TSLA,328.49
2024-11-13,AAPL,225.12
2024-11-13,SPX,5985.38
2024-11-13,TSLA,330.24
2024-11-14,AAPL,228.22
2024-11-14,SPX,5949.17
2024-11-14,TSLA,311.18
2024-11-15,AAPL,225.0
2024-11-15,SPX,5870.62
2024-11-15,TSLA,320.72
2024-11-18,AAPL,228.02
2024-11-18,SPX,5893.62
2024-11-18,TSLA,338.74
2024-11-19,AAPL,228.28
2024-11-19,SPX,5916.98
2024-11-19,TSLA,346.0
2024-11-20,AAPL,229.0
2024-11-20,SPX,5917.11
2024-11-20,TSLA,342.03
2024-11-21,AAPL,228.52
2024-11-21,SPX,5948.71
2024-11-21,TSLA,339.64
2024-11-22,AAPL,229.87
2024-11-22,SPX,5969.34
2024-11-22,TSLA,352.56
2024-11-25,AAPL,232.87
2024-11-25,SPX,5987.37
2024-11-25,TSLA,338.59
2024-11-26,AAPL,235.06
2024-11-26,SPX,6021.63
2024-11-26,TSLA,338.23
2024-11-27,AAPL,234.93
2024-11-27,SPX,5998.74
2024-11-27,TSLA,332.89
2024-11-29,AAPL,237.33
2024-11-29,SPX,6032.38
2024-11-29,TSLA,345.16
2024-12-02,AAPL,239.59
2024-12-02,SPX,6047.15
2024-12-02,TSLA,357.09
2024-12-03,AAPL,242.65
2024-12-03,SPX,6049.88
2024-12-03,TSLA,351.42
2024-12-04,AAPL,243.01
2024-12-04,SPX,6086.49
2024-12-04,TSLA,357.93
2024-12-05,AAPL,243.04
2024-12-05,SPX,6075.11
2024-12-05,TSLA,369.49
2024-12-06,AAPL,242.84
2024-12-06,SPX,6090.27
2024-12-06,TSLA,389.22
2024-12-09,AAPL,246.75
2024-12-09,SPX,6052.85
2024-12-09,TSLA,389.79
2024-12-10,AAPL,247.77
2024-12-10,SPX,6034.91
2024-12-10,TSLA,400.99
2024-12-11,AAPL,246.49
2024-12-11,SPX,6084.19
2024-12-11,TSLA,424.77
2024-12-12,AAPL,247.96
2024-12-12,SPX,6051.25
2024-12-12,TSLA,418.1
2024-12-13,AAPL,248.13
2024-12-13,SPX,6051.09
2024-12-13,TSLA,436.23
2024-12-16,AAPL,251.04
2024-12-16,SPX,6074.08
2024-12-16,TSLA,463.02
2024-12-17,AAPL,253.48
2024-12-17,SPX,6050.61
2024-12-17,TSLA,479.86
2024-12-18,AAPL,248.05
2024-12-18,SPX,5872.16
2024-12-18,TSLA,440.13
2024-12-19,AAPL,249.79
2024-12-19,SPX,5867.08
2024-12-19,TSLA,436.17
2024-12-20,AAPL,254.49
2024-12-20,SPX,5930.85
2024-12-20,TSLA,421.06
2024-12-23,AAPL,255.27
2024-12-23,SPX,5974.07
2024-12-23,TSLA,430.6
2024-12-24,AAPL,258.2
2024-12-24,SPX,6040.04
2024-12-24,TSLA,462.28
2024-12-26,AAPL,259.02
2024-12-26,SPX,6037.59
2024-12-26,TSLA,454.13
2024-12-27,AAPL,255.59
2024-12-27,SPX,5970.84
2024-12-27,TSLA,431.66
2024-12-30,AAPL,252.2
2024-12-30,SPX,5906.94
2024-12-30,TSLA,417.41
2024-12-31,AAPL,250.42
2024-12-31,SPX,5881.63
2024-12-31,TSLA,403.84
2025-01-02,AAPL,243.85
2025-01-02,SPX,5868.55
2025-01-02,TSLA,379.28
2025-01-03,AAPL,243.36
2025-01-03,SPX,5942.47
2025-01-03,TSLA,410.44
2025-01-06,AAPL,245.0
2025-01-06,SPX,5975.38
2025-01-06,TSLA,411.05
2025-01-07,AAPL,242.21
2025-01-07,SPX,5909.03
2025-01-07,TSLA,394.36
2025-01-08,AAPL,242.7
2025-01-08,SPX,5918.25
2025-01-08,TSLA,394.94
2025-01-10,AAPL,236.85
2025-01-10,SPX,5827.04
2025-01-10,TSLA,394.74
2025-01-13,AAPL,234.4
2025-01-13,SPX,5836.22
2025-01-13,TSLA,403.31
2025-01-14,AAPL,233.28
2025-01-14,SPX,5842.91
2025-01-14,TSLA,396.36
2025-01-15,AAPL,237.87
2025-01-15,SPX,5949.91
2025-01-15,TSLA,428.22
2025-01-16,AAPL,228.26
2025-01-16,SPX,5937.34
2025-01-16,TSLA,413.82
2025-01-17,AAPL,229.98
2025-01-17,SPX,5996.66
2025-01-17,TSLA,426.5
2025-01-21,AAPL,222.64
2025-01-21,SPX,6049.24
2025-01-21,TSLA,424.07
2025-01-22,AAPL,223.83
2025-01-22,SPX,6086.37
2025-01-22,TSLA,415.11
2025-01-23,AAPL,223.66
2025-01-23,SPX,6118.71
2025-01-23,TSLA,412.38
2025-01-24,AAPL,222.78
2025-01-24,SPX,6101.24
2025-01-24,TSLA,406.58
2025-01-27,AAPL,229.86
2025-01-27,SPX,6012.28
2025-01-27,TSLA,397.15
2025-01-28,AAPL,238.26
2025-01-28,SPX,6067.7
2025-01-28,TSLA,398.09
2025-01-29,AAPL,239.36
2025-01-29,SPX,6039.31
2025-01-29,TSLA,389.1
2025-01-30,AAPL,237.59
2025-01-30,SPX,6071.17
2025-01-30,TSLA,400.28
2025-01-31,AAPL,236.0
2025-01-31,SPX,6040.53
2025-01-31,TSLA,404.6
2025-02-03,AAPL,228.01
2025-02-03,SPX,5994.57
2025-02-03,TSLA,383.68
2025-02-04,AAPL,232.8
2025-02-04,SPX,6037.88
2025-02-04,TSLA,392.21
2025-02-05,AAPL,232.47
2025-02-05,SPX,6061.48
2025-02-05,TSLA,378.17
2025-02-06,AAPL,233.22
2025-02-06,SPX,6083.57
2025-02-06,TSLA,374.32
2025-02-07,AAPL,227.63
2025-02-07,SPX,6025.99
2025-02-07,TSLA,361.62
2025-02-10,AAPL,227.65
2025-02-10,SPX,6066.44
2025-02-10,TSLA,350.73
2025-02-11,AAPL,232.62
2025-02-11,SPX,6068.5
2025-02-11,TSLA,328.5
2025-02-12,AAPL,236.87
2025-02-12,SPX,6051.97
2025-02-12,TSLA,336.51
2025-02-13,AAPL,241.53
2025-02-13,SPX,6115.07
2025-02-13,TSLA,355.94
2025-02-14,AAPL,244.6
2025-02-14,SPX,6114.63
2025-02-14,TSLA,355.84
2025-02-18,AAPL,244.47
2025-02-18,SPX,6129.58
2025-02-18,TSLA,354.11
2025-02-19,AAPL,244.87
2025-02-19,SPX,6144.15
2025-02-19,TSLA,360.56
2025-02-20,AAPL,245.83
2025-02-20,SPX,6117.52
2025-02-20,TSLA,354.4
2025-02-21,AAPL,245.55
2025-02-21,SPX,6013.13
2025-02-21,TSLA,337.8
2025-02-24,AAPL,247.1
2025-02-24,SPX,5983.25
2025-02-24,TSLA,330.53
2025-02-25,AAPL,247.04
2025-02-25,SPX,5955.25
2025-02-25,TSLA,302.8
2025-02-26,AAPL,240.36
2025-02-26,SPX,5956.06
2025-02-26,TSLA,290.8
2025-02-27,AAPL,237.3
2025-02-27,SPX,5861.57
2025-02-27,TSLA,281.95
2025-02-28,AAPL,241.84
2025-02-28,SPX,5954.5
2025-02-28,TSLA,292.98
2025-03-03,AAPL,238.03
2025-03-03,SPX,5849.72
2025-03-03,TSLA,284.65
2025-03-04,AAPL,235.93
2025-03-04,SPX,5778.15
2025-03-04,TSLA,272.04
2025-03-05,AAPL,235.74
2025-03-05,SPX,5842.63
2025-03-05,TSLA,279.1
2025-03-06,AAPL,235.33
2025-03-06,SPX,5738.52
2025-03-06,TSLA,263.45
2025-03-07,AAPL,239.07
2025-03-07,SPX,5770.2
2025-03-07,TSLA,262.67
2025-03-10,AAPL,227.48
2025-03-10,SPX,5614.56
2025-03-10,TSLA,222.15
2025-03-11,AAPL,220.84
2025-03-11,SPX,5572.07
2025-03-11,TSLA,230.58
2025-03-12,AAPL,216.98
2025-03-12,SPX,5599.3
2025-03-12,TSLA,248.09
2025-03-13,AAPL,209.68
2025-03-13,SPX,5521.52
2025-03-13,TSLA,240.68
2025-03-14,AAPL,213.49
2025-03-14,SPX,5638.94
2025-03-14,TSLA,249.98
2025-03-17,AAPL,214.0
2025-03-17,SPX,5675.12
2025-03-17,TSLA,238.01
2025-03-18,AAPL,212.69
2025-03-18,SPX,5614.66
2025-03-18,TSLA,225.31
2025-03-19,AAPL,215.24
2025-03-19,SPX,5675.29
2025-03-19,TSLA,235.86
2025-03-20,AAPL,214.1
2025-03-20,SPX,5662.89
2025-03-20,TSLA,236.26
2025-03-21,AAPL,218.27
2025-03-21,SPX,5667.56
2025-03-21,TSLA,248.71
2025-03-24,AAPL,220.73
2025-03-24,SPX,5767.57
2025-03-24,TSLA,278.39
2025-03-25,AAPL,223.75
2025-03-25,SPX,5776.65
2025-03-25,TSLA,288.14
2025-03-26,AAPL,221.53
2025-03-26,SPX,5712.2
2025-03-26,TSLA,272.06
2025-03-27,AAPL,223.85
2025-03-27,SPX,5693.31
2025-03-27,TSLA,273.13
2025-03-28,AAPL,217.9
2025-03-28,SPX,5580.94
2025-03-28,TSLA,263.55
2025-03-31,AAPL,222.13
2025-03-31,SPX,5611.85
2025-03-31,TSLA,259.16
2025-04-01,AAPL,223.19
2025-04-01,SPX,5633.07
2025-04-01,TSLA,268.46
2025-04-02,AAPL,223.89
2025-04-02,SPX,5670.97
2025-04-02,TSLA,282.76
2025-04-03,AAPL,203.19
2025-04-03,SPX,5396.52
2025-04-03,TSLA,267.28
2025-04-04,AAPL,188.38
2025-04-04,SPX,5074.08
2025-04-04,TSLA,239.43
2025-04-07,AAPL,181.46
2025-04-07,SPX,5062.25
2025-04-07,TSLA,233.29
2025-04-08,AAPL,172.42
2025-04-08,SPX,4982.77
2025-04-08,TSLA,221.86
2025-04-09,AAPL,198.85
2025-04-09,SPX,5456.9
2025-04-09,TSLA,272.2
2025-04-10,AAPL,190.42
2025-04-10,SPX,5268.05
2025-04-10,TSLA,252.4
2025-04-11,AAPL,198.15
2025-04-11,SPX,5363.36
2025-04-11,TSLA,252.31
2025-04-14,AAPL,202.52
2025-04-14,SPX,5405.97
2025-04-14,TSLA,252.35
2025-04-15,AAPL,202.14
2025-04-15,SPX,5396.63
2025-04-15,TSLA,254.11
2025-04-16,AAPL,194.27
2025-04-16,SPX,5275.7
2025-04-16,TSLA,241.55
2025-04-17,AAPL,196.98
2025-04-17,SPX,5282.7
2025-04-17,TSLA,241.37
2025-04-21,AAPL,193.16
2025-04-21,SPX,5158.2
2025-04-21,TSLA,227.5
2025-04-22,AAPL,199.74
2025-04-22,SPX,5287.76
2025-04-22,TSLA,237.97
2025-04-23,AAPL,204.6
2025-04-23,SPX,5375.86
2025-04-23,TSLA,250.74
2025-04-24,AAPL,208.37
2025-04-24,SPX,5484.77
2025-04-24,TSLA,259.51
2025-04-25,AAPL,209.28
2025-04-25,SPX,5525.21
2025-04-25,TSLA,284.95
2025-04-28,AAPL,210.14
2025-04-28,SPX,5528.75
2025-04-28,TSLA,285.88
2025-04-29,AAPL,211.21
2025-04-29,SPX,5560.83
2025-04-29,TSLA,292.03
2025-04-30,AAPL,212.5
2025-04-30,SPX,5569.06
2025-04-30,TSLA,282.16
2025-05-01,AAPL,213.32
2025-05-01,SPX,5604.14
2025-05-01,TSLA,280.52
2025-05-02,AAPL,205.35
2025-05-02,SPX,5686.67
2025-05-02,TSLA,287.21
2025-05-05,AAPL,198.89
2025-05-05,SPX,5650.38
2025-05-05,TSLA,280.26
2025-05-06,AAPL,198.51
2025-05-06,SPX,5606.91
2025-05-06,TSLA,275.35
2025-05-07,AAPL,196.25
2025-05-07,SPX,5631.28
2025-05-07,TSLA,276.22
2025-05-08,AAPL,197.49
2025-05-08,SPX,5663.94
2025-05-08,TSLA,284.82
2025-05-09,AAPL,198.53
2025-05-09,SPX,5659.91
2025-05-09,TSLA,298.26
2025-05-12,AAPL,210.79
2025-05-12,SPX,5844.19
2025-05-12,TSLA,318.38
2025-05-13,AAPL,212.93
2025-05-13,SPX,5886.55
2025-05-13,TSLA,334.07
2025-05-14,AAPL,212.33
2025-05-14,SPX,5892.58
2025-05-14,TSLA,347.68
2025-05-15,AAPL,211.45
2025-05-15,SPX,5916.93
2025-05-15,TSLA,342.82
2025-05-16,AAPL,211.26
2025-05-16,SPX,5958.38
2025-05-16,TSLA,349.98
2025-05-19,AAPL,208.78
2025-05-19,SPX,5963.6
2025-05-19,TSLA,342.09
2025-05-20,AAPL,206.86
2025-05-20,SPX,5940.46
2025-05-20,TSLA,343.82
2025-05-21,AAPL,202.09
2025-05-21,SPX,5844.61
2025-05-21,TSLA,334.62
2025-05-22,AAPL,201.36
2025-05-22,SPX,5842.01
2025-05-22,TSLA,341.04
2025-05-23,AAPL,195.27
2025-05-23,SPX,5802.82
2025-05-23,TSLA,339.34
2025-05-27,AAPL,200.21
2025-05-27,SPX,5921.54
2025-05-27,TSLA,362.89
2025-05-28,AAPL,200.42
2025-05-28,SPX,5888.55
2025-05-28,TSLA,356.9
2025-05-29,AAPL,199.95
2025-05-29,SPX,5912.17
2025-05-29,TSLA,358.43
2025-05-30,AAPL,200.85
2025-05-30,SPX,5911.69
2025-05-30,TSLA,346.46
2025-06-02,AAPL,201.7
2025-06-02,SPX,5935.94
2025-06-02,TSLA,342.69
2025-06-03,AAPL,203.27
2025-06-03,SPX,5970.37
2025-06-03,TSLA,344.27
2025-06-04,AAPL,202.82
2025-06-04,SPX,5970.81
2025-06-04,TSLA,332.05
2025-06-05,AAPL,200.63
2025-06-05,SPX,5939.3
2025-06-05,TSLA,284.7
2025-06-06,AAPL,203.92
2025-06-06,SPX,6000.36
2025-06-06,TSLA,295.14
2025-06-09,AAPL,201.45
2025-06-09,SPX,6005.88
2025-06-09,TSLA,308.58
2025-06-10,AAPL,202.67
2025-06-10,SPX,6038.81
2025-06-10,TSLA,326.09
2025-06-11,AAPL,198.78
2025-06-11,SPX,6022.24
2025-06-11,TSLA,326.43
2025-06-12,AAPL,199.2
2025-06-12,SPX,6045.26
2025-06-12,TSLA,319.11
2025-06-13,AAPL,196.45
2025-06-13,SPX,5976.97
2025-06-13,TSLA,325.31
2025-06-16,AAPL,198.42
2025-06-16,SPX,6033.11
2025-06-16,TSLA,329.13
2025-06-17,AAPL,195.64
2025-06-17,SPX,5982.72
2025-06-17,TSLA,316.35
2025-06-18,AAPL,196.58
2025-06-18,SPX,5980.87
2025-06-18,TSLA,322.05
2025-06-20,AAPL,201.0
2025-06-20,SPX,5967.84
2025-06-20,TSLA,322.16
2025-06-23,AAPL,201.5
2025-06-23,SPX,6025.17
2025-06-23,TSLA,348.68
2025-06-24,AAPL,200.3
2025-06-24,SPX,6092.18
2025-06-24,TSLA,340.47
2025-06-25,AAPL,201.56
2025-06-25,SPX,6092.16
2025-06-25,TSLA,327.55
2025-06-26,AAPL,201.0
2025-06-26,SPX,6141.02
2025-06-26,TSLA,325.78
2025-06-27,AAPL,201.08
2025-06-27,SPX,6173.07
2025-06-27,TSLA,323.63
2025-06-30,AAPL,205.17
2025-06-30,SPX,6204.95
2025-06-30,TSLA,317.66
2025-07-01,AAPL,207.82
2025-07-01,SPX,6198.01
2025-07-01,TSLA,300.71
2025-07-02,AAPL,212.44
2025-07-02,SPX,6227.42
2025-07-02,TSLA,315.65
2025-07-03,AAPL,213.55
2025-07-03,SPX,6279.35
2025-07-03,TSLA,315.35
2025-07-07,AAPL,209.95
2025-07-07,SPX,6229.98
2025-07-07,TSLA,293.94
2025-07-08,AAPL,210.01
2025-07-08,SPX,6225.52
2025-07-08,TSLA,297.81
2025-07-09,AAPL,211.14
2025-07-09,SPX,6263.26
2025-07-09,TSLA,295.88
2025-07-10,AAPL,212.41
2025-07-10,SPX,6280.46
2025-07-10,TSLA,309.87
2025-07-11,AAPL,211.16
2025-07-11,SPX,6259.75
2025-07-11,TSLA,313.51
2025-07-14,AAPL,208.62
2025-07-14,SPX,6268.56
2025-07-14,TSLA,316.9
2025-07-15,AAPL,209.11
2025-07-15,SPX,6243.76
2025-07-15,TSLA,310.78
2025-07-16,AAPL,210.16
2025-07-16,SPX,6263.7
2025-07-16,TSLA,321.67
2025-07-17,AAPL,210.02
2025-07-17,SPX,6297.36
2025-07-17,TSLA,319.41
2025-07-18,AAPL,211.18
2025-07-18,SPX,6296.79
2025-07-18,TSLA,329.65
2025-07-21,AAPL,212.48
2025-07-21,SPX,6305.6
2025-07-21,TSLA,328.49
2025-07-22,AAPL,214.4
2025-07-22,SPX,6309.62
2025-07-22,TSLA,332.11
2025-07-23,AAPL,214.15
2025-07-23,SPX,6358.91
2025-07-23,TSLA,332.56
2025-07-24,AAPL,213.76
2025-07-24,SPX,6363.35
2025-07-24,TSLA,305.3
2025-07-25,AAPL,213.88
2025-07-25,SPX,6388.64
2025-07-25,TSLA,316.06
2025-07-28,AAPL,214.05
2025-07-28,SPX,6389.77
2025-07-28,TSLA,325.59
2025-07-29,AAPL,211.27
2025-07-29,SPX,6370.86
2025-07-29,TSLA,321.2
2025-07-30,AAPL,209.05
2025-07-30,SPX,6362.9
2025-07-30,TSLA,319.04
2025-07-31,AAPL,207.57
2025-07-31,SPX,6339.39
2025-07-31,TSLA,308.27
2025-08-01,AAPL,202.38
2025-08-01,SPX,6238.01
2025-08-01,TSLA,302.63
2025-08-04,AAPL,203.35
2025-08-04,SPX,6329.94
2025-08-04,TSLA,309.26
2025-08-05,AAPL,202.92
2025-08-05,SPX,6299.19
2025-08-05,TSLA,308.72
2025-08-06,AAPL,213.25
2025-08-06,SPX,6345.06
2025-08-06,TSLA,319.91
2025-08-07,AAPL,220.03
2025-08-07,SPX,6340.0
2025-08-07,TSLA,322.27
2025-08-08,AAPL,229.35
2025-08-08,SPX,6389.45
2025-08-08,TSLA,329.65
2025-08-11,AAPL,227.18
2025-08-11,SPX,6373.45
2025-08-11,TSLA,339.03
2025-08-12,AAPL,229.65
2025-08-12,SPX,6445.76
2025-08-12,TSLA,340.84
2025-08-13,AAPL,233.33
2025-08-13,SPX,6466.58
2025-08-13,TSLA,339.38
2025-08-14,AAPL,232.78
2025-08-14,SPX,6468.54
2025-08-14,TSLA,335.58
2025-08-15,AAPL,231.59
2025-08-15,SPX,6449.8
2025-08-15,TSLA,330.56
2025-08-18,AAPL,230.89
2025-08-18,SPX,6449.15
2025-08-18,TSLA,335.16
2025-08-19,AAPL,230.56
2025-08-19,SPX,6411.37
2025-08-19,TSLA,329.31
2025-08-20,AAPL,226.01
2025-08-20,SPX,6395.78
2025-08-20,TSLA,323.9
2025-08-21,AAPL,224.9
2025-08-21,SPX,6370.17
2025-08-21,TSLA,320.11
2025-08-22,AAPL,227.76
2025-08-22,SPX,6466.91
2025-08-22,TSLA,340.01
2025-08-25,AAPL,227.16
2025-08-25,SPX,6439.32
2025-08-25,TSLA,346.6
2025-08-26,AAPL,229.31
2025-08-26,SPX,6465.94
2025-08-26,TSLA,351.67
2025-08-27,AAPL,230.49
2025-08-27,SPX,6481.4
2025-08-27,TSLA,349.6
2025-08-28,AAPL,232.56
2025-08-28,SPX,6501.86
2025-08-28,TSLA,345.98
2025-08-29,AAPL,232.14
2025-08-29,SPX,6460.26
2025-08-29,TSLA,333.87
2025-09-02,AAPL,229.72
2025-09-02,SPX,6415.54
2025-09-02,TSLA,329.36
2025-09-03,AAPL,238.47
2025-09-03,SPX,6448.26
2025-09-03,TSLA,334.09
2025-09-04,AAPL,239.78
2025-09-04,SPX,6502.08
2025-09-04,TSLA,338.53
2025-09-05,AAPL,239.69
2025-09-05,SPX,6481.5
2025-09-05,TSLA,350.84
2025-09-08,AAPL,237.88
2025-09-08,SPX,6495.15
2025-09-08,TSLA,346.4
2025-09-09,AAPL,234.35
2025-09-09,SPX,6512.61
2025-09-09,TSLA,346.97
2025-09-10,AAPL,226.79
2025-09-10,SPX,6532.04
2025-09-10,TSLA,347.79
2025-09-11,AAPL,230.03
2025-09-11,SPX,6587.47
2025-09-11,TSLA,368.81
2025-09-12,AAPL,234.07
2025-09-12,SPX,6584.29
2025-09-12,TSLA,395.94
2025-09-15,AAPL,236.7
2025-09-15,SPX,6615.28
2025-09-15,TSLA,410.04
2025-09-16,AAPL,238.15
2025-09-16,SPX,6606.76
2025-09-16,TSLA,421.62
2025-09-17,AAPL,238.99
2025-09-17,SPX,6600.35
2025-09-17,TSLA,425.86
2025-09-18,AAPL,237.88
2025-09-18,SPX,6631.96
2025-09-18,TSLA,416.85
2025-09-19,AAPL,245.5
2025-09-19,SPX,6664.36
2025-09-19,TSLA,426.07
2025-09-22,AAPL,256.08
2025-09-22,SPX,6693.75
2025-09-22,TSLA,434.21
2025-09-23,AAPL,254.43
2025-09-23,SPX,6656.92
2025-09-23,TSLA,425.85
2025-09-24,AAPL,252.31
2025-09-24,SPX,6637.97
2025-09-24,TSLA,442.79
2025-09-25,AAPL,256.87
2025-09-25,SPX,6604.72
2025-09-25,TSLA,423.39
2025-09-26,AAPL,255.46
2025-09-26,SPX,6643.7
2025-09-26,TSLA,440.4
2025-09-29,AAPL,254.43
2025-09-29,SPX,6661.21
2025-09-29,TSLA,443.21
2025-09-30,AAPL,254.63
2025-09-30,SPX,6688.46
2025-09-30,TSLA,444.72
2025-10-01,AAPL,255.45
2025-10-01,SPX,6711.2
2025-10-01,TSLA,459.46
2025-10-02,AAPL,257.13
2025-10-02,SPX,6715.35
2025-10-02,TSLA,436.0
2025-10-03,AAPL,258.02
2025-10-03,SPX,6715.79
2025-10-03,TSLA,429.83
2025-10-06,AAPL,256.69
2025-10-06,SPX,6740.28
2025-10-06,TSLA,453.25
2025-10-07,AAPL,256.48
2025-10-07,SPX,6714.59
2025-10-07,TSLA,433.09
2025-10-08,AAPL,258.06
2025-10-08,SPX,6753.72
2025-10-08,TSLA,438.69
2025-10-09,AAPL,254.04
2025-10-09,SPX,6735.11
2025-10-09,TSLA,435.54
2025-10-10,AAPL,245.27
2025-10-10,SPX,6552.51
2025-10-10,TSLA,413.49
2025-10-13,AAPL,247.66
2025-10-13,SPX,6654.72
2025-10-13,TSLA,435.9
2025-10-14,AAPL,247.77
2025-10-14,SPX,6644.31
2025-10-14,TSLA,429.24
2025-10-15,AAPL,249.34
2025-10-15,SPX,6671.06
2025-10-15,TSLA,435.15
2025-10-16,AAPL,247.45
2025-10-16,SPX,6629.07
2025-10-16,TSLA,428.75
2025-10-17,AAPL,252.29
2025-10-17,SPX,6664.01
2025-10-17,TSLA,439.31
2025-10-20,AAPL,262.24
2025-10-20,SPX,6735.13
2025-10-20,TSLA,447.43
2025-10-21,AAPL,262.77
2025-10-21,SPX,6735.35
2025-10-21,TSLA,442.6
2025-10-22,AAPL,258.45
2025-10-22,SPX,6699.4
2025-10-22,TSLA,438.97
2025-10-23,AAPL,259.58
2025-10-23,SPX,6738.44
2025-10-23,TSLA,448.98
2025-10-24,AAPL,262.82
2025-10-24,SPX,6791.69
2025-10-24,TSLA,433.72
2025-10-27,AAPL,268.81
2025-10-27,SPX,6875.16
2025-10-27,TSLA,452.42
2025-10-28,AAPL,269.0
2025-10-28,SPX,6890.89
2025-10-28,TSLA,460.55
2025-10-29,AAPL,269.7
2025-10-29,SPX,6890.59
2025-10-29,TSLA,461.51
2025-10-30,AAPL,271.4
2025-10-30,SPX,6822.34
2025-10-30,TSLA,440.1
2025-10-31,AAPL,270.37
2025-10-31,SPX,6840.2
2025-10-31,TSLA,456.56
2025-11-03,AAPL,269.05
2025-11-03,SPX,6851.97
2025-11-03,TSLA,468.37
2025-11-04,AAPL,270.04
2025-11-04,SPX,6771.55
2025-11-04,TSLA,444.26
2025-11-05,AAPL,270.14
2025-11-05,SPX,6796.29
2025-11-05,TSLA,462.07
2025-11-06,AAPL,269.77
2025-11-06,SPX,6720.32
2025-11-06,TSLA,445.91
2025-11-07,AAPL,268.47
2025-11-07,SPX,6728.8
2025-11-07,TSLA,429.52
2025-11-10,AAPL,269.43
2025-11-10,SPX,6832.43
2025-11-10,TSLA,445.23
2025-11-11,AAPL,275.25
2025-11-11,SPX,6846.61
2025-11-11,TSLA,439.62
2025-11-12,AAPL,273.47
2025-11-12,SPX,6850.92
2025-11-12,TSLA,430.6
2025-11-13,AAPL,272.95
2025-11-13,SPX,6737.49
2025-11-13,TSLA,401.99
2025-11-14,AAPL,272.41
2025-11-14,SPX,6734.11
2025-11-14,TSLA,404.35
2025-11-17,AAPL,267.46
2025-11-17,SPX,6672.41
2025-11-17,TSLA,408.92
2025-11-18,AAPL,267.44
2025-11-18,SPX,6617.32
2025-11-18,TSLA,401.25
2025-11-19,AAPL,268.56
2025-11-19,SPX,6642.16
2025-11-19,TSLA,403.99
2025-11-20,AAPL,266.25
2025-11-20,SPX,6538.76
2025-11-20,TSLA,395.23
2025-11-21,AAPL,271.49
2025-11-21,SPX,6602.99
2025-11-21,TSLA,391.09
2025-11-24,AAPL,275.92
2025-11-24,SPX,6705.12
2025-11-24,TSLA,417.78
2025-11-25,AAPL,276.97
2025-11-25,SPX,6765.88
2025-11-25,TSLA,419.4
2025-11-26,AAPL,277.55
2025-11-26,SPX,6812.61
2025-11-26,TSLA,426.58
2025-11-28,AAPL,278.85
2025-11-28,SPX,6849.09
2025-11-28,TSLA,430.17
2025-12-01,AAPL,283.1
2025-12-01,SPX,6812.63
2025-12-01,TSLA,430.14
2025-12-02,AAPL,286.19
2025-12-02,SPX,6829.37
2025-12-02,TSLA,429.24
2025-12-03,AAPL,284.15
2025-12-03,SPX,6849.72
2025-12-03,TSLA,446.74
2025-12-04,AAPL,280.7
2025-12-04,SPX,6857.12
2025-12-04,TSLA,454.53
2025-12-05,AAPL,278.78
2025-12-05,SPX,6870.4
2025-12-05,TSLA,455.0
2025-12-08,AAPL,277.89
2025-12-08,SPX,6846.51
2025-12-08,TSLA,439.58
2025-12-09,AAPL,277.18
2025-12-09,SPX,6840.51
2025-12-09,TSLA,445.17
2025-12-10,AAPL,278.78
2025-12-10,SPX,6886.68
2025-12-10,TSLA,451.45
2025-12-11,AAPL,278.03
2025-12-11,SPX,6901.0
2025-12-11,TSLA,446.89
2025-12-12,AAPL,278.28
2025-12-12,SPX,6827.41
2025-12-12,TSLA,458.96
2025-12-15,AAPL,274.11
2025-12-15,SPX,6816.51
2025-12-15,TSLA,475.31
2025-12-16,AAPL,274.61
2025-12-16,SPX,6800.26
2025-12-16,TSLA,489.88
2025-12-17,AAPL,271.84
2025-12-17,SPX,6721.43
2025-12-17,TSLA,467.26
2025-12-18,AAPL,272.19
2025-12-18,SPX,6774.76
2025-12-18,TSLA,483.37
2025-12-19,AAPL,273.67
2025-12-19,SPX,6834.5
2025-12-19,TSLA,481.2
2025-12-22,AAPL,270.97
2025-12-22,SPX,6878.49
2025-12-22,TSLA,488.73
2025-12-23,AAPL,272.36
2025-12-23,SPX,6909.79
2025-12-23,TSLA,485.56
2025-12-24,AAPL,273.81
2025-12-24,SPX,6932.05
2025-12-24,TSLA,485.4
2025-12-26,AAPL,273.4
2025-12-26,SPX,6929.94
2025-12-26,TSLA,475.19
2025-12-29,AAPL,273.76
2025-12-29,SPX,6905.74
2025-12-29,TSLA,459.64
2025-12-30,AAPL,273.08
2025-12-30,SPX,6896.24
2025-12-30,TSLA,454.43
2025-12-31,AAPL,271.86
2025-12-31,SPX,6845.5
2025-12-31,TSLA,449.72
2026-01-02,AAPL,271.01
2026-01-02,SPX,6858.47
2026-01-02,TSLA,438.07
2026-01-05,AAPL,267.26
2026-01-05,SPX,6902.05
2026-01-05,TSLA,451.67
2026-01-06,AAPL,262.36
2026-01-06,SPX,6944.82
2026-01-06,TSLA,432.96
2026-01-07,AAPL,260.33
2026-01-07,SPX,6920.93
2026-01-07,TSLA,431.41
2026-01-08,AAPL,259.04
2026-01-08,SPX,6921.46
2026-01-08,TSLA,435.8
2026-01-09,AAPL,259.37
2026-01-09,SPX,6966.28
2026-01-09,TSLA,445.01
2026-01-12,AAPL,260.25
2026-01-12,SPX,6977.27
2026-01-12,TSLA,448.96
2026-01-13,AAPL,261.05
2026-01-13,SPX,6963.74
2026-01-13,TSLA,447.2
2026-01-14,AAPL,259.96
2026-01-14,SPX,6926.6
2026-01-14,TSLA,439.2
2026-01-15,AAPL,258.21
2026-01-15,SPX,6944.47
2026-01-15,TSLA,438.57
2026-01-16,AAPL,255.53
2026-01-16,SPX,6940.01
2026-01-16,TSLA,437.5
2026-01-20,AAPL,246.7
2026-01-20,SPX,6796.86
2026-01-20,TSLA,419.25
2026-01-21,AAPL,247.65
2026-01-21,SPX,6875.62
2026-01-21,TSLA,431.44
2026-01-22,AAPL,248.35
2026-01-22,SPX,6913.35
2026-01-22,TSLA,449.36
2026-01-23,AAPL,248.04
2026-01-23,SPX,6915.61
2026-01-23,TSLA,449.06
2026-01-26,AAPL,255.41
2026-01-26,SPX,6950.23
2026-01-26,TSLA,435.2
2026-01-27,AAPL,258.27
2026-01-27,SPX,6978.6
2026-01-27,TSLA,430.9
2026-01-28,AAPL,256.44
2026-01-28,SPX,6978.03
2026-01-28,TSLA,431.46
2026-01-29,AAPL,258.28
2026-01-29,SPX,6969.01
2026-01-29,TSLA,416.56
2026-01-30,AAPL,259.48
2026-01-30,SPX,6939.03
2026-01-30,TSLA,430.41
2026-02-02,AAPL,270.01
2026-02-02,SPX,6976.44
2026-02-02,TSLA,421.81
2026-02-03,AAPL,269.48
2026-02-03,SPX,6917.81
2026-02-03,TSLA,421.96
2026-02-04,AAPL,276.49
2026-02-04,SPX,6882.72
2026-02-04,TSLA,406.01
2026-02-05,AAPL,275.91
2026-02-05,SPX,6798.4
2026-02-05,TSLA,397.21
2026-02-06,AAPL,278.12
2026-02-06,SPX,6932.3
2026-02-06,TSLA,411.11
2026-02-09,AAPL,274.62
2026-02-09,SPX,6964.82
2026-02-09,TSLA,417.32
2026-02-10,AAPL,273.68
2026-02-10,SPX,6941.81
2026-02-10,TSLA,425.21
2026-02-11,AAPL,275.5
2026-02-11,SPX,6941.47
2026-02-11,TSLA,428.27
2026-02-12,AAPL,261.73
2026-02-12,SPX,6832.76
2026-02-12,TSLA,417.07
2026-02-13,AAPL,255.78
2026-02-13,SPX,6836.17
2026-02-13,TSLA,417.44
2026-02-17,AAPL,263.88
2026-02-17,SPX,6843.22
2026-02-17,TSLA,410.63
2026-02-18,AAPL,264.35
2026-02-18,SPX,6881.31
2026-02-18,TSLA,411.32
2026-02-19,AAPL,260.58
2026-02-19,SPX,6861.89
2026-02-19,TSLA,411.71
2026-02-20,AAPL,264.58
2026-02-20,SPX,6909.51
2026-02-20,TSLA,411.82
2026-02-23,AAPL,266.18
2026-02-23,SPX,6837.75
2026-02-23,TSLA,399.83
2026-02-24,AAPL,272.14
2026-02-24,SPX,6890.07
2026-02-24,TSLA,409.38
2026-02-25,AAPL,274.23
2026-02-25,SPX,6946.13
2026-02-25,TSLA,417.4
2026-02-26,AAPL,272.95
2026-02-26,SPX,6908.86
2026-02-26,TSLA,408.58
2026-02-27,AAPL,264.18
2026-02-27,SPX,6878.88
2026-02-27,TSLA,402.51
2026-03-02,AAPL,264.72
2026-03-02,SPX,6881.62
2026-03-02,TSLA,403.32
2026-03-03,AAPL,263.75
2026-03-03,SPX,6816.63
2026-03-03,TSLA,392.43
2026-03-04,AAPL,262.52
2026-03-04,SPX,6869.5
2026-03-04,TSLA,405.94
2026-03-05,AAPL,260.29
2026-03-05,SPX,6830.71
2026-03-05,TSLA,405.55
2026-03-06,AAPL,257.46
2026-03-06,SPX,6740.02
2026-03-06,TSLA,396.73
2026-03-09,AAPL,259.88
2026-03-09,SPX,6795.99
2026-03-09,TSLA,398.68
2026-03-10,AAPL,260.83
2026-03-10,SPX,6781.48
2026-03-10,TSLA,399.235
2026-03-11,AAPL,260.81
2026-03-11,SPX,6775.8
2026-03-11,TSLA,407.82
2026-03-12,AAPL,255.76
2026-03-12,SPX,6672.62
2026-03-12,TSLA,395.01
2026-03-13,AAPL,250.12
2026-03-13,SPX,6632.19
2026-03-13,TSLA,391.2
2026-03-16,AAPL,252.82
2026-03-16,SPX,6699.38
2026-03-16,TSLA,395.56
2026-03-17,AAPL,254.23
2026-03-17,SPX,6716.09
2026-03-17,TSLA,399.27
2026-03-18,AAPL,249.94
2026-03-18,SPX,6624.7
2026-03-18,TSLA,392.78
2026-03-19,AAPL,248.96
2026-03-19,SPX,6606.49
2026-03-19,TSLA,380.3
2026-03-20,AAPL,247.99
2026-03-20,SPX,6506.48
2026-03-20,TSLA,367.96
2026-03-23,AAPL,251.49
2026-03-23,SPX,6581.0
2026-03-23,TSLA,380.85
2026-03-24,AAPL,251.64
2026-03-24,SPX,6556.37
2026-03-24,TSLA,383.03
2026-03-25,AAPL,252.62
2026-03-25,SPX,6591.9
2026-03-25,TSLA,385.95
2026-03-26,AAPL,252.89
2026-03-26,SPX,6477.16
2026-03-26,TSLA,372.11
2026-03-27,AAPL,248.8
2026-03-27,SPX,6368.85
2026-03-27,TSLA,361.83
2026-03-30,AAPL,246.63
2026-03-30,SPX,6343.72
2026-03-30,TSLA,355.28
2026-03-31,AAPL,253.79
2026-03-31,SPX,6528.52
2026-03-31,TSLA,371.75
2026-04-01,AAPL,255.63
2026-04-01,SPX,6575.32
2026-04-01,TSLA,381.26
2026-04-02,AAPL,255.92
2026-04-02,SPX,6582.69
2026-04-02,TSLA,360.59
2026-04-06,AAPL,258.86
2026-04-06,SPX,6611.83
2026-04-06,TSLA,352.82
2026-04-07,AAPL,253.5
2026-04-07,SPX,6616.85
2026-04-07,TSLA,346.65
2026-04-08,AAPL,258.9
2026-04-08,SPX,6782.81
2026-04-08,TSLA,343.25
2026-04-09,AAPL,260.49
2026-04-09,SPX,6824.66
2026-04-09,TSLA,345.62
2026-04-10,AAPL,260.48
2026-04-10,SPX,6816.89
2026-04-10,TSLA,348.95
2026-04-13,AAPL,259.2
2026-04-13,SPX,6886.24
2026-04-13,TSLA,352.42
2026-04-14,AAPL,258.83
2026-04-14,SPX,6967.38
2026-04-14,TSLA,364.2
2026-04-15,AAPL,266.43
2026-04-15,SPX,7022.95
2026-04-15,TSLA,391.95
2026-04-16,AAPL,263.4
2026-04-16,SPX,7041.28
2026-04-16,TSLA,388.9
2026-04-17,AAPL,270.23
2026-04-17,SPX,7126.06
2026-04-17,TSLA,400.62
2026-04-20,AAPL,273.05
2026-04-20,SPX,7109.14
2026-04-20,TSLA,392.5
2026-04-21,AAPL,266.17
2026-04-21,SPX,7064.01
2026-04-21,TSLA,386.42
2026-04-22,AAPL,273.17
2026-04-22,SPX,7137.9
2026-04-22,TSLA,387.51
2026-04-23,AAPL,273.43
2026-04-23,SPX,7108.4
2026-04-23,TSLA,373.72
2026-04-24,AAPL,271.06
2026-04-24,SPX,7165.08
2026-04-24,TSLA,376.3
2026-04-27,AAPL,267.61
2026-04-27,SPX,7173.91
2026-04-27,TSLA,378.67
2026-04-28,AAPL,270.71
2026-04-28,SPX,7138.8
2026-04-28,TSLA,376.02
2026-04-29,AAPL,270.17
2026-04-29,SPX,7135.95
2026-04-29,TSLA,372.8
2026-04-30,AAPL,271.35
2026-04-30,SPX,7209.01
2026-04-30,TSLA,381.63
2026-05-01,AAPL,280.14
2026-05-01,SPX,7230.12
2026-05-01,TSLA,390.82
2026-05-04,AAPL,276.83
2026-05-04,SPX,7200.75
2026-05-04,TSLA,392.51
2026-05-05,AAPL,284.18
2026-05-05,SPX,7259.22
2026-05-05,TSLA,389.37
2026-05-06,AAPL,287.51
2026-05-06,SPX,7365.12
2026-05-06,TSLA,398.73
2026-05-07,AAPL,287.44
2026-05-07,SPX,7337.11
2026-05-07,TSLA,411.79
2026-05-08,AAPL,293.32
2026-05-08,SPX,7398.93
2026-05-08,TSLA,428.35
2026-05-11,AAPL,292.68
2026-05-11,SPX,7412.84
2026-05-11,TSLA,445.0
2026-05-12,AAPL,294.8
2026-05-12,SPX,7400.96
2026-05-12,TSLA,433.45
2026-05-13,AAPL,298.87
2026-05-13,SPX,7444.25
2026-05-13,TSLA,445.27
2026-05-14,AAPL,298.21
2026-05-14,SPX,7501.24
2026-05-14,TSLA,443.3
2026-05-15,AAPL,300.23
2026-05-15,SPX,7408.5
2026-05-15,TSLA,422.24
2026-05-18,AAPL,297.84
2026-05-18,SPX,7403.05
2026-05-18,TSLA,409.99
2026-05-19,AAPL,298.97
2026-05-19,SPX,7353.61
2026-05-19,TSLA,404.11
2026-05-20,AAPL,302.25
2026-05-20,SPX,7432.97
2026-05-20,TSLA,417.26
2026-05-21,AAPL,304.99
2026-05-21,SPX,7445.72
2026-05-21,TSLA,417.85
2026-05-22,AAPL,308.82
2026-05-22,SPX,7473.47
2026-05-22,TSLA,426.01
2026-05-26,AAPL,308.33
2026-05-26,SPX,7519.12
2026-05-26,TSLA,433.59
2026-05-27,AAPL,310.85
2026-05-27,SPX,7520.36
2026-05-27,TSLA,440.36
2026-05-28,AAPL,312.51
2026-05-28,SPX,7563.63
2026-05-28,TSLA,442.1
2026-05-29,AAPL,312.06
2026-05-29,SPX,7580.06
2026-05-29,TSLA,435.79
2026-06-01,AAPL,306.31
2026-06-01,SPX,7599.96
2026-06-01,TSLA,415.88
2026-06-02,AAPL,315.2
2026-06-02,SPX,7609.78
2026-06-02,TSLA,423.74
2026-06-03,AAPL,310.26
2026-06-03,SPX,7553.68
2026-06-03,TSLA,423.7
2026-06-04,AAPL,311.23
2026-06-04,SPX,7584.31
2026-06-04,TSLA,418.45
2026-06-05,AAPL,307.34
2026-06-05,SPX,7383.74
2026-06-05,TSLA,391.0
2026-06-08,AAPL,301.54
2026-06-08,SPX,7405.73
2026-06-08,TSLA,408.95
2026-06-09,AAPL,290.55
2026-06-09,SPX,7386.65
2026-06-09,TSLA,396.68
2026-06-10,AAPL,291.58
2026-06-10,SPX,7266.99
2026-06-10,TSLA,381.59
2026-06-11,AAPL,295.63
2026-06-11,SPX,7394.3
2026-06-11,TSLA,399.15
2026-06-12,AAPL,291.13
2026-06-12,SPX,7431.46
2026-06-12,TSLA,406.43
2026-06-15,AAPL,296.42
2026-06-15,SPX,7554.29
2026-06-15,TSLA,411.15
2026-06-16,AAPL,299.24
2026-06-16,SPX,7511.35
2026-06-16,TSLA,404.66
2026-06-17,AAPL,295.95
2026-06-17,SPX,7420.1
2026-06-17,TSLA,396.38
2026-06-18,AAPL,298.01
2026-06-18,SPX,7500.58
2026-06-18,TSLA,400.49
2026-06-22,AAPL,297.01
2026-06-22,SPX,7472.79
2026-06-22,TSLA,405.05
2026-06-23,AAPL,294.3
2026-06-23,SPX,7365.46
2026-06-23,TSLA,381.61
2026-06-24,AAPL,293.08
2026-06-24,SPX,7358.22
2026-06-24,TSLA,375.53
2026-06-25,AAPL,275.15
2026-06-25,SPX,7357.49
2026-06-25,TSLA,375.12
2026-06-26,AAPL,283.78
2026-06-26,SPX,7354.02
2026-06-26,TSLA,379.71
2026-06-29,AAPL,281.74
2026-06-29,SPX,7440.43
2026-06-29,TSLA,411.84
2026-06-30,AAPL,289.36
2026-06-30,SPX,7499.36
2026-06-30,TSLA,420.6
