Date,dcc_a,dcc_b,VaR_1d_0.99,ES_1d_0.99,VaR_10d_0.99,ES_10d_0.99,realized_pnl_1d,excluded_legs
2021-01-04,0.13365559860524115,0.8593215429358503,60957.35967023535,100565.6079450154,187072.05130421286,191173.91859964238,439.47609900303706,
2021-01-05,0.13398469537760388,0.8589949088719431,62456.908022799726,100561.11536838833,184235.25302560144,189648.0501768135,3192.6626051022754,
2021-01-06,0.13419872484078404,0.8587697053100616,58910.98533462704,96589.10721468902,186917.02195431752,191722.95674115897,3074.6248177407883,
2021-01-07,0.13469565033313746,0.8582698465337829,61891.45541585729,102293.6390013398,179060.1973342028,184406.18310186628,17065.473363052533,
2021-01-08,0.13486871887734694,0.8580900182646038,71625.48523014982,108673.63716491465,197101.6230966188,202538.47779577528,14523.668888292761,
2021-01-11,0.13528825016615711,0.8576632101019607,80530.20280186165,125030.8416034629,208521.70663549367,215403.49669797448,-16695.863771144162,
2021-01-12,0.13553779152279263,0.8574014898437989,74082.9218736204,116129.39147834951,201019.7869882681,208293.345488484,7715.462274897383,
2021-01-13,0.13553779166972363,0.8574014899667298,81657.8632900327,124424.46104474839,210335.46888108653,216415.22998753603,2481.7990318291777,
2021-01-14,0.13553779174565064,0.8574014900302547,78996.56278634383,120395.26246719064,214091.54552190923,219374.04974182686,-3607.035528134558,
2021-01-15,0.13575365244842028,0.857200243920508,76695.39623699796,115157.62956135932,210504.28580046276,215844.80154559878,-6058.598000511169,
2021-01-19,0.13549021069212666,0.8574666259503345,71832.74056229362,105170.76026921677,210533.08684330925,216055.78060837954,5597.650262358376,
2021-01-20,0.13524780569656444,0.8577109575787546,69009.37184728902,112357.71698406023,207441.7172581605,213338.12882496967,5947.045559600854,
2021-01-21,0.13855795351011985,0.8544157938251206,74240.43910090282,130828.07628118599,235125.73545609188,242199.70035520094,1376.567518601438,
2021-01-22,0.13871141048604388,0.8542583202668578,76913.20211515408,119051.47695252391,232018.0223594711,239098.44784695844,849.1628390416931,
2021-01-25,0.13884865564468177,0.8541123649074172,68716.63262148017,120745.21551317124,222055.9477836014,228918.26588743637,9512.10830782037,
2021-01-26,0.13875496192762923,0.8542039643888529,67465.46582090661,118265.3515696242,233209.11321091885,240287.727850154,293.9977515145452,
2021-01-27,0.13832900727008246,0.8546405399453597,63307.500069529684,113240.39507173994,231483.58048088025,237722.9121389008,-9335.126641349418,
2021-01-28,0.13797143076800336,0.8549869235886499,56584.084764258645,101719.9765103195,206039.96256257946,217648.51231987518,-6440.568579484363,
2021-01-29,0.13793673319437463,0.8550125055618222,52224.297375703434,91548.04188057795,186431.6495192554,195617.5808835974,-14688.893993900572,
2021-02-01,0.13583375189354516,0.857198403176862,52917.84466296838,93979.74397420455,201327.48127737167,212082.6719362599,13424.022497885666,
2021-02-02,0.13189981575795967,0.8612152926794981,57010.58173372381,107416.11094821761,217271.51100881834,227285.416564001,9713.321662215592,
2021-02-03,0.13309042490010475,0.8601718640130787,55829.52112050348,105907.31651984618,215744.62984304165,225957.2560179518,-3980.7416757974606,
2021-02-04,0.13456537494348778,0.8587063078849289,55446.80295896909,106055.99210219418,213333.49108624147,222957.91996500175,2863.7409782866243,
2021-02-05,0.13852401850283816,0.8547625281082981,63232.38275280529,105371.20722662738,223527.22948730292,230470.26076183424,894.5934559575877,
2021-02-08,0.13843087251755673,0.8548509944975253,60405.473446145756,104238.26461673887,219347.19491380223,226811.14010960032,3774.6072759084864,
2021-02-09,0.13828471988035912,0.8549935336232355,58927.3118202217,106705.4297215373,222907.32001214332,228976.02930583898,-3482.4599417013924,
2021-02-10,0.13796495717225277,0.8553123623116348,58416.47007962242,117270.92502149436,218668.61263048238,224395.50735169125,-9375.52795294115,
2021-02-11,0.13773099212137302,0.8555440804504455,40424.49208330664,79631.35826472488,201833.7308783375,207345.27745948947,1575.6566180099717,
2021-02-12,0.13773099212581622,0.855544080454264,57589.960032696734,95398.34905104084,204520.36499826005,210217.220884621,1945.5745075510915,
2021-02-16,0.1377309921767393,0.8555440804980279,52789.787159125684,100331.28621540882,177201.77553098515,189921.23185286543,-5212.9888978502495,
2021-02-17,0.13552162633941756,0.8577896235413819,56894.43294059912,94249.67084351927,183761.3720132232,196231.0022491879,-848.3392706224279,
2021-02-18,0.13741541868482418,0.8558976752934618,87363.00158174371,106539.78049806065,168852.85371007604,188695.45302489508,-3607.4580068091213,
2021-02-19,0.13730723890632823,0.8560010166439164,80910.56870491752,101076.15786498364,180504.29499456444,202660.67230083887,-1510.3914499888704,
2021-02-22,0.13730636366162016,0.8559953395761394,45326.60707792227,67390.85053674688,157953.51083482723,170738.39178168445,-16914.297707268444,
2021-02-23,0.13698994224609748,0.8563064697729995,76708.5270878915,101918.04042983144,192796.85514876412,232281.0252641156,-2983.4479479286965,
2021-02-24,0.13645191245594274,0.8568375013796816,61381.08382268906,97800.96189039091,177733.01535711635,200005.62882855086,10666.329481984887,
2021-02-25,0.13601763939606834,0.8572676202381125,57575.14663341489,95768.00338295705,180495.48323310874,193637.58747258747,-19060.445398395157,
2021-02-26,0.1359308314880374,0.8573489937085027,63888.424124529774,99774.11585588625,158813.9192590928,182897.3436727374,-2135.3045283979104,
2021-03-01,0.13703711466799673,0.8562387594916316,44664.102908991554,91807.26604037803,155853.3395874278,162090.86753594052,16476.992647301082,
2021-03-02,0.1366861959179728,0.8566163910810218,99531.79627520856,180610.69247302608,377051.236735801,380529.6754989369,-9367.025000405667,
2021-03-03,0.13646870084154356,0.8568150480965195,59122.566635415045,153005.86819790106,333345.6490037265,343189.39993139333,-10770.783498000039,
2021-03-04,0.13594117514257767,0.8573472617056372,50224.31415853584,136484.69308429677,264810.1823059105,273691.8543231137,-9946.285721569948,
2021-03-05,0.13520897740407697,0.8580833094607364,39126.83457571598,85725.24066090035,252585.76686504539,263571.4565370226,-405.03023990798334,
2021-03-08,0.13437168330630148,0.858925122497165,42092.10022482849,115013.68585337394,231397.7713619757,240902.32925761663,-10617.833556682031,
2021-03-09,0.13437168331931915,0.8589251225078599,87409.53983534558,156138.33232176374,341374.92445230606,346539.10093615955,27407.844282693906,
2021-03-10,0.13433066352448927,0.8589335456571435,59230.05758212866,120330.82317330816,241113.01106393087,251727.36615132264,-492.5196938502166,
2021-03-11,0.13443997665353224,0.8588181249502048,57079.57604853522,130807.63828918297,264778.90022413613,278954.23383568274,9392.098731641208,
2021-03-12,0.13443997665929328,0.8588181249549436,55962.833142938944,97811.98490669689,193711.44408703994,197803.39547143906,-1448.781690555948,
2021-03-15,0.13398265493330136,0.8592734177176719,56958.01857962616,104741.47512816443,213756.0948754221,222652.63106985457,5632.349451849607,
2021-03-16,0.13425835431573555,0.8590057290523897,55376.276069536856,96188.9039589177,217784.3003607686,228818.40329567646,-5791.392942521416,
2021-03-17,0.1339351311282744,0.8593235438940593,55755.75639632607,100303.21500676591,188492.54599459807,195143.0258587342,5199.502347349497,
2021-03-18,0.13386540009362377,0.8593961541565338,57759.22430049793,100222.76006143256,188588.1787933244,196511.09031927408,-14874.81288993975,
2021-03-19,0.13414343501457027,0.8591404288716076,51749.65393600488,112136.32640882453,201023.91006324752,209057.39961071656,-42.96149466673178,
2021-03-22,0.13499546988715325,0.8582928361246794,50851.09784877213,97482.86689003037,195267.78238796638,203523.09667223063,6131.888040203268,
2021-03-23,0.13499546992726202,0.8582928361579097,50358.531030534476,100435.89068379239,202383.79397211576,209916.10784782126,-3515.158336517049,
2021-03-24,0.13499546997626805,0.8582928361985115,47646.21239732499,93623.70324793806,197738.30656185013,208433.40082669174,-8727.094942803627,
2021-03-25,0.13540199635140843,0.857876283385385,43678.81599552052,96587.50783310943,194902.6792480924,202765.45126287732,3314.04232514906,
2021-03-26,0.13543623331502877,0.8578430700092912,43145.77757586126,94736.1064503933,191329.6269547281,199160.1065678393,-798.9578918778088,
2021-03-29,0.13511604426555515,0.8581668059665379,44864.737821278126,87670.86521537814,175511.39801871072,181309.60825909485,-1579.8072389156032,
2021-03-30,0.1350788870557597,0.858201490254029,43259.39574335699,85283.02706032802,170716.8320239124,175848.34395850924,3533.9348398809984,
2021-03-31,0.1350063221666432,0.8582739714901317,47146.95665635419,92130.37353214067,168468.6088217911,173727.3176227788,8358.498292050228,
2021-04-01,0.1348123226159024,0.8584698897963201,49031.04822923897,91122.72936632231,178858.8096820685,184038.2534388392,1535.9986130462266,
2021-04-05,0.13474973357122424,0.858526794311617,47347.903946720515,105853.31134329263,173766.22836816462,180253.85001548196,10264.221858570396,
2021-04-06,0.1347497336227906,0.8585267943542035,49286.39293587146,107532.91818671497,193898.1054381907,200506.00200792373,70.57698480537155,
2021-04-07,0.13418387744091753,0.8591070765504172,47659.206714572465,96623.61770379018,190368.0222128969,197423.10077312952,-3015.38514592735,
2021-04-08,0.13405783805000798,0.8592235824576752,49168.15183457529,95028.27881247715,180243.4019995817,187540.01683995643,4677.846187945083,
2021-04-09,0.13405783808079336,0.8592235824828642,48450.56386374335,95215.01055167564,187179.02664704976,193989.2751275598,1536.9731553117617,
2021-04-12,0.1340578381175541,0.8592235825129424,47332.28679874347,92568.4202978904,190137.46813356722,197465.62898744832,4110.064633949355,
2021-04-13,0.13405783812308283,0.8592235825174661,52034.46234566394,99478.12327539307,181703.79565470834,191268.792525636,14430.731047783449,
2021-04-14,0.1338870632671673,0.859392976744336,57211.74558399279,102435.31358028926,202107.86880617455,209941.21564677986,-8109.918891852684,
2021-04-15,0.13379780701375835,0.859473955993332,55214.15140406023,108208.64565126854,203819.22234602628,213095.449019574,4863.148799002659,
2021-04-16,0.13412914280770072,0.8591386303137395,53827.85405063858,115952.41719204737,208623.57558932345,214324.46438451443,772.4697297802832,
2021-04-19,0.13418810783424784,0.8590768135748261,51863.521194919565,101170.42957733247,201844.74593100755,207743.4640139192,-5841.092354277334,
2021-04-20,0.13429782139909274,0.8589602090609973,51494.43241998504,99053.06462290893,184410.97481718357,191586.91230868682,-1406.1401219958395,
2021-04-21,0.13425696978536783,0.85900074835274,50524.49052107633,92077.1858302004,188742.62326565644,197763.6741402745,7190.320391166598,
2021-04-22,0.13412553375822858,0.8591290463218231,52173.09924696731,102160.1270138346,182430.88961831745,191716.30256386846,-7629.693158390691,
2021-04-23,0.13405751470051797,0.859192818404616,48296.9055460855,95929.46954353066,186212.87563468792,194655.92855456335,5413.147685640366,
2021-04-26,0.13405751473711375,0.859192818434566,47812.50973683338,100267.7828891873,195313.38492378127,202177.35740451046,2346.2516633783093,
2021-04-27,0.1340575147571333,0.85919281845095,46752.015330479284,100269.18966412928,193341.30590404707,202487.0058858944,-6951.206728291737,
2021-04-28,0.1340575147895688,0.8591928184774952,49756.228667172996,92405.34815755622,182508.27493425066,189154.72919196248,-2664.2108960679443,
2021-04-29,0.1340575148011011,0.8591928184869332,48214.19060847562,78926.63143736383,180100.41125012387,188128.14390618022,-2133.93639209833,
2021-04-30,0.13411503596209232,0.8591296509335998,48138.597688925045,97270.81799733662,174096.8776491458,179565.6613352877,4002.654757828232,
2021-05-03,0.13437453973417296,0.858873268254223,53801.767324406595,97307.85370323696,176725.54221870448,184259.62373569078,-3824.482280102773,
2021-05-04,0.1343745397358093,0.8588732682534991,54046.03443201749,88709.43073639052,170158.70051067462,177409.05211749527,-6023.381318778656,
2021-05-05,0.13437453974626062,0.858873268262089,52405.892830435485,97531.5911141219,190925.85495480732,198048.06338506256,-263.82703906176124,
2021-05-06,0.13468847003002665,0.8585554827333988,50173.58220744104,92320.30979754668,186032.4296140729,193565.6979887624,1036.4844053772274,
2021-05-07,0.1349441556710158,0.8582950240293916,47977.133323078306,91853.14005766377,185156.11138604616,191559.1740416814,3567.467050627468,
2021-05-10,0.13503410066329202,0.8582032846332776,47922.05689473599,98797.64160882802,179462.60999258416,185989.8488938365,-12618.242577523404,
2021-05-11,0.1351749339873393,0.8580530855356293,47625.430452627996,93962.11887684595,191060.4439645223,198129.8804173384,-4677.323246470591,
2021-05-12,0.13517493400772396,0.8580530855525662,45000.05154826663,95420.44795527206,189086.33949038704,199203.77687061887,-11539.55650091363,
2021-05-13,0.1351749340359487,0.8580530855760171,38409.71073779205,81935.05772181111,205389.8615724837,214154.59210437338,-85.64452563136348,
2021-05-14,0.13612028558810935,0.8570979601134932,44007.25267763505,120746.5954733469,196861.38736463757,206287.4254726998,7956.671078181037,
2021-05-17,0.13664567308608536,0.8565668568496169,43209.41880548271,92770.36181248713,209392.32414268635,219340.11869772457,-3719.7604247663567,
2021-05-18,0.13714737506171015,0.8560565666291613,41559.19320248975,82668.92206541906,198363.87011913813,205404.17302519668,-2279.418905387901,
2021-05-19,0.1376880556619143,0.8555056005268351,39614.983373522766,95239.46759576799,200369.6487154434,208297.6799630748,-3591.6891521015377,
2021-05-20,0.13818871618415676,0.854994077666664,38626.89976895955,95267.64532432266,190343.93017675084,197562.77838286944,8185.869587328625,
2021-05-21,0.13880901870981407,0.8543616120168936,43967.775994601616,96070.35357810608,190145.62195470918,196014.69247053989,-2290.8436717193913,
2021-05-24,0.13955788365656824,0.8536003601184337,42216.88313574971,89572.85111808182,181472.3389556654,188362.41954948253,8047.466933704794,
2021-05-25,0.1401986380018904,0.8529478064910023,43247.76178483157,86065.72889176932,177331.65833288408,183959.38137397278,-899.7080174477231,
2021-05-26,0.14058469802640325,0.8525530039817485,41759.284034426986,95881.58010214931,173405.9222522787,179385.5103879518,3275.7318290527182,
2021-05-27,0.14096280077815848,0.8521653742978567,37346.527341165194,84016.03962672212,165232.19105176008,173372.2412615007,1819.6589992844522,
2021-05-28,0.14131913787152456,0.8518040518098776,39251.89138903775,80643.1387344074,155950.82024061473,163580.93021244305,-1305.7765808159422,
2021-06-01,0.14131913788105877,0.8518040518184814,38114.77760219688,79509.81279373943,154151.90272934604,160459.80018851577,-534.3508896374926,
2021-06-02,0.14428394178448206,0.8488000213669934,94904.66361049059,127984.52244653707,176038.87844671184,180555.09021532998,-3084.7627720125365,
2021-06-03,0.14419746900020175,0.8488831012358737,37669.92970608648,76702.95621669656,153258.782721149,158594.4442558919,-8022.1929735933945,
2021-06-04,0.1434926171836235,0.8495864269916952,35563.73506376379,64839.70636559102,145103.79190707437,152572.55866435778,8310.138775230826,
2021-06-07,0.1432325289139341,0.849847454102869,32534.02970447341,74986.51977409233,164057.40585025004,171777.61738209563,1059.9272576802714,
2021-06-08,0.13773169894010273,0.8554063094534277,31945.467864474613,65437.58563705575,161542.11302850285,167508.22160957745,146.73148035076977,
2021-06-09,0.13883241853475609,0.8543025152993966,31777.109672443803,65705.7501664852,159918.42385826766,166776.06205456256,-1160.4741329954793,
2021-06-10,0.13883241874630542,0.8543025154840768,30327.856883156768,68866.06483628928,154883.2262066685,160767.40995627042,2758.730919302035,
2021-06-11,0.13764447759550252,0.8555065430157869,29870.33909988635,69655.79657657859,142000.9187001967,148025.06858726696,987.5789629180902,
2021-06-14,0.13663384961801825,0.8565369865770938,29861.91287811851,65836.23972950628,154373.40414685468,159023.30866724573,3520.955532063584,
2021-06-15,0.13689617912148336,0.8562770811325313,30019.6001250291,69500.01610592534,155485.99928316203,160028.00618910606,-4538.907858943336,
2021-06-16,0.13673798656089498,0.8564354477630306,28752.355770261736,68890.78952275949,157770.60101448558,161874.06896166725,215.9618581163915,
2021-06-17,0.1367124063845851,0.8564637867231865,32774.840479484395,64452.4410165588,152282.33605230265,156038.98431478534,3088.004501049529,
2021-06-18,0.13671240640041205,0.8564637867366144,33712.45806067121,69601.90545304018,154763.95651152323,157798.18323256657,-2093.799108796229,
2021-06-21,0.1370661786180601,0.8561095683403126,37267.63117421875,73408.87095701866,140173.7850979885,145181.13650142215,3347.5539569637554,
2021-06-22,0.13706617867377344,0.8561095683878046,36325.8875463186,79219.01040050882,154076.61837789105,158164.21743930443,2505.084478405548,
2021-06-23,0.13763758645556956,0.8555447615010722,34363.670007024186,80371.650497728,167973.29541847907,172240.8923686872,6242.012088862019,
2021-06-24,0.13786061925295215,0.8553314800321767,43359.12459898356,77042.83278182198,152591.4566333277,158227.6565306999,5770.923961464641,
2021-06-25,0.13786061939172525,0.8553314801517173,48015.53012157375,79046.4824828248,153179.14405305174,158767.5038118491,-1038.1378691116001,
2021-06-28,0.13817782421004132,0.8550274312051942,46260.91664551572,77114.69712715002,153885.66403216965,158675.73866902487,4724.107814218435,
2021-06-29,0.13797836737030833,0.8552452277210747,46869.06814619711,73308.34535753724,159701.48862909165,164351.99737328454,-768.5571785374458,
2021-06-30,0.13797836750666728,0.8552452278386936,45829.9049091442,93136.96343918575,160515.53113282315,164523.01484540486,387.21939084925395,
2021-07-01,0.1390892122337035,0.8541546801976423,17580.19546556324,62226.20248670898,163689.99165917916,168618.97901949994,921.8449395240782,
2021-07-02,0.13966619622014168,0.8535917962246138,43096.9154622114,77343.23982086124,163561.4614417335,167537.97370412035,3165.991550143708,
2021-07-06,0.142042664803817,0.8512067361086669,42273.2259581317,78216.19425216282,170002.9624429735,174065.90675019388,-3300.5793357254797,
2021-07-07,0.1425526256358135,0.8507185761098468,45053.79072284436,88551.77026787923,156417.6417612874,161557.567857358,-1000.0812166836223,
2021-07-08,0.14312924373902394,0.8501613595331713,46306.65781101131,104866.8498862564,158091.69486758576,162793.65295601488,-892.6524977097804,
2021-07-09,0.14446391066897274,0.8488446507154548,43920.20889952449,74531.3813626839,153469.8847326183,157654.10231509234,4212.187677832993,
2021-07-12,0.14511791715038544,0.8482170474080021,42993.80291798535,78471.74444511424,157666.55227351026,162024.2459583059,6238.800120045207,
2021-07-13,0.14862490316671878,0.844680114235806,51989.33649514827,97957.76941711493,149461.14327153855,156053.80892488238,-3657.9856800216994,
2021-07-14,0.14898504499072668,0.8443683968215101,49594.24767440082,78034.81280751647,139175.37556448398,145895.67652946583,-1042.7860105335508,
2021-07-15,0.148535011514121,0.844910653751702,48844.017351990995,74543.3204608067,137754.13651811474,145744.95905157508,-1609.9927942216439,
2021-07-16,0.14850650286199676,0.8450324868764719,46992.53417020815,81714.21150362503,138983.7347552978,145657.47809860276,-3976.7333849329657,
2021-07-19,0.14834065616621603,0.8453135948387325,44518.03246076521,75061.58203997089,140599.59334597617,146709.54986195604,-5010.95275968588,
2021-07-20,0.14840760641860626,0.8453796548241626,43897.46166223574,66916.83631690266,139928.2799973737,146047.16256098973,7962.574240037106,
2021-07-21,0.14692071841307053,0.847101243864509,42675.600840906074,88768.08697116349,177393.84396113746,185544.2193603961,364.80891154710656,
2021-07-22,0.14688032845712792,0.8473256385441431,40538.63724435124,84661.81263848752,179071.43594884922,184570.52205910056,-72.96643976369853,
2021-07-23,0.14658150548998128,0.8478903253934158,39808.75723127801,83864.91184851743,164818.330982308,169489.73604039458,1918.906982125162,
2021-07-26,0.13539237182790895,0.8603521024058529,38797.33405062802,78290.28568764417,169069.63782767984,175535.2784375648,3606.934681168184,
2021-07-27,0.13621813197017643,0.8599505297622893,41484.80980990073,83960.07959464437,167974.59889639058,172966.9880795033,-4738.0028093933715,
2021-07-28,0.13157737356866028,0.8656736992450388,40768.343322637695,77510.32916367815,177665.12791670082,185076.49854906593,-492.8399775627098,
2021-07-29,0.13157737356866028,0.8656736992450388,40079.57736802387,85993.95244263476,169057.61787689352,174646.86038428397,7365.84961855957,
2021-07-30,0.13298033818558236,0.866996164485725,47858.89561672788,86020.35653379948,172468.27199200867,191847.52247443714,893.1670775430396,
2021-08-02,0.13298033818558236,0.866996164485725,47803.86819077914,97087.83482984403,171698.93657016012,186717.6517189162,3944.2296659235053,
2021-08-03,0.13298033818558236,0.866996164485725,51719.95368008024,81390.21383789241,128762.30072208076,145425.4904918738,2739.1777384920388,
2021-08-04,0.13298033818558236,0.866996164485725,49805.17478400443,70099.3210967038,121241.22451801434,144829.47428089066,-995.3557305530381,
2021-08-05,0.13298033818558236,0.866996164485725,48155.71240154184,64994.44078013087,110014.14516581465,130923.79065983345,2127.6750070551457,
2021-08-06,0.13298033818558236,0.866996164485725,46941.82830091837,56510.19929192285,88922.90132719523,110291.85592376682,-3211.2328682527905,
2021-08-09,0.13298033818558236,0.866996164485725,19852.561092904656,53886.55904343467,115020.17816351829,132734.7148436011,2713.8758886642004,
2021-08-10,0.13298033818558236,0.866996164485725,45116.984045184065,58444.48796715481,91536.33755778438,111882.03043473883,-782.245790456239,
2021-08-11,0.13298033818558236,0.866996164485725,43729.07001044475,50281.44180658967,71828.0619565671,85613.02189310401,242.88909108600967,
2021-08-12,0.13298033818558236,0.866996164485725,34352.875334429606,42202.14348825092,59742.71877021233,75968.38937665234,5073.996471822241,
2021-08-13,0.13298033818558236,0.866996164485725,42975.23351025932,71638.13877507352,121333.17472021136,136286.42295448077,-556.8611742383719,
2021-08-16,0.13298033818558236,0.866996164485725,41307.755703114606,61425.10730724665,100075.93817367597,113837.00850147783,-4636.460150641657,
2021-08-17,0.13298033818558236,0.866996164485725,22771.911082927647,41616.57167103882,59907.572763483724,68236.86889008692,-6166.066929172897,
2021-08-18,0.13298033818558236,0.866996164485725,21742.740033278747,38969.77579394637,61788.823074664775,72326.4654657285,371.5191760957265,
2021-08-19,0.13298033818558236,0.866996164485725,23136.989818823604,42786.04946420299,60608.593919066494,68962.1964209991,-2674.7719644609433,
2021-08-20,0.13298033818558236,0.866996164485725,23268.660647596946,42856.79289244062,57888.063976401,67707.72336137113,3910.697616762717,
2021-08-23,0.13298033818558236,0.866996164485725,23046.55012324429,38291.97523959915,57364.7639971835,65200.642929758906,7897.172799867882,
2021-08-24,0.13298033818558236,0.866996164485725,18398.63438491987,39442.9213538334,61695.49278592625,71927.4235447323,731.5783285785257,
2021-08-25,0.13298033818558236,0.866996164485725,17674.62187620249,40933.55017178112,59781.489769362845,70125.82107390625,415.07208467521633,
2021-08-26,0.13298033818558236,0.866996164485725,17273.777954535784,38031.90721285527,55195.67271193365,66482.4964727434,-3742.667908613631,
2021-08-27,0.13298033818558236,0.866996164485725,15130.766648467656,35200.1240102178,53760.41119177504,62706.28916875948,4669.127673131344,
2021-08-30,0.13298033818558236,0.866996164485725,13930.891000525242,31245.8913626112,53506.54946482986,62666.97006265971,7051.419265777344,
2021-08-31,0.13298033818558236,0.866996164485725,14009.11393004928,34644.113223956076,55377.281570624196,65572.79452020716,16.059930878429576,
2021-09-01,0.09723555660908102,0.9023510643564062,9508.234356692448,12314.882237670648,25666.20531247445,30071.570903106127,82.78610591467732,
2021-09-02,0.09723555660908102,0.9023510643564062,9010.911836810476,10707.443822673897,22830.46226594705,27321.332760532874,872.81511660758,
2021-09-03,0.10435933580717084,0.8934563348868013,8821.751367661524,10038.679158419014,23088.497567392064,26951.65602548367,485.85287864329524,
2021-09-07,0.1037319248909459,0.8927480823549486,8216.55467199563,8508.967657344885,19814.500682330156,23641.859748958366,4312.486379894,
2021-09-08,0.1022737344978488,0.8945427955114564,7637.575190101213,8314.53788273579,19734.22169767714,23141.906808660122,-897.4169266295257,
2021-09-09,0.0997565984386327,0.8966907075866276,6404.202400314507,6759.916389441095,15489.333198024073,18236.931423975424,-1363.6092212140372,
2021-09-10,0.09780006909064572,0.8989182641060672,7324.0388812279525,7749.721875461565,17109.094290863406,19797.710102552574,-8027.864849589174,
2021-09-13,0.09992327892357422,0.8956547693439596,8577.0546754617,9590.413409535082,21452.59284376966,24804.94681177764,2152.953133203804,
2021-09-14,0.10424296062181182,0.8903577748291521,9701.359389797204,9905.28420252645,20712.00087128205,24354.46239593415,-1703.4469567763358,
2021-09-15,0.10757561297695907,0.8858170984082572,9133.518052023133,9540.750565743838,19590.67396063904,23037.28798907629,4624.4858549059345,
2021-09-16,0.10648025500093779,0.8866819157365827,7101.8082085367405,7520.026031306395,16591.958425777622,19094.787129036584,-235.42910537115296,
2021-09-17,0.10690982220222298,0.8864846099979153,8294.61875460071,8921.559888519212,18623.560733346956,21976.051360925674,-2906.7292636126745,
2021-09-20,0.10407228475901664,0.8900545509863436,12510.571685950943,13744.921686158525,27366.09374854566,31936.124244261264,-11231.003770461019,
2021-09-21,0.2066218117956181,0.42983024957250543,11723.344391813018,15656.57002312166,30790.091597344624,36967.240996484186,1920.1037386891696,
2021-09-22,0.20117976899717196,0.42719060049891494,13733.693135086105,14064.166145832507,26256.44149707046,30830.223377851133,5816.13971416587,
2021-09-23,0.20453638504618468,0.42724496237867093,10329.097248556285,11999.368573914304,23380.78970409937,27326.034856365,3508.5918169286106,
2021-09-24,0.1950366729208839,0.40600906253338903,8949.75422976728,10363.646587279225,20161.245580029336,23906.226609107063,4542.417063209742,
2021-09-27,0.19785766839162228,0.41461089700805037,8125.261426053803,9745.747863184379,20391.94450774723,23821.618864205084,2016.31517927727,
2021-09-28,0.20773899224489678,0.42065207781913067,8004.808857328116,9602.484778337825,19190.524572046612,22404.930637463982,-9043.770438726151,
2021-09-29,0.18450583831324174,0.402321706653802,11931.191450770104,13321.115704418755,27155.63669157479,31687.833343362166,1556.752232244971,
2021-09-30,0.19678759300683138,0.3932906244131495,12585.11506490505,12859.038586807283,25194.873141386313,29894.555141962017,-4443.399670658401,
2021-10-01,0.19953692658313857,0.39633116423103243,12845.951473041749,13378.7244077885,26526.24148990278,30969.78133786262,3007.2156084619955,
2021-10-04,0.205280385219868,0.4079155078650343,14766.073301833052,15719.139969847374,33066.16503823721,38203.51260939735,-3324.247671585067,
2021-10-05,0.21163684505296634,0.4027444061138295,11185.634538681163,11337.977335030646,25047.9030320709,28837.887156218843,3067.266214506444,
2021-10-06,0.21408369723026077,0.41151899824735927,11779.178403018039,12394.727539169258,26936.21111810154,31671.253795098957,1774.158866879494,
2021-10-07,0.2157776406602981,0.41597975015390104,9804.404873965446,10017.360824044183,20543.375577057315,24486.247001184613,4646.710558560634,
2021-10-08,0.2132648178445202,0.4118262463669775,10271.327984722759,11360.080716746781,24265.530324418098,28385.994395738788,-2250.540219893297,
2021-10-11,0.22058395770140463,0.4137133127179721,10573.964548761352,11460.13492325855,24285.183927025762,27883.198878531042,-261.0548005823363,
2021-10-12,0.21915995795605825,0.4160532017625142,8571.18052481248,8798.996730706418,17741.802163326007,20884.581651551944,1592.3354909351385,
2021-10-13,0.21828659771801423,0.4264806753473515,8137.1005109799635,9023.329075111958,18674.71546190362,22344.347879779943,1437.934648325618,
2021-10-14,0.22210897473894706,0.427808649722138,8570.5372007237,9298.836279302383,18995.39958385214,22581.558478987125,6615.671575412975,
2021-10-15,0.21166318561966127,0.4010660796141889,8470.361001856882,8710.736543029416,20097.348236522215,23616.82227692802,7166.69121856836,
2021-10-18,0.21755743171799413,0.43207541976982355,13502.261283815309,14311.290345782096,31719.109601190183,36577.4121638428,7051.3734651855375,
2021-10-19,0.2190580942176405,0.45843195448880253,11520.952101813149,12310.71323506334,27291.515532781963,31837.52361385296,1595.2895921538068,
2021-10-20,0.20149006986789408,0.4372093602238487,7329.57205510771,7952.433082916971,18315.2196413635,21732.12349213558,1387.9241565669934,
2021-10-21,0.20211065375253032,0.44383847262788184,7186.72733950058,7696.8216145555525,17418.030027293684,21022.3747192646,6456.453581007175,
2021-10-22,0.20562287574364033,0.4629787510165151,8676.359321660293,9554.87273675564,19617.23465514965,23381.08868207974,2510.517973991319,
2021-10-25,0.20500981326154133,0.4742839286826184,9861.075571218276,10387.146319536752,21959.778115315035,25032.028814618072,24198.56332106422,
2021-10-26,0.23404087366216722,0.4704186975180256,15092.323097709552,17701.575179391362,32640.276988054175,38555.137971592274,-536.6610539977471,
2021-10-27,0.22845237997549714,0.45363322224547864,12911.455453996745,14219.467423713128,27945.08360268471,33128.74600140811,2514.5980662999764,
2021-10-28,0.22459100878193533,0.37390395817493977,12324.789100315935,15492.528549868477,32413.402713352218,37621.048443587104,11987.230414820919,
2021-10-29,0.23621741602437596,0.3817606834313585,16174.613587139522,18171.342047750106,37277.79241362799,43937.046544055185,6505.16370454986,
2021-11-01,0.19724518268041843,0.5400621717498584,12713.26910779572,15444.190755492256,30917.873685794282,36386.815029292105,19042.581629549353,
2021-11-02,0.19209085675860707,0.5640552963137789,18092.905490325258,21715.783418902356,41824.2556826987,49828.55227808069,-5989.528178786899,
2021-11-03,0.1887991774973519,0.5702046932430932,17022.14424793706,20551.83913194161,39734.46274962236,46970.62020669122,10670.867947267367,
2021-11-04,0.18654231773783042,0.570847538760047,17021.797929527205,21733.679546081854,44278.93094571139,52732.26053791298,3947.93592947019,
2021-11-05,0.18610355169979126,0.5822922692796316,14987.07206488065,19544.390265939262,39862.16322186411,47398.32265706697,-540.6199678716118,
2021-11-08,0.1843067621541565,0.5852039241498217,15454.876115150348,18324.786735912032,37082.590400321315,43382.47017925076,-12130.56965275828,
2021-11-09,0.18874699834873399,0.5646646975109304,15420.017368231709,18462.054059202197,37715.08924068415,43823.908221486134,-28734.65476357509,
2021-11-10,0.0724713124383155,0.9128811420064732,18301.31770677577,24408.448618215636,47354.9805452461,56924.122381331574,5587.41860871235,
2021-11-11,0.06538045366752158,0.9245116450797394,22418.239951727723,32584.245737447818,50218.47002497191,59425.509589270354,-791.4427118728056,
2021-11-12,0.06496742147653913,0.9260552546312507,20511.237192622866,28766.601728211936,43067.95867050749,51789.626611904474,-3318.370579258718,
2021-11-15,0.06496742148663105,0.9260552546342111,19088.74272496247,26964.88022246334,41384.1171501269,50480.63036313991,-4032.61311183258,
2021-11-16,0.06316072474695032,0.9306644486028752,18198.615885599746,24888.82710146005,39070.69233453917,46701.91418784271,9736.454807862967,
2021-11-17,0.06050916481001959,0.9341729166862127,18923.231246900566,27420.28002280979,40553.215958681336,48878.067310906146,7536.425561276537,
2021-11-18,0.03836403978883717,0.9615716164915099,18863.89497992701,27923.101236589915,43712.6672305599,51245.0186409114,4469.491464858986,
2021-11-19,0.03836403978883717,0.9615716164915099,17838.887147998532,24864.048988150163,41151.08791998065,48759.049150146886,9204.507943480927,
2021-11-22,0.03836403978883717,0.9615716164915099,18559.716611456475,27022.529718295766,42999.64556349059,50775.0067101744,3473.142519553123,
2021-11-23,0.03836403978883717,0.9615716164915099,20421.02246553478,26886.951799413917,47400.63546360424,56171.38563066834,-9059.503360006809,
2021-11-24,0.03836403978883717,0.9615716164915099,15907.622869542221,23501.50281371805,47061.335941139194,56284.20040146211,2210.5251672793556,
2021-11-26,0.03836403978883717,0.9615716164915099,17039.622578453058,25260.205370225423,43297.73408450526,52786.20880577336,-14794.898337331695,
2021-11-29,0.03836403978883717,0.9615716164915099,18955.36640855614,26294.37398736373,51132.44396441615,60560.9891486616,15865.921146308821,
2021-11-30,0.03836403978883717,0.9615716164915099,20409.304935390926,27613.067803063,49226.45443795167,58412.04289947266,-336.6577830834933,
2021-12-01,0.03836403978883717,0.9615716164915099,19626.158445616737,26390.530060758432,50714.22216074405,60481.65329678633,-13006.672362852623,
2021-12-02,0.03836403978883717,0.9615716164915099,19527.219853889594,26394.630926312086,48853.20434945505,57255.04413032175,615.9691505338167,
2021-12-03,0.038364045675405696,0.9615716172436178,18946.461102328645,25352.110016185594,45272.253101310365,52484.661868359006,-16945.63395566348,
2021-12-06,0.038364045675405696,0.9615716172436178,20556.841134653776,26259.571900855513,47487.76625645123,56806.09716344329,3210.4431166751474,
2021-12-07,0.038364045675405696,0.9615716172436178,19006.932274707047,24993.50127712906,44422.97112303932,52602.17248639645,16325.906162440666,
2021-12-08,0.038364045675405696,0.9615716172436178,16932.43003743161,24396.85259769681,45475.40793949088,53184.64282611994,6144.877781232414,
2021-12-09,0.038364045675405696,0.9615716172436178,16075.05465108448,23646.884623975933,41142.36127939682,49120.14559158462,-15093.024530442834,
2021-12-10,0.038364045675405696,0.9615716172436178,19679.177584043948,24957.245027072113,46779.730684506554,54449.0004531743,7347.95304816431,
2021-12-13,0.038364045853183266,0.9615716172663319,17929.372449139286,24284.283595180477,44644.716403684804,52989.842691385,-14215.205302903645,
2021-12-14,0.038364045853183266,0.9615716172663319,31314.66847316064,34081.19239749553,68914.14042301358,78714.53327610136,-4047.404546138998,
2021-12-15,0.03841898131525689,0.9615786361932903,21759.758263150834,24854.414788541082,44624.75982510089,53264.87564592703,9809.365979139766,
2021-12-16,0.03841898131525689,0.9615786361932903,19315.095638254315,23022.12486513725,43517.30611415645,52238.55406509274,-15474.512682263143,
2021-12-17,0.03841898131525689,0.9615786361932903,22226.67131713003,24430.057725295395,46609.566611808834,54865.28787883036,-1831.2147327363025,
2021-12-20,0.03841898131525689,0.9615786361932903,22668.915186018592,24185.535333409534,47801.27149033708,56837.134048315325,-9912.660924852884,
2021-12-21,0.03841898131525689,0.9615786361932903,23451.18002121697,24628.705179198496,47020.99332734834,54094.12506798884,13475.493151249702,
2021-12-22,0.03841898131525689,0.9615786361932903,22096.72185750288,24191.379915928705,46937.0692206062,56449.04599585761,17873.611599570177,
2021-12-23,0.03841898131525689,0.9615786361932903,23265.236876163926,26697.722021807425,51590.430749986575,61097.476061595444,13501.67751961689,
2021-12-27,0.03841898131525689,0.9615786361932903,24027.009087903934,28218.434587964715,57148.003057178204,64392.531243038655,10735.144535461026,
2021-12-28,0.03841898131525689,0.9615786361932903,22353.37591174574,27455.013143475313,53445.694163557695,62062.43666956204,-1864.9611392481215,
2021-12-29,0.03841898131525689,0.9615786361932903,21561.371598894846,25768.119744483327,53026.780023074316,61432.41386398942,-77.85386674796413,
2021-12-30,0.03841898137989068,0.9615786362015484,20193.270834855855,24087.40378617546,46990.98441781972,55144.07760517371,-4502.441540800106,
2021-12-31,0.038421002737419926,0.9615788944639144,20498.47597476105,23481.11141470745,46517.92255446957,53944.26346183998,-3676.531159381596,
2022-01-03,0.038421002737419926,0.9615788944639144,20476.93233694384,22711.802085659845,46574.74179932823,54849.98717447314,32551.832562436248,
2022-01-04,0.07065007000394737,0.8848468623971234,39928.24541755391,43171.57500014963,87325.7783847994,99121.42513807176,-11421.736053136774,
2022-01-05,0.07155500988977555,0.8836245468383768,39080.872107614756,42352.71180926957,89231.59584692173,100590.13015002411,-19441.535665587282,
2022-01-06,0.04764969596614211,0.9228919855040006,31117.992654408506,33466.90902064133,69610.12860556517,81380.85482419422,-6406.133949855078,
2022-01-07,0.04764969596955526,0.922891985504976,29275.656676973384,30856.693013471817,62005.90552325785,72431.06792796533,-8475.383481215616,
2022-01-10,0.04822519799630745,0.92794178693929,28560.344361320986,30020.046370781132,60005.32069593215,71084.2761463017,5951.921862150915,
2022-01-11,0.04836274761788326,0.9262236932536736,28606.748611909734,29492.564181643396,60676.82644226532,69720.74822580238,4856.60629523452,
2022-01-12,0.0474782634052367,0.9277507061369693,25584.28360339335,26830.894721576988,57046.325137534724,65930.17173608148,9320.00766227778,
2022-01-13,0.04794988877909565,0.9292893602565784,23228.200985123993,26459.91027671637,54113.4174342946,62458.79748924843,-20092.46645100289,
2022-01-14,0.025767412375239225,0.9736477135855629,28613.411801468013,31426.60640159727,63591.2146287366,74171.10974156648,4269.763686120601,
2022-01-18,0.025767412375239225,0.9736477135855629,27857.912921620125,29980.116746340052,61303.175821897,70817.19510118193,-9784.996433705088,
2022-01-19,0.025767412375239225,0.9736477135855629,29371.513869029433,30404.073785883113,61668.9924145516,71247.8661533683,-11034.962726542803,
2022-01-20,0.025767412375239225,0.9736477135855629,28650.039521880684,29660.004586102972,59902.09492803193,70883.52702740392,-3246.0748885544344,
2022-01-21,0.025767412375239225,0.9736477135855629,27986.690075921208,28790.73789454094,61533.88448998463,73186.40921907137,-15860.772972314471,
2022-01-24,0.025767412375239225,0.9736477135855629,30018.849023646908,30253.554001202905,63539.50114030101,73487.46540414053,-2585.2586666559173,
2022-01-25,0.025767412375239225,0.9736477135855629,27402.023019967663,27661.519559651617,58136.643346349265,67183.33320412309,-5957.101286014702,
2022-01-26,0.025767412375239225,0.9736477135855629,26191.927139417687,26646.671575700333,53636.557300991524,62038.19469792044,3464.1736695696504,
2022-01-27,0.025767412375239225,0.9736477135855629,24437.30445166595,25275.72693021195,52327.916928501174,61511.20684060451,-23269.189300391037,
2022-01-28,0.025767412375239225,0.9736477135855629,25180.057860729223,26493.966697525746,53674.87911056329,62708.4382311942,14320.119822769928,
2022-01-31,0.025767412375239225,0.9736477135855629,25340.454959901057,26116.038284549384,53065.46041499553,62638.58470475933,24640.883893387578,
2022-02-01,0.025767412375239225,0.9736477135855629,31411.244314308165,32121.59047711541,60070.01086778571,71854.48559983133,368.8310852608601,
2022-02-02,0.025767412375239225,0.9736477135855629,29213.109249744564,29902.600985294397,60680.8458976461,69295.22056757277,-2390.585427334979,
2022-02-03,0.025767412375239225,0.9736477135855629,27628.78096705133,28211.205188912503,55080.14464991022,64759.6045006181,-10013.127486432862,
2022-02-04,0.025767412375239225,0.9736477135855629,28328.514703393852,29022.688673052373,62174.450614127876,72702.12366869625,7389.832477500099,
2022-02-07,0.026219063782446893,0.973682880048782,27803.579654057354,28672.86342856889,61302.18763851359,71060.60506976489,-4420.28052466757,
2022-02-08,0.026219063782446893,0.973682880048782,26150.182538948724,27009.235367484012,58857.93529456374,67173.6112228048,6428.571245925856,
2022-02-09,0.026219063782446893,0.973682880048782,25368.437491143166,25970.039433415284,54582.79719887804,63952.688179455145,6033.322025996886,
2022-02-10,0.026219063782446893,0.973682880048782,24060.764159674163,24633.977669021486,51957.85612819785,61145.69638410152,-11776.095284215844,
2022-02-11,0.026219063782446893,0.973682880048782,24258.60095635437,25314.05367129354,56481.97666307542,65043.48786122174,-14999.175427144506,
2022-02-14,0.026219063782446893,0.973682880048782,24819.11687611293,26046.76379014783,59217.57739373697,68934.14426531689,2442.0879666168044,
2022-02-15,0.026219063782446893,0.973682880048782,23676.10604242364,25255.04513504179,55212.243105268455,64886.54874701817,14840.009298455481,
2022-02-16,0.026219063851027524,0.9736828800541218,24857.437556899018,26299.582189169334,58292.56164505861,67551.80122904017,271.2001320807355,
2022-02-17,0.02621906391250077,0.9736828800589082,23380.524264771957,24960.369600891445,54313.19335363384,63722.27153542893,-16060.270238945597,
2022-02-18,0.02621906391250077,0.9736828800589082,24514.14692541474,26017.753123993763,57106.91301918859,66686.27540152402,-6267.528103972356,
2022-02-22,0.02621906395258116,0.973682880062029,23858.714687863525,25049.589659801768,55880.322179689974,65170.784326418725,-10845.649017627607,
2022-02-23,0.016179101517312774,0.9831458371677743,22934.922509721237,24390.792065445945,54338.20554816765,62698.93160693171,-17688.903709697286,
2022-02-24,0.016179101517312774,0.9831458371677743,23881.00090486853,26053.936054508667,56708.45514585094,65630.93802626077,11913.26043499289,
2022-02-25,0.016179101517312774,0.9831458371677743,23854.833863229804,26020.27467096949,54315.54611642609,63658.81974212259,7708.09280516497,
2022-02-28,0.016179101517312774,0.9831458371677743,21701.74897092055,24113.538906023085,53736.382419540554,62347.425467926274,11798.2239198789,
2022-03-01,0.1509679494421503,1e-06,25184.448229377267,26694.36218774074,56096.02618057273,64879.93790909331,-5579.953085224776,
2022-03-02,0.1500302214323115,1e-06,25555.73403902216,26646.969978579993,58969.508093706856,67542.15344362042,8841.356028940003,
2022-03-03,0.15100450086597964,1e-06,24346.400825956523,26344.315357243464,56292.92233080653,64903.28762903192,-9502.854385185943,
2022-03-04,0.15470263079961383,1e-06,24523.468496132453,26160.414799986713,54287.79095617162,62865.29376588263,-3469.780139397883,
2022-03-07,0.1543895540088296,1e-06,23298.167876262738,24756.564770250057,52893.11824118936,60926.08187997252,-15149.759823075165,
2022-03-08,0.16384408524577135,1e-06,23825.13704406609,29390.234173530007,62452.572569220865,71969.16674492724,1539.6903877773148,
2022-03-09,0.16383262176904703,1e-06,25080.279493401744,27436.829928676925,56687.738621030665,65905.89430867646,15111.29413203834,
2022-03-10,0.16028751782013406,1e-06,24426.552405910246,28812.21264010358,62965.49374342848,71990.47473180365,-7301.640859574149,
2022-03-11,0.1535303992417124,1e-06,25438.114694353484,26031.590075876786,57566.690434032535,66202.69956427626,-13324.008297709426,
2022-03-14,0.15507578486329665,1e-06,22254.183180065764,26916.5846691402,57823.84358427058,66585.98081354953,-9464.387788308288,
2022-03-15,0.15775225235920237,1e-06,22038.599594142794,25648.01207313455,54144.45562976305,63907.782028174086,13887.777758730692,
2022-03-16,0.15910100145297917,1e-06,22716.07430706343,27040.957106324844,60232.55453255995,69741.89518709778,14771.224525391084,
2022-03-17,0.16640169165606228,1e-06,24755.58291138392,28870.10440709966,62252.23755583653,71421.63804714946,9537.855214896605,
2022-03-18,0.16461481596934058,1e-06,25993.59286266755,27947.39296208079,60550.21462680203,71149.14217696407,11068.370811862838,
2022-03-21,0.16583779133766888,1e-06,25893.45900409227,28751.816900995054,63266.93558312019,71892.64979332431,3778.031655120715,
2022-03-22,0.1672326819228488,1e-06,26490.553935273918,28033.126678313325,61365.49724978622,70063.62413303775,18918.073805404307,
2022-03-23,0.16702875048936336,1e-06,31717.361435395807,33872.38294521999,72686.67270744662,82862.86130015874,-1051.340229824559,
2022-03-24,0.14965409228220589,1e-06,26752.034699175005,30928.269329602652,68227.37943163379,78916.80252136115,8121.894961656503,
2022-03-25,0.14516698887172344,1e-06,30451.888214077393,32100.871617183897,67580.42541623117,77978.0508189299,813.6692377381257,
2022-03-28,0.1469419411907419,1e-06,28238.49928424979,29819.333692556313,62201.76686761825,72193.28394082598,18422.152436676995,
2022-03-29,0.14734257678882298,1e-06,34030.631208209095,35962.88518346129,76529.21289418187,88099.35926929742,6050.956174078187,
2022-03-30,0.14547832011901324,1e-06,31086.02473257788,34387.528369042186,69951.09731548329,79643.37413979426,-3181.4055466738173,
2022-03-31,0.1455334177262586,1e-06,30163.38558352342,32884.00763098795,68794.44794408591,79141.82470828317,-8495.297743675468,
2022-04-01,0.147180614316136,1e-06,31249.08747139418,32892.002965879394,70608.92238751244,79690.98336138013,2033.5171418185892,
2022-04-04,0.14563422888359975,1e-06,27357.20522638707,30215.834543335386,68091.43142571546,78627.98186361272,16167.169009994057,
2022-04-05,0.1459028325342176,1e-06,31396.267171092197,35317.669603868635,73111.52596949706,84302.96570274449,-15491.193155443521,
2022-04-06,0.15046904755753057,1e-06,30208.59449631411,33617.54298409548,76417.79351983356,88383.9077037851,-12983.096754037042,
2022-04-07,0.15460214181841206,1e-06,29587.96824498168,32792.70913896502,72943.82545893292,84003.79075385003,3428.1245031059607,
2022-04-08,0.1565010168094552,1e-06,29507.509006885968,30793.334384731977,69723.68599557434,81017.4504785803,-8022.757958207667,
2022-04-11,0.16014515261497034,1e-06,31271.11754350624,31355.43657927058,65583.23929916984,75226.6701070348,-15951.921275130095,
2022-04-12,0.15865332229834903,1e-06,28671.883273878928,31037.76547716218,69173.23597083088,78884.34957947464,2416.405179343294,
2022-04-13,0.1574025608406124,1e-06,27883.799705036727,29673.64583029192,64095.18586377276,74728.92325194822,10968.944266792954,
2022-04-14,0.15579562198045233,1e-06,28553.45978475047,30605.468926665915,66947.43382265448,77025.09377833312,-12787.50198495321,
2022-04-18,0.15688737339230358,1e-06,29823.58756286453,39431.97386208264,86612.48085410401,98573.86097936843,3728.435342830734,
2022-04-19,0.15913844366195104,1e-06,28650.061748459513,30128.702520067356,64359.60816687236,76554.32739233339,9508.647815232227,
2022-04-20,0.16019293178413957,1e-06,27700.11986045433,29163.2573209117,63349.608957750585,73407.54625730016,-10479.624973217195,
2022-04-21,0.15934071129746075,1e-06,26463.74480935056,28452.64964425223,60884.412258869765,69963.09257641317,2653.9452469993275,
2022-04-22,0.1595033057944242,1e-06,28142.93401206169,29410.706875140575,59585.0468332397,70467.20796337351,-9183.846685645183,
2022-04-25,0.1599320025152196,1e-06,27338.770944600838,29787.11409727834,66918.75766885291,77930.01721014133,351.4128953180881,
2022-04-26,0.16308475100620443,1e-06,27266.046235611495,29162.09662000768,66359.18220939006,76626.27469457478,-33599.22174000202,
2022-04-27,0.16323610489401566,1e-06,28374.777129794536,36935.58233211822,79733.51684942261,91404.85199579084,1351.5253421471887,
2022-04-28,0.1703390990084895,1e-06,32979.441417034934,33005.45675031789,69326.23265286745,79096.33901252941,7926.878359459602,
2022-04-29,0.16845949586730347,1e-06,27824.203291860562,29379.686668644954,60601.498795702224,70789.8865858441,-12167.796882558163,
2022-05-02,0.1716259735431011,1e-06,28173.159428301435,32994.54905744975,68849.32626062649,78777.47912088796,7821.325042310148,
2022-05-03,0.17542433172007824,1e-06,28759.6431970143,32662.305541759866,71585.08601360377,82858.49443498791,3041.245644441992,
2022-05-04,0.17435403543081993,1e-06,27453.084902293802,30595.950567804703,66989.04139528256,76469.94392680217,18273.066603367282,
2022-05-05,0.1749022974226269,1e-06,29721.53275487771,34496.539292733265,71415.00801402876,81457.13569394208,-28304.722572811665,
2022-05-06,0.17314177547610818,1e-06,31634.396322130153,40411.42817372747,77610.31983711931,89080.55861941473,-2466.004060812349,
2022-05-09,0.17773431490331626,1e-06,28629.15209520303,33071.85049326229,70738.81851067394,80230.3938606345,-25078.614671632888,
2022-05-10,0.17591504082910797,1e-06,30397.036558120875,35567.58551460817,77135.18984461938,89555.5648521523,4325.728423190649,
2022-05-11,0.17623620830267747,1e-06,27208.494255037647,32305.9807901308,74100.22048343155,84591.6005642637,-20632.005845298085,
2022-05-12,0.18983260297107477,1e-06,23317.233238925837,27794.994048536733,54887.92126246555,63409.847869936486,-3435.326332221557,
2022-05-13,0.17889601343335132,1e-06,23007.61359482591,25140.709269810064,55590.60633573239,63934.474533501554,15385.210036663622,
2022-05-16,0.1806691312870106,1e-06,30916.316815297483,34858.58891949093,76075.19211479167,88167.2571981887,-10704.896413683686,
2022-05-17,0.17913888140753362,1e-06,23156.477409766972,25538.697244387728,55009.875752980006,62233.11832344614,13423.428767393076,
2022-05-18,0.1798791039233362,1e-06,57727.485609476455,64007.863381988274,127203.82117614451,141962.18125820934,-22944.041441270805,
2022-05-19,0.14622515307518233,1e-06,45054.6914107361,52297.85860035286,115959.15533701124,131966.2613985841,-2962.387593764543,
2022-05-20,0.14590907917722565,1e-06,22070.39657859048,24834.639789143504,56397.87113343162,64090.92658309461,-9032.670712909463,
2022-05-23,0.14546967831741522,1e-06,60271.507358862524,71569.47686801161,140225.331292592,155917.59177986401,8615.052719856365,
2022-05-24,0.14728558862858682,1e-06,23591.28146700359,24307.33491603374,55592.326070280185,64563.224706739384,-12424.74045395439,
2022-05-25,0.14685897476305942,1e-06,20563.981461447653,24507.18306953025,55742.10381632275,63049.31244678001,8136.469554540025,
2022-05-26,0.14737965048589946,1e-06,24149.123484387146,25283.659890193554,58728.1888228973,66178.26755783502,15473.806902503211,
2022-05-27,0.14910500075720684,1e-06,26001.606525772975,29061.254809304428,69037.36236864734,77857.23074806496,18436.937658656476,
2022-05-31,0.15269864876239217,1e-06,28535.990995187592,33241.33417203929,76147.32796735298,86501.72742563904,-1986.239175024639,
2022-06-01,0.1563553209245819,1e-06,35829.62415243451,42923.171259002746,100635.62337435414,114225.91890400114,-5225.754459048413,
2022-06-02,0.15651165798898345,1e-06,25537.703708776407,28585.23650421724,66372.97477676251,75349.37543972567,12028.903926532072,
2022-06-03,0.1563163935024459,1e-06,55532.934884362745,64715.34856178274,140363.0862560477,155937.69394092634,-20749.04155164492,
2022-06-06,0.15120185575040934,1e-06,20020.76993315131,23078.449251566206,54796.70824695625,62819.68289513336,3305.113635679949,
2022-06-07,0.1524766706189718,1e-06,21259.551982318477,22667.08751969998,54676.351310179525,62232.687377541595,3622.2997498810228,
2022-06-08,0.15229999656086157,1e-06,44795.5505674738,50051.2857484697,112078.89940924797,125472.53558879257,-827.1572977579199,
2022-06-09,0.15244636957570434,1e-06,24073.783878070382,27139.92520159075,64872.98523714867,73247.22274368582,-8883.367862954201,
2022-06-10,0.1520866276024145,1e-06,25407.399631920147,27122.861522055027,62973.360090897906,71588.99145802335,-13151.9250435658,
2022-06-13,0.15621462804220554,1e-06,57031.49117786121,64215.586623911506,136739.45316252604,152086.93381518236,-20203.39894305238,
2022-06-14,0.13719994764636703,1e-06,35154.978540989316,38095.97831601405,88573.24786496899,100062.89058694203,2850.0990466983167,
2022-06-15,0.1388183395976195,1e-06,53236.5954126399,63879.97509017509,133611.15373694198,146881.29183441657,11408.108674891111,
2022-06-16,0.14002882807179154,1e-06,32147.093046067734,34346.11477515984,81430.25351199775,93231.28850591535,-20920.797090992037,
2022-06-17,0.1429269718294123,1e-06,23977.564432999767,28253.06371285778,62160.92674487243,70802.42505498818,3372.632142291257,
2022-06-21,0.14339739126068482,1e-06,71248.79766864283,81650.97628687076,160834.75514286812,180645.90300651052,18952.655619327197,
2022-06-22,0.14327327095166645,1e-06,25716.62374706054,29174.714686262072,67561.31223773345,76426.68920193714,-1081.0805951470443,
2022-06-23,0.1430702195952196,1e-06,24739.054658870667,27946.408144252342,66160.82544654961,73741.70548952131,2643.6547600292793,
2022-06-24,0.14372616349435294,1e-06,19725.243931943798,21363.592992055408,53383.61060416317,61685.97973558866,13959.097426126144,
2022-06-27,0.1441408035572684,1e-06,22618.79399872834,24616.512022735136,59959.43570208405,68621.2279458507,-1060.0794477283882,
2022-06-28,0.14666688823906093,1e-06,53558.42007917641,64172.45016921507,133884.77436827065,149012.7214201178,-13469.070840604294,
2022-06-29,0.1481036276779466,1e-06,19672.44136351637,22657.35886425461,56378.96734728257,64190.62572374298,-1768.3615000212815,
2022-06-30,0.14642564612060877,1e-06,106634.9810764065,108013.29408977166,187704.90419744357,204873.5571651102,-5364.771146689455,
2022-07-01,0.1469760709685462,1e-06,18545.473442625283,20284.78735853526,55062.3458219562,61968.18548913871,4799.539141975702,
2022-07-05,0.1452381890336042,1e-06,19965.09049358201,22310.3757610649,56410.16269666109,64345.08587347121,5130.357364943886,
2022-07-06,0.14562999317190334,1e-06,23685.083627714077,24667.668794475157,64722.79916097346,74429.0737098114,560.0977601291424,
2022-07-07,0.14564916772869352,1e-06,30870.960791052406,34186.016287798564,80382.37390390201,90363.32929410718,12352.895656925508,
2022-07-08,0.14498470088491788,1e-06,22345.22651574757,25068.545364013644,62448.494501876965,70844.83516812135,3944.1624978331793,
2022-07-11,0.1444043900925629,1e-06,22561.846767111085,23696.53530308446,60879.472381193926,70690.10430774308,-13271.293103703798,
2022-07-12,0.14436649939236057,1e-06,23180.274299003566,24265.299123207355,62062.85449149809,68714.18248541292,-2065.317762916845,
2022-07-13,0.14477639501531842,1e-06,20995.649398802805,23372.237573400573,60152.70197179332,68390.0153212571,1361.6729819241611,
2022-07-14,0.14360804565241925,1e-06,22181.926660584435,23295.150815389807,62017.36061561262,69889.82749852256,1685.8617670160652,
2022-07-15,0.1450233776366929,1e-06,21344.04047321215,23556.771415043433,60519.13867815248,68947.61850900817,5564.881835398521,
2022-07-18,0.1444540376254072,1e-06,89743.60418787488,99304.39481203469,179064.43136832802,190635.2072084583,-2880.7655229082457,
2022-07-19,0.1436146688016184,1e-06,22248.022739909196,23559.678806450815,61257.570700881,70876.50081490341,10291.182278717359,
2022-07-20,0.14317999498957104,1e-06,23646.1795071127,27711.154363035912,69340.76349737469,78830.21023510271,3375.203537476054,
2022-07-21,0.14520887120881096,1e-06,41411.3112840251,49940.56475287705,113531.92496149814,126249.25958390266,17746.85356726353,
2022-07-22,0.14523655021315676,1e-06,22197.60334676539,26304.22319706637,62446.62513906144,72494.09199545564,-2178.8111325520385,
2022-07-25,0.14558170575224327,1e-06,26817.494490545676,29450.651327577507,73408.52433879569,83646.9133115418,-2609.7630796030007,
2022-07-26,0.14626127976751205,1e-06,24734.572504122614,27030.07613801204,66195.21041093896,76135.49491436064,-8757.35078918383,
2022-07-27,0.1465482837804439,1e-06,25209.456233728633,26555.78897362951,67913.47610765925,76611.46119672903,17384.921366729515,
2022-07-28,0.14738916711759928,1e-06,26888.88993388787,31528.813941625685,78426.18326673962,89791.93008284902,6402.363800679192,
2022-07-29,0.14693339406147304,1e-06,46340.54768065335,52098.90108749508,106913.98806363426,119730.01879339335,15295.483483658838,
2022-08-01,0.15016395277008737,1e-06,25356.257087465307,26551.59948466859,66909.66484712971,76337.29554434352,-1008.338619407155,
2022-08-02,0.15017724836719593,1e-06,23948.201512337506,25876.14066422545,64814.324695349984,74168.29865814025,-127.28801702288087,
2022-08-03,0.1502609336319323,1e-06,24339.413528559235,26885.795087073726,65681.98468744816,74215.95899355323,10384.0734544669,
2022-08-04,0.15047219801313297,1e-06,29251.769053994343,31491.858019663767,73015.64545122381,82726.48368024612,425.0917050727435,
2022-08-05,0.15230322486268258,1e-06,25051.48811608229,27484.93506964354,66752.09834504464,77297.03933687863,-12930.671592003004,
2022-08-08,0.1517989246206529,1e-06,25796.647653554774,28511.41283786632,67092.85711786461,76803.07524386047,863.6344930195137,
2022-08-09,0.15164070085768216,1e-06,24553.547652476012,27087.064520744865,65265.613801941676,74636.82070451479,-5140.767011512698,
2022-08-10,0.1521754322981538,1e-06,22897.835494230876,26034.95372160899,63613.64846800147,72917.0103527644,13223.952358358445,
2022-08-11,0.1524691905045593,1e-06,25138.10992501053,29123.213894661396,69109.37467473022,78646.34019120951,-5190.913780680428,
2022-08-12,0.1546132459419681,1e-06,23259.63619060348,26079.603793512077,62264.187828778304,71313.05634813035,13555.169221636083,
2022-08-15,0.15535671026234482,1e-06,25943.20550789093,28514.202782869586,69880.35154927797,79561.43639735755,7008.2076048962535,
2022-08-16,0.15732113822708205,1e-06,25071.61282607782,28090.12469877791,67422.22334430936,78168.45859640134,-1340.4944368012395,
2022-08-17,0.16103035059200632,1e-06,24279.389825502814,26831.080463886043,63048.2536975097,72014.05561107064,-2354.57189650687,
2022-08-18,0.16926324907059917,1e-06,23979.338891858853,26172.830670028154,60594.56800196882,70691.1045563325,-393.48780010405187,
2022-08-19,0.16920652228168298,1e-06,26061.564483854632,27763.215833519498,69753.01921603699,80425.71164979608,-7833.529598225676,
2022-08-22,0.16926746336416232,1e-06,55567.814089095344,64642.354360922414,145298.68777251994,162765.3558797197,-10593.963641312434,
2022-08-23,0.16859418649467317,1e-06,24468.608146327322,25820.60524406264,66823.72053201601,76568.25241575418,3315.1994446771105,
2022-08-24,0.16666178412925403,1e-06,23829.51132935784,26463.59562666416,65312.68550377167,74328.9389733701,1142.9885837561944,
2022-08-25,0.16633915798987822,1e-06,23449.123098834127,25190.92931414103,62983.78001264074,71617.83059159806,-115663.74176872318,
2022-08-26,0.0921683230725194,0.04676512533732392,20073.837583310353,20963.110809263722,43343.84370178557,49304.22305181948,-11909.78164983611,
2022-08-29,0.06026144748981937,0.039896569735640604,23516.913458673294,33093.81174784113,53969.96459357093,61555.07618090886,-3135.811437867414,
2022-08-30,0.06460915118472385,1e-06,21300.693770053676,29911.271175138525,52867.96870185182,60976.8515840509,-4899.59509814911,
2022-08-31,0.0649373066823321,0.025422718514743526,20646.097523146054,28710.83169588931,52986.75155472744,58547.38438333807,-2829.8203058299046,
2022-09-01,0.06571421682304789,0.028224096874460886,21254.97335534783,29541.999801442093,54125.425735298726,61578.86155783311,1276.830295335191,
2022-09-02,0.06610249547889319,0.03127240018128624,20826.29830421131,28214.87190102656,51593.01092275752,59686.22855975496,-4612.082373537954,
2022-09-06,0.06605708477046177,0.03428140782018805,22035.970384751174,31568.03524485116,55053.8719709052,62568.394525554504,-598.4264625958292,
2022-09-07,0.06625858870554588,0.03596068789413929,20744.797909308152,28322.14869747698,52706.37916242652,60812.25654395014,6183.066522876819,
2022-09-08,0.06821360222772024,0.047096863639615454,24451.448226811142,35654.19130769621,60978.48102095616,67721.47732662674,1691.168740305839,
2022-09-09,0.06878489564549758,0.04709641316850876,20283.743004967168,30329.469058233546,51488.621346877124,57507.10642934512,6622.893350540155,
2022-09-12,0.06743045418216984,0.04316843666751263,17313.1208347555,24045.07500231626,53308.93972858039,60661.41543342876,6142.650094407414,
2022-09-13,0.06393067198547277,0.05042283374064721,19779.857867273528,29534.523807814378,61407.873382738566,68608.84510072415,-16185.49967507635,
2022-09-14,0.0654077853818033,0.06410531027903678,84369.85086814099,87301.27356154454,174239.26950231526,189204.25728342164,3513.2750635093007,
2022-09-15,0.07321056250352576,0.06168452192525955,21387.84833240918,30723.80996418511,62767.955484597456,70730.47948658548,-3481.4381194594253,
2022-09-16,0.07410384469653394,0.0958329102021713,22412.466035913316,34280.116309184705,65834.57564026547,74229.55734991298,-2321.7593149894083,
2022-09-19,0.07500379669490254,0.09887319457444414,23057.485522227988,32279.71764184217,67260.7864435161,75929.07081531044,4373.496235209152,
2022-09-20,0.08145379879612046,0.09447680754783999,99167.25274541057,100218.32783675224,199357.43967773442,214063.70204498374,-1066.7839244953025,
2022-09-21,0.08183506156065905,0.10269866163212933,48874.675525375875,53162.3076455483,115701.94200218325,126734.58424581909,-6499.319574518655,
2022-09-22,0.08191610731060986,0.101845066433116,20205.502296390474,28641.143035438974,62562.80927293923,69315.95848206333,-4552.181285791834,
2022-09-23,0.08187566479927214,0.10044212574733799,48630.45296575426,52712.09071575964,112699.56024814177,124951.12021305121,-7076.12201342531,
2022-09-26,0.0822034283895994,0.10254802156495295,19274.269229829177,26346.716544852618,57472.581260033934,63982.29805412232,-1611.529578899504,
2022-09-27,0.08280719891276238,0.10138374548889013,19344.347541052433,29449.045737282955,57443.80798520747,64162.88260221069,1501.2432215985534,
2022-09-28,0.08335539422040865,0.10041923175801025,39707.65503021677,45528.812225507725,90404.28498003764,99220.59872113643,3627.316301463121,
2022-09-29,0.08388064748248922,0.10949893219856462,20009.950992785743,32126.120229357803,59368.44890414974,65605.00298237144,-11570.825105790553,
2022-09-30,0.08337035851569867,0.11406450850840152,20266.70210306016,28483.158269169035,57015.91774164378,63689.42234734448,-5489.618416999347,
2022-10-03,0.08492793765425127,0.1117073178508809,18775.56371470765,30436.305945989363,52946.50535880097,58917.35494947042,2179.390538847899,
2022-10-04,0.08853318740489376,0.11254249970507002,37973.81262468965,39023.14082692479,90882.63659580487,101946.88376620902,8892.797567166052,
2022-10-05,0.08990264280337228,0.11780362883734914,19531.365730230515,26838.450995201198,54587.71212386469,61346.00900080377,-1973.2527267976302,
2022-10-06,0.09035809271387199,0.12107472468227876,18720.747269293257,24764.652133867705,54093.0361417766,61347.67769987252,-2971.172044365725,
2022-10-07,0.0903694490997468,0.12283402014231445,18925.999021155676,26578.402634294896,53681.58928723593,60925.3238641946,-10968.895040958454,
2022-10-10,0.09016715565078852,0.12623177560131238,60682.62767290973,65707.01346116023,137693.03236840636,150098.16898593423,-1227.4839956413168,
2022-10-11,0.09392276365073624,0.12616122424289974,17945.505990821497,22978.62576054641,51046.543602525126,57523.987358146944,-3204.3525017178363,
2022-10-12,0.09510332722778676,0.13889121655356812,17650.097436765467,22987.306419294793,50376.90617468372,56123.19632605006,-763.8700856938511,
2022-10-13,0.09519253969186386,0.1400884842187859,17202.49411065119,23594.167930011972,48454.38475183198,54950.96420353562,7891.799201186703,
2022-10-14,0.09494289200431306,0.13901246935702521,18988.69011637215,25452.502274112336,53538.99582442533,60550.008120458806,-10036.317181149972,
2022-10-17,0.09604886396662746,0.14088338130428785,17742.15829016199,23153.414653047705,49883.235824090014,55709.776142508286,9675.030025163724,
2022-10-18,0.09904031008560314,0.15534244530468405,19556.140733622015,25721.549184172203,54263.72117231807,60117.973061009034,2950.0002182845283,
2022-10-19,0.10273855729394121,0.1571398870704254,37448.306980409616,42340.56813404354,84940.26700012942,92381.74616332065,-818.9763627952109,
2022-10-20,0.10333753657364847,0.17106109259992652,18558.167548402773,23966.511641034806,53109.552200053775,59234.89490207059,-4685.812219825985,
2022-10-21,0.10304939245633121,0.17333780343459862,40390.41954995883,45420.27523083521,90404.66586806696,97569.07246165696,7749.066143590887,
2022-10-24,0.10348762851347698,0.1158090862980327,31387.027707412937,35096.03480236655,81946.01785161221,90670.11008919543,2686.1464054315084,
2022-10-25,0.09565135507073341,0.11665949799999113,20816.225312642473,24956.112415753047,59791.72444775974,67029.73494099388,6795.432536142739,
2022-10-26,0.097870706734159,0.15324092904633954,33103.05492405737,35598.17117024961,89444.41007148684,98467.20164589709,-2477.1177344366038,
2022-10-27,0.0982882235837101,0.15698410900989343,46890.787128416865,51251.63711831834,114959.4400005516,126013.17899549833,-3351.8661787280944,
2022-10-28,0.10309267585186604,0.16148593969991265,39490.405966038095,43350.77526010627,96303.9845113915,107827.44073778033,10862.382876057109,
2022-10-31,0.15632600530449434,0.17239630388839566,36443.73458488962,39378.19480622293,89170.10526772366,96938.40562934874,-2856.252206061952,
2022-11-01,0.1494987514903942,0.17673422767574862,97754.13853207725,99638.40369762003,198032.4972090286,211853.78852211096,-2084.6505835733087,
2022-11-02,0.1494296289806558,0.15456528666615035,33788.4646451038,36804.282709478175,84685.67661220983,93403.7569144679,-10232.55888119099,
2022-11-03,0.15191639065809945,0.16995786763497603,72025.68814361095,77746.75220612639,153516.84145058572,164043.5721282516,-5004.023694279972,
2022-11-04,0.15761909904337357,0.1911215826273545,30322.50448760777,33218.10399915956,72732.83498163466,79620.02194302605,715.5409880985101,
2022-11-07,0.15871304037371703,0.18820041342985278,83212.9374503479,89871.32327927009,166025.74479533255,177346.07202902663,-2.2050427872458016,
2022-11-08,0.15685377750163,0.1903933783688451,29002.240130520586,29270.083035345084,71984.3841104469,79637.93193338293,195.29947720462908,
2022-11-09,0.16861535052895865,0.17958241130009994,18032.57568414223,22761.506779385265,51828.47527374612,57695.311483040794,-9068.09486802351,
2022-11-10,0.17234887315656228,0.17555815229952468,61060.70675808783,67146.69146379916,142330.2619239232,154005.381194269,19075.232735322465,
2022-11-11,0.11130115413493966,0.22580287797172252,72457.48382089217,80076.34513434171,151801.7851820264,164994.6118062303,4307.0263051409365,
2022-11-14,0.11105928887907697,0.22781841927865565,19034.034963324655,23220.7112500046,53813.79859337841,59898.01539900027,-3511.6381166638403,
2022-11-15,0.10919890649571241,0.2259116215597427,69407.1751303071,72323.1823754718,150986.00970714973,165574.35769215415,3309.1429846037445,
2022-11-16,0.10981332664654883,0.2016213501823855,19630.378989052442,23527.261203799233,53932.739335666716,59905.168022871294,-3788.9066974460325,
2022-11-17,0.11219028017196235,0.1961914586037191,25705.72187518738,26853.35404963744,68628.8739019764,76312.61326929423,-405.3665734318059,
2022-11-18,0.0950316175756904,0.1863629323806553,18637.745235616978,22208.37450612404,52237.47108843903,58878.89103335449,627.1994306591341,
2022-11-21,0.08986019970799222,0.19253834597312613,30354.859928777427,33569.22777248435,80704.81066802867,88528.25736164881,-4893.5834091172055,
2022-11-22,0.0889875223506368,0.20143630431963014,18451.28895434469,21086.165307192197,51125.9372705913,56639.67698799823,4187.632460354669,
2022-11-23,0.08962687176917289,0.19816766876262842,34857.82408914868,37804.44258907238,90254.06646068227,101116.06489640674,4310.652793981834,
2022-11-25,0.09027035214114777,0.201614668112805,21795.562009575428,26458.787791274644,56168.87155941909,62005.67130657062,-1604.4644302764864,
2022-11-28,0.09044513047176626,0.2190266395187773,38437.56985763667,42800.671174505085,92629.45876062891,100051.62685880832,-5051.718427572805,
2022-11-29,0.10158946359769172,0.6182863531463317,43476.505705076066,48233.11694358626,92753.3281745087,99131.12020944606,-2261.391900061446,
2022-11-30,0.1172143788924361,0.5971224512201426,34208.39864132404,37392.280284365144,90117.06275648202,99859.72533364243,12368.824677792607,
2022-12-01,0.11129373559202531,0.6239043358144993,19628.905538333966,22508.704779177322,54154.13859537388,60771.381765726466,-37.768539623022974,
2022-12-02,0.11093530267509426,0.6233442400487983,34631.73691705247,38184.12218400605,85771.95450202118,94236.49505040604,-461.94890865412333,
2022-12-05,0.11196520013846635,0.6231786486420267,39384.42971864106,44551.10064979161,92678.7768810688,100844.3850010092,-6744.239790883501,
2022-12-06,0.11245353982438128,0.6205164653606785,53969.75071411558,55135.42551424005,123570.32668843024,135199.78881883988,-5277.882477148477,
2022-12-07,0.11246076217533572,0.6193685476357974,18247.502384542488,21651.905101707955,52031.72746483901,57550.24776761774,-2516.895350227587,
2022-12-08,0.11148807638991029,0.6169688262552492,24016.541421445072,25508.317802117897,60285.858228548655,66870.07435126074,2218.5581116816943,
2022-12-09,0.11058800343568646,0.6175006421464868,21104.69317532247,21799.437072469496,54411.54341694881,61689.01197194294,-576.4770931096542,
2022-12-12,0.10946008272834926,0.6196264667901848,65593.52680775784,67142.2621507647,146371.9615321331,159946.89495740374,1721.537847038903,
2022-12-13,0.10855578956628635,0.619566202467782,19009.85761658974,21207.58635540559,49530.97070377688,55373.58227318541,564.9982234895363,
2022-12-14,0.10862999391396068,0.6168444415020551,37943.54105489052,42243.15133526286,87739.71506930713,94647.59049348671,-3186.458693835391,
2022-12-15,0.10836773298302425,0.6166921823011137,58574.27593235109,62851.44709676633,128103.19923630953,141784.0321704791,-8173.255897142512,
2022-12-16,0.11361139836095778,0.6043981758120165,16601.64124466899,19746.69557781606,46768.606744567725,52513.69659618264,-4671.539981488878,
2022-12-19,0.11083957958617704,0.6048351831925283,46170.78438429009,46977.43244798294,106732.87434693928,116684.47954162452,-2883.4188626028513,
2022-12-20,0.11057584741536465,0.6041042412258806,16698.948865113187,19262.14115810301,45785.64766515255,51002.707338715205,-2269.534619300399,
2022-12-21,0.10866765877950116,0.6044000824191906,33523.80252765379,38252.54914715563,77793.26193554189,84368.87906418211,4379.080577695112,
2022-12-22,0.10656330311965471,0.6056563390302198,16912.347125406603,17941.25345019649,44233.65435847486,50016.14216603881,-6886.352212853638,
2022-12-23,0.10404304979740003,0.6064893704967856,24460.6404490876,25443.718594403377,63583.72514459149,70807.11629616987,496.8668325488513,
2022-12-27,0.10435004559553773,0.6051134663749373,60158.58344194179,64472.15340472149,127927.65708764129,139523.79457357252,-4531.666374273834,
2022-12-28,0.10200182759151223,0.6094955477018033,81797.46695693463,86931.96759524697,152344.98072418763,162580.2131053342,-3573.739479367814,
2022-12-29,0.10843897931679841,0.5828961358726074,13602.324877270767,15485.15831917226,37259.45178418616,42270.18583727,6938.542803811823,
2022-12-30,0.10332204992583198,0.589626886728812,40186.926574806355,45520.495094164464,92786.18112976303,103567.40370852538,-56.44789904452612,
2023-01-03,0.10253666714472995,0.5899920067616146,21873.949137662945,23454.75169972446,56024.99956949931,63119.23075610242,-6242.11601966446,
2023-01-04,0.1000835222523002,0.5830952903189873,15220.096250926432,16336.303802546785,41688.99170788321,46442.71524722469,3209.465411398791,
2023-01-05,0.10738665351708827,0.5787567653790717,16530.83504876601,17011.800724977944,44407.262726378365,49826.79851977679,-3586.6336772954555,
2023-01-06,0.10813753362057996,0.5706207573955391,15329.469193566185,15983.24364242889,41247.05659155812,45943.53245471769,7210.431093725316,
2023-01-09,0.11380432108050448,0.370452078372037,15893.190834294159,16676.616070463886,44592.222472107904,50325.76979498667,1468.5430722445267,
2023-01-10,0.11703311319724169,0.34778874233577706,16758.350775781768,16955.123903780008,44020.06179100829,49798.06488405514,1466.762767417211,
2023-01-11,0.11779867332335286,0.35025140697948826,14353.313281974468,15781.861138066319,39690.79470439323,45456.52890513106,4786.131461639631,
2023-01-12,0.11799607768750794,0.35405064556043103,15963.322712734443,16518.986224597735,42543.90963034027,47322.10250320047,708.8220939338134,
2023-01-13,0.12606638728709757,0.41999517022906335,25588.72881727163,26979.346143373856,63505.61124428998,70541.454835292,1238.774196124536,
2023-01-17,0.12655384508610992,0.4208541284075907,25148.084865124227,27857.718330767897,65999.31652569851,72647.40713882858,2014.7095660445138,
2023-01-18,0.11207238992013321,0.4594363047048994,16315.515329417007,16959.625778691396,40956.800182856976,46181.0009278953,-4025.8390842220088,
2023-01-19,0.11210397917748048,0.4601531942608061,23429.697329122595,23902.730434486297,61087.51016606624,68160.18859412913,-1799.8794086261926,
2023-01-20,0.11164100625593724,0.45220918595077697,18228.353371892048,19669.145263772745,52233.456290235714,58681.87597763369,6258.292107394942,
2023-01-23,0.11130078115621225,0.4516349795205086,15945.87546896887,16407.15713459535,41900.93676531972,47306.41841864713,6067.0490919656,
2023-01-24,0.11056829018569829,0.44661307160919356,17333.668270285685,18423.629967706012,45765.53444725902,50975.8391901538,594.0086764794992,
2023-01-25,0.11045962515869179,0.4490786795854669,16459.30372860737,18293.812750504112,45275.15128849622,50382.31532659036,-262.40808088077534,
2023-01-26,0.11085913191193847,0.44620152827610693,19891.020242848073,20295.423634659106,53352.28113589337,60371.42323776789,6457.400268691185,
2023-01-27,0.1107943219123952,0.4612321053716646,13944.063163309016,14417.48682662345,35727.14690981979,40924.44031444362,5041.836628270755,
2023-01-30,0.0989601485425696,0.450051684770742,16951.885987023452,20716.21984744699,46995.79444859706,52197.185298301134,-6376.19382522034,
2023-01-31,0.09773813699856498,0.4499861471171888,14421.901952869774,18600.88018120743,39202.39493702405,44050.32519833136,4916.312515200383,
2023-02-01,0.08880828034458571,0.4875528363192727,18018.610421554728,21062.514345497206,51066.44502094169,56315.5803900197,4356.196889568625,
2023-02-02,0.09733184783050199,0.5513469340502212,17858.015575813082,21450.738319179247,49863.03577265841,55904.50877445435,7109.773658602311,
2023-02-03,0.0895620038498833,0.5364937051436071,18518.91845084057,22621.96810455417,51903.50579350551,58781.638605318454,12.705069074671215,
2023-02-06,0.06318770871027127,0.5708752485764266,24573.625979851164,25468.90429325673,66557.01270132606,73914.87016435964,-1693.4774550064303,
2023-02-07,0.05310982592606249,0.6268447007929174,18280.616566591678,22365.978012998152,50265.98186298698,56834.195691505614,4525.337534372508,
2023-02-08,0.05165004536309288,0.6298783040595498,16345.093463765039,16659.166529293267,41883.25967439233,47507.251986511474,-2773.9554185985016,
2023-02-09,0.05149412951944394,0.629078528656339,16940.315933522637,19022.384602059243,45313.39982655298,50971.91170196033,-1132.0093598803046,
2023-02-10,0.051872972370766525,0.6255702063879166,22455.031052443905,24680.589220781887,57111.706252984004,64934.00848099533,-1583.836002035442,
2023-02-13,0.05209406481867639,0.6256138502072447,20092.106528652734,23410.875403663955,53763.55085521622,60317.32622229354,3313.582542166093,
2023-02-14,0.04782771703006333,0.6227617020060267,18516.593469859537,22555.301550569355,51174.2771661814,56551.81837079381,2562.3718828468573,
2023-02-15,0.045177335799092146,0.6175809702053986,18584.185763322097,23904.723440175825,49599.629282400405,56093.26351480355,2645.228486533094,
2023-02-16,0.04508337200280211,0.6167156371331981,16048.050759543361,21111.998789961814,46301.48157775665,52273.0958710886,-6136.2666097989095,
2023-02-17,0.041911274875417945,0.6112031146775192,17329.506761742377,21197.904445602697,48066.11759737737,53960.185760602595,117.26748260818098,
2023-02-21,0.04175239916642043,0.6116764636315579,18818.593910604868,23884.727747493198,50522.828675542114,56865.169735613534,-8338.008406056915,
2023-02-22,0.03781209286997195,0.6112391831198807,17927.18393371334,21312.072718217314,49375.70639967303,55331.90477597008,603.1343255613194,
2023-02-23,0.03809907078597707,0.6086377785287569,18219.45177921067,22607.585147787748,49405.48272641766,55403.906946859184,1555.506962617421,
2023-02-24,0.035789415484169654,0.6123382867501338,17933.581691803956,21953.955518081406,49637.549198096225,56348.011774720166,-4510.18244528542,
2023-02-27,0.03283242930460634,0.6169260381943645,16632.836756919805,19115.7885399578,43449.25814613199,49530.17590939895,3383.2529648599752,
2023-02-28,0.03286701718544909,0.6158606696189869,18425.373528450793,24060.083564193854,50644.95729923215,57176.41102121184,-1248.0489091327242,
2023-03-01,0.0326490985860774,0.6162207117178672,16702.684263959476,21081.313738024015,44663.588454847195,50333.01102849322,-2582.266036276096,
2023-03-02,0.033318944197907846,0.6166510703359281,25161.535723440993,29770.725630566925,57129.39172802132,62920.92394024639,-589.9682155885806,
2023-03-03,0.032846694683081476,0.6172899113773881,17622.469726842344,22757.908356346994,45347.13921925976,51912.12467418016,7169.496264931231,
2023-03-06,0.03128622948100701,0.6205881327380088,18084.23455425092,21864.309175494636,48844.79060582049,55812.64085277309,736.4783953369922,
2023-03-07,0.0304282987896312,0.6209634928894263,18633.178577059516,19551.033744911,46077.85394586663,52439.136776278465,-5453.657876177443,
2023-03-08,0.030315001381093276,0.6229905402112007,24845.54126582875,26941.3947302449,63116.854043314306,72343.14268204312,-232.98628419848256,
2023-03-09,0.030257058961380996,0.6223282298973246,16547.15227812959,20371.207983897166,44863.356651910966,50723.24777667415,-6662.263941616132,
2023-03-10,0.03201727062273659,0.6209683087499628,17074.092566339677,20343.949118638306,43051.52925184867,48693.164066641715,-3784.353833612323,
2023-03-13,0.036481143591407264,0.6082181980578568,17855.97275232217,21393.78630696372,46841.22120117356,52975.901131854,901.1238219760801,
2023-03-14,0.035763051516613166,0.6101876783129607,17284.817729119433,20698.130748956093,46442.556027872335,51785.68031773593,6016.014336523689,
2023-03-15,0.03343920946218804,0.6099059616185152,17099.63312434184,21764.264821059707,44257.43907275035,50192.106933709954,-1738.7557219851744,
2023-03-16,0.03273056223165247,0.6108899443250053,15641.224167210132,18494.059493020384,38882.17799428028,44196.54916806758,5600.3102855018615,
2023-03-17,0.028595418845646092,0.6217341429404744,16461.6193806214,20450.112417502223,43141.66947424729,49223.17820151913,-3419.538498412151,
2023-03-20,0.02799133796202285,0.6265454958824839,15252.22889162806,17880.859933362677,39960.924604512074,45499.02006683732,3580.613487142943,
2023-03-21,0.027208423824293955,0.626382581704349,15788.976344969378,18913.4164259391,41110.34133682249,46783.29675751263,6399.7234067885,
2023-03-22,0.02851948884762209,0.6271333595839874,17017.877699591645,23047.21328343686,46924.56416289714,53097.92303016246,-5325.056683952629,
2023-03-23,0.029034713789952635,0.6270989716766585,15504.665004406505,18582.983723730773,40213.961223241815,46237.95993254511,1354.5550555971283,
2023-03-24,0.03630163303444879,0.6132320134277448,17124.946250052002,21378.274800126204,45967.217729769036,52329.27108883494,1412.1455437957895,
2023-03-27,0.043135244315953516,0.6245137858825913,25021.283324554257,29021.85159277024,68288.9454864359,78925.13799494936,-374.023435495107,
2023-03-28,0.042206662410831666,0.6215246553459847,17989.28172551046,21890.396373210206,46152.04582348898,52687.711806041676,-1156.5193945135206,
2023-03-29,0.04193506099787449,0.6229061710166327,14336.12022518349,15813.94494691511,38014.242233362,42817.97162034503,5339.386717711123,
2023-03-30,0.04155730744201011,0.6256429294855426,18536.525623471614,22075.250020426858,49579.38645673313,55108.093280753914,2230.7711436998006,
2023-03-31,0.04138298240552777,0.6193465570391169,20066.70923830746,23459.07681065515,51823.07697163619,58406.43198108746,6654.380806243223,
2023-04-03,0.041733752476956855,0.6193548167762106,20639.0703763915,24643.37342027754,53473.15811701477,58868.73300200714,-1158.3667434134998,
2023-04-04,0.04091701738404431,0.6159474770357192,25537.39439839617,27290.542420686066,64082.66455365633,71397.97840860623,-1909.6514964407204,
2023-04-05,0.041382256585583255,0.6169946730031028,20816.617433925443,26252.309845516524,52638.83307829918,58368.89993336989,-2868.296511466662,
2023-04-06,0.038596143611666155,0.6189522334254981,20929.059780185817,24686.214522392213,52263.13964320714,58345.2575068345,1091.1453605240497,
2023-04-10,0.035335429315865134,0.6196027258860425,69246.37328336739,83292.83124668691,158832.39921287968,172872.5116952974,-1219.3803208552843,
2023-04-11,0.03382298002005699,0.6171621112414265,19252.227862512642,25204.44281430451,48945.934798921924,54924.61686290795,-163.79860216781947,
2023-04-12,0.033587309880085264,0.6182568429127319,16620.143649540616,19036.788938623067,42750.22649217004,48534.0515373854,-2460.128047917579,
2023-04-13,0.03278496926397326,0.6186734626209976,16351.720726154648,18455.749773972253,42086.81449388279,48494.576323816684,6528.072237721897,
2023-04-14,0.03221524300786972,0.6106727827577836,35407.07402159043,35635.338685228264,75054.9975783908,83020.29610780904,-786.2241385113392,
2023-04-17,0.03467462135655719,0.6115936571525706,19294.35135513678,22268.50810348274,48391.40940949891,55348.64525505204,1106.4930070619068,
2023-04-18,0.03417859145070181,0.6104544368776045,13943.259514252992,18524.334985371752,38776.80143998966,43142.5559786161,247.9236865264176,
2023-04-19,0.03239047155603575,0.6086824332452638,15741.538639728316,17823.867221194443,38508.263405243335,45888.4330502243,-186.70304637576652,
2023-04-20,0.032574880910569357,0.6086886612316934,17931.599616519743,21057.30603949806,44889.73399758879,51460.37771814784,-5271.636422814593,
2023-04-21,0.03190607516111422,0.6067761588522806,16298.205190320283,17618.535266733532,40123.68655121865,45488.18284326306,-206.6865530713108,
2023-04-24,0.03224524102144669,0.6060228127887388,16429.294889026212,17870.907373292375,39387.19008619244,46314.05247140479,-177.54586794243795,
2023-04-25,0.033720579373486714,0.6041766590164371,16485.37341036212,17606.763064494757,39504.993157078556,45025.191958895455,-4437.021498534821,
2023-04-26,0.030575710108546796,0.6014674375043592,16051.79943637878,17428.18674199412,38853.853346164586,44478.948501784675,-2181.604635443967,
2023-04-27,0.03073781961332745,0.6003317769349925,18509.912015694346,21900.107718446732,39678.2688559513,42868.45408425061,7598.682156337841,
2023-04-28,0.044473569594048475,0.5814835141892349,16455.34090253096,17509.056751469834,37251.99544787121,42010.7679453281,3174.458669588366,
2023-05-01,0.043585917544225465,0.5815449656644337,15831.134289710579,17456.25455090665,36253.44435191653,41569.983725173435,-624.4575832802634,
2023-05-02,0.039511968358050285,0.6013199676119003,29191.50455836455,31692.283975225142,66640.13686688546,74680.83217357118,-3251.137901278255,
2023-05-03,0.03691811429594383,0.6195418268897211,16021.462943203482,17134.954934030044,35881.773736002535,41315.99250223521,-1929.7600681920087,
2023-05-04,0.035565296466318175,0.6178716877337116,15449.963493841502,18655.72774115269,36499.594080720104,41611.3214082161,-2191.3052503942363,
2023-05-05,0.034237786206494564,0.6153341473789582,31506.307742480465,33128.22128798256,58430.20246275482,63496.534765538905,9431.558406272883,
2023-05-08,0.030839521096056696,0.6557913239692426,28356.545765253133,32004.696652569077,65118.32547552602,72210.01400571638,406.7037784701596,
2023-05-09,0.04206174341535937,0.7016545492735303,18375.4802931515,22699.161990051143,48929.99443272615,56143.1136450578,-2345.5139549347036,
2023-05-10,0.04193516679340103,0.6986341298422787,26869.567357711476,27500.20460057347,60624.115416705055,68690.46495257407,1695.2500479534865,
2023-05-11,0.05338185814329014,0.6961482304029775,20549.54486635297,24339.552063400057,49446.032075732764,54915.74577468513,457.48232808509664,
2023-05-12,0.045761459182689604,0.7019464425257304,21604.51542646181,24651.809403314248,49998.57714588016,55754.560662235934,-1742.0528595634632,
2023-05-15,0.0023480213473609053,0.6778744707166395,44357.685066140446,54096.69010946728,98664.15603881018,111122.75450568972,33.96612478517838,
2023-05-16,0.0007356101909240431,0.6349670002476705,14386.949306868048,19478.305291552315,38123.95791052854,43123.691887942805,-1288.3502059677744,
2023-05-17,0.0005480900341180135,0.6356652923612995,44054.24296688501,45661.34905011848,81620.92257893512,92847.25995108327,4236.794509185355,
2023-05-18,0.00027745992171846417,0.6357826693603409,10865.372875865407,14698.383032339634,32752.728774872423,38038.7799851481,3757.7034442976874,
2023-05-19,0.048868771664429836,0.6442998099735754,20021.77912260517,20515.199785346027,43644.06307484378,51945.105876107256,404.3525078586906,
2023-05-22,0.04009293615181864,0.6366088691872678,13812.02261941957,17590.755609049636,32265.261055567065,37810.243534828674,1308.7828100419301,
2023-05-23,0.03961419239638245,0.6371497426384538,42278.90771091124,52955.32844293913,98233.27331816724,110150.7886834843,-4301.163758609475,
2023-05-24,0.040419036989245864,0.635158410376144,32608.386846840775,39526.83461092426,76821.5412285609,87691.18224729718,-1958.5608323885801,
2023-05-25,0.042006609837322045,0.6419799025409992,13765.535145377002,17086.15517391184,32328.254954819404,37091.2920362862,2697.481551628685,
2023-05-26,0.03678891832342372,0.6387713454193865,25198.234016093316,31527.312339716853,63294.28398212856,71686.03894757644,5685.142016528692,
2023-05-30,0.03399943393503066,0.643614248446458,21618.32942325485,21696.18387678388,41808.681196648235,48720.701744457336,2545.5745742536083,
2023-05-31,0.0009751172318014755,0.5084020042611561,61009.482081380585,73024.3301631407,127726.69599858714,141618.9023690721,-755.152765909817,
2023-06-01,0.0008800793989051231,0.6592137444643164,13912.66695956995,18059.704526290854,36589.53512771775,42077.6152919117,4206.145638614963,
2023-06-02,0.0007272291569226621,0.6589136064266106,14053.611465467746,19054.4509602181,37953.53569154226,43370.43829596496,4802.463854087584,
2023-06-05,0.0007782698149569654,0.6589083704896922,17390.15203375695,20987.769019441705,43877.90322286713,49372.90679792469,-381.89445549016426,
2023-06-06,0.03399104760479259,0.6698257872846001,16403.69197981871,22691.619952034125,39000.83329402061,44985.47885416926,1063.8341187767508,
2023-06-07,0.03684175271553472,0.6525521820250867,13766.017239141418,18766.40497861417,37383.32219611694,42731.232742712804,-856.7145118428109,
2023-06-08,0.03729602160666166,0.6526096224104851,16246.084101614892,21314.218485775156,39011.09387502049,45774.77075080368,4767.673602386894,
2023-06-09,0.03510471075550908,0.6548570137002291,60093.74640008538,73942.48483092265,131293.43529930286,145598.41647317642,2361.812470667044,
2023-06-12,0.03674583736240023,0.6539322242339285,16454.70262255923,21776.92940837893,40484.031941044144,45786.17903269038,4514.45491589806,
2023-06-13,0.05082047432062086,0.6519120875395187,13909.948082404837,21035.55581904152,38373.217095025364,43622.94531430384,3054.4760360403707,
2023-06-14,0.08565428907744879,0.6147136061921396,13831.938669913605,21455.909867560382,40249.78510833825,45481.76407217503,112.66395437604913,
2023-06-15,0.08150265025693851,0.6136435075116061,13563.028609528188,20703.027347333114,38737.69617494484,44657.461762504354,3517.8536725906592,
2023-06-16,0.07872010158204652,0.6154104860103119,13653.516883738206,19541.183697054497,39030.75287504138,44506.77526481896,-424.4458309646759,
2023-06-20,0.07547001184259572,0.6203410244626044,13588.32885868112,21513.269244716703,40666.51679613093,46129.960574053424,1799.6144939048042,
2023-06-21,0.07356075746343954,0.6223211173377452,8615.98804646857,15959.912784453363,40761.231641053695,44869.8613245022,-4696.867761533607,
2023-06-22,0.07211455503132738,0.6217597110965929,9821.687155259306,19991.593387652694,39146.10992333385,43739.98649422346,3367.7492454871544,
2023-06-23,0.07097789896611402,0.6194487252400317,9856.329837246465,19085.13974798603,40777.50125461208,44531.37014614654,-3453.908589684371,
2023-06-26,0.07230719925646292,0.6165627712425006,9973.418510749494,18273.380131284386,39196.908707951356,43025.51985455627,-4811.991431807164,
2023-06-27,0.07369813500012819,0.6145212910385554,8056.7452775211195,15242.052567365386,36260.35245344891,40485.206480609944,5722.071337376857,
2023-06-28,0.07601221403882315,0.6177244726727549,10648.757042484329,20630.234721891302,37766.216256979926,42236.4465511272,1730.240200373372,
2023-06-29,0.0765199938468417,0.6177553274521628,9990.57173212045,20143.762883861174,38486.862748645864,43077.54738801142,1404.1179486289248,
2023-06-30,0.07993385984855791,0.6178117946326989,10137.470226172629,17512.389978331896,39401.602983704295,43960.77211058979,5749.323370473043,
2023-07-03,0.07833821578076253,0.6207793655858189,10222.183524944727,21112.710023765205,38799.158669595025,42649.10062834867,3138.4013927890473,
2023-07-05,0.07371627684266141,0.6252760836594567,9964.92870839063,20258.833137828777,40611.62630921261,45460.28065732085,-468.65046241573395,
2023-07-06,0.07480318114446378,0.6257856881338996,9828.840638099902,21165.83923263943,42829.155267920396,46965.54630405628,-2719.875703367251,
2023-07-07,0.07619332749524418,0.6164842646275334,9813.56211715755,22087.389900134374,41375.45686196235,45896.870233550144,-1622.2679040510798,
2023-07-10,0.07349480611601102,0.6212213492837464,9753.6243533519,19541.225757424963,41441.32045908648,45605.862879931796,-1473.6469837002724,
2023-07-11,0.07579118041582443,0.617672639408206,9504.220304986013,23371.20834910904,41166.66306418674,44673.036649424386,1260.7538651313857,
2023-07-12,0.08215208195192762,0.611714972809021,8963.008220707829,19680.400272403913,42443.8828717602,46519.737701363156,2934.673279017601,
2023-07-13,0.07975493233662688,0.6128460086065098,9096.641523986917,21368.41371808334,41113.50989840626,44874.50621612556,3470.3566406248992,
2023-07-14,0.08076428065755338,0.6146692998768061,9085.191269232717,19011.572088448855,41363.6857724467,45392.42346772519,543.4190438879804,
2023-07-17,0.0800826000838508,0.6125691100199332,22474.054518184323,33339.12603844196,56262.31406386931,59335.96838814679,4328.839355485215,
2023-07-18,0.0827590340261621,0.6175347555283385,9059.157917617484,19073.872115100883,42691.303591015945,46570.903099285235,2077.8514955396186,
2023-07-19,0.08392280752675735,0.6225468263713857,9337.143860161186,20591.844428032626,44181.749660202906,47376.56880270124,803.7644956134147,
2023-07-20,0.08164593282452003,0.6237614593468827,9451.807427109316,21189.231629714755,44917.81830506103,48372.35635013199,-8235.544573186507,
2023-07-21,0.07317666447165738,0.6174749608268213,9627.125366827202,21173.798337440676,40466.16217189147,43685.344821847655,-1099.9202711839744,
2023-07-24,0.07380334806889215,0.6159466571373331,28235.800194351345,29170.623601802992,56835.180750275234,65471.94858859994,3138.7239866720747,
2023-07-25,0.07613306300696873,0.6157756204035274,16550.386320477624,22525.506228952687,40819.15968223551,46873.96993687024,316.799703355455,
2023-07-26,0.07593251467357978,0.6149408633510772,34456.560280455225,49476.56469385612,93853.72971381976,105799.60122652866,217.07379218080845,
2023-07-27,0.07653157459865811,0.6146988646317781,11875.840000302873,19961.19414323711,41057.92019699926,46011.605580764386,-3845.725754142642,
2023-07-28,0.0737138494208499,0.6172918287471505,49739.82041962408,70084.9088879776,123518.9542209076,137000.4180103811,5705.97826850724,
2023-07-31,0.07629994923159007,0.6079300047850732,46692.736484963985,63299.40705182246,114780.55688888252,130153.35017127244,845.7983667058598,
2023-08-01,0.07207912409275471,0.6151081655980964,16197.02173558315,23807.51997194914,41813.27025241613,47690.212681112185,-2313.132641771699,
2023-08-02,0.07246861514758297,0.6201254941051747,17349.64956642825,23628.14053131423,42484.77534050096,49773.80913231895,-6082.88471396889,
2023-08-03,0.0750436010763957,0.6183418309694438,14628.798431209752,22108.387139871204,38861.305146606814,44725.42641820223,-232.93173956940592,
2023-08-04,0.07300281171225076,0.6179757506795712,15700.269212861427,21886.274249337475,41204.5728759805,47260.697059558646,-6878.639066303195,
2023-08-07,0.07242194918694748,0.6260240608359321,14038.622626637509,21571.619030777896,38582.898401737904,44318.39815582326,-28.546817192077498,
2023-08-08,0.08111938134154512,0.6229462210325847,14219.427353959933,20268.579615458897,39237.91120680613,45554.276590297144,-832.0927172240592,
2023-08-09,0.08019561215205036,0.624318022235385,15015.161532345928,21838.165588199245,39176.4879561695,44501.07846518533,-3901.050513800977,
2023-08-10,0.07673060509279118,0.6235813801725575,10816.2354583134,17809.635675157082,36480.25537181951,41284.47897459469,579.6305890100533,
2023-08-11,0.07353966991091428,0.6232085922935144,29323.438785552786,40765.27159128536,80563.60567991629,93897.46805633942,-870.2634844514956,
2023-08-14,0.06803270371050947,0.6630814524418931,32340.872987827144,45378.81689521646,88316.42346318964,99596.43992784692,1539.357911751866,
2023-08-15,0.06762958770130509,0.6659015468729201,15152.557566203497,20470.53344766712,36797.41247647369,43445.30525555285,-4969.43177939521,
2023-08-16,0.06602707264965645,0.8037607755129135,17352.52176654035,21606.012394432215,38014.673079290726,43832.96234807539,-3599.69514760536,
2023-08-17,0.0696280373078707,0.8824791033242784,18905.553171674423,22596.640188470934,41337.13500276778,47618.709680911146,-4269.252838797105,
2023-08-18,0.07630723183487022,0.9017496154668483,20039.983523987346,30023.769766107755,63558.205897640015,71168.21344650719,-537.9911944992235,
2023-08-21,0.08065813125985846,0.9001373433166313,26490.847171365906,37179.99872046999,73422.66561692409,85746.86261621426,5357.1932487356025,
2023-08-22,0.08553121049494057,0.8968729492069116,19680.720109386224,22447.964806353768,39106.76430307331,44699.42907408878,466.2847679107226,
2023-08-23,0.09776735180180547,0.8908488281099834,35815.49130379511,47336.83344468953,89028.30694590823,100531.68115278524,5110.167684527916,
2023-08-24,0.1152185021751334,0.8704522984832596,16911.466339206847,22223.244301609662,36884.56087818961,43377.56984482239,-6731.392557432084,
2023-08-25,0.11521850217776684,0.8704522984850346,17995.72061846084,21655.286944981188,38193.9241872882,44062.582436443496,4307.380224015236,
2023-08-28,0.11357615128650582,0.8805528831440367,18866.15869717835,20928.639379463097,37223.266228283785,42816.297966734965,2218.549994137102,
2023-08-29,1e-06,1e-06,9678.532308266907,12194.22783043533,28533.0033063159,33436.56255430327,8879.198613285163,
2023-08-30,1e-06,1e-06,20336.977593600765,26986.425611575054,59741.732834735754,69661.05897642474,2571.0113280562673,
2023-08-31,1e-06,1e-06,9926.950750596547,11906.839764313248,26655.528416209203,31119.55856278479,-13.889709541498902,
2023-09-01,1e-06,1e-06,9830.67970801199,11529.036371490783,26225.87089773655,31145.89203154369,-1428.3089272167483,
2023-09-05,1e-06,1e-06,8935.803309362685,10641.175113639256,25241.470919742645,28936.135597861823,1480.3562424545378,
2023-09-06,1e-06,1e-06,42582.89433567255,50992.55262577525,108648.30114553626,124192.74027015829,-5882.053854363822,
2023-09-07,1e-06,1e-06,9635.188176220083,11528.191900184494,26521.10141285807,30458.586019398397,-3477.7190953693353,
2023-09-08,1e-06,2.0895196601282996e-05,7015.77249739553,8529.596919340876,20113.597992227747,23121.5077098428,26.407478936349236,
2023-09-11,1e-06,2.0895196601282996e-05,8865.24783408853,10422.700818847083,24883.60072143127,29301.26279833933,7134.88980801777,
2023-09-12,1e-06,2.0895196601282996e-05,9786.068086360305,11524.837111304654,26791.07793013482,31006.577949252027,-4035.9478755465107,
2023-09-13,1e-06,2.0895196601282996e-05,9639.968074257074,11738.453986749575,27295.19606434187,31727.831269908027,1.6719668428471408,
2023-09-14,1e-06,2.0895196601282996e-05,9618.167307489832,11469.824843597431,27300.050964566766,31469.435301099187,3604.113128723325,
2023-09-15,1e-06,2.0895196601282996e-05,22114.84361445808,24702.52790565257,60640.0662939311,68900.03735241252,-3440.0960822132024,
2023-09-18,1e-06,2.0895196601282996e-05,27148.078496393533,28888.839232135473,72050.9572586548,82034.6787395055,-192.429879432287,
2023-09-19,1e-06,2.0895196601282996e-05,9368.457954376558,9409.377333479733,24575.560180638968,28141.03890086465,315.07488552286725,
2023-09-20,1e-06,2.0895196601282996e-05,18491.051510166042,19364.562295137162,51181.63961895324,58489.56565577995,-4666.180625030658,
2023-09-21,1e-06,2.0895196601282996e-05,10127.592712701358,10316.442715256266,27098.280311968858,30762.76615636313,-5781.8309268300145,
2023-09-22,1e-06,2.0895196601282996e-05,35234.490130150305,37517.6462634588,90536.61538618861,99838.78444869122,-2244.7884118984553,
2023-09-25,1e-06,2.0895196601282996e-05,10299.85947360483,10937.493563146792,25916.50576333154,30684.96638333275,1939.794720681921,
2023-09-26,1e-06,2.0895196601282996e-05,8945.678654756846,9060.937760822404,22402.48186188106,25843.31772244704,-5837.795715039243,
2023-09-27,1e-06,2.0895196601282996e-05,20370.41380495932,22344.59540629035,51978.092580350785,59265.498483719675,-1443.4226506548994,
2023-09-28,1e-06,2.0895196601282996e-05,18338.635001283772,19725.936482904628,50420.45266143983,57565.98866042193,2575.1644985953326,
2023-09-29,1e-06,2.0895196601282996e-05,30697.766527187392,32747.96880648275,79389.21161474694,88736.20652707768,448.3383429421648,
2023-10-02,1e-06,2.0895196601282996e-05,10192.056506948105,11569.856654641024,28656.447308486404,32308.98649414998,1563.47247849311,
2023-10-03,1e-06,2.0895196601282996e-05,7077.191133045484,7273.728233523403,18347.774239910366,20894.434737338863,-4647.584646998044,
2023-10-04,1e-06,3.226388037344278e-05,16877.91721252577,20234.82973874413,41020.347458355944,46397.50252029056,5291.68789814627,
2023-10-05,1e-06,3.226388037344278e-05,21483.534678717657,23562.057903060628,53832.03274152662,62021.806478978295,122.43969151574561,
2023-10-06,1e-06,3.226388037344278e-05,7385.824847075881,8219.479957842155,20027.978753049803,23166.763425274632,3906.763841312063,
2023-10-09,1e-06,3.226388037344278e-05,7835.54221454449,8540.293585310237,22420.58110838594,25475.930327426093,1937.3668033538818,
2023-10-10,1e-06,3.226388037344278e-05,10540.250214037607,11621.80009530983,27283.436087156544,30480.311046535062,1626.1547114016532,
2023-10-11,1e-06,3.226388037344278e-05,17534.671120661507,22823.320626302033,49284.88291563089,55350.829868256886,1515.16585654936,
2023-10-12,1e-06,3.226388037344278e-05,11007.530553543947,14429.534702337205,30990.94262435146,35472.42715420247,-1743.7303230987943,
2023-10-13,1e-06,4.3632564145602566e-05,11142.44177617928,12508.60075413631,30325.647755937778,34868.63653534778,-3581.296942199584,
2023-10-16,1e-06,4.3632564145602566e-05,14631.961787607795,19957.1716997947,42776.01274538114,48023.2144886662,2796.153184771239,
2023-10-17,1e-06,4.3632564145602566e-05,37287.57501052026,39071.14669407569,89537.2054552651,103264.1826206324,-618.7984217617636,
2023-10-18,1e-06,4.3632564145602566e-05,11943.730123075256,14124.24378721743,33007.998139407355,37743.23316427007,-6037.929296224258,
2023-10-19,1e-06,4.3632564145602566e-05,6142.374726473341,6850.392655452162,19131.388187910474,22262.802831143155,-6563.515034424173,
2023-10-20,1e-06,4.3632564145602566e-05,6497.15784654566,7070.225313570795,19624.737327746414,22292.724484934217,-5620.611427288024,
2023-10-23,1e-06,4.3632564145602566e-05,16856.195240438345,17968.01610446892,33257.05310981857,37609.836204066196,-278.9313111536966,
2023-10-24,1e-06,4.3632564145602566e-05,24786.069472407544,26399.30533947538,67925.10319287883,76374.23033281852,2648.756277288827,
2023-10-25,1e-06,4.3632564145602566e-05,6681.512857642146,6990.951245237121,19179.407877584345,21987.874885697496,-5046.274100600478,
2023-10-26,1e-06,4.3632564145602566e-05,6587.2820702283025,6938.7424590731425,18866.262124872806,21823.057319479423,-5925.873141579515,
2023-10-27,1e-06,4.3632564145602566e-05,18276.909323424294,19469.04326072077,48608.657277264494,55816.37057005224,-21.53137803013614,
2023-10-30,1e-06,4.3632564145602566e-05,5467.7250565224995,5785.929296058905,13236.081712199755,15203.293398915457,1513.4736115421692,
2023-10-31,1e-06,4.3632564145602566e-05,6278.285421910065,6733.07007330412,19037.381907597784,21768.172822459004,2292.3982544412047,
2023-11-01,1e-06,4.3632564145602566e-05,10814.23338586932,14918.538030679589,32084.53079680114,36814.094797509984,4776.233397053913,
2023-11-02,1e-06,4.3632564145602566e-05,15995.477784368177,17009.89612518369,44234.47693494813,50888.704153126346,8387.794812189763,
2023-11-03,1e-06,4.3632564145602566e-05,21302.605141944743,24345.183217939084,58956.84659463361,67331.86892373256,1864.2433591611,
2023-11-06,1e-06,3.084279490192281e-05,8388.372925164296,10778.752560647832,26064.23241133324,29666.698985736635,1533.0894354238176,
2023-11-07,1e-06,3.084279490192281e-05,6649.2465281237255,7077.753895145271,20303.32626460377,22863.888288777587,2500.3564113771463,
2023-11-08,1e-06,3.084279490192281e-05,10738.501568413994,13442.266843321451,29721.550728931197,34047.224887334836,740.9796332252956,
2023-11-09,1e-06,3.084279490192281e-05,6365.290481798278,7014.333070756508,20000.65456886608,23006.94493399392,-4453.271721785365,
2023-11-10,1e-06,3.084279490192281e-05,7636.049959255119,8372.147575639547,23554.243381420933,27242.054195898883,6333.908793603563,
2023-11-13,1e-06,3.084279490192281e-05,6436.113967914145,6946.007086924735,20161.095939770305,23396.319460972627,837.2708415870383,
2023-11-14,1e-06,3.084279490192281e-05,10028.357435841923,10871.906446370438,29186.84670381504,33538.901444210744,8288.837739248267,
2023-11-15,1e-06,3.084279490192281e-05,6671.010423717396,7203.301741033696,20393.44226187947,23275.60192622602,1736.054398051413,
2023-11-16,1e-06,3.084279490192281e-05,7042.593846874098,7511.779097650804,20001.074441789715,22811.344514500826,-741.7903530739469,
2023-11-17,1e-06,3.084279490192281e-05,6514.333045463328,7040.010123735822,18722.345548041496,21564.82181956426,422.2613969938822,
2023-11-20,1e-06,3.084279490192281e-05,25668.38113636827,28169.04926368975,45953.21667878013,49676.48996560612,2811.708445966943,
2023-11-21,1e-06,3.084279490192281e-05,10670.097498487767,12109.757448564778,22372.68904869475,25591.321151942233,260.7999514504365,
2023-11-22,1e-06,3.084279490192281e-05,28400.357665119984,31254.243661771034,79793.39240013115,89418.09552784964,-147.47426190638373,
2023-11-24,1e-06,3.084279490192281e-05,6647.792101886192,7201.255813462357,19486.34494110128,22163.176278538514,-284.0583749650358,
2023-11-27,1e-06,3.084279490192281e-05,19325.598365598602,21561.145041798864,54395.67124401228,62438.28258074327,-409.52479151961444,
2023-11-28,1e-06,3.084279490192281e-05,6516.409454588709,6781.168522383854,18123.37972422617,21220.469695890504,2667.1473184695815,
2023-11-29,1e-06,3.084279490192281e-05,8753.09626375544,9506.669345709426,27359.15142361984,31798.911453820383,-1249.215491939513,
2023-11-30,1e-06,3.084279490192281e-05,6952.732347243111,7429.289202782238,20226.078001293987,22998.97670370863,336.04103524247614,
2023-12-01,1e-06,3.084279490192281e-05,23883.92281195142,31743.237024076436,58451.78883381216,65853.52355294966,1737.0546247076684,
2023-12-04,1e-06,3.084279490192281e-05,43179.912980913155,45484.54070147177,104661.35200034284,118270.57997548301,-2802.517520389243,
2023-12-05,1e-06,3.084279490192281e-05,6565.385901605982,7015.702528872029,19208.67399060634,21459.469985718068,2494.844402389742,
2023-12-06,1e-06,3.084279490192281e-05,6654.996852142649,7120.0296195331275,19258.42790289156,22035.55631376021,-1312.5397477558995,
2023-12-07,1e-06,3.084279490192281e-05,6641.124067817419,7113.917312496003,19224.459181387854,22369.07951923874,3447.638450131673,
2023-12-08,1e-06,3.084279490192281e-05,6702.969294179388,7176.682954148741,19321.86734690608,22030.688632023997,1901.5109021868075,
2023-12-11,1e-06,3.084279490192281e-05,17091.447257640964,20175.983981755362,33244.651368064006,37580.658363742215,-1183.599814650162,
2023-12-12,1e-06,3.084279490192281e-05,6629.483331258805,7205.507470537835,19062.11936811914,21317.677735333134,1280.3232142139125,
2023-12-13,1e-06,3.084279490192281e-05,6537.338358806541,7086.778673486939,18703.552359122677,21620.287958677076,5256.988482790689,
2023-12-14,1e-06,3.084279490192281e-05,6307.470349025472,6500.73966959393,16166.216407540807,18540.062819690364,3063.392925851431,
2023-12-15,1e-06,3.084279490192281e-05,6970.32049953443,7470.351330169861,19266.04964597031,21979.176711910564,204.82753285058362,
2023-12-18,1e-06,1.8053025658243052e-05,6997.45804781417,7532.319568970214,19177.164553808314,22500.57416012296,-54.806471802909265,
2023-12-19,1e-06,1.8053025658243052e-05,6853.677327184994,7333.767403507526,18618.99265447567,21766.915642285807,2950.945915877239,
2023-12-20,1e-06,1.8053025658243052e-05,21685.23703576849,23837.666299874585,59015.30434902349,67401.2452057468,-6587.859844698682,
2023-12-21,1e-06,1.8053025658243052e-05,18955.31683880734,20346.191843658427,50320.468781200405,58139.69045690211,3829.4830480182695,
2023-12-22,1e-06,1.8053025658243052e-05,24446.649845055996,27225.40043880271,67289.43481485243,77183.37568174797,-539.0937018438631,
2023-12-26,1e-06,1.8053025658243052e-05,6728.604466351952,7043.534617733108,17330.524412490726,20174.265188376048,1551.4935836847526,
2023-12-27,1e-06,5.2632564145632936e-06,15695.013438905355,17070.914090484916,42098.52918580868,49126.16477500039,1363.279216719442,
2023-12-28,1e-06,5.2632564145632936e-06,7922.931886716782,8233.744147053822,19234.747213048784,23181.400797202612,-1357.383201330774,
2023-12-29,1e-06,5.2632564145632936e-06,6599.430126209837,7083.293735604174,17311.57135637556,20571.833049294593,-2146.831872614699,
2024-01-02,1e-06,5.2632564145632936e-06,6480.285181995393,6989.668490449618,16705.537309516218,19463.877586165247,-4806.639169098651,
2024-01-03,1e-06,5.2632564145632936e-06,21755.359504916476,22603.678758345708,47196.27190213037,54157.35819339256,-4603.270941670956,
2024-01-04,1e-06,5.2632564145632936e-06,20404.983728944713,22675.222345238664,54574.06102784585,62913.98598594309,-2081.4430345277524,
2024-01-05,1e-06,5.2632564145632936e-06,5451.970568499254,6342.624946524672,15424.991744972915,17991.3568786437,-24.354927946555307,
2024-01-08,1e-06,5.2632564145632936e-06,17567.276503398338,22389.566490537894,47168.123178743335,54150.15935039984,6103.815657455223,
2024-01-09,1e-06,5.2632564145632936e-06,26615.717137991178,29371.731678676682,70269.0100438999,78947.14530681637,-1665.9232851525994,
2024-01-10,1e-06,1.6631940186725007e-05,4777.906727251324,5417.316122933308,13995.20231003792,16463.151419253616,1669.1505930914602,
2024-01-11,1e-06,1.6631940186725007e-05,5462.53494271938,6268.618906225124,15536.728187969446,17991.267987930678,-1811.3169627924874,
2024-01-12,1e-06,1.6631940186725007e-05,13569.202421665268,14188.809454761677,34331.74154707032,40306.27384670373,-1329.824347437898,
2024-01-16,1e-06,1.6631940186725007e-05,21252.020238016667,23756.723883093215,56462.678600559004,66805.85317434063,-1832.7629586008509,
2024-01-17,1e-06,1.6631940186725007e-05,11813.862681518043,16157.692543885714,31085.989944166362,35281.22145533874,-2691.7638411542707,
2024-01-18,1e-06,1.6631940186725007e-05,5352.367441909967,6016.104439531283,15682.08333804524,18418.32678667578,4324.4719448408405,
2024-01-19,1e-06,1.6631940186725007e-05,7121.972708342193,10039.588847037185,21846.85729565086,24975.78615163832,4474.257183992208,
2024-01-22,1e-06,1.6631940186725007e-05,5267.15107386483,5791.596842779602,15678.391655592903,18362.419514889545,1014.2851483229337,
2024-01-23,1e-06,2.9421709430404764e-05,23244.916365297944,26395.02215550161,61266.26142277331,70178.45365672413,1422.3727716168937,
2024-01-24,1e-06,2.9421709430404764e-05,5311.7836159073595,5926.693632310564,16106.439423757494,18350.713700863886,-405.2920700035461,
2024-01-25,1e-06,4.221147867408452e-05,3880.0861527572133,4279.321504405901,10261.569618450349,11985.997998044075,-3949.9533504180386,
2024-01-26,0.10329373316144688,0.8960972001134927,12385.052499086363,14523.111824634212,24220.900325904764,26419.718702771734,-909.3263797697258,
2024-01-29,0.10329373316144688,0.8960972001134927,4875.675627838751,5108.742924975192,12457.091374554615,14276.149728616203,3049.715002232948,
2024-01-30,0.08819125005738303,0.9084803625085169,5128.13176553658,5391.287909499831,13340.408378710817,15820.599900580604,-1858.852748398424,
2024-01-31,0.08819125005738303,0.9084803625085169,11510.98634709994,12807.296690051448,32261.046830150637,36300.37404858788,-6654.41697751646,
2024-02-01,0.08956681552496197,0.9093088684674011,14211.987193618505,17932.93565071333,39313.62758932536,45197.37702075396,4576.284873029295,
2024-02-02,0.08956681552496197,0.9093088684674011,8322.08888635797,10082.315383029416,22073.399382668118,25302.980562410063,1929.7916104921487,
2024-02-05,0.08956681555038552,0.9093088684777539,3989.154521015574,4792.62758301045,11393.100765055859,13369.223946633041,-1253.5796463883933,
2024-02-06,0.09104805365003144,0.9083461435351055,3859.554859216053,4829.010528497059,12154.986039991038,14054.820537533737,2193.2508548384085,
2024-02-07,0.09104805365003144,0.9083461435351055,3856.5275619313707,4729.421552903046,11720.352494699957,13659.275553156109,2597.982328298128,
2024-02-08,0.09104805376756886,0.908346143583849,8788.287373371428,11822.056689111005,18847.026638961674,21306.24107537207,-3.937075978643705,
2024-02-09,0.09104805376756886,0.908346143583849,4085.68030459175,4681.027961145578,12127.953265210483,14095.47324855198,2507.883240642227,
2024-02-12,0.09104805376756886,0.908346143583849,9129.015971442803,9572.035791708831,24269.576726881205,27693.646763731194,-2181.605729612219,
2024-02-13,0.09104805376756886,0.908346143583849,16490.97927690306,21291.49407029041,31117.577330397773,33535.34168833079,-5319.212603690821,
2024-02-14,0.09104805377472477,0.9083461435868166,4296.302522716705,4886.46857612227,13174.316433429854,14875.42356578178,2874.6454593237604,
2024-02-15,0.08522944837526687,0.9138839899630133,5365.388954349954,5502.458055367856,14145.804983540693,16484.02198826156,3672.851933593236,
2024-02-16,0.08522944837526687,0.9138839899630133,5105.124724695104,5269.638829378006,13140.820475050512,15510.000979892895,-2084.7939530829226,
2024-02-20,0.08815576049088647,0.9108513185182291,5586.713002464583,5770.365038658293,14319.67896149812,16709.08033808639,-3124.745636786979,
2024-02-21,0.08850113704112628,0.9095726517943696,5613.476645470103,5854.068712926506,14870.108806281556,17233.527926133625,897.812397185845,
2024-02-22,0.08821867673454295,0.9094746918864456,6034.408324119939,6329.5035034986,15568.426808104578,18130.433652192794,6825.135116528037,
2024-02-23,0.08346561418710911,0.9133410552565551,5961.067940859185,6167.331297523138,14634.921448371178,16747.273399336787,-1929.399470091432,
2024-02-26,0.08209384583545164,0.9140736910942024,5781.656629347975,6025.52534183635,14741.310474996526,17020.385076456416,-150.62579034861128,
2024-02-27,0.07846347827568771,0.9176580766862269,5532.417160404284,5793.302278539679,13531.123580656878,15507.24787430673,1233.953111858153,
2024-02-28,0.07622958431611576,0.9193032001417634,5705.956492283465,6023.576046390624,14615.404161723935,17199.07244659194,-561.735699692071,
2024-02-29,0.07622958431821,0.9193032001424718,5731.204397779809,6064.2987528930225,14616.012469526928,17156.767300448202,960.5823936833149,
2024-03-01,0.0753284991460407,0.9198591806650639,4911.538953760186,5812.371421329843,14508.664923269334,17297.96122947107,1651.6994401145605,
2024-03-04,0.07241535265681177,0.9230244955970377,4720.12839241449,5462.979371487887,12226.855730571768,14273.971104770573,-5500.046161069077,
2024-03-05,0.07013060961696199,0.9240768452148196,4898.86195357868,5319.928175689307,14173.552736105,16608.19100907281,-6594.939140473294,
2024-03-06,0.07122839623863471,0.9194535053483508,5806.417628060772,6180.6553046434265,15556.41383747402,17871.824005016664,-36.657581564166826,
2024-03-07,0.07122839625352291,0.9194535053532673,6163.528492465592,6650.644650664413,16077.909001258291,18948.003080936902,2998.668494623061,
2024-03-08,0.06976663043507372,0.9212352061436031,6242.254556320275,6722.2762053516935,15197.775427956398,17706.248788990066,-1487.7226459712224,
2024-03-11,0.05483568683989057,0.941695184512553,5936.972956024089,6405.491549946321,15011.479099167995,17327.690706255253,1210.0125888499879,
2024-03-12,0.05360527514162696,0.9431240320907173,8390.78602103332,8720.689155295653,19786.86246683398,23315.135412638887,3064.7975025317996,
2024-03-13,0.05579378824173719,0.9396102453576213,18999.50380324782,20545.437502851848,42761.80977206095,50818.39566187171,-3168.975756322064,
2024-03-14,0.06677731319978157,0.9239241455546194,5306.134161528858,5656.188836896097,12417.493771505291,14676.701033521724,-1212.500578082222,
2024-03-15,0.037729207219015605,0.9619983944396364,9340.330193449829,9588.630884095599,21201.904346677224,24631.361716996264,-1646.7663281997195,
2024-03-18,0.037729207219015605,0.9619983944396364,9736.902656705352,9850.78611042234,21597.919511286625,25638.64536240209,4227.03280747124,
2024-03-19,0.037729207219015605,0.9619983944396364,9615.358525867472,9896.72458930646,21766.535035603534,25714.119027862373,2137.0514119584595,
2024-03-20,0.037729207219015605,0.9619983944396364,4918.996139484826,5289.774976129454,12043.42901005518,13955.002668132365,4476.053720654394,
2024-03-21,0.037729207219015605,0.9619983944396364,6159.432429598781,6580.353072637967,16106.58368763099,18887.910111726367,-3371.7366616403315,
2024-03-22,0.037729207219015605,0.9619983944396364,5637.592389272287,5903.217699307251,14530.12272527768,17314.25382184687,-313.68013896568027,
2024-03-25,0.037729207219015605,0.9619983944396364,5406.820290720751,5713.084586236201,13759.327996199643,15719.467564575845,-1153.1027264221511,
2024-03-26,0.037729207219015605,0.9619983944396364,5443.266377345294,5807.879119956733,14252.051472483825,16486.21621185503,-287.5479490385674,
2024-03-27,0.037729207219015605,0.9619983944396364,5335.366125886122,5679.007835417338,13690.470374689536,15972.897609453576,4482.004216399383,
2024-03-28,0.037729207219015605,0.9619983944396364,5340.5709057241165,5755.54955717096,13607.526227345832,15697.830694981487,-1433.507244697182,
2024-04-01,0.037729207219015605,0.9619983944396364,5207.623467231214,5693.039893402483,13810.615914721337,16246.588021846439,-1368.870793440784,
2024-04-02,0.037729207219015605,0.9619983944396364,5411.835449921874,5851.52741836874,14060.952006416048,16579.814144016087,-4223.36478777118,
2024-04-03,0.037729207219015605,0.9619983944396364,4659.822079266463,5141.669154078734,12545.873245365132,14514.474447216802,1041.0462569821684,
2024-04-04,0.037729207219015605,0.9619983944396364,6867.127905881115,7187.551874251495,17628.974653586647,20527.878811820163,-3084.8594321401724,
2024-04-05,0.037729207219015605,0.9619983944396364,5289.51947705241,5672.968091863063,14145.512894497633,16538.805451176373,1992.1834027881046,
2024-04-08,0.037729207219015605,0.9619983944396364,8069.844482630625,8198.320448888098,19434.269878498733,22443.951740150427,963.4082115782743,
2024-04-09,0.037729207219015605,0.9619983944396364,7386.553568677064,7808.133705390488,18827.407314403976,22464.38113292821,1770.5547923835297,
2024-04-10,0.037729207219015605,0.9619983944396364,7425.669345407263,7610.2558240713915,17564.865910498727,20885.689698731618,-4441.613408947517,
2024-04-11,0.037729207219015605,0.9619983944396364,7667.586896394897,7889.590319299196,19118.3555700927,21873.85617130034,6122.087460741033,
2024-04-12,0.037729207219015605,0.9619983944396364,5068.223540487177,5524.13250142982,13798.1154270696,16243.339194188327,-3748.785386273087,
2024-04-15,0.037729207219015605,0.9619983944396364,5104.186337113975,5479.108841503508,13060.158608426307,15452.020835803005,-6938.406855519663,
2024-04-16,0.037729207227093144,0.9619983944406528,8371.654783627919,8475.695581624333,20584.582296916353,24296.848556220055,-3054.134913710466,
2024-04-17,0.03772923720281572,0.9619983982125062,8342.748845833952,8942.671390021202,20244.729312057676,23394.85038318746,-2486.233491332023,
2024-04-18,0.03787545866512149,0.9616025839411863,9681.98600972341,10350.443743001957,22718.239674851873,26506.95718151081,-2145.759857525161,
2024-04-19,0.03790427712221244,0.9613856620148772,8810.266953899274,9293.108245512241,21269.701664713557,24639.27932014873,-3797.4336864777097,
2024-04-22,0.03818116148802921,0.9606928068813239,9243.01357506895,9835.407697038556,21834.757558337602,25506.62357888223,1586.2109671342284,
2024-04-23,0.037240705616039094,0.9618138457699875,5669.657509722529,6544.486850180021,15017.812832336433,17598.37488194715,4062.0585763990275,
2024-04-24,0.0375928844772184,0.9614801385929425,4941.124078404858,5803.091566542626,13405.003523246865,15604.311327820978,4625.01366517596,
2024-04-25,0.03552295789507456,0.9633258468653855,6482.709510503905,6907.203195824215,15673.903716086827,18157.954058026706,890.4863880560245,
2024-04-26,0.03552295789507456,0.9633258468653855,8010.91392023634,8454.337517606864,18889.55394081406,22616.62999202147,1906.7536861355065,
2024-04-29,0.03552295789507456,0.9633258468653855,10540.64174943019,11240.58445486692,25382.3567463804,29372.978214530693,8088.865260056305,
2024-04-30,0.03552295789507456,0.9633258468653855,6265.649593586542,7139.7280974891855,17404.499179219205,20288.269069091602,-7780.890985577018,
2024-05-01,0.03376311869148128,0.9648950570027214,7327.676628322647,8424.84918810586,21544.3024383532,25127.683274171883,-2042.6150099212114,
2024-05-02,0.0337631187399852,0.964895057008206,7072.003108504705,7680.834326040933,17367.825932634514,19943.726241363758,4161.493203492051,
2024-05-03,0.03193295995335832,0.9667680839540432,8164.760922223097,8847.344209633802,20300.814941484838,23203.19873749432,8591.640841465429,
2024-05-06,0.020972022138897223,0.9773423789764107,11464.872301407953,12509.424952419959,28530.414931797543,33401.9339342247,2535.074016230011,
2024-05-07,0.02097202213897082,0.9773423789764341,7748.7728088620515,8504.241231713917,19317.228219777237,22493.360871280325,-703.986178957646,
2024-05-08,0.019571885927134918,0.9782585124231297,6772.05045705185,7472.955416030914,17162.242697678445,19845.008370488787,-452.8096656477883,
2024-05-09,0.019505012054721712,0.9782229473057262,6697.736259210621,7404.6785171272295,16745.995926554075,19107.604598523423,1684.061196335751,
2024-05-10,0.019182944647518935,0.9783526764266341,6936.534381508289,7601.430647189162,17404.693974532714,19914.31483909729,-1032.2886581337098,
2024-05-13,0.019343415375908127,0.978174279804699,6876.006816382088,7463.469767460777,16883.865427518445,19259.077485262875,2238.102519986342,
2024-05-14,0.019343415386396313,0.9781742798053278,9949.571636425702,9967.218940060799,21782.85033790547,25832.824430724027,2977.1809328023237,
2024-05-15,0.019509127615180685,0.9779436382221193,6783.95201067269,7461.173407020854,17921.786438557727,20308.895732394918,3506.512856666428,
2024-05-16,0.01940127489900323,0.9779131361508726,6591.660459350173,7166.462273657829,16916.055377468492,19624.300883007712,-322.4586046618203,
2024-05-17,0.019529526797329506,0.9777652054129996,6557.123113717056,7208.361761639186,16623.824450138796,19633.83328857947,850.6254770518789,
2024-05-20,0.019425633960634455,0.9777419839910565,6912.8241502471155,7554.880702635677,17537.525453235266,20256.7264536642,323.3057582372464,
2024-05-21,0.018932401735417895,0.9778804331914827,7710.859780876815,8483.741416921765,19754.278082168723,22772.57402370648,3661.565541831412,
2024-05-22,0.018912764050376528,0.9778142481411098,7757.629765780326,9099.864198447784,22188.68189613794,24995.60859269193,-2750.526720688782,
2024-05-23,0.019402908288631605,0.9774331638079077,7261.3308792567595,7930.468421293777,17860.95434156572,21037.655054804804,-5250.741862898825,
2024-05-24,0.018979138194951624,0.9776277730609493,7817.111761591809,8407.717595454173,20649.277611426503,23920.444659494544,4501.5562506468395,
2024-05-28,0.018893134100988036,0.9774763041387405,7291.338652126865,7932.616832894327,18241.76971115533,21158.01117889329,-429.61782768906954,
2024-05-29,0.018875995164555872,0.9772823772828355,9282.062456438738,10186.96305988402,24262.91535121083,28569.714011471784,-1920.178732576708,
2024-05-30,0.018617025442974545,0.9773624360127097,6921.563158771991,7650.534650853908,17691.53735424661,21024.14799815246,-553.5431992719188,
2024-05-31,0.019200479815657683,0.9771180368923867,10570.670708351623,10602.043568787221,23383.478287006095,26890.401987043377,2441.685198402901,
2024-06-03,0.019284344139952125,0.9769328871653397,11871.69388192624,13598.897130812742,30681.755000999277,35459.15513628704,824.1376975733717,
2024-06-04,0.01898865833317099,0.9768758679827799,7210.955662650711,7812.57426862468,18499.47946146627,21371.783146952534,251.7147586470261,
2024-06-05,0.01872692921994627,0.9768474107468976,10521.16860038733,11056.469383701064,26742.94784932495,30799.933040442367,3944.919899440719,
2024-06-06,0.018726929230478726,0.9768474107475774,7201.856097907743,7816.128718092281,18791.608322305063,21972.126957415167,-156.55978408528506,
2024-06-07,0.01879989436901952,0.9767650232110137,7184.365142845624,7813.706116092741,18670.293244450248,21916.583292189807,812.4445099956889,
2024-06-10,0.018799894372774302,0.9767650232112571,7083.552578745944,7661.0762115326215,18335.47997941296,21459.940688397004,-1934.6974022476154,
2024-06-11,0.01905180249557644,0.97666143934426,7597.329987831785,8186.53246620968,20716.323483496457,23788.92852127938,7106.989540936909,
2024-06-12,0.015486801167184918,0.9792889713750975,18998.192806114228,20413.527234630164,40153.53092701175,44258.80821756157,6580.524682563579,
2024-06-13,0.014238305460142557,0.9798136667862668,11485.159428865682,13036.44794628823,30448.11888321422,34937.578817755304,2263.2588446683903,
2024-06-14,0.013878701379107206,0.9801482550223797,6979.203046192457,7729.723021881999,18554.549304640215,21837.58910249306,-1878.9239227357355,
2024-06-17,0.013663466027183619,0.9803667547930941,7451.753015505039,8151.114877737444,19627.775757645028,22701.779282401265,6069.633148085222,
2024-06-18,0.012722405232715974,0.9808807576895837,9398.50908226513,10790.536321290978,26036.915412754064,29747.457955655613,-1016.9143002408465,
2024-06-20,0.012722405240668389,0.9808807576899745,8284.453241107267,9209.181334641838,22256.70698079485,24981.83114864853,-3658.7462078512854,
2024-06-21,0.013858395417674975,0.9802493938180462,7929.883961761163,8348.016743553042,21123.73391244178,24823.44674944091,-1232.5739203864825,
2024-06-24,0.012699170632926745,0.9806138556890927,7437.4096884050305,8175.465945926284,19345.714112000773,22302.909834762642,-600.6295328709937,
2024-06-25,0.012152735019730366,0.9807233053459877,9573.006799076138,10961.687638647787,25790.075940418294,29333.278507415092,2497.2813226601247,
2024-06-26,0.011353075398075575,0.9811568122363725,7217.232421326226,7962.139291745332,19196.72007011453,22039.456418677815,4333.074920824246,
2024-06-27,0.010670565551622942,0.9816810713730272,8103.056485530015,8804.253676192127,21442.870081538014,25291.06716604128,884.7474062610894,
2024-06-28,0.007883195602746047,0.9818166023517577,11784.567260356704,12920.637243599629,28936.56913798076,32458.407453482036,-2767.195518253507,
2024-07-01,0.0077096088522901896,0.9817356117194687,8535.501138770018,9198.19456589129,22537.374092653008,26140.183082453812,6204.0117188017275,
2024-07-02,0.008288612334332866,0.9821362781209264,7528.963021766052,9082.79675328032,22010.061170715304,25649.349871651357,7762.467965259908,
2024-07-03,0.0053743206518428585,0.9813848471735692,7892.609149538839,8641.39595478075,21724.050755509626,25374.600860343602,5086.768596908354,
2024-07-05,0.006407565178651588,0.9812140865999146,7965.95676555586,9100.50902455857,21373.972761302906,24689.172449237998,4936.18190484747,
2024-07-08,0.006492177119176395,0.9809792308782966,8632.386729942202,9568.099460105332,24068.470655403522,27728.615440271857,1308.541603093076,
2024-07-09,0.007199437503552768,0.9811328965523689,7681.748937916247,8607.545473926837,21091.533381606376,24889.84094908631,2526.8811208542174,
2024-07-10,0.007079008209422668,0.9809313959235602,7994.507142800561,8978.343323990232,22644.31911053336,26019.240379924424,5185.936696041246,
2024-07-11,0.007564012620858608,0.9812462412617806,8367.091025469394,9165.408893670108,22237.102339666086,26050.83479308568,-9651.118272106474,
2024-07-12,0.00961935202538217,0.9801792728257277,10261.429216019695,10414.909060721657,25241.3363813559,28412.229520574583,4475.681928423391,
2024-07-15,0.010204806517532868,0.9788137308812114,9181.564501379162,9446.826693941832,22015.201321599026,25271.444645353306,3610.418525985384,
2024-07-16,0.01023987136045245,0.9785900250391281,9612.486447251706,9823.360978484063,23717.11997801019,27368.116083634955,2800.6943372276637,
2024-07-17,0.010866958699908317,0.9778951469109042,8833.528948009038,9144.122957055582,21496.92434960823,24716.339190801238,-8541.910898127133,
2024-07-18,0.010922439459789931,0.9765261737603662,11688.37942444199,11776.678221146773,28838.022401079197,33010.77345417743,-4388.287943564544,
2024-07-19,0.012400022694410276,0.9760698183800357,10682.567788090151,10916.948072629051,25787.40376756841,30003.781666833045,-3936.736298436546,
2024-07-22,0.012606672829302367,0.9751745465565527,9983.531438832935,10221.746153690916,23529.85460732726,27650.14210397412,5278.698786112582,
2024-07-23,0.03421388384567992,0.22288176442354446,9564.174509211633,9880.158360994457,21110.638758217036,24556.290414132687,-942.3355699560701,
2024-07-24,0.035871313915118164,0.22897692791572405,9524.735810539565,9869.271485249334,21711.227319317495,24760.04538171527,-15789.894297596962,
2024-07-25,0.036507069933153995,0.3530045769073699,13197.206872524252,14033.115966968799,32094.062444046886,37160.68433906581,-1066.0289650213526,
2024-07-26,0.036460752895605464,0.3412534807730873,11203.46708851042,13678.101070430992,25720.608171428077,29757.017280068725,3144.489625198447,
2024-07-29,0.03671507495986509,0.3314706133419105,9592.755191628356,11409.710304385444,22684.75140390116,26243.965543258862,2835.614342573883,
2024-07-30,0.03677236093913121,0.29958277001984474,10426.021738237765,12363.659762745987,22203.199324862886,25694.43015361559,-2984.4830613738823,
2024-07-31,0.03717942838866216,0.31091668813014134,10737.89763664231,12526.979994283376,23569.049031769817,27652.43011846756,7840.379639750066,
2024-08-01,0.036790456360937064,0.3268766882117259,10568.703715195685,13011.175226805666,25364.317639944522,29327.39528060384,-8704.90248798944,
2024-08-02,0.04165842996563187,0.31223762575207176,11681.988548545007,14242.113515230827,28077.88040690244,32874.262779982244,-6116.095356561526,
2024-08-05,0.03913591293902988,0.3012549765565012,10905.198919777426,13837.18194899132,25552.225391525084,30119.69293220785,-15092.26654118731,
2024-08-06,0.01309292225626801,0.9700669414411413,17200.606122747988,21023.967299172633,41989.41179126897,48193.548115109115,2030.9054106461633,
2024-08-07,0.013648424251537753,0.970516526271721,12541.838258123971,15382.966434487184,29322.572562226404,34309.43211355856,-2526.5388051422415,
2024-08-08,0.0151525775817072,0.9709424723516209,14147.303674354112,17215.39096918034,33630.81427012484,38971.44564055476,9177.325450829274,
2024-08-09,0.016339728852781753,0.9704604547897127,12391.960779004427,15333.533910869715,29286.1167704358,34129.30798797103,2942.8806681203523,
2024-08-12,0.016813358127791896,0.9694318243302208,11559.821259075412,14145.078308209775,28469.999518958834,33212.629660616934,151.00321397375822,
2024-08-13,0.01767209422119228,0.9684634687561782,11082.358338692518,13638.633611974565,26650.683434451137,31576.094894036207,8461.086073676071,
2024-08-14,0.019256364802394756,0.9676087894665227,10701.95340277442,13592.118731228371,27108.252308357292,32549.761622894974,-31.39818876946407,
2024-08-15,0.018222394615561646,0.9684705218400298,9601.95688221609,13316.234439519536,23807.67287920836,28158.818490466503,8474.81506537159,
2024-08-16,0.01822246565090088,0.9684705285280364,10146.05198888035,12574.308451037652,25639.37722490484,29846.883797816186,1615.3225709388787,
2024-08-19,0.019099477266034778,0.967621854704483,9069.794477693813,10833.973493766907,24330.932715877818,27790.92928658789,3953.168348263139,
2024-08-20,0.016901673077389594,0.9701182471034926,8870.63341903344,10474.21930157416,24150.069383641625,28453.350227381496,-573.7236649125236,
2024-08-21,0.017465866902792487,0.9696246301998969,9341.460784288101,11773.995250930462,24559.97936155396,28975.677043946413,1570.4391373171297,
2024-08-22,0.0177269631433505,0.9694061541505725,25237.63689861302,29904.464270731583,50176.46644094805,55171.77226165307,-5986.995294337274,
2024-08-23,0.016163851875278374,0.9709634572194799,10227.706796048964,12768.89623157839,27805.905985354024,31826.53411182966,6303.0180631599105,
2024-08-26,0.01695825239788551,0.9706301372467415,10694.94912310463,13524.645089129903,27526.17240002803,32040.412754578403,-2151.0652078671533,
2024-08-27,0.016741164707387887,0.9694070544113162,10598.218612723947,12992.758933421119,26697.819712376186,31029.232290446547,68.58866353961737,
2024-08-28,0.016821833487312265,0.9689074391962512,9416.091182311788,12158.446735698892,23996.143448159444,27835.046686113525,-3149.79765869398,
2024-08-29,0.017331101007005068,0.9686885058216673,10714.976267320506,13556.24647635298,27947.022990879985,32717.890463414173,1744.2017733293028,
2024-08-30,0.01680798800149812,0.9671089864806934,12401.110479903376,14931.851032573353,31497.8322591857,36611.490869220004,4008.4617010690845,
2024-09-03,0.016807988007128783,0.9671089864806511,11159.739012190763,13345.24695985613,28035.05543674675,33091.48712026115,-9803.164541788547,
2024-09-04,0.013095153645729486,0.968740824449965,12872.821240846793,16227.460948939286,37078.06056952577,42720.24108569503,370.1132557663462,
2024-09-05,0.013160859627491773,0.9677881103518249,28416.588286871727,32739.67647179186,55329.75574040009,61005.83812128766,2095.223153803381,
2024-09-06,0.013557781675059343,0.9682186523499695,20239.45563877759,24746.397067101327,46338.12843078371,53143.43066392942,-9454.61452749682,
2024-09-09,0.013615698419025105,0.9692077093830961,14847.570177587577,17323.97095643994,34886.47235934132,40076.17322272446,4300.51283997366,
2024-09-10,0.013961640971245652,0.9697701864521486,12932.472589155543,15460.621247484973,31177.07340392489,36595.15769147875,2820.488266097389,
2024-09-11,0.014284639767804358,0.9689363220628371,12418.613093304384,15432.175668733666,30693.859708314587,36287.076285578376,4605.937746602321,
2024-09-12,0.014261421006738698,0.9688974554464559,11392.133402991067,13980.57753582644,28212.02928738731,33822.60542521374,2479.330016176793,
2024-09-13,0.014187108298968246,0.9688046472661176,10941.802154161243,13502.208489077553,27996.040002857335,32778.23334855702,1478.026126993071,
2024-09-16,0.014290869522380317,0.9692981596854676,24291.80985525592,28578.040184841633,49472.076480528835,55147.00529052704,-3440.132236645068,
2024-09-17,0.013337798309080417,0.9666730485087687,11515.1594529057,14375.801268645037,29921.197589736836,35370.16663156617,528.950305883981,
2024-09-18,0.013468082890758539,0.9674683988221912,9762.616456011143,12378.860699087561,25811.6730249166,30080.363754118727,995.6806690477114,
2024-09-19,0.013753849120672013,0.965518489364606,10871.875442732313,13191.397640012865,26889.765504679806,31865.773813024174,12232.926664768102,
2024-09-20,0.01391016782779384,0.9716737498827981,11811.073319392213,14493.350801897463,31670.77877322122,36774.96724355524,-2032.0557138089628,
2024-09-23,0.014390577091451738,0.9719129716920524,10257.647839696136,12650.007429539379,27725.099407598645,32610.47049848537,2304.2827594134683,
2024-09-24,0.014245644411101465,0.9709875592983211,11113.254092906871,13700.589883111823,29527.876761074796,33752.10091967123,2029.0630242570883,
2024-09-25,0.014579098745403585,0.9712730247809397,10239.304271692205,12895.292092791382,27628.461183670872,31347.390548458985,-480.4206193722063,
2024-09-26,0.01469688948162321,0.9713696859257869,10756.73830001227,13311.186989304648,29503.186539733735,33913.64512488356,1168.5618092911006,
2024-09-27,0.014109192391723327,0.9710516505949615,10388.358113059543,13191.48208511931,27057.53840468181,31697.901500325137,1031.0809796178346,
2024-09-30,0.014109192394820686,0.9710516505952209,10642.141489688618,12967.528033025346,26943.388096943705,31808.773883074784,4056.7269241537615,
2024-10-01,0.014323614916111088,0.9706455401972731,10638.870864770328,13216.399723693532,28150.735794605574,32767.961770483093,-6811.50132145246,
2024-10-02,0.014560469458365293,0.9709041257085285,12343.570611959774,15482.314491787089,32423.53043423597,38064.052586998136,-1488.5428941695084,
2024-10-03,0.014650735606022262,0.9706743438711177,11366.619149006014,14466.13067717364,29310.170379120507,34599.038057439735,-2719.3280095469527,
2024-10-04,0.015013873171177543,0.971042572766575,11264.295947243168,14129.873143765783,28861.67830376162,34245.5527509836,5024.230081740961,
2024-10-07,0.015169322582872489,0.9719559024500573,11113.521457688754,13509.699996555895,29473.810792891407,35080.36161394673,-7177.96394995433,
2024-10-08,0.015595181161597995,0.9728884314361238,12855.910544366785,15181.373101464453,33409.049745997094,38519.1686295167,5543.443081946494,
2024-10-09,0.015595225335570817,0.9728884348705095,14779.74963168452,18296.496129073686,38486.7551753206,45876.45451373338,3238.7236643390206,
2024-10-10,0.015382412122177372,0.9727912887631439,10794.269684860874,13611.919600422269,28712.29477362169,33683.04239165102,-1309.6842212265462,
2024-10-11,0.01580067953602605,0.9730149368570798,10493.817108688721,13171.546060342316,26949.45048994382,31975.2555404718,-3213.9220953540876,
2024-10-14,0.012885019717439652,0.9678735600806323,9858.487145951258,12871.196974610248,26694.265686740087,31587.22639688891,4392.817134745979,
2024-10-15,0.013274738910237427,0.9681838655361261,9713.122027852203,12396.908128857938,25789.022931614025,30679.626417993113,-878.025826888909,
2024-10-16,0.012576020351378475,0.9665217594933483,10290.86023398083,13039.305063054304,26895.362458609572,32180.431622983433,683.6382571180405,
2024-10-17,0.012642135832276049,0.9666048286074163,9984.12938599892,12885.116944991789,26368.79324001009,31280.105838396383,46.202964596169096,
2024-10-18,0.012546923829607953,0.9676325457048355,9645.339617416466,12462.243019629392,26039.407278724062,31070.99554912859,2547.90526217888,
2024-10-21,0.012505390981386264,0.9689762016513102,10077.078839575468,12659.556522561083,26513.87524771828,31157.259837869442,-168.4106025911953,
2024-10-22,0.012030815023586707,0.9704735392808118,10079.821639556118,12405.132426668544,26080.68107595104,30442.29510556443,-626.0028956358551,
2024-10-23,0.01163805531345016,0.9717296375700971,10269.366104776014,13359.49031155591,25693.83236171263,30272.20026531877,-6111.166129226948,
2024-10-24,0.011706977764522584,0.9730369950003281,12743.520556680573,15325.203322621694,31624.10201386532,37264.36374709538,9950.896069770433,
2024-10-25,0.01467617681124711,0.9508904170325794,11520.117812335719,14118.947220790911,28905.04972976584,34488.40086189961,2084.8207749882713,
2024-10-28,0.014351949562839804,0.9512263269024274,20563.92897689181,25024.976085609742,44344.42242853678,51297.01868545526,421.63985136935605,
2024-10-29,0.013891458367613655,0.9511439717188721,11557.227878203043,14263.365252286962,29462.174186626955,34733.13527041544,4.4358156049163,
2024-10-30,0.01388410044392197,0.9517406458408206,30752.78369488749,35483.34297532017,55182.63254048349,60837.668701967,-3144.0726932850985,
2024-10-31,0.014628473919341113,0.9488176970323012,11694.01012534933,14597.880155945315,29767.678855622966,35462.02508298333,-9064.960281097463,
2024-11-01,0.014116127378463673,0.9508786352647349,13823.543821413188,16784.22496302771,33610.798906962795,39029.07615662106,-502.92649552206296,
2024-11-04,0.01381486210524505,0.9511584241955368,13148.112513408676,15629.745658643642,30893.53072353113,38020.14561864965,-2492.2655174472684,
2024-11-05,0.013415629621056012,0.9518891791974252,13330.329791490154,16335.16443049599,32132.45360868471,38022.18762654799,5961.491517753279,
2024-11-06,0.01315640287059947,0.9533139778953905,11703.023524457178,14766.864747861706,29544.372011004518,34482.551377812546,14428.2363788,
2024-11-07,0.013752305628622511,0.949861607773309,11090.82732059927,13008.23946591807,26642.166743759914,31405.07180346868,6271.664463972995,
2024-11-08,0.013263159907865611,0.9524238601327605,10887.149184559928,12676.615224574485,29052.038543973846,34707.92217572351,5755.2004142076385,
2024-11-11,0.014285220241166461,0.9504352509929413,10955.15960930016,13427.465500471135,27451.317948644388,31810.907124481233,4720.727351605885,
2024-11-12,0.01573000471424498,0.9479558674954728,13908.123633177564,17095.86076499616,33479.414741440094,38803.22680201319,-5202.142334742501,
2024-11-13,0.01564153991492679,0.9482421387396596,21742.29963429035,26115.187783683614,46523.16221152636,54422.1217297472,866.5629403607892,
2024-11-14,0.015783948610424963,0.9482631204149277,18589.8872970197,23658.583811848122,48298.732061245355,55141.5302348084,-4102.228340680025,
2024-11-15,0.01674562121210484,0.9457284505974765,12633.878052391281,14643.048441194009,31603.755035549846,36073.744749588135,-3623.1527713245728,
2024-11-18,0.015045705622891429,0.9498960740846002,37435.8266509771,41866.83141725991,78256.75556955655,88775.1941530318,6289.300201764045,
2024-11-19,0.015220412216336836,0.9499258793916863,14081.032094533473,17357.717078558002,34825.69874013726,40189.8470233299,2762.315133256685,
2024-11-20,0.015211598556962554,0.9504970778687554,12807.570368454608,15582.155591115124,32160.29052978373,37865.96709934029,-433.46160991566614,
2024-11-21,0.015211598557180869,0.9504970778688002,13027.758837566347,15766.231047810934,31704.022511157356,38367.67396347779,861.9838777048916,
2024-11-22,0.01526334550541587,0.9498923764948162,14006.127272584275,17418.621033657797,35379.9356186415,41157.1497345959,4310.446990413827,
2024-11-25,0.015147558876388276,0.9504245488794976,12678.768703574358,15396.332293645944,31240.838870326577,37948.1925755586,-412.36088787091444,
2024-11-26,0.015693764288797422,0.9502959260307955,12921.277890936239,15644.87174130865,29813.192137533293,35570.95854895793,2737.9026707648245,
2024-11-27,0.015615415202026155,0.9509196944021999,13320.44176558811,16116.672601401982,33335.66811363299,39199.196323590964,-2286.3973554147724,
2024-11-29,0.015615415202861726,0.9509196944023295,12154.40340676199,14637.630710007279,30252.25609194959,35509.699023520334,5353.4576201904965,
2024-12-02,0.015310276001293983,0.9521302796631362,12707.750215059998,15043.171408035067,31095.239691350725,36565.395206860136,4270.150215129499,
2024-12-03,0.015218585077082094,0.9519135018179321,12650.177559684733,14545.45035670287,31988.294913798072,37879.71060462094,524.1427985612579,
2024-12-04,0.015603786046880534,0.9514327749749202,12979.609602614019,15609.995246659391,32252.45716669467,37890.70259357529,3323.9022444058296,
2024-12-05,0.01562915182732436,0.9516371693983741,11818.967121654536,14693.187239568972,30090.406780631383,35644.9438008211,1772.0831321128724,
2024-12-06,0.015637234963186208,0.9512186496568117,12247.410480931458,14849.191237419755,32539.90826884676,38379.10622792138,4633.358121024561,
2024-12-09,0.015734619951169166,0.9517972644942564,12574.264509082193,15831.895555116804,31682.662968368688,36946.16501931442,194.23010920405503,
2024-12-10,0.016113742940642634,0.9486604426988313,29064.577150160778,34325.72626612391,62240.36963981461,70198.71149796789,1867.8260382076464,
2024-12-11,0.01597553406574939,0.9488354183685382,13528.592964645286,16395.15905289126,35073.66083104089,40362.73258078309,6621.769280994698,
2024-12-12,0.017171339834894266,0.9473302113703411,36144.62497148297,42287.62765750875,72807.5586699604,79595.28350639601,-2260.112118121984,
2024-12-13,0.017557184346540203,0.9456114276043714,14368.468636920457,17660.66483996542,36047.32945276723,42075.5199749467,3731.896684833835,
2024-12-16,0.017048665759085327,0.946984712697482,31517.521192809974,38649.056312069006,67234.3070881955,75770.60912994399,8007.793871957701,
2024-12-17,0.01661408481257252,0.9485890525505735,14827.752515528655,18373.56191855771,38383.730192352115,44521.05745066427,3440.539357984029,
2024-12-18,0.01680587963778938,0.9461589462162784,19384.616193798316,23955.762664193247,46770.07065001998,54111.92273743962,-19671.991502968893,
2024-12-19,0.016853769707532208,0.9456509323363228,19775.267272343885,23627.262329581936,51969.81029242181,60673.03245119069,-184.2911400625519,
2024-12-20,0.016796422156266096,0.9465908393639088,18523.257604739236,23375.79332816647,45097.13696941218,54173.9911524241,2496.2033117306596,
2024-12-23,0.016385604344647458,0.9499378128002359,18349.95840153428,21945.86952274352,43397.69351265951,51726.54088292107,4480.012024618436,
2024-12-24,0.016385604346265188,0.9499378128004929,18347.918212510813,21123.33217035443,42928.869813631456,49758.184478178046,11157.773716269727,
2024-12-26,0.01632948265218475,0.950108113543882,17099.78634303348,19827.775955371504,41598.50263830064,48553.233533009676,-1356.7301862916577,
2024-12-27,0.01639161564377016,0.9503894457191527,16611.767248200333,19603.507997684464,38856.64334227441,46553.40276861985,-9589.333098955003,
2024-12-30,0.01653716432590474,0.9498419555543481,17886.65657260128,21251.82832137732,43223.18640015263,51318.769564070535,-7768.671699095592,
2024-12-31,0.016779991079935528,0.9488992722186385,16931.643035400513,17448.348086217444,34531.23240570319,41186.99098182398,-4892.991701487508,
2025-01-02,0.015857298053737128,0.9510986578742034,18184.71649625849,21946.376288011947,41287.3467332414,49836.22999358806,-8887.449045024696,
2025-01-03,0.015382454240762932,0.9490666283143007,20203.400181091372,22373.247852455002,44936.030650235036,53246.65339195817,9736.939708634758,
2025-01-06,0.014942687893956204,0.9527312224146066,16295.096968987222,19517.390154522123,39822.02173747822,46313.27275988389,2591.043267244354,
2025-01-07,0.01497892958637429,0.9525530246841373,23744.751582321147,27968.194714486257,56698.45463024672,65516.77117459695,-8081.6172605953125,
2025-01-08,0.015056234623297002,0.9523027624167933,17573.179200228435,21168.485150342847,41378.6651331289,49312.86698591306,823.6405283497929,
2025-01-10,0.01493504617756029,0.9529010336402661,16071.593967159766,20108.800831299617,39198.46745715183,47027.153446383534,-7532.933957078252,
2025-01-13,0.014703824887534647,0.9544002165012194,20271.808693017778,23360.91407805075,46105.96089721952,54355.363969436425,962.7165738608458,
2025-01-14,0.014504424407550983,0.9552505987992324,17820.90101330986,21567.391957960055,42838.24100300205,50528.20728779621,-1624.1641172489553,
2025-01-15,0.014572884489748665,0.9547810297726174,16996.21834711436,20361.310336107712,41152.6118302237,49088.02090529645,14073.103271829368,
2025-01-16,0.014572884490463447,0.9547810297727181,17023.806532970568,19962.28676266258,41188.58334846746,48711.80557179339,-8331.512547435155,
2025-01-17,0.013735855186604707,0.955560456582061,17833.117485739225,20649.02251008157,44696.971850697715,51299.626659037385,6385.293206003127,
2025-01-21,0.013899425404773848,0.955581462209393,16069.726176144575,18302.76660727302,39795.78464102818,47027.65113794364,-1521.434782397717,
2025-01-22,0.012180064337614626,0.9583642148582654,21723.904966639082,26261.55574060226,53010.76132141014,60263.93083176373,649.6605029249318,
2025-01-23,0.010880963544854813,0.9610494282833915,13995.28253395422,16443.532688197432,35582.92507133507,41416.47481646088,985.38468664945,
2025-01-24,0.010738474891281996,0.9610747248195399,13125.686525849414,15521.347335563616,35104.795594689494,39818.45035566933,-2482.702564208958,
2025-01-27,0.01073847489147533,0.9610747248195726,13613.485950288014,16186.480541490995,35293.01941027264,40939.95249501219,-2819.1357367023593,
2025-01-28,0.014870755617959017,0.9522590373804352,15520.822395105084,18219.65995510079,40824.73840940508,47692.98171281542,7161.283822891398,
2025-01-29,0.019378555418637575,0.9340786720205364,15385.811069372268,18581.49650970145,40549.91554552567,47323.054960341964,-2683.4904546951193,
2025-01-30,0.019477486144549715,0.9341997260205005,14592.979542963396,18203.400132168266,37985.42618525769,44715.0618808164,2963.5300373954506,
2025-01-31,0.019480747666187403,0.9351602934455886,13480.366106002304,16952.488711401507,37886.2176518356,44213.63955719853,-1459.618148046697,
2025-02-03,0.018969829334337003,0.9355496829645832,15023.72699573799,17734.273579821045,37663.955647289804,44151.677787255605,-10504.473209879834,
2025-02-04,0.018768461011773197,0.9365368940418933,16195.823653842133,19759.23902862568,41828.564656375616,48042.24011060143,6279.979345641803,
2025-02-05,0.018554436041238808,0.9366312438349932,15483.041692798748,18793.06471323007,39785.90370187794,46670.38786773567,-1808.0599051045822,
2025-02-06,0.01871968022584832,0.9340325731716083,13951.55761923502,17235.85343831653,36199.67521037526,42681.222794810834,706.5433725599231,
2025-02-07,0.01849880698000877,0.9341986467485638,14114.128541400625,17217.056693993825,35220.425722249405,41537.1564739334,-8232.533315390654,
2025-02-10,0.018206723049942503,0.9337403644327731,15898.08073132068,18782.09040168142,39423.69938324282,45851.9758879187,-154.44641622815493,
2025-02-11,0.018067607642681657,0.9327794107093,13597.209979689347,16297.657693040228,35855.19704631055,41947.39391521227,-1886.8588712265048,
2025-02-12,0.01772834420258829,0.9329796392084592,15492.104430637039,17145.077956859383,36906.75948342261,44323.90591843261,2907.567800539635,
2025-02-13,0.017485262277625088,0.9352423770920814,15001.790320185686,17986.18516621367,37565.55881038838,43317.90741235187,9399.71260026767,
2025-02-14,0.017133415190107328,0.9349967528182628,15432.475241667064,18212.516806256157,39173.80633003648,44858.2121677592,1491.6083911625171,
2025-02-18,0.017394550944965073,0.9342234862582968,14609.812836039491,17305.538465926595,36322.909474430984,43017.05263758508,335.84117764838714,
2025-02-19,0.017218447202642664,0.9337100151359762,13344.485122348497,16519.251523044608,34251.69348545471,40146.052960508474,2227.451300853843,
2025-02-20,0.017218447203381358,0.9337100151361363,13609.815998585043,16355.483244968838,34140.580968813796,40077.55098402155,-2093.8726130710024,
2025-02-21,0.01719060894226151,0.9350515022283638,14054.88632675804,16818.585051540384,36490.78284134204,44015.340262476864,-8709.11017231667,
2025-02-24,0.017577764968915194,0.9382619161777511,15502.987645662988,18665.53225132514,40476.14449763551,47289.166475629645,-2185.8026668570915,
2025-02-25,0.017790496261307347,0.9380960075297807,16041.861033187743,19173.516506986674,39869.70491890906,46704.85932610715,-7013.537672867092,
2025-02-26,0.01777323261077483,0.9361675053282116,15719.702499117893,19036.13623401646,40768.4517045586,48718.6756118557,-5712.94345095362,
2025-02-27,0.017718709979983326,0.9384563911446913,17191.04967124151,19712.895157115036,43477.63865899839,51071.59824277077,-8046.164864913113,
2025-02-28,0.01823806706234291,0.935516979975566,17286.70664742152,21935.793853484764,43623.064344657716,52199.21022282751,9147.839730376501,
2025-03-03,0.01827449057811134,0.9343732828371708,17612.987313224734,19833.40291517987,42764.22208214469,49258.65780004091,-8832.808437475655,
2025-03-04,0.018536043195617705,0.9323882848030084,18106.147326822735,21132.29973554329,43395.61440374092,49891.082309544814,-7177.774785911622,
2025-03-05,0.01868100365179327,0.9307444539847908,18630.891658364042,21442.089552893307,46345.23768196944,53719.08098713937,4560.6824836405385,
2025-03-06,0.018514703945466573,0.9292448879605386,16993.71788640286,19846.715307612172,40437.25884947798,47187.137373810925,-8576.462947629263,
2025-03-07,0.01895841601833174,0.9268020454793675,18308.711624502048,21198.518930454724,43822.485683961524,51416.75465382996,3299.5192539520626,
2025-03-10,0.0194213503208268,0.9310236636151997,18617.200781814856,20901.950169826738,44468.085400697855,51884.859683864306,-21758.729415274956,
2025-03-11,0.019313084898395474,0.9315961784809792,23298.3196342311,25263.20998635115,52265.86656106394,61234.545059943994,-3745.5956223363983,
2025-03-12,0.017095507566499423,0.9339820151909884,24313.553322584892,24963.746762479474,50020.15606626073,58838.21881712685,2971.5575122082664,
2025-03-13,0.015465842191315412,0.936089564925882,23302.63401260365,24551.111452511424,48845.26445432652,56785.338975184524,-9040.595158020376,
2025-03-14,0.01579536653391122,0.934640085215333,24189.28372239715,25146.38784016934,51521.4234442424,61471.72494508212,9667.232857953217,
2025-03-17,0.016440104624195626,0.9320323299006464,20623.62555638325,22245.62264941474,43947.46854535049,51577.088575100905,-344.452781605597,
2025-03-18,0.01628327004177839,0.9271245245342293,18704.357704288603,20584.454234582834,41330.613965586344,48068.160503581006,-6244.894214656449,
2025-03-19,0.01594286417229264,0.929224583192366,19963.035241528116,21412.429020409276,43692.12153668085,50897.49602004171,6440.750586724501,
2025-03-20,0.016511327736556336,0.9276202059583323,18501.281725878394,20787.62569809231,41314.96469830542,47366.10445403475,-1110.372845172669,
2025-03-21,0.017043437389044666,0.9261198038335897,18002.96286027526,20062.718449926295,39959.79678101136,46711.76378862735,4827.266621357191,
2025-03-24,0.016744857117255253,0.9270558774803356,18516.803443999954,21052.82803164158,42469.78807765475,49729.66657806039,12222.499361912262,
2025-03-25,0.01849378796907721,0.9279971119916643,17026.55697947047,20068.389974331887,43055.78276936277,50112.19395716206,3928.6354368392344,
2025-03-26,0.020800177466652234,0.9027849864996976,16646.103248993495,20414.123534464146,42308.3457944154,49087.22756319432,-7579.268411510631,
2025-03-27,0.021182302878915246,0.9047968492602262,18097.656126538128,21141.229973641755,44186.66021602937,50376.61058043399,427.88650100130036,
2025-03-28,0.021204994833244818,0.9053786051122442,21742.314909364984,22106.10479603882,44947.243609581645,51681.53505305587,-10535.23765849771,
2025-03-31,0.022021979042841953,0.8967434243048131,21105.44365139857,23537.00390289624,51711.05299487221,59395.7732952315,2777.547241527409,
2025-04-01,0.021808326873115312,0.9009392004287587,18905.06240540681,20826.014392331534,45182.553019939354,52906.245975905855,3468.0991634702223,
2025-04-02,0.022729607476449004,0.8934026726280071,17862.830362979206,19998.158492235438,43550.09024034424,50111.28515279232,5132.984073290572,
2025-04-03,0.02285242119205878,0.8954342912631801,17258.941982096134,19933.288342612563,41878.489219648545,48867.20089100979,-27218.594820607967,
2025-04-04,0.03626327208244711,0.8022055287568985,32151.538343826192,32173.279794588605,67164.94447490458,78483.73421386156,-29189.43560709375,
2025-04-07,0.040388605555838994,0.7948157426740995,36572.77403755056,42424.42110009124,74887.91465713373,86450.17825418402,-5288.108480273995,
2025-04-08,0.02077257524152173,0.8824587238849555,52898.29234055018,66071.20508692632,111505.640226447,123611.7474176658,-10814.133678797036,
2025-04-09,0.021690571295821675,0.7661354390587397,36402.53707519572,45429.53183565697,75359.2960669562,88561.94766273344,47194.26883699597,
2025-04-10,0.02652198818230886,0.7511041003522366,36548.72372163135,45145.23784848212,74254.30875181872,84323.38445308992,-17681.28882542486,
2025-04-11,0.02799107234551616,0.7146782657288724,40763.22963124778,50355.225220346176,82912.27990648129,94949.69306876049,8627.904108392626,
2025-04-14,0.027305724316399424,0.7498544820970116,34959.95287235863,43732.61430966156,72846.3146963999,85397.49388044373,4329.643883189145,
2025-04-15,0.024124379348252768,0.8006943738844565,31044.519950445083,37591.21898672439,65602.65769941511,73885.61018702193,-303.7224367705232,
2025-04-16,0.025531773229496783,0.7972734909518998,25163.99991406293,29915.043481042245,52555.41919174573,60426.505826471206,-12531.194760963885,
2025-04-17,0.02069822532776805,0.8928468471260527,31857.399757345447,39426.44738427025,64399.33279011359,74829.19562067585,1668.3425260416393,
2025-04-21,0.021155758316199688,0.8921037198030891,29218.26338266195,35848.519913354896,69079.38025062697,81276.90420366538,-10952.905016570323,
2025-04-22,0.021036078241499834,0.8997751281195153,30902.461162277796,37326.31221684623,77259.28169626875,89681.6441000175,11903.505026544819,
2025-04-23,0.020978992669327425,0.9078543458171842,28304.499952208935,33878.05760388182,69255.45303643627,79600.37863229967,9424.87252800168,
2025-04-24,0.02129681643605247,0.9142971531559227,27118.311809123887,31586.636018827245,62039.293065549435,72282.24554796006,9116.171550157263,
2025-04-25,0.020016317775519772,0.9194855517457146,21486.89184193636,25934.887063400558,55573.18364873259,64296.69895772191,7608.550650995399,
2025-04-28,0.019570945265381216,0.9212875426447295,23747.29026554183,26635.50676316096,51985.00329924572,59609.26398038108,794.5044108107986,
2025-04-29,0.016536657994341956,0.9334193914835458,22725.366907199288,25107.470456487074,50433.745484145904,57657.172725957826,3383.0377773108085,
2025-04-30,0.011732212009600708,0.9466918207390598,21703.89194176539,23541.38833393985,46526.74098155358,55000.610270327415,-931.3842552819625,
2025-05-01,0.010469266544375862,0.950134197710622,20010.352017806865,21585.27837465446,42349.9782354416,50862.57717210511,1839.2215003720858,
2025-05-02,0.012093837368007999,0.9482298100743127,17968.429844136317,19699.8010430341,39074.308034041096,46247.19119149553,1507.534493234252,
2025-05-05,0.005971571298669651,1e-06,21068.320909165264,23803.38579852272,47403.640571721335,54249.456470455116,-6447.652688897777,
2025-05-06,0.0003535081609747816,1e-06,46023.03399908085,48908.75401936155,84073.76224541604,94435.68152482604,-3359.6200297427386,
2025-05-07,0.0027732637345058994,1e-06,38643.91757922966,38990.59895865059,70412.99054017376,81226.56636884663,269.07660917156056,
2025-05-08,0.0009969872688025778,1e-06,21968.49950247097,25071.883906020485,50056.262700958716,57236.05026088428,3990.0047089262857,
2025-05-09,0.0014312953344107393,1e-06,21462.31661207968,23920.63912920811,47595.8052679016,57939.565646845775,3024.3942697695074,
2025-05-12,0.0013001364897177487,1e-06,18029.934271734328,21270.45874105542,43531.89233524822,49628.34054742874,19420.847069767835,
2025-05-13,0.001268788866294415,1e-06,19726.27618619004,21434.30543154895,42649.28423668206,48941.58597034585,6352.297280875097,
2025-05-14,0.001687107114161119,1e-06,34234.111552310664,42560.60795056851,70811.8064216225,79121.17937295107,2743.589469531017,
2025-05-15,0.001449004692173219,1e-06,51324.463953905375,59864.50971918923,85559.35958426738,91282.44628956067,-197.93026708573998,
2025-05-16,0.0015914487866936706,1e-06,19383.50937255308,20734.055654898973,40658.045129133774,45889.531320918984,3425.149602921635,
2025-05-19,0.003896731958153008,1e-06,19283.62290460277,20297.18025223009,39753.247836639006,45647.10746453944,-2566.5094079135497,
2025-05-20,0.004656261393285527,1e-06,28428.124471686515,33323.340494052914,69954.45386690077,82435.11217354964,-1770.709939618579,
2025-05-21,0.004529774314512997,1e-06,25480.74464420889,30026.247649816763,59125.41118917113,68062.11763895069,-9041.17970684105,
2025-05-22,0.004566669630443106,1e-06,34379.678480240786,41386.11501086679,86779.83021189144,98651.73791088317,798.3951124633046,
2025-05-23,0.004788689322457473,1e-06,25338.150987290315,28849.252892856286,60583.88813256642,70377.4911706423,-5349.637832117269,
2025-05-27,0.004873932732464918,1e-06,26260.909790149122,30395.866015508072,61637.4938872902,71602.43179690726,13167.499391223926,
2025-05-28,0.004832029718595447,1e-06,36070.67172567005,43641.58092317107,91294.41650170616,105006.6025275549,-2756.4991539952107,
2025-05-29,0.004818759027481727,1e-06,24245.97672586942,26990.082614384955,52057.780810912,59099.562915970164,1257.819062939805,
2025-05-30,0.004539014639948672,1e-06,23508.27897670663,25626.602243820427,51149.25357224609,59718.823376237444,-1986.1955748792243,
2025-06-02,0.004558576225493315,1e-06,22589.62340493573,24779.52884794173,48796.220620701584,57666.475778286855,880.9745603277918,
2025-06-03,0.004270107790159978,1e-06,21721.183946335997,23973.13353812289,46630.81718319128,53880.62514575241,2828.7508552871377,
2025-06-04,0.004787818414386728,1e-06,20839.697540092176,22715.252752417706,44580.428658677156,52427.51115218143,-2664.555228906664,
2025-06-05,0.004810826532019806,1e-06,20719.552008997074,22315.664192483153,45149.233947096734,51860.320354125855,-12212.412640964942,
2025-06-06,0.005717355515242452,1e-06,22106.77766502013,24636.85922445407,47379.4816320308,55069.33234539404,6811.145164700948,
2025-06-09,0.005154263391807128,1e-06,21107.476047563257,22832.71265460542,44744.87244313022,51417.11805468531,1752.1050664439008,
2025-06-10,0.006047462415845196,1e-06,21601.166344224148,22974.056466390542,45968.01850935824,53719.66732987848,5788.651162794272,
2025-06-11,0.005846178609620508,1e-06,21383.07354872017,22231.68609571454,43565.42828994314,50354.97664178731,-2705.370827787644,
2025-06-12,0.0050801242572798815,1e-06,22147.82685447441,23685.230569837982,45764.24218533903,53280.168840447,-111.43969796438836,
2025-06-13,1e-06,1e-06,24660.59103077063,27928.335850079326,56183.754513598775,64934.111177668965,-3547.721664147496,
2025-06-16,1e-06,1e-06,25058.20987989334,28355.68531520796,56960.17250086906,66171.66609703295,4568.936208383942,
2025-06-17,1e-06,1e-06,21757.363176377345,23664.586397157094,47651.27750031951,54282.03953113586,-6489.815507844458,
2025-06-18,1e-06,1e-06,24780.81582742457,28834.581667551865,57518.166833804586,66338.48635807012,1525.370071390474,
2025-06-20,1e-06,1e-06,22562.664685772397,24825.597400515737,50816.09696084094,60143.98106756963,1577.0355416387795,
2025-06-23,1e-06,1e-06,14920.075800698438,17721.540603040816,38862.44039234603,45581.268211681025,8467.202443712235,
2025-06-24,1e-06,1e-06,48518.29973699704,54946.657269742616,110987.84568350851,129897.78274251884,1105.8504125406664,
2025-06-25,1e-06,1e-06,49332.23835163114,55715.27393233687,114738.47088123657,128790.20028011891,-1973.6954322857996,
2025-06-26,1e-06,1e-06,24281.100897690394,27404.064134184657,57726.73661141012,65584.40050615658,1812.6492915265967,
2025-06-27,1e-06,1e-06,19968.291168548076,20731.193246419018,43457.90755950117,50885.909117217234,1213.334145263291,
2025-06-30,1e-06,1e-06,23926.895194614102,26821.8692526978,54987.986824577136,64769.248112673245,2439.0848053095788,
2025-07-01,1e-06,1e-06,75064.63561612769,87795.22801792862,171867.52731250573,193496.62153794352,-2436.3248670180583,
2025-07-02,0.00023834376386921188,1e-06,47386.45287714627,54260.06712220589,112389.0465692646,130074.27131425115,6789.528322073214,
2025-07-03,1e-06,1e-06,20784.38700698989,22798.60917642481,48040.667538359005,56634.041360618656,3096.744233048227,
2025-07-07,1e-06,1e-06,28465.48349746784,33283.17525113344,71382.97269814926,83117.52474584994,-8581.636489471824,
2025-07-08,1e-06,1e-06,23135.531682553403,26312.820842905516,57871.21103488768,67496.48728657323,585.3704456366089,
2025-07-09,1e-06,1e-06,16931.58547718056,17803.60150292308,35998.759826750575,41122.6044745124,2067.438528098397,
2025-07-10,1e-06,1e-06,87203.6083896048,102905.42674036346,187555.9724600162,207982.29838611983,4310.915386681126,
2025-07-11,1e-06,1e-06,23026.38565320775,25888.743279758517,55980.716358490674,64648.59566333397,-929.7963754756663,
2025-07-14,1e-06,1e-06,23190.807893108173,26259.691310427446,55857.66473214677,65913.36085560927,-145.05184309732948,
2025-07-15,1e-06,1e-06,18560.8672225268,19717.261922758382,40762.209369324635,46286.076513525884,-2229.562509271468,
2025-07-16,1e-06,1e-06,18653.838383511153,19935.7889473767,41678.184183795725,48086.27900984139,3714.821562484244,
2025-07-17,1e-06,1e-06,18675.962748415084,19860.995293436546,39151.11263527969,44707.33265603477,1162.402636434742,
2025-07-18,1e-06,1e-06,18171.00955856444,19244.044465704486,38378.1985584485,44741.71943114404,2610.892233705849,
2025-07-21,1e-06,1e-06,18215.2348852053,18948.233222566952,39275.648384999266,45071.40459793266,857.4857821399248,
2025-07-22,1e-06,1e-06,17447.48114200325,18181.11145318101,36341.30612274469,41625.040428286164,1888.826385505137,
2025-07-23,1e-06,1e-06,56541.63601920536,64514.1408771353,129301.97298597738,148408.5380704517,2435.9842522893696,
2025-07-24,1e-06,1e-06,55920.97288964051,64771.87622327064,131005.74028316178,148323.82180993274,-5456.936564427793,
2025-07-25,1e-06,1e-06,16806.714411517438,17519.705389201434,33826.22557303261,39683.16120836264,3490.607320797789,
2025-07-28,1e-06,1e-06,16599.079715272044,17172.21695368718,33734.5595358551,38197.11112898646,2057.8514657912747,
2025-07-29,1e-06,1e-06,11869.79847732674,14648.961951204772,30143.20648951015,34990.504229657236,-3218.874988272235,
2025-07-30,1e-06,1e-06,32201.683285587897,38214.28166096934,78770.62519435139,90587.13639541969,-1942.0341994820708,
2025-07-31,1e-06,1e-06,22574.98602088967,26845.213364197985,54637.65967679111,63322.85757631159,-4082.8624928745376,
2025-08-01,1e-06,1e-06,38311.83340969974,45142.31313869662,90491.22931686504,102497.208406814,-8806.783286046964,
2025-08-04,1e-06,1e-06,34577.10930102108,40496.700860134624,84376.63589879264,98257.91384143017,6426.473944923522,
2025-08-05,1e-06,1e-06,17463.591763796347,21854.448847589687,43095.76551580752,50573.57603655167,-1864.5029678337532,
2025-08-06,1e-06,1e-06,34836.14378024439,42206.90260909639,82441.62835389994,95658.00365213492,9709.170750300069,
2025-08-07,1e-06,1e-06,21825.394625696867,25547.21443942256,51782.520901760334,60875.312707823614,3607.600912861072,
2025-08-08,0.002962507599559632,1e-06,16647.065389241645,19273.353962234392,38185.349185609215,44553.3357436342,8618.106254909784,
2025-08-11,0.006927348518477522,1e-06,15904.153896961765,19206.173505970055,36849.33631050261,42489.41179808197,0.3327922506661878,
2025-08-12,0.007600058366802943,1e-06,17037.066990359526,20873.010313396753,38935.44625864746,45768.79933407887,5221.530126843234,
2025-08-13,0.007476971219161212,1e-06,21239.052842180266,25333.035842677054,49978.77619707351,58692.75627200059,2588.010195604091,
2025-08-14,0.007309639351207263,1e-06,21075.735255838015,24852.224652892575,48428.64192555271,56735.61950513142,-940.7006349693866,
2025-08-15,0.007221961561021804,1e-06,12994.105516356587,16882.811934461384,36425.62999643157,42299.75872349882,-2542.887230228881,
2025-08-18,0.007891604679209373,1e-06,20960.68376787499,25703.93575923035,49177.79739474027,57420.41648396354,542.6545896717898,
2025-08-19,0.008707818924465396,1e-06,20778.81580912145,24375.979974850434,51142.73941656547,60471.98149271632,-3234.193257019311,
2025-08-20,0.007759346726761907,1e-06,15569.405597998875,19218.555817115837,40338.0700369459,45975.38560343886,-4142.134494980615,
2025-08-21,0.008000206806753056,1e-06,12139.309348918356,16315.16796258913,31312.54322486939,36631.64370202419,-2600.0216283764958,
2025-08-22,0.008418819660041498,1e-06,76839.41934336637,93233.6350105322,167680.51747384653,192133.0386480786,10278.915867543132,
2025-08-25,0.00946705845609618,1e-06,10700.635648182493,15509.855255719063,33982.89332546949,40207.37035421993,-357.05069476115614,
2025-08-26,0.010917413492124701,1e-06,21458.367200921464,26564.441771510617,51487.350999828195,59697.65583155022,3427.8063243883907,
2025-08-27,0.011014015653602017,1e-06,30027.920282204257,36676.133051232944,69798.0498411648,81615.42532902567,947.7880354795248,
2025-08-28,0.010483751484505446,1e-06,38181.9388510711,46749.71445248618,89404.78223077251,105057.32245876695,1331.1921966596317,
2025-08-29,0.010569484217187699,1e-06,19935.201847971744,23434.449889962798,48487.514410812546,56312.72711861958,-4729.931016848119,
2025-09-02,0.010646556769578193,1e-06,48963.25212652002,60128.518225570144,110825.26697086635,128195.51026170149,-4357.013589988053,
2025-09-03,0.010665672281917667,1e-06,46199.31866140606,55116.45626821019,107628.80426932107,122464.0159086166,6962.684400407696,
2025-09-04,0.010691402972395707,1e-06,14077.609519018102,17370.005283814517,33308.19500609057,39259.86415984756,4244.751641417662,
2025-09-05,0.0151008343362625,1e-06,14489.7182801366,18048.03984114533,35714.04275942687,41530.89919339843,1400.2221571240361,
2025-09-08,0.011968268570384301,1e-06,49566.92863064146,61135.190067377975,111766.52601103086,126472.76805055735,-1113.5379420701595,
2025-09-09,0.011851381144819827,1e-06,50547.0183436622,62339.70824101619,110586.29000445963,126851.85746916728,-774.0522730642429,
2025-09-10,0.011893576288168388,1e-06,21167.396325790167,25467.942220142442,49236.1385429933,59039.866198735086,-2638.473318240394,
2025-09-11,0.013229445522672625,1e-06,18606.652168522975,26484.036852496632,45881.524602262245,55391.86677496582,8625.000837108435,
2025-09-12,0.012769788366227507,1e-06,18254.677641329996,22827.27126417198,45083.69732221281,53160.578332193254,7319.538253520974,
2025-09-15,0.008332717119379914,1e-06,18924.749571721055,23497.494951600645,44337.35688636502,51510.267685288425,5706.072226252461,
2025-09-16,0.007646576794077087,1e-06,69980.9684684341,84833.04771656742,150595.34407054156,170683.3986414378,2628.986777046138,
2025-09-17,0.007721927968404105,1e-06,23321.093331656335,28691.789751842094,55262.34875465388,64987.61378489619,952.1546470420358,
2025-09-18,0.006959561465573931,1e-06,58931.00153271659,73548.79300506809,128597.97041965756,147390.24817290492,-784.738531074132,
2025-09-19,0.007305118124705202,1e-06,22928.180185945534,27617.024892935075,53491.881213823886,63992.79772908982,7287.394808427501,
2025-09-22,0.00747344071552418,1e-06,22458.774010338,27011.162129570428,52344.08596098238,59905.03673552376,8397.606727305114,
2025-09-23,0.010570386393028972,1e-06,22072.65540174795,25854.059712916325,52243.70936087231,60130.17364550592,-4353.53731075653,
2025-09-24,0.008156878137358613,1e-06,22679.107199177095,27299.251629002552,54799.40290092526,63915.85969709414,1402.2134880864173,
2025-09-25,0.008174849885660895,1e-06,23381.549351158643,27565.946395001803,54857.19020039179,63072.28864628412,-3294.848479017591,
2025-09-26,0.010174697315794339,1e-06,23567.75242795431,28370.443401353867,54035.249007751096,63559.171421521816,4674.209620931942,
2025-09-29,0.011584300731771512,1e-06,50601.63330784455,61794.376655449465,116275.23600767889,133097.28026793853,928.8265821033008,
2025-09-30,0.011461520206729707,1e-06,23828.76686342169,29178.077592753052,56007.425141695436,63826.41892114032,1769.7099053531338,
2025-10-01,0.01131552407916587,1e-06,91576.75783258042,110082.10673510256,189183.48115863887,212966.1710835993,4517.516474237575,
2025-10-02,0.011430776753028163,1e-06,23162.752980055957,27814.10529900741,53757.65396968232,63224.63730099008,-3677.102035944124,
2025-10-03,0.010948782648879756,1e-06,60768.841464643316,73762.99522468576,131197.1857695793,153379.71865580793,-775.8037486167427,
2025-10-06,0.00981780834151618,1e-06,16113.327023017617,19420.2054971703,37676.598912126654,44209.325754576916,5278.623817452308,
2025-10-07,0.010170188870527421,1e-06,23928.831407224316,27761.88626210725,54191.843498282775,62539.73740923933,-5452.000506705186,
2025-10-08,0.010267600806620232,1e-06,24018.08208061473,28411.67509224387,54425.131951185744,63598.46953560122,3878.135455077536,
2025-10-09,0.009892050702855537,1e-06,23635.661325082245,27686.4855958545,54333.422018422585,63961.791245564746,-3574.9113322086746,
2025-10-10,0.009131952692227836,1e-06,38473.80944070405,46211.74084820394,87847.46149915842,103570.55596723701,-17971.585501010613,
2025-10-13,0.008532764295356111,1e-06,68474.60770572447,83286.2168139155,145364.6113920483,164300.23895090804,10831.060977727744,
2025-10-14,0.009112393886207123,1e-06,30751.185065097252,36821.92073094023,69083.63353480778,82658.07566649251,-1807.561381220953,
2025-10-15,0.009484964230132157,1e-06,23397.200778729537,29961.228177056662,58548.21661638955,71737.67996664919,3314.976287747809,
2025-10-16,0.010057422591848067,1e-06,25529.37562757167,30322.811655920945,57187.893000926,68214.81587530562,-4337.502274739631,
2025-10-17,0.011814041018125252,1e-06,25175.004112199957,31217.382840849572,56851.72513772433,66174.74734173933,6295.751460713094,
2025-10-20,0.010912030258484631,1e-06,26640.391344953863,32088.486986275017,59806.95851916176,69884.24162334792,10170.301898101492,
2025-10-21,0.011244372344169199,1e-06,30983.82711946352,35519.67839904448,71110.92248221191,85003.65888662827,-696.541244274916,
2025-10-22,0.011513164080033679,1e-06,25506.65937385731,29890.17250495465,58136.764430950134,67166.2379942342,-4690.639425209916,
2025-10-23,0.011468670929056625,1e-06,39255.85737462083,45047.14716467986,89538.23758228257,103144.0094422726,4536.452058471293,
2025-10-24,0.01155877221314339,1e-06,55517.59826174438,66674.81708085287,121953.75978851048,142236.06411355495,1216.638431809661,
2025-10-27,0.01174329238626032,1e-06,67678.93366484981,74951.42415472175,139740.00718304914,160011.2982753099,10938.27579094365,
2025-10-28,0.017967786728497196,1e-06,66271.48023435351,71554.61625745846,112133.26616996076,123931.78948864363,2519.2997637755984,
2025-10-29,0.018987453779210985,1e-06,23514.312915905786,27899.366717492165,53514.028357410876,62630.96633438993,527.8361894885218,
2025-10-30,0.019288358360487964,1e-06,17074.812161194353,20893.760820772826,39942.80568938006,47538.075825949665,-6881.3147641804535,
2025-10-31,0.01979632643474687,1e-06,20511.81920912102,24229.708322377697,46930.514128122624,55944.98417372559,3693.3970421483264,
2025-11-03,0.02016080043972715,1e-06,23261.46129952376,27369.23992356852,53993.968911443684,62429.56249087474,2308.0646245805856,
2025-11-04,0.020151838168345374,1e-06,23565.38159974828,28423.67990784542,53706.63296085535,63823.155793638056,-8391.251083758643,
2025-11-05,0.02109015087816128,1e-06,23451.522571880414,28033.837763447587,52880.172426678284,61881.101521252254,4875.961271589074,
2025-11-06,0.021366352302288883,1e-06,28697.817469056205,34556.14519718558,65062.60491682431,75465.77882868917,-7247.33984600715,
2025-11-07,0.02141339659615349,1e-06,38654.4334253896,44715.94592928077,85773.81202424073,100108.3430718219,-3525.421193023618,
2025-11-10,0.020072655787973383,1e-06,51705.7300983774,60744.394413132264,110522.18355228846,131040.65965638151,8838.196250316407,
2025-11-11,0.018657202994618885,1e-06,103506.26669902752,124005.55425768523,212241.72368106496,237194.10010942546,2489.3243150849703,
2025-11-12,0.01955403427685928,1e-06,19269.275256244015,23572.607393601545,44287.23054996976,52781.31288994345,-2488.364067850153,
2025-11-13,0.01410246883904937,1e-06,19927.74921726507,24090.167473908317,44776.915372141935,52713.751732365134,-11702.655780659941,
2025-11-14,0.01314379562038415,1e-06,22834.020396423522,27045.83692037983,52535.990505919595,60459.50866736072,35.74085707274428,
2025-11-17,0.013580728263139335,1e-06,22630.881277298777,27171.08262962339,52222.85497164648,60785.61773253156,-4647.252479073853,
2025-11-18,0.013838529877157326,1e-06,24677.216810037855,30729.641261139153,57223.1738536523,68283.48168290153,-4316.271622857956,
2025-11-19,0.01707583777096815,1e-06,109154.39649688036,130631.46920313114,221921.25456386578,244327.50319138353,2356.965680980437,
2025-11-20,0.016042977883157204,1e-06,24466.273288161152,29444.921478128035,56704.096529037946,66350.58925562131,-8103.364250460455,
2025-11-21,0.01624649755853166,1e-06,24794.897325270213,30349.013070610697,56964.47018172129,66076.19285638854,5006.4634486145,
2025-11-24,0.01622944239077308,1e-06,23907.13731610493,29033.505327396608,57584.30085927934,68037.63536982698,12708.218849072478,
2025-11-25,0.015581649585146639,1e-06,53213.10025099777,65495.68325864865,120438.1496921414,140317.88302122906,3897.397889615262,
2025-11-26,0.01698688917567781,1e-06,61928.942205341955,73203.15353741829,137982.88876413245,160106.18391824063,4077.4051483580306,
2025-11-28,0.01746447395485645,1e-06,46154.365778075204,57558.970840948605,104101.09655448767,121733.64187286516,3200.6664045174584,
2025-12-01,0.016837017552382982,1e-06,64419.21794097343,76906.70599968694,142205.7832740914,163487.58972754635,289.8322015317765,
2025-12-02,0.017046573679025217,1e-06,19760.336821810786,23767.925448563547,46323.89386829392,54152.28752924754,2202.071218785036,
2025-12-03,0.01698639304860003,1e-06,60595.9686641676,75277.57408001808,138360.67368376834,158620.823443968,3520.7862506917354,
2025-12-04,0.017337255644250673,1e-06,19804.094777040544,23947.436590054236,47483.45907035622,55988.91129616988,214.4318835829189,
2025-12-05,0.01878262223908207,1e-06,20806.495956391584,25651.927130234202,50247.788440641714,58127.054717342646,-199.07039973314406,
2025-12-08,0.01857790936358984,1e-06,85270.65201075665,104401.96303944288,193609.63213083486,214741.02723728522,-4744.096669687035,
2025-12-09,0.018532171123644154,1e-06,43467.14504659163,48144.22248705554,92506.37512731418,102851.4840123296,469.0096886586921,
2025-12-10,0.018321992304664133,1e-06,72705.21379569947,86454.77636332165,157446.52641453635,178849.4791948372,4377.33098965846,
2025-12-11,0.018607747642058397,1e-06,50909.682108341665,55517.27798475113,97025.24688202805,106727.17054598386,-574.3731111609906,
2025-12-12,0.018689897640144615,1e-06,66041.02943651244,81491.41705537778,149418.49625994818,170614.09021233185,-1135.034774177374,
2025-12-15,0.01892131192352365,1e-06,103948.9329843124,124438.22800594194,218520.53346393933,237090.38933914862,660.2685651381205,
2025-12-16,0.018893582289285858,1e-06,64674.61952159325,75938.54861042034,144160.6314250833,167088.87337029725,2367.2116080981223,
2025-12-17,0.01866199431406068,1e-06,47894.10491113411,59703.15809502008,114482.19370375136,132666.1468378531,-9889.18216586614,
2025-12-18,0.019405932999442873,1e-06,26538.867312232233,31504.841633050564,65846.08654646599,77220.48923041833,6091.304582433247,
2025-12-19,0.0187231524719534,1e-06,36554.32490395473,41771.386802964815,80462.69709395416,93346.5141733536,3297.349313221601,
2025-12-22,0.015493960139465118,1e-06,41024.59372247186,50044.953784886115,93952.72098331376,111169.54832572895,2371.000605890191,
2025-12-23,0.013788160922073621,1e-06,22069.940386182712,29721.26975151117,57705.77331048556,68263.34271914707,1625.2757570412462,
2025-12-24,0.013488998729158442,1e-06,31751.08744371295,38269.01857187266,69459.95364993686,80640.52527027007,1807.8928915965803,
2025-12-26,0.013509625296931334,1e-06,26429.111899461153,31777.000887334892,60803.96145083674,70317.81672075705,-2364.5009196334718,
2025-12-29,0.013380896077986959,1e-06,54951.53226093191,71664.44230523563,137147.76770577393,157733.06456467783,-4160.829850687514,
2025-12-30,0.013080309303230238,1e-06,46422.70136373979,58758.80851612614,111584.12484086663,125552.25371727938,-1863.765872583508,
2025-12-31,0.013023093534559087,1e-06,51224.79594343058,69969.98253559705,132992.3061890475,150057.96920469432,-4099.902950448524,
2026-01-02,0.012011614688104818,1e-06,65406.90692191654,78022.29163623926,144897.55028685072,165335.50380939533,-2117.641334333376,
2026-01-05,0.014961160693510632,1e-06,19259.301162102503,23697.340149582327,44533.637655514096,51750.6368923898,3045.6145801891194,
2026-01-06,0.014250919733658366,1e-06,21795.248949633675,26000.794007270968,49679.8604198009,58075.92769595904,-4066.8748131944835,
2026-01-07,0.020256727572601413,1e-06,22837.86959299143,28449.30402701066,53153.70083543723,60612.97647113748,-2523.100112972519,
2026-01-08,0.018849859537627675,1e-06,48779.91702135619,63654.78618274223,117853.09163627726,133963.41504909814,264.90292431591627,
2026-01-09,0.018707116328140514,1e-06,38678.808157055595,44674.05677357429,78932.80798687847,88179.57474290447,4263.176537172929,
2026-01-12,0.018325018707060582,1e-06,53381.32702002009,69081.72885858068,128018.72421872285,147359.74384351037,1784.5730137832172,
2026-01-13,0.018017524194014582,1e-06,49476.275430374895,64716.90089651328,121129.2581529655,141978.69573368842,-632.3385581788096,
2026-01-14,0.01723049577849697,1e-06,52198.547728169935,80609.79696672561,141490.32171301515,161315.31262038826,-4014.5423796426576,
2026-01-15,0.01736348319611383,1e-06,61283.086838876676,68027.23724271945,120739.28139137247,135333.41451866756,-105.09730358961335,
2026-01-16,0.01750400760093466,1e-06,35680.03631066772,46709.24798253573,86353.80973840815,98145.73219206935,-1777.366060863349,
2026-01-20,0.020790071929584042,1e-06,22805.082713794734,28413.46183525363,53824.97534986292,62087.980060637856,-15254.920175944239,
2026-01-21,0.0203588297080954,1e-06,26528.904775882536,33840.146289499644,62014.57048289942,72995.3361315257,6874.442925039205,
2026-01-22,0.022138838828163226,1e-06,87776.83305075561,120492.36912205351,210722.12256931196,233919.35826396086,5843.347564199289,
2026-01-23,0.022275507239287985,1e-06,31347.66939150403,37675.79742436333,70651.42829291103,83249.49849735438,-101.887697351588,
2026-01-26,0.021257199671607437,1e-06,24160.24479359257,29324.597403623193,55296.692678815285,64546.912137650776,2629.728420314774,
2026-01-27,0.022400239195667367,1e-06,25887.25146357961,31119.30083180971,58801.30911485941,68230.4286890238,1986.082519623363,
2026-01-28,0.024351144859185863,1e-06,89938.89241691782,121455.32598531664,211179.82713774242,243010.74013277327,-830.0815207441897,
2026-01-29,0.037016190412951525,1e-06,43435.370740422746,54993.28182829988,100689.71625709627,116904.7160696791,-2528.9091121894626,
2026-01-30,0.03686243046154146,1e-06,21653.868512758225,25871.069591655494,49988.18362617079,57970.50341291097,1880.6222522391781,
2026-02-02,0.03571056084065069,1e-06,21964.118948183794,26269.761704682034,48787.63737116413,57964.74121926825,5407.380252575853,
2026-02-03,0.036036932410190674,1e-06,20692.289543872495,24755.0009116057,45066.09817385741,53056.04679183891,-3173.6475167729873,
2026-02-04,0.036039792836267376,1e-06,22072.498399189528,27056.562734651903,50507.35764629088,60081.22909192387,-1463.1086391340368,
2026-02-05,0.03523404912294362,1e-06,20664.967280061825,24294.476027875975,46099.74865467729,54070.41129580995,-6286.501885677701,
2026-02-06,0.03584629454148746,1e-06,23919.270524809326,28350.85675557636,54848.40122404552,66190.6017714347,10614.016552991674,
2026-02-09,0.03652367956093083,1e-06,21738.016682901114,26105.229247762087,50105.305565099545,59457.18900429475,1130.0643318031625,
2026-02-10,0.03732153326225824,1e-06,24370.91320399109,29328.01679581823,54760.55565748816,63990.17398579491,-37.242248940906535,
2026-02-11,0.03743937943405838,1e-06,24577.86858531409,29336.248562915927,54215.0365992276,65001.31852439084,1507.3555308834368,
2026-02-12,0.03611427587489275,1e-06,21745.743118764083,26322.48679575106,48947.549128381805,56656.515194315325,-14580.759042293212,
2026-02-13,0.041462389585062806,1e-06,32295.98152950558,42501.233563850576,76223.99070978512,87354.42267295472,-2726.8079960385103,
2026-02-17,0.04368883813117246,1e-06,64785.54358363963,73767.62572615055,120728.0838822081,136275.9601809278,3030.7823139338866,
2026-02-18,0.0426563443894347,1e-06,46813.430813450344,62585.03435555179,106654.99165180296,119202.22234183078,2283.3348555451466,
2026-02-19,0.04268021871331308,1e-06,89209.31470736217,115306.33357072962,215164.51234058774,241231.3546410199,-2778.78521249963,
2026-02-20,0.042828281360343175,1e-06,46186.033916821434,60486.302477318866,106713.68602535562,119922.92234305257,4408.191103905824,
2026-02-23,0.04275815288800352,1e-06,29394.841428146676,37440.122008717684,66337.71374910595,77424.97058920054,-5208.471407672143,
2026-02-24,0.040610845255977766,1e-06,52421.50933615525,70123.71721606581,127426.68775388748,151297.30338718276,7521.09227993007,
2026-02-25,0.038619356879851775,1e-06,26536.973995632874,34183.27354029102,60775.425835589034,73097.55458795867,5467.16566114914,
2026-02-26,0.03894327747098332,1e-06,26052.952895412665,32057.88317440793,58439.5890635739,68019.30080241678,-4280.805466218692,
2026-02-27,0.04148948756780715,1e-06,25361.65544921024,31363.87122412997,57338.3951428487,69168.40277232655,-7104.696779489232,
2026-03-02,0.04287842443483457,1e-06,93066.6360426356,126358.75027122188,219182.94615434762,253399.9928519272,569.9764739494731,
2026-03-03,0.0417248412122579,1e-06,65853.34415859051,84139.93068878648,162564.54898737342,187983.36145678337,-5932.708245207361,
2026-03-04,0.04091344626983445,1e-06,50153.33900045422,57503.35388202293,102656.1112446149,116235.0732361987,4753.436081589773,
2026-03-05,0.03982625308127838,1e-06,37075.300411810655,44133.14197854321,76644.2880144608,87263.58539046076,-3137.6435605734187,
2026-03-06,0.039057095724718556,1e-06,48019.4072914532,61842.374157514714,106942.66294880293,126982.0465470409,-7735.50147234084,
2026-03-09,0.037968404677991875,1e-06,25580.947152016317,31523.072163650962,57558.95548797358,68601.20687051119,4409.514590742845,
2026-03-10,0.03717024423436839,1e-06,24768.250477392045,30574.04176198271,52152.24196747771,63670.08181560995,-141.64734674516993,
2026-03-11,0.04013837407820176,1e-06,28576.09601544446,36591.145585486316,63601.57565502967,74911.2311111624,1431.3136673437662,
2026-03-12,0.07184178872666673,1e-06,16370.313690118886,25125.97771346337,49253.70386702876,58122.672307863046,-10274.621204099833,
2026-03-13,0.06350369020345534,1e-06,20884.474935234,30972.083148345162,59985.278007035224,70344.54161909266,-5612.588801595552,
2026-03-16,0.06654426011181408,1e-06,19236.011096364546,28892.096937916434,52308.62962984478,63266.85291922395,5597.5635464374645,
2026-03-17,0.06497192665121417,1e-06,19586.301673527498,29508.211528723557,53232.11894406389,63896.55757581126,2288.7794407070887,
2026-03-18,0.06694521869971441,1e-06,13395.913605558131,18380.69303768539,34263.411036082485,40813.43652944051,-8032.311005415202,
2026-03-19,0.07817119852900156,1e-06,52976.178088573004,74143.19328265567,138846.3112837998,157286.94939802663,-3912.086263087088,
2026-03-20,0.07703232980340062,1e-06,26061.902389756408,31570.71403164094,53900.340237803546,63462.70557966383,-7983.03735210582,
2026-03-23,0.07594525432526193,1e-06,33510.8249541925,51780.8363900437,74966.9009485742,89987.3439678159,8080.548126275609,
2026-03-24,0.052603801281392464,1e-06,34720.13502789341,48077.34040315765,74657.00082405268,87669.18686653835,-722.7735873552867,
2026-03-25,0.056213919574626396,1e-06,35959.153517791034,52402.7058993994,76994.54516685568,91170.54257228899,2859.4195050469953,
2026-03-26,0.05520224864569634,1e-06,63086.975252773256,82263.84874416358,118455.75269153753,138089.72653839123,-8404.369319767728,
2026-03-27,0.055347551583807664,1e-06,10827.70001485413,15047.877048518996,30439.28693086209,35734.42811407552,-9546.00170413892,
2026-03-30,0.062477053713312136,1e-06,25713.379660790273,30195.176504235624,53546.81771104226,62795.57508573764,-3662.8076001446843,
2026-03-31,0.06545526056503473,1e-06,71614.37581538592,72902.67070772646,89604.92317687673,104864.8017273087,16165.790966082539,
2026-04-01,0.06375264747914973,1e-06,113198.87737622634,114036.0682601691,146967.13360426322,171849.25871166572,5179.313483221722,
2026-04-02,0.06560364899172424,1e-06,42591.68350133617,43878.2158758051,64956.956064397986,78130.04287089921,-3640.7436118542328,
2026-04-06,0.06758673913422483,1e-06,26024.16665444191,28166.752675835767,43938.3788651783,52310.35521821203,1368.352849266973,
2026-04-07,0.07277717401450187,1e-06,78528.23555595291,84403.75804549064,119113.52867445306,137009.3152229654,-3665.9714666510617,
2026-04-08,0.06250053905571486,0.7207197666733911,20506.285360428603,22407.03357048156,36822.98436555452,42567.143643526295,10340.339937288445,
2026-04-09,0.10052179116257709,0.6035501589908789,37769.03143915756,62601.935739169414,95204.74289254504,111682.18113371504,3369.601642408638,
2026-04-10,0.09626439299583144,0.6134589846520458,40159.58769852525,76933.49498397225,105992.74050102055,124684.15292173816,274.8846854031541,
2026-04-13,0.07336990987173014,0.6704677777064119,34765.01965081981,61973.026969671846,102557.67922158008,121188.94727474995,3535.6650823122222,
2026-04-14,0.10554591016945954,0.5184640681640297,23178.010788672018,43778.83195082538,77029.2419647175,91926.1931293741,6251.284647502098,
2026-04-15,0.10166783688493072,0.5073200076310332,59248.340853549875,124293.28907748466,182390.03282880865,206552.09605184078,12160.29774185261,
2026-04-16,0.07811146680447612,0.5518813797305748,21201.348583563773,23317.452475127662,49337.0993939046,57048.43594895208,-1207.8402065134294,
2026-04-17,0.08128750775645957,0.5416333850757594,18244.64021474034,30358.116031678495,54355.67768246352,66578.06251143743,10018.338461805472,
2026-04-20,0.08084417331180155,0.5448382049305405,70183.81346600149,129468.37959946317,204076.8515440702,228834.3890018909,-1071.9844007190281,
2026-04-21,0.07049092050874785,0.5484618329109834,35141.18326686438,38820.67695249865,71110.28962874028,79405.7114309783,-6921.692101741823,
2026-04-22,0.06939426976005382,0.5414023062131222,14565.749820703908,20145.05775159814,36445.8602361861,42818.96738617379,7420.950678013434,
2026-04-23,0.06909088676458358,0.5232782403772719,87408.12020504307,88259.18052257647,115124.84144244157,139974.4594160223,-4121.371475464738,
2026-04-24,0.06539759096089187,0.5318634495519925,21707.505799618342,36870.31150444775,59260.7538720407,71511.97862072672,2176.545403070106,
2026-04-27,0.05725674868946331,0.5606071602855477,15362.147319047946,20774.379829837093,36346.12259381325,42556.79549517217,-804.3546351506878,
2026-04-28,0.048296437084056176,0.615575571387769,20346.857259006458,23021.243842914086,43841.62539632313,50683.923716674086,-744.3606930786243,
2026-04-29,0.05165322793700545,0.5899235853183984,13006.185030792129,18957.683197671726,35925.50483670552,43907.01007534608,-1059.6963761069073,
2026-04-30,0.045748336983243536,0.6251433082981529,13220.349478486209,19256.28775212402,34893.58614957458,41855.16485273716,6026.716931263997,
2026-05-01,0.04775631122210767,0.6234077089115435,14084.871608496489,20890.047342077167,35356.40119961109,42048.894773690365,7296.243731830912,
2026-05-04,0.054377917634354435,0.5997758981986696,17573.18153828666,20231.681322714336,40614.78782559279,46929.74162838293,-2786.529498991682,
2026-05-05,0.07312419880562046,0.534002040110318,28826.35920348823,32761.840751014275,60777.936592046186,71361.80665270562,5972.644345054181,
2026-05-06,0.09721554494011868,0.516666130748999,14751.612617275565,19223.63410111756,35884.4504841704,41640.21841382056,8854.43012338825,
2026-05-07,0.10028320765394128,0.49339114083029656,13601.917717765507,18799.487696149154,36635.37877220072,44157.434243072224,1185.892664093315,
2026-05-08,0.09746611878886463,0.5009022106202115,15001.291822754672,19922.415765735714,35261.719264273095,42150.83213292654,9365.281925656582,
2026-05-11,0.08950899801927045,0.5449163226400218,40698.01204747295,68149.52536902286,110456.99996585089,130343.47201043201,3724.845070471353,
2026-05-12,0.08550830387823646,0.5574793953062008,16346.617958574589,20661.029620314494,38612.64545002001,47029.984116513675,-1859.1939443460883,
2026-05-13,0.10174626764600848,0.5076732728721888,14572.239205205025,20432.483563360616,36655.26619705717,43891.88304035721,6580.710508999989,
2026-05-14,0.13068542493227508,0.48182527237017886,15584.302681290024,18824.361329678566,35851.09532613664,41518.412891849905,2131.4101816667667,
2026-05-15,0.12693749776984917,0.481852403822219,13860.445868068073,18004.518287038183,35144.77874146972,40028.07185707127,-7875.433786728794,
2026-05-18,0.3,1e-06,12129.872260445007,21133.745972118377,35926.39806462821,42714.362686594715,-3930.2240312923027,
2026-05-19,0.3,1e-06,89945.41666230423,111647.10168982868,116982.60397883346,136211.44721650315,-3096.091406583308,
2026-05-20,0.3,1e-06,22003.416645871825,28244.980003480887,36690.38134052101,43313.3456226153,8261.108988243865,
2026-05-21,0.3,1e-06,23942.098649389558,29441.56663841967,39835.89273604546,46263.14809699828,2126.6950549430267,
2026-05-22,0.3,1e-06,75588.9579014757,101632.54663494564,101277.20506415644,123367.83327547685,4945.11145049752,
2026-05-26,0.3,1e-06,21809.82665443131,25896.770007072835,35470.66266049695,43921.35923067343,3567.677798804111,
2026-05-27,0.3,1e-06,105692.65286583165,135926.38794574127,136355.01651416413,157343.92730148177,2682.4773228200143,
2026-05-28,0.3,1e-06,34233.78027213998,43383.62366390316,50542.97389478793,60733.15514882981,3348.285075042345,
2026-05-29,0.3,1e-06,21456.22553246433,27795.98471055558,34188.43241560655,41311.6324401218,-670.0639107085642,
2026-06-01,0.3,1e-06,20430.845420113128,28141.939862281462,32687.35135298939,39109.73978463575,-5878.423860727426,
2026-06-02,0.3,1e-06,16285.88096685258,18700.014133488083,36144.85757079276,43964.29520471174,6514.068357054231,
2026-06-03,0.2990052012002715,1e-06,23306.047376002618,30304.187153067927,52642.11641578508,63507.962178388305,-5288.105762841937,
2026-06-04,0.29838508695753657,1e-06,20274.169719234396,24055.791228000126,45764.84385506031,54616.649629433574,964.3128231663655,
2026-06-05,0.3,1e-06,20015.699847485772,24725.76042096029,43977.74695397793,51269.27600588643,-17518.266777231885,
2026-06-08,0.28950050634165164,1e-06,30616.541778836952,38198.41046380862,61223.78673525972,74603.04089971472,1815.8144259656306,
2026-06-09,0.22074831857866342,1e-06,21208.410967106644,29034.764941213296,45386.788434940856,55365.89547593794,-8914.888021545048,
2026-06-10,0.17399270959875102,1e-06,24251.258317700907,27997.743022102302,49995.52046722068,60649.93721512263,-8520.561105397139,
2026-06-11,0.1668559337173697,1e-06,25656.370479750185,32334.276942258868,52360.6719980393,62519.71722477177,11940.517579305097,
2026-06-12,0.17605398396675534,1e-06,24823.008936862265,30971.7613950829,49836.15911326761,60331.96055868538,1079.6968072164423,
2026-06-15,0.17081410488851723,1e-06,24032.59804142248,30220.827871068308,50731.641330017315,59805.852554880046,9750.26742728663,
2026-06-16,0.1629624152568831,1e-06,25879.430597356702,32072.089039301998,57338.02637964576,67664.97192394902,-2048.4509391646607,
2026-06-17,0.155725751622498,1e-06,21690.658375700674,27846.358108802364,43543.44496336842,53146.7463093019,-7882.441532537732,
2026-06-18,0.1613640583763735,1e-06,25230.22169449612,30627.71925109328,51915.76798266426,62757.86542657858,5890.039003237058,
2026-06-22,0.15915257906239838,1e-06,105679.52512841261,128696.79341107127,189540.10619330656,213534.4840444561,-975.8351159411656,
2026-06-23,0.16074911055159355,1e-06,23303.871387877432,30264.906925885192,54442.63308808286,65825.50580988728,-11447.072952253799,
2026-06-24,0.15970465683583504,1e-06,29225.867866866836,36209.68129665175,60055.100900359845,71718.20182501269,-2194.9634315852977,
2026-06-25,0.16137179781462582,1e-06,23511.202189479864,30043.164028037325,55277.57341944051,66704.0909663879,-9076.522921302814,
2026-06-26,0.15736152994447786,1e-06,27880.439076265036,31410.968183221044,60425.29896906469,70760.33761108284,5059.564291512993,
2026-06-29,0.15652299002036904,1e-06,24345.949665422668,29092.179140902976,51134.60837907242,60282.19102271462,9771.783780789061,
2026-06-30,0.18179974743385155,0.28819276402574595,28522.397244515105,37036.623961427504,60610.702417304885,72276.78131538344,8521.439716023806,
