Date,log_return,egarch_daily_vol,egarch_annual_vol,realized_21d_annual_vol
2012-01-04,0.00535973629853058,0.012195246508067213,0.1935935366248482,0.17875425971848335
2012-01-05,0.011040408307423118,0.012706678104075487,0.20171226151880067,0.18000083976592415
2012-01-06,0.010399881367319919,0.013271277438102923,0.21067499808817639,0.17918879782136693
2012-01-09,-0.0015872060721502494,0.013710667612123504,0.2176501008620795,0.1776297157914527
2012-01-10,0.003573774525370406,0.014129481618634067,0.2242985671029847,0.17763051132840707
2012-01-11,-0.00163185225488184,0.014535728663868493,0.2307475390182553,0.17804515896550735
2012-01-12,-0.0027484915801929202,0.014793175744456693,0.23483438472423118,0.1771514585146992
2012-01-13,-0.003756806137207148,0.015270203373875302,0.2424069635799211,0.1744763724648841
2012-01-17,0.011580660734533777,0.015268237248522864,0.24237575230754752,0.1482410347670118
2012-01-18,0.010330409810687757,0.01542613500338403,0.24488230145917603,0.14581513617482847
2012-01-19,-0.0031742486795973386,0.01566094807938229,0.24860984348124107,0.14918752485870518
2012-01-20,-0.017570223513854732,0.01579723295356322,0.25077329878849586,0.1692318893565185
2012-01-23,0.0167748608791584,0.01591853067935119,0.2526988404906919,0.13555869425615127
2012-01-24,-0.01651339346647433,0.015919975212308982,0.25272177174049365,0.15242465978246766
2012-01-25,0.060567465930480326,0.016076085442153897,0.2551999448121903,0.2517477297614207
2012-01-26,-0.00455528730310264,0.016072533418757765,0.2551435581888468,0.2528596236584418
2012-01-27,0.005942580947067482,0.0160966428544102,0.2555262836147656,0.2526322232369625
2012-01-30,0.012729314728736856,0.016233655765999486,0.25770129615758636,0.24867415157095096
2012-01-31,0.007630630309244177,0.01628352201730322,0.2584928983561747,0.24876753822030434
2012-02-01,-0.000635569620978305,0.01618582986755302,0.2569420835564809,0.24887313461216826
2012-02-02,-0.0023480703225388596,0.016199830354816678,0.25716433440168107,0.24779147754177655
2012-02-03,0.009969096509186266,0.01299189755177559,0.20623997988496268,0.24842950962541976
2012-02-06,0.009289490459755441,0.013586945690659411,0.21568607624655317,0.24797102023776124
2012-02-07,0.010420449814647856,0.013991659266790767,0.22211070509448422,0.24797671047679276
2012-02-08,0.016605368006380416,0.014247899669841371,0.22617839538839735,0.24991941747339833
2012-02-09,0.03400839774047635,0.014632381128703782,0.23228184933158885,0.26803481307631405
2012-02-10,0.0005067707475253523,0.01491706725707721,0.23680110151590422,0.26723990557486155
2012-02-13,0.018433805759523365,0.015119956311879226,0.24002186541236278,0.2671947808981274
2012-02-14,0.013556437747754037,0.01525569836419957,0.24217670368972166,0.26398770203770905
2012-02-15,-0.023413882890226796,0.015415250171756552,0.2447095101138813,0.28688004793321686
2012-02-16,0.009081238090022434,0.015521864655136981,0.24640196256897479,0.2867601241255232
2012-02-17,-0.00017928350594093907,0.015624192587800487,0.2480263681409928,0.2855417442280934
2012-02-21,0.025036508864802718,0.01566163380350277,0.24862072901418578,0.27614721267877695
2012-02-22,-0.0035217735117653833,0.015880474750818007,0.2520947213538292,0.27850097252352285
2012-02-23,0.006508475034437239,0.015978054066455517,0.2536437449675136,0.26324469501204845
2012-02-24,0.01159053464611138,0.016055727760387023,0.25487677663284064,0.18818774852090134
2012-02-27,0.006392109981750199,0.01607941544187159,0.25525280691890395,0.18313417785808492
2012-02-28,0.018187711902348705,0.01619250009113473,0.2570479700731993,0.18630193797347205
2012-02-29,0.013044750668808665,0.01617561250269259,0.25677988791763023,0.18639397708723923
2012-03-01,0.0037355499443774186,0.016207996394111166,0.25729396625669865,0.18713065574824417
2012-03-02,0.0013029022199607285,0.01634176503065054,0.2594174775297189,0.18606960582070298
2012-03-05,-0.022294353482714663,0.01640929728288245,0.2604895187990092,0.21175898699388218
2012-03-06,-0.005453889008179557,0.015980047570172653,0.25367539085795293,0.21621915873098177
2012-03-07,0.0008107433176267999,0.01619306476208912,0.2570569339467067,0.21698354451170285
2012-03-08,0.021068724418637576,0.016325677455358626,0.2591620951891963,0.22253505451611216
2012-03-09,0.005850776541594757,0.01633235368002799,0.25926807697022786,0.21972905383385113
2012-03-12,0.012450095772187865,0.016270878140100947,0.2582921830280656,0.1971176479497888
2012-03-13,0.028749970791204397,0.016265002749369612,0.25819891409168294,0.21205844744907887
2012-03-14,0.037112510158632,0.016403764546003237,0.2604016893238975,0.23382330752186925
2012-03-15,-0.006841977942217663,0.01641911393665018,0.26064535334646666,0.2379181034513449
2012-03-16,1.730081874810158e-05,0.016458807889902335,0.261275475319616,0.21319881626550205
2012-03-19,0.026175256951507915,0.01642169698136255,0.2606863579100724,0.22256625298317992
2012-03-20,0.008053126026485348,0.016246472230544252,0.25790475122482154,0.22030922841903078
2012-03-21,-0.005726526814471908,0.016282057327320635,0.2584696471235244,0.2177676129787711
2012-03-22,-0.005258772845816756,0.01627967474723113,0.2584318248371512,0.2189538496762868
2012-03-23,-0.005504618170448788,0.01636762473732452,0.2598279876467375,0.2234805001541442
2012-03-26,0.018171920248842077,0.01638261903063651,0.2600660146738696,0.22639036305455962
2012-03-27,0.012280132651055632,0.016341705472773492,0.2594165320777312,0.22706149321642638
2012-03-28,0.0050971420313351175,0.01638418871728802,0.26009093267696676,0.22374751088510256
2012-03-29,-0.012644111222111518,0.01649477308956966,0.2618464051646512,0.23225119851578097
2012-03-30,-0.017049493687433696,0.016447312526245924,0.2610929920788253,0.24513307943385412
2012-04-02,0.03132760634924494,0.016390848226562896,0.26019664910933704,0.2615755386395633
2012-04-03,0.017132488192178174,0.01634746213235891,0.259507916215604,0.2427857297419018
2012-04-04,-0.007993149907102017,0.016136752209881228,0.2561629998937061,0.24469683915735926
2012-04-05,0.01489734665733251,0.01636154459623401,0.2597314683991674,0.2445106811422732
2012-04-09,0.004015867349332961,0.01638726394042396,0.2601397503308291,0.24052168018714612
2012-04-10,-0.012319437001271031,0.016349508064024906,0.25954039437392995,0.25025797378826625
2012-04-11,-0.0035708184253389987,0.016437282238709838,0.26093376620043157,0.25182405803691815
2012-04-12,-0.0054923237207509,0.01642663398612499,0.2607647304310101,0.24054042086346347
2012-04-13,-0.028568973136056948,0.01646748210692289,0.2614131742459435,0.2354622642091693
2012-04-16,-0.042356436486224565,0.016523569192024128,0.2623035291195859,0.2789580866544535
2012-04-17,0.04971505589296185,0.016667983091216265,0.26459602869832716,0.32868418444095576
2012-04-18,-0.0022331062620955288,0.01671223229873689,0.26529846309119476,0.3167896608378085
2012-04-19,-0.034960037432490466,0.01666146836195738,0.2644926105774596,0.3382990229434805
2012-04-20,-0.024923239428278062,0.016652123910210464,0.2643442720046961,0.34774070476514224
2012-04-23,-0.002236509298501995,0.016579441703951803,0.2631904777496966,0.34758436134429044
2012-04-24,-0.02017767252687516,0.01662851204564389,0.26396944527489397,0.35299082559450884
2012-04-25,0.08502223478002474,0.01677778089946272,0.2663390148690476,0.46239342610927986
2012-04-26,-0.0037777230276167116,0.016780396951718995,0.26638054341116874,0.4604653185442157
2012-04-27,-0.00776345903176572,0.016734113695693754,0.26564581949931404,0.4606407510825914
2012-04-30,-0.03205079648679685,0.016717018276132787,0.2653744381270143,0.47152415913866286
2012-05-01,-0.0031729064677190957,0.01671629708019353,0.26536298949640336,0.468407707884462
2012-05-02,0.006591985421650865,0.01667686125188671,0.2647369651297292,0.4542522323222223
2012-05-03,-0.0071246123353388355,0.01666175099704529,0.26449709727038595,0.4487259004241624
2012-05-04,-0.028893278506632487,0.01900038805709705,0.3016218096768031,0.4569883129077303
2012-05-07,0.007455672144995934,0.018727292162258123,0.2972865467459044,0.45367576972182017
2012-05-08,-0.0022852569937322903,0.018561644379925267,0.2946569697222118,0.45260664373778203
2012-05-09,0.0017580347260034907,0.01832488081355033,0.2908984646253189,0.4525168372773332
2012-05-10,0.0023513847994826613,0.017988081665885464,0.2855519439063204,0.4531703016515976
2012-05-11,-0.006700279848856082,0.017870453194555592,0.28368464981288316,0.45322514995212215
2012-05-14,-0.01509436502485217,0.017665280169320962,0.2804276290098255,0.44656041436761296
2012-05-15,-0.009087359347856537,0.01743624940666594,0.2767918783664136,0.4247532681266186
2012-05-16,-0.012900107934422906,0.01735285503947565,0.27546803382843893,0.38136885995552033
2012-05-17,-0.029662651467441348,0.017127454818906464,0.2718899162539279,0.39036779518338277
2012-05-18,0.0004906780139552191,0.017002007320727097,0.2698984989572609,0.3769498143912736
2012-05-21,0.05662606219716154,0.01697241281460444,0.2694287007370149,0.4250595057009723
2012-05-22,-0.007708452174026242,0.016902868438889072,0.26832471799765834,0.4256851168191846
2012-05-23,0.024106942945211658,0.016776771297877132,0.2663229879407353,0.4284982701223119
2012-05-24,-0.009225978705761593,0.01683922286361783,0.26731437581235423,0.3005450230278083
2012-05-25,-0.005374640309726777,0.01676017894557356,0.26605959251357036,0.3006063384217815
2012-05-29,0.017593071992337363,0.016629367187278248,0.2639830202274955,0.3090016389636685
2012-05-30,0.011985136491249508,0.016598100037457552,0.2634866696117073,0.2931707444700264
2012-05-31,-0.0024893590059006337,0.016611686740033122,0.26370235182862145,0.2930986556915018
2012-06-01,-0.029403134863554448,0.016521442264182614,0.26226976518683454,0.308459782683625
2012-06-04,0.005864568173352795,0.0166076937573644,0.2636389651938365,0.30906197410089176
2012-06-05,-0.002590066233478943,0.017844858045193018,0.28327833941298564,0.29263562030314183
2012-06-06,0.015216634736509005,0.01753566321634386,0.2783700236701733,0.29640597763690524
2012-06-07,0.0004547997164999197,0.017413432884957315,0.27642967731306645,0.29627249346915957
2012-06-08,0.01492996932698888,0.017347492130448318,0.2753829002868978,0.3005740611628813
2012-06-11,-0.01589265018969981,0.017295671610005267,0.2745602750274843,0.306075483061665
2012-06-12,0.008698958404100494,0.017123365291593296,0.27182499702042523,0.30644196756812475
2012-06-13,-0.006966710470645137,0.016991352757572995,0.2697293630106582,0.3024012318132581
2012-06-14,-0.001102063296163597,0.01695052749905561,0.26908128212317667,0.3002443744871719
2012-06-15,0.004538938996460086,0.016854122430926897,0.2675508991108078,0.2957088313807222
2012-06-18,0.020088525060091896,0.016862691761573897,0.26768693301757324,0.2774283244194997
2012-06-19,0.0027788046587974074,0.016842005685916893,0.2673585517468315,0.27709827696831063
2012-06-20,-0.0028468971488747295,0.01677178505412421,0.2662438337750558,0.20408341601963992
2012-06-21,-0.013873350935979176,0.016678601547378682,0.26476459146420633,0.2088521709565803
2012-06-22,0.007639165285807342,0.016619261823115856,0.2638226025446069,0.19388272340736934
2012-06-25,-0.019655830936563493,0.016425920424618167,0.26075340299325694,0.20389063387022544
2012-06-26,0.0022057320150943196,0.016455859275151693,0.261228667511562,0.2028471648078859
2012-06-27,0.0043079791235089634,0.016395969678191652,0.26027794963350503,0.19403300043196872
2012-06-28,-0.009531954857351197,0.016336552269850757,0.2593347275173971,0.1918497816825012
2012-06-29,0.025933339568194432,0.016365157651210983,0.2597888238688211,0.21288205259953022
2012-07-02,0.014483579769275346,0.016332029405324328,0.2592629292688937,0.18800143933310295
2012-07-03,0.011561306917196467,0.016237614824519096,0.2577641442631994,0.19026842227805088
2012-07-05,0.017414216918253397,0.013649950231629588,0.21668624232780237,0.19557369032799798
2012-07-06,-0.006678769873405859,0.014046655615743565,0.222983745068558,0.19421119347644858
2012-07-09,0.013134312221078416,0.01446909321569241,0.22968973407200383,0.19723752710291567
2012-07-10,-0.009295500859967526,0.014718085958647216,0.2336423713287133,0.1972295640191298
2012-07-11,-0.0062346366661450055,0.014863126225231902,0.23594481418155483,0.1886976785548972
2012-07-12,-0.009191103251491285,0.015057811123597813,0.23903534113213135,0.19167887895648467
2012-07-13,0.01008408882270823,0.015105041308734073,0.23978509707760784,0.19090329389618563
2012-07-16,0.0032020724515456765,0.015260474433175691,0.24225252143425352,0.19041754771772584
2012-07-17,4.9130974895546966e-05,0.015530039416730715,0.24653173288620037,0.19055394031282247
2012-07-18,-0.0011208496143350769,0.015611450964534684,0.24782410114222925,0.1799623537076663
2012-07-19,0.013207340354983183,0.015572193337019093,0.2472009056254173,0.18436843143657114
2012-07-20,-0.01644543129440672,0.01571846939513207,0.24952296606059593,0.19472363112716942
2012-07-23,-0.0007780038792659328,0.01571957573359009,0.24954052863915066,0.18683334109416663
2012-07-24,-0.004831222364633205,0.01571576607397231,0.24948005216757993,0.18717629813876904
2012-07-25,-0.04414409693978986,0.015801660524014407,0.2508435842904522,0.23515063351688312
2012-07-26,-0.000156372538663336,0.015692078217124168,0.24910401909770624,0.2350579929097742
2012-07-27,0.01772405718815638,0.015753278240484992,0.25007553934997073,0.24246363324961995
2012-07-30,0.016726238540816774,0.01572166628021262,0.24957371503795503,0.24530765529405515
2012-07-31,0.026092789104464883,0.01573452068468907,0.2497777723829342,0.24550318169360585
2012-08-01,-0.006488836892063328,0.015761429343415238,0.2502049340975567,0.2429461519920341
2012-08-02,0.0016138170214342526,0.015806656948280363,0.25092290006676593,0.23999287440907668
2012-08-03,0.012930223824882346,0.015223369586997115,0.2416635002617106,0.23652655064521222
2012-08-06,0.011064088524924635,0.015436689169725877,0.24504984365579285,0.23777338424790712
2012-08-07,-0.0026378598591709585,0.015660836848241357,0.24860807774161933,0.23412535103823084
2012-08-08,-0.001692136060538947,0.015730628191765676,0.2497159809734019,0.23156772586361027
2012-08-09,0.0056868981202937464,0.01587198038247746,0.2519598774367872,0.23061793585057
2012-08-10,0.0015616292829580393,0.015852936056466548,0.25165755813371693,0.22733882204590442
2012-08-13,0.013262052385678815,0.015841256232632297,0.25147214667838214,0.22902595737295733
2012-08-14,0.002678639522038052,0.015908998926169177,0.2525475285998236,0.22900239246782114
2012-08-15,-0.0013623081402220885,0.015871032438429595,0.2519448292915425,0.22921450614942443
2012-08-16,0.008696643885954744,0.015969355010175153,0.2535056517301608,0.2300288989536377
2012-08-17,0.018327351280723526,0.01597399960018929,0.25357938231087634,0.23368375307528932
2012-08-20,0.02595172913602541,0.016011728951961783,0.25417831720238254,0.23593598621726122
2012-08-21,-0.013760132534527118,0.016070061947250452,0.2551043247949624,0.24393463647535657
2012-08-22,0.01933801059274499,0.015996365129903826,0.2539344240882657,0.2470649319991422
2012-08-23,-0.009373247139658954,0.015984558938934045,0.25374700661684385,0.1795003043482268
2012-08-24,0.000889930139552116,0.015934168341646945,0.2529470806838178,0.17901349351936438
2012-08-27,0.01861296131757212,0.015962761573894035,0.25340098417404966,0.17970890568086692
2012-08-28,-0.0013031738021051335,0.01602080554548462,0.2543224036576608,0.17832884001242033
2012-08-29,-0.0019725518739294756,0.016056996392633312,0.25489691554541394,0.16486446640427355
2012-08-30,-0.01435740105076852,0.01601434047981166,0.2542197739217787,0.17370451206859094
2012-08-31,0.0020611324255958626,0.01604303158914853,0.25467523116264223,0.17361828718949748
2012-09-04,0.014520661778384288,0.014501521932032958,0.2302045239846487,0.17467496450076075
2012-09-05,-0.007047432705469865,0.01484954879264031,0.23572927912107425,0.17745012081960002
2012-09-06,0.008971983874212676,0.015164207506687503,0.2407243313524438,0.17676662047171893
2012-09-07,0.006147031004412905,0.015297847824243873,0.24284580562475894,0.17551600108049928
2012-09-10,-0.026356942814513146,0.015360481029098658,0.24384007692792328,0.2056347750099228
2012-09-11,-0.0032495090331997774,0.015419531066550219,0.24477746721195856,0.20676597937473132
2012-09-12,0.013831048023910983,0.015534521232122156,0.2466028794998875,0.2071347071193791
2012-09-13,0.019501247239958584,0.015592709808512946,0.24752659451353698,0.21494183921437693
2012-09-14,0.012079189141952468,0.01565172854098197,0.24846348784638075,0.21598015247237423
2012-09-17,0.012221099693281761,0.01569166934026724,0.24909752837882454,0.21721388082070126
2012-09-18,0.0030387911390592714,0.015612657132205793,0.24784324846041247,0.21135099197354645
2012-09-19,0.0002708511452743209,0.015516004200430844,0.2463089307346416,0.1955657116364266
2012-09-20,-0.0048538912584386975,0.01567511460280315,0.2488347300687249,0.18849856992380046
2012-09-21,0.0019871225510007112,0.015801236481936515,0.25083685283115104,0.1788855807211385
2012-09-24,-0.01337292027124329,0.01572869874866402,0.2496853520137069,0.18263547996124482
2012-09-25,-0.02528863114178522,0.015700567742357972,0.24923878613281217,0.20566933285049332
2012-09-26,-0.012489635074020034,0.015829348449898938,0.2512831164877102,0.19973997689581555
2012-09-27,0.02397418711570508,0.015837186370271383,0.2514075396163187,0.21727485079278652
2012-09-28,-0.021091657592882167,0.015745940761102247,0.2499590604757899,0.2297081359356029
2012-10-01,-0.011624760015397168,0.01583986996471055,0.2514501403573534,0.22781113338527337
2012-10-02,0.002907227357609874,0.015839951428674157,0.2514514335576845,0.22794149329371008
2012-10-03,0.015216988481647552,0.017820512955329982,0.28289187309244695,0.22852328981229475
2012-10-04,-0.006949583202666992,0.01776797793369731,0.28205790547827825,0.22848686003654062
2012-10-05,-0.0215408553453488,0.017673542772005113,0.2805587937611319,0.23725937456925655
2012-10-08,-0.022344402499714807,0.01731980520166994,0.2749433839182093,0.24576622375121257
2012-10-09,-0.00364229465506498,0.017206969233709853,0.2731521684572155,0.2307676549485911
2012-10-10,0.007926397949087073,0.01705587398651086,0.2707536057669813,0.2332227375500993
2012-10-11,-0.020189412575086586,0.016975650626587558,0.26948009940881085,0.23492393541625803
2012-10-12,0.0025598960322795778,0.016822653098613024,0.26705133894744126,0.22136253884312593
2012-10-15,0.007987582952500715,0.016670664438986616,0.26463859377460014,0.2180781619254058
2012-10-16,0.02340241388251565,0.01656575022010684,0.2629731321816972,0.23161685120472914
2012-10-17,-0.008003844212596926,0.016521119755147418,0.26226464551461837,0.23082871265903407
2012-10-18,-0.018744024408576473,0.01644691790769634,0.26108672770355573,0.23568569125385888
2012-10-19,-0.036704967672979594,0.01621612917608026,0.25742307016804267,0.26006908937030127
2012-10-22,0.03889985814076006,0.01614648408421698,0.25631748860940373,0.3030845237776413
2012-10-23,-0.03314422253508063,0.016171883430514872,0.2567206907320107,0.31758851391127757
2012-10-24,0.005640932642050937,0.0160980374896426,0.25554842276273304,0.3115187863864263
2012-10-25,-0.011888762043413341,0.016055387802482928,0.25487137996841785,0.3113239276761819
2012-10-26,-0.009130439136297805,0.015969783731496334,0.2535124574701464,0.29428435446800255
2012-10-31,-0.014474951632925502,0.016048945969304163,0.2547691190369476,0.29080620457229306
2012-11-01,0.0020471311313050543,0.016109625364870712,0.25573237457919645,0.29098781390517875
2012-11-02,-0.033650582114542804,0.016133416203058942,0.25611004242716345,0.306004771984109
2012-11-05,0.013467002730239814,0.023792359242560845,0.37769199395595054,0.3044954539767792
2012-11-06,-0.003032738573359469,0.022865654995051603,0.3629810200890503,0.3047400508523903
2012-11-07,-0.039013754692616164,0.021736132774226168,0.34505041070929743,0.3212375155390415
2012-11-08,-0.036965334880080726,0.020912086848557502,0.33196908718000556,0.3336526641107101
2012-11-09,0.017164944023338808,0.0200292665084131,0.31795474874577634,0.3446312800293021
2012-11-12,-0.007762695598541612,0.01926372831592102,0.3058022066870407,0.34035984363545296
2012-11-13,0.00012948165185730525,0.018825801690808986,0.2988503370317992,0.3382308126827343
2012-11-14,-0.011151278216097422,0.018438852290807533,0.29270770573758215,0.3368204812565813
2012-11-15,-0.02119583744265504,0.018245246667687155,0.2896343117503809,0.3352137402843562
2012-11-16,0.00391165678323642,0.017773657842063858,0.28214807122832336,0.3180035546571472
2012-11-19,0.06962713651588906,0.01746378528123072,0.27722899682380003,0.4204214455358696
2012-11-20,-0.00855650445758764,0.017369409067119757,0.2757308208704957,0.4180042505339014
2012-11-21,0.0014076607251176131,0.01718820007504091,0.2728542173002799,0.4027418081866357
2012-11-23,0.01729637997620569,0.017134106676628683,0.2719955112216654,0.38027692901260113
2012-11-26,0.031061234706365515,0.016952214706116006,0.2691080657049292,0.3848386718471281
2012-11-27,-0.008090409869442337,0.016896865498707895,0.2682294242765308,0.3844913666205201
2012-11-28,-0.0031512424896939636,0.01681981295113626,0.2670062530039797,0.38294083762625275
2012-11-29,0.01095301060301341,0.01681110641221211,0.2668680409833392,0.38448460284349867
2012-11-30,-0.006946795852693403,0.016772200708329514,0.2662504320810076,0.3820247942758679
2012-12-03,0.001553594374822411,0.01657720915275719,0.26315503709819565,0.3819856431949808
2012-12-04,-0.017796951437705356,0.01660586329474818,0.2636099075006362,0.3684176437719514
2012-12-05,-0.06652121213270089,0.017024061316173886,0.2702485952814662,0.43086266598079725
2012-12-06,0.01556127070477004,0.017111698092390392,0.2716397859749,0.4359934627242625
2012-12-07,-0.025896649202610023,0.017217563551294914,0.27332034803505856,0.42447562708999775
2012-12-10,-0.006452651739061314,0.017230916779005453,0.27353232395339117,0.4056965023649906
2012-12-11,0.02160183964646253,0.017123640930104423,0.2718293726461384,0.4084411703712543
2012-12-12,-0.004424143485438755,0.017126242325656224,0.271870668520289,0.40785609544213947
2012-12-13,-0.01742309952100285,0.01709854582380548,0.27143100018378796,0.41211321685036695
2012-12-14,-0.03829317957109907,0.01700149341291753,0.26989034092369535,0.4306998948733519
2012-12-17,0.01757704990608032,0.016978957555579276,0.26953259527910345,0.4303968346599709
2012-12-18,0.028632003605879242,0.016888232925386965,0.2680923864234405,0.44203739216531696
2012-12-19,-0.014317471604416158,0.016843307106764425,0.2673792111623131,0.3658528678884549
2012-12-20,-0.008740422867665259,0.016829831981148485,0.2671653001747223,0.3658858340696731
2012-12-21,-0.004610450649089748,0.016741865738201144,0.26576887935907817,0.3654731832930356
2012-12-24,0.001615651799421572,0.016707479349657356,0.26522301236364315,0.3580652948644198
2012-12-26,-0.013879474854924936,0.016809821535062976,0.26684764419092794,0.334954536149043
2012-12-27,0.004006954786440625,0.01677664193213316,0.26632093432321496,0.33690186700676455
2012-12-28,-0.01067681382155244,0.016675287346281417,0.26471198015281705,0.3370958724508152
2012-12-31,0.04335658864218667,0.016798755056935934,0.266671969296847,0.37470856823945453
2013-01-02,0.031190104568871637,0.016993045568913505,0.2697562355575994,0.394784411541471
2013-01-03,-0.01270251345507327,0.01685819793458333,0.2676155957256613,0.3957797832366057
2013-01-04,-0.028249956891041463,0.0169217681520893,0.2686247416435278,0.40206963127903506
2013-01-07,-0.005899372540844437,0.020887567808262703,0.3315798594819695,0.33254517875187023
2013-01-08,0.002687717039391197,0.02023685805380818,0.32125016236614606,0.3272519149986846
2013-01-09,-0.015752650671387262,0.01987335205050494,0.3154796834572297,0.31969757987593467
2013-01-10,0.012319977165135025,0.0194697743286776,0.30907308573738285,0.3226077042712048
2013-01-11,-0.006150483653168873,0.019139353222024372,0.3038278132805957,0.31274842009477405
2013-01-14,-0.036303361462555035,0.018919854209398707,0.30034337447800524,0.3347254489343111
2013-01-15,-0.032058328176336866,0.018765407244516058,0.297891604919036,0.346091734634068
2013-01-16,0.040670199875844026,0.01839068181010456,0.2919430230627351,0.35577508355284354
2013-01-17,-0.006760737445021721,0.0181790829104969,0.2885839946663944,0.3502725544913778
2013-01-18,-0.005345175967089139,0.017923621393243046,0.2845286688011888,0.33277539894503433
2013-01-22,0.009494472895418134,0.017693460161355236,0.28087497251504834,0.33290642987590663
2013-01-23,0.018140314868169572,0.017631684385975482,0.27989431248283025,0.339005630893926
2013-01-24,-0.131884855749812,0.017653388609273294,0.2802388563463052,0.5672922426607054
2013-01-25,-0.023856139808094198,0.01768562899599831,0.2807506566189868,0.5694060210099491
2013-01-28,0.022367640537895528,0.017602011425190803,0.2794232688334348,0.5784495780292394
2013-01-29,0.018588820497574588,0.017527703134836852,0.27824366129367323,0.5838897777964782
2013-01-30,-0.003147103747816035,0.01759287196238363,0.2792781843592078,0.5836414186508977
2013-01-31,-0.002937598472522642,0.017440653086840504,0.2768617846219858,0.5565097351203674
2013-02-01,-0.004114144228045382,0.017549726163782663,0.2785932660399152,0.538812965258739
2013-02-04,-0.02522581220568588,0.017481641148126274,0.2775124499232947,0.5416100268048615
2013-02-05,0.034486001830817216,0.01755460260932365,0.2786706772130156,0.557873827433105
2013-02-06,-0.0010709899612973196,0.021242221550600147,0.33720981310454906,0.5582116721474808
2013-02-07,0.02930034232236645,0.020867144740266044,0.3312556533284008,0.5711742291321494
2013-02-08,0.014334724990925012,0.0205609112411467,0.3263943472376794,0.5736753374927106
2013-02-11,0.0103673122228592,0.020261883524544656,0.32164742939821234,0.5730248225439619
2013-02-12,-0.0253851115981256,0.01993681925080801,0.3164871940276984,0.5778462495845363
2013-02-13,-0.0019041904680961639,0.01991722518105834,0.3161761478133227,0.5663726159486259
2013-02-14,-0.0008998630636418314,0.019651272306396055,0.3119542768124079,0.5565264366752036
2013-02-15,-0.013876394038968894,0.019368574992313706,0.307466596076201,0.5359521984082505
2013-02-19,-0.00036964196567496597,0.019371869611918568,0.30751889654103515,0.5360327842522045
2013-02-20,-0.024516046640396777,0.01906885707893554,0.30270872170258206,0.5407547697876962
2013-02-21,-0.0062354550163006665,0.019021645456411395,0.3019592604294376,0.5382322436337788
2013-02-22,0.010592477568548624,0.018777991003724192,0.2980913659035742,0.5346586672101387
2013-02-25,-0.01792771955372629,0.018651484534123276,0.29608313795674557,0.28302763178435963
2013-02-26,0.013837847038793377,0.01864796431947288,0.2960272562815865,0.2738813037249335
2013-02-27,-0.009848356406712812,0.01858090490120659,0.2949627210188029,0.26518255296317383
2013-02-28,-0.007156052278948599,0.01854401783778058,0.2943771570402788,0.2569662196292165
2013-03-01,-0.025073922883358628,0.01850594902070435,0.29377283330413806,0.26964055400715903
2013-03-04,-0.02450402339211043,0.01838455657120165,0.2918457879095874,0.2801716037481842
2013-03-05,0.02605900143779911,0.0183570687239247,0.2914094318617594,0.29835437827994543
2013-03-06,-0.012791825116210114,0.018370208421149357,0.2916180180887142,0.28920250434203887
2013-03-07,0.011492508167682181,0.018444990187402435,0.29280514182536105,0.2628708038980189
2013-03-08,0.0026438528381980803,0.019834788907999463,0.31486751254817386,0.263465643082641
2013-03-11,0.014144885485008632,0.019734789936723205,0.31328007809201824,0.24502432851475445
2013-03-12,-0.021794677812636946,0.0195564360616433,0.3104487980990616,0.24442631166185377
2013-03-13,-0.00018702193854091992,0.019494679536781735,0.30946844365934595,0.23878275973785357
2013-03-14,0.009641964905089177,0.01953029613121767,0.31003383956789315,0.23261997541806922
2013-03-15,0.025476229710975944,0.019296461629245285,0.3063218319268997,0.2537308502094966
2013-03-18,0.026819677733516352,0.019213168333330456,0.30499959184568237,0.2732716463412873
2013-03-19,-0.0027021882824750164,0.01912252009414309,0.30356059565962834,0.26941488624472454
2013-03-20,-0.005316722823801953,0.019099150117518646,0.30318960878186635,0.26990839669751204
2013-03-21,0.0014363927595580643,0.01912518913983702,0.3036029654464924,0.2558115577242953
2013-03-22,0.02007424949073614,0.01921302913766582,0.30499738218300915,0.2633250681108368
2013-03-25,0.0036089489582120573,0.019008042688197606,0.3017433231784231,0.2614456355043919
2013-03-26,-0.005277077883099367,0.018982859540979915,0.30134355310981553,0.25324879393652655
2013-03-27,-0.019842513325406964,0.018836470874186516,0.2990197050672537,0.26008228518356014
2013-03-28,-0.02105743844531985,0.018811359004366684,0.2986210664922591,0.26837516161096353
2013-04-01,-0.03155442067426658,0.018650402629072412,0.29606596324650497,0.28886389030005943
2013-04-02,0.0020489858067698004,0.018658578379127374,0.29619574925506603,0.27580148978856367
2013-04-03,0.005106133887803121,0.01871869083275865,0.2971500048731036,0.26145643884521685
2013-04-04,-0.009933967771923714,0.018634601067784952,0.29581512123754594,0.2479514070681951
2013-04-05,-0.010623298874981568,0.018597441269803852,0.2952252277321816,0.24669418615376634
2013-04-08,0.007086915942571239,0.018610656060965375,0.29543500603842787,0.24450845465554163
2013-04-09,0.001805011269760771,0.019745600694852993,0.3134516935569912,0.24439040866117412
2013-04-10,0.020193685581521535,0.019800054826728548,0.314316126101807,0.24980384941033104
2013-04-11,-0.003126589480406996,0.01972431513118264,0.31311379570906567,0.2375768213699774
2013-04-12,-0.010484150966663195,0.019495505723274704,0.3094815589633277,0.24069201564252052
2013-04-15,-0.023422904142390375,0.01948936547298524,0.30938408551180596,0.2513009305706287
2013-04-16,0.015105216227180087,0.01939992625718908,0.3079642819770863,0.23961472217726057
2013-04-17,-0.05656235284000021,0.019367581992175975,0.3074508326877033,0.2836966505862971
2013-04-18,-0.027050572765511198,0.019302029393399506,0.30641021744276403,0.2926590177678861
2013-04-19,-0.003884800582878838,0.019192304624892208,0.3046683907419574,0.29280709863040394
2013-04-22,0.020629175003926404,0.019019214510583252,0.301920670360766,0.3069557229683654
2013-04-23,0.018539487992966477,0.01883438408738854,0.29898657835381376,0.3053514282457271
2013-04-24,-0.0016510463437394696,0.0187767343282983,0.29807141679964044,0.30377755119525557
2013-04-25,0.00717569974203385,0.01860486470389413,0.2953430710950433,0.3073880573616748
2013-04-26,0.02136749787880121,0.01863820381989764,0.29587231315429946,0.3166526582213639
2013-04-29,0.03049856851721051,0.018515693596321672,0.2939275236464299,0.3313225826638111
2013-04-30,0.029008753710061386,0.01855776617145405,0.294595405071328,0.3282070447047607
2013-05-01,-0.00791313302901826,0.018507680599211346,0.29380032126076866,0.32981337170464253
2013-05-02,0.014082457463062845,0.018563531906802707,0.29468693328247575,0.33266090032949736
2013-05-03,0.009961144292932598,0.018632944971989904,0.29578883153181995,0.33120435968285505
2013-05-06,0.023565259242932245,0.018629138032104354,0.29572839823465996,0.33539326018948074
2013-05-07,-0.004459554508226903,0.018610616127203147,0.29543437210960527,0.33645665529379865
2013-05-08,0.011230608889088257,0.014549783790598706,0.23097065723809715,0.33744329029722925
2013-05-09,-0.008762071827852278,0.015054238764551841,0.23897863169035452,0.3347705225670358
2013-05-10,-0.008354344914025712,0.015571693076921937,0.24719296424256976,0.33637619988182166
2013-05-13,0.0038998052728075965,0.016054021400325386,0.2548496890066193,0.33315503460884244
2013-05-14,-0.024216535179415598,0.01640722190971233,0.26045657327129446,0.333958504864132
2013-05-15,-0.03440187500906584,0.016828353733872828,0.2671418337267164,0.3546695948314756
2013-05-16,0.013272610961468067,0.017036929722694362,0.2704528749020034,0.2893239848242029
2013-05-17,-0.0030421732053129385,0.017199162042916178,0.2730282331455469,0.26810705623057
2013-05-20,0.022074143604122052,0.017421153229267235,0.2765522339795455,0.27222696670649593
2013-05-21,-0.007410510384901213,0.017563981487323882,0.27881956228560817,0.2709688045021027
2013-05-22,0.003836956691737917,0.017691364298093603,0.2808417017172147,0.2664435997716994
2013-05-23,0.0017884789391951026,0.017775890717291937,0.28218351702369615,0.26574529578565875
2013-05-24,0.006784460236105231,0.017940756863471196,0.2848006859581198,0.26569796612660984
2013-05-28,-0.008369233476125164,0.018125776474797982,0.28773778123356286,0.26173742143208395
2013-05-29,0.00791989803581022,0.018241291308824556,0.28957152237500217,0.24285763310999087
2013-05-30,0.014790591069047633,0.018341733158217143,0.2911659873032993,0.22738261573233795
2013-05-31,-0.004105009881878677,0.018504343802217563,0.2937473512506423,0.22582607225776513
2013-06-03,0.0021987563698591945,0.018655241708716686,0.29614278125438404,0.22114214162526072
2013-06-04,-0.0031334495443458847,0.018680364288942285,0.29654158985179924,0.21899876614171143
2013-06-05,-0.009391305414749791,0.018599261219233415,0.29525411853371764,0.20402198221157522
2013-06-06,-0.015053081134215765,0.018694937001980584,0.29677292449956033,0.2093038917365582
2013-06-07,0.007611374545195921,0.019799844230643265,0.3143127829925946,0.2068189031985912
2013-06-10,-0.006630894241780969,0.01960303400234316,0.311188517475259,0.2060717350264366
2013-06-11,-0.0029439733048510423,0.019526918865114647,0.3099802271305738,0.20478533806625326
2013-06-12,-0.012439459317930583,0.01941287294719637,0.30816980430945073,0.20702196533668266
2013-06-13,0.008684668553599516,0.019316707212296967,0.3066432205943132,0.19436517274707535
2013-06-14,-0.013648610341209077,0.01934283444514444,0.30705797755767733,0.15937965911358126
2013-06-17,0.004523942814104399,0.019243000958686043,0.30547317009156466,0.1530474300993669
2013-06-18,-0.0005325017169999678,0.01919955785676376,0.3047835322283591,0.15272403645399768
2013-06-19,-0.020520941273858458,0.019097998237267818,0.3031713232497634,0.14569265650345956
2013-06-20,-0.014669682716321563,0.019181564428376676,0.304497895407885,0.1510405803218463
2013-06-21,-0.00804480124051189,0.0191287550843647,0.30365957306094815,0.15032819111763415
2013-06-24,-0.02686308256277298,0.019058999361619238,0.30255223529149977,0.17005044912833847
2013-06-25,0.00022349828516468191,0.01897954940091283,0.3012910062652817,0.16605190846116666
2013-06-26,-0.011390109704443062,0.018995292721872795,0.30154092373770375,0.16720027123041523
2013-06-27,-0.010835301285966489,0.018993520890866807,0.3015127967924613,0.16157464869891974
2013-06-28,0.00695922231836951,0.018975860944434847,0.3012324538339072,0.15091486548768662
2013-07-01,0.031501302203344024,0.018920120900980893,0.30034760807562455,0.19965041212031237
2013-07-02,0.022399725963013362,0.019038405831672864,0.30222532313836936,0.21946475019281
2013-07-03,0.005504503348032265,0.018987947216786996,0.30142431745943665,0.22169150820046604
2013-07-05,-0.008064575139977834,0.018887723630401036,0.29983331734895513,0.22126597470110002
2013-07-08,-0.005694137605478293,0.018897730105604544,0.29999216521828803,0.2172115237242051
2013-07-09,0.0174354967208885,0.018007212161317458,0.28585563110654344,0.22554422167934443
2013-07-10,-0.003842891114918998,0.01821136066196367,0.28909638808596294,0.22505178366236128
2013-07-11,0.015471930054758519,0.018334051853066566,0.29104405036426234,0.23299284651326163
2013-07-12,-0.0018273665440661508,0.018446341171780373,0.29282658803749595,0.22937754740858712
2013-07-15,0.0021780218260446277,0.01864567688472116,0.29599094438062645,0.22714487896131266
2013-07-16,0.006436297630477628,0.01873881956204394,0.2974695385444833,0.22361399466157889
2013-07-17,0.00025551666968486335,0.01880730174963981,0.2985566595701814,0.223017987043673
2013-07-18,0.0033643316894379806,0.018710926731561748,0.29702675358757796,0.22335013906432064
2013-07-19,-0.0158984355796658,0.018816322287566904,0.2986998561704641,0.21852093106327755
2013-07-22,0.003194924373525337,0.018759412110210552,0.29779643511234316,0.2118452497852991
2013-07-23,-0.01731939869011996,0.01874641334255362,0.29759008607291987,0.21918227982006813
2013-07-24,0.05008577770596041,0.01885101411066928,0.29925057178920206,0.2564878022098377
2013-07-25,-0.004572973767385779,0.01884445675488728,0.299146476993258,0.25798036189689894
2013-07-26,0.005662551013391441,0.01874039733218271,0.2974945848689626,0.2517982938174983
2013-07-29,0.015301935859588993,0.018731160440474605,0.2973479537588813,0.24749123000486367
2013-07-30,0.012273876535118829,0.018775240895400776,0.29804770928736074,0.2484012418953467
2013-07-31,-0.0017441948158115244,0.018774383536293977,0.29803409913347556,0.23219542625316353
2013-08-01,0.009128630360438834,0.01878651505641476,0.2982266810450641,0.22391762897666342
2013-08-02,0.01275022052579789,0.018775774798104904,0.2980561847300373,0.22586471091157492
2013-08-05,0.014829000532655937,0.018736793414219115,0.2974373744448997,0.2237262863899733
2013-08-06,-0.008986855966451684,0.018862643421808677,0.2994351813803651,0.22609773555798746
2013-08-07,-0.0005808230268439159,0.01464373917517088,0.2324621527295776,0.22263821254666938
2013-08-08,-0.0019931998002361917,0.01531883335932515,0.24317894066648701,0.22184739021184172
2013-08-09,-0.01433245718028167,0.015815798359116097,0.2510680154649877,0.2275098165444792
2013-08-12,0.028012158204843457,0.016166948651573445,0.2566423535448861,0.24213451811860912
2013-08-13,0.04642816363414882,0.016430660449313305,0.26082864855256677,0.2816887365417881
2013-08-14,0.018075527512618827,0.016648993093596565,0.26429457183173055,0.2843845636867775
2013-08-15,-0.0011844691538822495,0.016897036069621302,0.26823213200583745,0.2848792489558263
2013-08-16,0.008837975241042828,0.0169954459246631,0.2697943400238285,0.28456657981569244
2013-08-19,0.01071222845114419,0.01729783815571944,0.27459466787446685,0.2716063289411963
2013-08-20,-0.013223503142890523,0.01749078710366332,0.2776576374664132,0.28163714505221027
2013-08-21,0.0025716568317636673,0.01752475979659819,0.27819693724765016,0.2671554647916897
2013-08-22,0.0011930174245952671,0.0176486939762,0.28016433135665336,0.22221771800775733
2013-08-23,-0.003864046937789959,0.017675841262451256,0.2805952811658,0.22178066945617064
2013-08-26,0.0038843137794052247,0.017902006551621285,0.28418554382783345,0.2219669432902265
2013-08-27,-0.029006466590723173,0.01794136658271734,0.284810364951089,0.25116656005266064
2013-08-28,0.004716415275208682,0.017932063087820926,0.284662676548171,0.24956558514979738
2013-08-29,0.0016283742370065744,0.018205796947443353,0.28900806685604385,0.2488418819880232
2013-08-30,-0.009153073297069396,0.018309920018887378,0.2906609693727545,0.25237459894760417
2013-09-03,0.002787610703570675,0.01826077792292116,0.28988086278376796,0.25007100904916274
2013-09-04,0.020481079509859827,0.018412865272367452,0.2922951746089312,0.25419456125881346
2013-09-05,-0.006881343064150022,0.018280220878263965,0.2901895101313031,0.2530255873868771
2013-09-06,0.005938644118190981,0.017412193029365853,0.2764099952157266,0.2527763830682678
2013-09-09,0.015830850824957,0.01762945101507868,0.2798588588189604,0.2553338476497471
2013-09-10,-0.023042367729466932,0.01774419447265146,0.281680354738816,0.2650062428960452
2013-09-11,-0.05598194087406983,0.017927791461945255,0.2845948665896054,0.32270406048310707
2013-09-12,0.010591162502011418,0.01791837214328295,0.2844453395414046,0.2786622875649652
2013-09-13,-0.016617081725234243,0.01801398263256321,0.2859631090055933,0.2735548034624092
2013-09-16,-0.032308252383926574,0.018159439106356992,0.2882721589430497,0.2911688411346344
2013-09-17,0.01148637268599857,0.018129644639732455,0.28779918644824365,0.29287196566907114
2013-09-18,0.020348587437527127,0.018167445088996047,0.2883992499774315,0.3010412243263927
2013-09-19,0.016265323730574273,0.018236844319349996,0.2895009286056065,0.3071973960571072
2013-09-20,-0.010407367950526615,0.018259739246962753,0.2898643743140956,0.3076192905006389
2013-09-23,0.048503806608007904,0.018244019516151014,0.28961483132366717,0.3563784764589288
2013-09-24,-0.0031438721434677384,0.01825845489140493,0.2898439858016897,0.35631888512756615
2013-09-25,-0.015598171080357848,0.018264318223804765,0.2899370633179941,0.3592324726676902
2013-09-26,0.00969260783732641,0.018266002245108274,0.28996379632742386,0.3474978521243035
2013-09-27,-0.007162737479806646,0.01830631541499056,0.2906037480598392,0.34780300581548274
2013-09-30,-0.01250650902219762,0.018272357286939003,0.290064679488957,0.3500006753236294
2013-10-01,0.023240833008372225,0.018229290119848324,0.289381009406193,0.3589167287309774
2013-10-02,0.0032738034295780993,0.018316442144455203,0.29076450490638645,0.3589670228935919
2013-10-03,-0.012641623651874505,0.018480887136359606,0.2933749882239609,0.35356317707488827
2013-10-04,-0.0007864127019976669,0.01847379836505926,0.2932624574681906,0.35302036930226016
2013-10-07,0.009724084539969704,0.018361146297057873,0.29147416132853776,0.35422523246537246
2013-10-08,-0.014060282945672827,0.018419972393725316,0.29240799666283396,0.3514409701981812
2013-10-09,0.011679342235375235,0.01849933932470486,0.29366790763299977,0.3463329810349794
2013-10-10,0.006248478868807207,0.018526344833832545,0.294096606800083,0.2825811460630399
2013-10-11,0.006453331367715443,0.018510279129710247,0.2938415716536145,0.2813906765065808
2013-10-14,0.006532697806730975,0.018545831445510187,0.29440594717044893,0.2734222042636686
2013-10-15,0.005308092009733026,0.018485425772802967,0.29344703684388374,0.2412197510344218
2013-10-16,0.004860764061791309,0.0185319770761074,0.29418601587438054,0.24002183620790907
2013-10-17,0.006742773324580283,0.018534353796098847,0.294223745134581,0.23328004548770193
2013-10-18,0.008663543917571886,0.01852142443780943,0.2940184979347083,0.22966752602491433
2013-10-21,0.02420939815739932,0.018454257253066583,0.29295225193214486,0.23441122493537833
2013-10-22,-0.0028622154804650995,0.018492446691623504,0.29355849047492966,0.17481091953790837
2013-10-23,0.009743762242577517,0.018458930595622078,0.2930264389453044,0.17503137986815376
2013-10-24,0.013151510542794674,0.018618710298674568,0.2955628630983002,0.16374591492497093
2013-10-25,-0.011248618968189707,0.018633345424683912,0.29579518852126113,0.1716411551195512
2013-10-28,0.007424948351278598,0.018561770899909503,0.2946589781646968,0.16734969616032885
2013-10-29,-0.025226916127152228,0.018462961127673875,0.29309042165806637,0.188091875670673
2013-10-30,0.015784334149420397,0.018470529682074775,0.2932105687344406,0.17999552508097355
2013-10-31,-0.0042000845494830465,0.018368285692551015,0.2915874957184549,0.18195216126746255
2013-11-01,-0.005121337078420221,0.018459100533682212,0.2930291366283768,0.17549476704058278
2013-11-04,0.012839614154361662,0.018525178857384115,0.29407809749778036,0.17765814055687296
2013-11-05,-0.0024711283517491875,0.016540205183058047,0.262567617290119,0.1778390047002864
2013-11-06,-0.002837304143312582,0.016764751003338227,0.26613217168052117,0.1678063484448972
2013-11-07,-0.016314957528165162,0.017067304940410973,0.270935066534589,0.17944906721224882
2013-11-08,0.015624165647259292,0.01709772192700386,0.27141792122752956,0.1846189745553867
2013-11-11,-0.0029050289033345817,0.017196215268866163,0.2729814545577095,0.18538140245008314
2013-11-12,0.0018473907265537269,0.017300212290492934,0.27463235609560455,0.1848858436286389
2013-11-13,0.0011920717990216163,0.01742440867170415,0.2766039125261189,0.18465465413608145
2013-11-14,0.014359708622838922,0.017523706973502962,0.27818022419914307,0.18917261432604016
2013-11-15,-0.0060201409475771645,0.017518386053629702,0.27809575721475854,0.1909625420226327
2013-11-18,-0.012188597914781645,0.01769739518304734,0.280937439047854,0.19563694762545486
2013-11-19,0.0017722874053769033,0.017697734263309336,0.2809428217801404,0.17690038567456748
2013-11-20,-0.00879623363759707,0.017751483453672327,0.2817960637253697,0.17933486150268158
2013-11-21,0.011852045202318836,0.01781592250988296,0.282819002030088,0.180944987329254
2013-11-22,-0.0025745027558841593,0.017871420294357586,0.2837000020462975,0.17455349093055614
2013-11-25,0.00755103838311374,0.017916669019094104,0.2844183032830714,0.17253756063955866
2013-11-26,0.01827628953053144,0.017903259985463212,0.28420544147321714,0.1821864078065123
2013-11-27,0.023273971736805947,0.018003077729775586,0.28578999904050895,0.1728086807926427
2013-11-29,0.018348375449046925,0.018076285815833537,0.2869521413785191,0.17542549418552075
2013-12-02,-0.008742089347688796,0.018065023388694958,0.28677335589031305,0.17846159135446568
2013-12-03,0.027007483445671315,0.018212818591342324,0.289119531997353,0.19446286459318424
2013-12-04,-0.002333322774725012,0.018175307566140185,0.28852406293270544,0.19320377100551897
2013-12-05,0.0051195467692833185,0.013994577713861898,0.22215703400547251,0.1919762297021869
2013-12-06,-0.01397321199752918,0.014455600081298281,0.229475537203922,0.20063691878073048
2013-12-09,0.011380823491200941,0.014923293819916543,0.23689994513667778,0.18885885952342485
2013-12-10,-0.001554569196684288,0.015233989369943435,0.24183208408963128,0.18576367838201865
2013-12-11,-0.007436208453330608,0.015564387918923273,0.24707699845445477,0.1885124971867963
2013-12-12,-0.0014617852898172726,0.01586790678616536,0.2518952111000863,0.18927622711257797
2013-12-13,-0.010959918474236193,0.016101533552057293,0.2556039210330365,0.19577268431029915
2013-12-16,0.0055214958698895315,0.0163032320726017,0.2588057857840574,0.19165905650269133
2013-12-17,-0.004512501743571642,0.01648867331414248,0.2617495742316492,0.19087676863567316
2013-12-18,-0.007632600287290115,0.01670312932077822,0.2651539577959823,0.187028941436063
2013-12-19,-0.011522537154351224,0.01686790713560778,0.2677697245137003,0.19356220884338812
2013-12-20,0.008340208238056384,0.01695657026911657,0.26917720812404416,0.19033821824574815
2013-12-23,0.03765938204346859,0.017184008251396706,0.2727876741628655,0.2234899651902965
2013-12-24,-0.004253839385472502,0.017399416521744104,0.27620717444498016,0.224213008956844
2013-12-26,-0.006662960467599097,0.017527105342081527,0.27823417162787634,0.22692253180392338
2013-12-27,-0.006779807384977286,0.01749578433091229,0.2777369659896871,0.22295530322753934
2013-12-30,-0.009994843399715157,0.01760028083419921,0.2793957965531253,0.21313797667587922
2013-12-31,0.011653616904508364,0.017686742875754443,0.28076833891193775,0.2073525978318483
2014-01-02,-0.014162947278827439,0.01780380205013975,0.28262659569655013,0.2111861659600802
2014-01-03,-0.022211529686728713,0.01781676345564571,0.282832351630214,0.2009355573987491
2014-01-06,0.005438570076921225,0.01786223894613136,0.28355425266165624,0.20265703614100603
2014-01-07,-0.007177552975047336,0.019592465493450412,0.3110207475977051,0.2018345536891911
2014-01-08,0.0063134388772607955,0.019451123093716674,0.30877700656127777,0.19939131905994004
2014-01-09,-0.012852648569851598,0.019169069103167347,0.30429953826955647,0.1974362653391272
2014-01-10,-0.006694838947109,0.01902461437878504,0.3020063906110127,0.19790121132878477
2014-01-13,0.0052216730476855435,0.018923574684598272,0.3004024351908275,0.1990418562127641
2014-01-14,0.01970219673065679,0.01882385316303135,0.29881940511226524,0.21307241288940443
2014-01-15,0.019878641845609658,0.01853980357595609,0.29431025770779484,0.22190297151870775
2014-01-16,-0.005595799296790989,0.018436705082081832,0.2926736198557753,0.22191776513928707
2014-01-17,-0.024806434932171533,0.018351446265916848,0.29132017810788535,0.23739200102097194
2014-01-21,0.015417019654515836,0.01826692700724005,0.28997847647115926,0.24294036347713804
2014-01-22,0.004434151733795365,0.018251795093717504,0.2897382647909121,0.2397942593674874
2014-01-23,0.008431328000144865,0.01818824776964859,0.2887294822950922,0.23983146293297722
2014-01-24,-0.018344377705688326,0.01814942154625214,0.28811313510636316,0.20707112887540427
2014-01-27,0.008079616721932557,0.018115155709931576,0.28756918181814406,0.20980661750096613
2014-01-28,-0.08330230375652962,0.018062259049534887,0.2867294733665712,0.35291004816929666
2014-01-29,-0.011417451859532043,0.018104990784433027,0.28740781862835607,0.35355127607642023
2014-01-30,-0.0019389751848741122,0.018047082944385985,0.2864885601660038,0.3533141005050078
2014-01-31,0.0016389231857099407,0.018075662586103186,0.28694224791326206,0.34906204063977436
2014-02-03,0.0018565142581606522,0.017995052441272186,0.2856626015350317,0.34842047503519197
2014-02-04,0.014371884817356809,0.01810747142906255,0.28744719764104115,0.3482517147617654
2014-02-05,0.007440963217105049,0.01818964625124122,0.28875168250213545,0.348925796239525
2014-02-06,0.0058118138031273536,0.0193947296418029,0.3078817882652598,0.34978487911731354
2014-02-07,0.013892938339460885,0.019308063508465093,0.3065060060498394,0.35308122265885106
2014-02-10,0.017756416895759696,0.019136189006950233,0.3037775829235103,0.3569589665241929
2014-02-11,0.013089793985408046,0.01905365665150619,0.3024674223977824,0.3591279658520269
2014-02-12,-7.473076360497008e-05,0.018859944320207392,0.29939233447076335,0.35872890720927
2014-02-13,0.015754861494590232,0.01872089427987701,0.2971849835117172,0.356291340607443
2014-02-14,-0.0008087585828468757,0.018718350541440908,0.2971446029159032,0.3489626236971995
2014-02-18,0.003669774249366765,0.018603092651723663,0.2953149406389236,0.34885836413356663
2014-02-19,-0.015913582710241223,0.018538316309469366,0.294286648084252,0.3423281726478932
2014-02-20,-0.011642402115805143,0.01846430543535647,0.29311176188094856,0.33979007191941735
2014-02-21,-0.011170512730210242,0.01844945209394112,0.2928759723958085,0.34077278899356517
2014-02-24,0.004369665652950641,0.01837151002785128,0.29163868045454283,0.3394884146678083
2014-02-25,-0.01046126899777403,0.018233135983413792,0.289442060597616,0.335853220593089
2014-02-26,-0.00906265279820382,0.018130135240149475,0.28780697448842285,0.33471063182083394
2014-02-27,0.01975176964404806,0.018120011581122933,0.2876462663835694,0.17344271195561112
2014-02-28,-0.0027137497087296714,0.018172604610277,0.2884811548385928,0.16732363647096216
2014-03-03,0.002883876293298733,0.01822989455842486,0.2893906045711309,0.16648956205435475
2014-03-04,0.006572461139294805,0.01822279831615579,0.2892779552174088,0.16690351246367086
2014-03-05,0.002105642013685435,0.01818467685026011,0.2886727957071696,0.1668821092448761
2014-03-06,-0.0030286386429731783,0.018108959211239287,0.28747081545090925,0.16294562876228738
2014-03-07,-0.0005844782417087364,0.01802598169030224,0.2861535881420607,0.16212255016351357
2014-03-10,0.0009046191756723402,0.016965801416419582,0.2693237480445216,0.16152617186744306
2014-03-11,0.009690884931259889,0.017118581728690012,0.27174906031348767,0.15814359789772325
2014-03-12,0.0009692728501272285,0.01728408000065111,0.2743762639336077,0.14664844471235094
2014-03-13,-0.011168854879971027,0.017350268150716563,0.27542696824248336,0.1448511545919623
2014-03-14,-0.011294891799945889,0.017369670091124053,0.27573496449810525,0.14959823131667427
2014-03-17,0.0038990309868257296,0.01742717019930358,0.2766477504177193,0.1380508719400777
2014-03-18,0.008808129004187587,0.01749960592044328,0.27779763184275885,0.1426641710847932
2014-03-19,-0.00026313543598946405,0.017535884657524498,0.27837353893993727,0.14164907000630356
2014-03-20,-0.00483078548012457,0.01762989805561326,0.27986595536744313,0.13212748680316685
2014-03-21,0.007856520675287746,0.01770807447968169,0.2811069676262835,0.12915112121738975
2014-03-24,0.011790645724056598,0.01773649620134978,0.2815581484704799,0.12827321163808017
2014-03-25,0.0106994564701374,0.01785481242826105,0.2834363603453041,0.1320335445138685
2014-03-26,-0.009605840008885667,0.01789326905225641,0.2840468403254332,0.13108295149419005
2014-03-27,-0.004307821694075,0.017870170492514267,0.2836801620571043,0.12719152062532443
2014-03-28,-0.0011164775061119532,0.01780527383220543,0.2826499595125294,0.10941380660589707
2014-03-31,-0.00022383309126863376,0.01781625494359604,0.28282427925168135,0.10873781287598201
2014-04-01,0.009106585303100769,0.017828740342374954,0.2830224788128122,0.11221979787343189
2014-04-02,0.0016601890436427015,0.01778656637556075,0.2823529878448633,0.11055489162954839
2014-04-03,-0.006954428217500178,0.017740095474445054,0.2816152851595441,0.11382306084880688
2014-04-04,-0.013020817983484503,0.01768878618840144,0.28080077549462595,0.12272079743670404
2014-04-07,-0.015825599810422714,0.017709768903128358,0.28113386576461663,0.1345704795766511
2014-04-08,-5.6975400622959654e-05,0.01728794524673019,0.2744376228128956,0.13447351433083798
2014-04-09,0.013057931035964185,0.017298930531223018,0.27461200879799147,0.13819828648003457
2014-04-10,-0.012981652591057559,0.017334873668006526,0.2751825884056039,0.14461112741530913
2014-04-11,-0.00742022251743731,0.017369758714236457,0.2757363713464002,0.14190619933367715
2014-04-14,0.003975697524708419,0.017432355355345198,0.2767300622180904,0.13774770933066877
2014-04-15,-0.0071562066043007735,0.017500818615930388,0.2778168827868085,0.13884698655587938
2014-04-16,0.002024948033728863,0.017454519446861407,0.27708190626321577,0.1348635502377382
2014-04-17,0.0113606387885562,0.017501989886472568,0.277835476130244,0.14163868304222393
2014-04-21,0.011798235598280476,0.01755482039105691,0.2786741343908534,0.14694992978983243
2014-04-22,0.000997827253340626,0.017509750551054894,0.27795867286120457,0.14435799261022572
2014-04-23,-0.013157546061523539,0.017511052913924404,0.27797934723082146,0.14432487309966674
2014-04-24,0.07879433760751524,0.017481435747298386,0.27750918928623663,0.31153008091498513
2014-04-25,0.007317752853029487,0.017519715188856547,0.2781168565823726,0.3091272175813588
2014-04-28,0.03799656476767196,0.01749757142264327,0.2777653351914285,0.3309157179251448
2014-04-29,-0.002967095479886141,0.017512528068493013,0.278002764583625,0.33139228188567205
2014-04-30,-0.0037889297627064535,0.017519560675938874,0.27811440376584556,0.3322862082206101
2014-05-01,0.002353274703986537,0.017536957579614657,0.27839057105009757,0.3319330703263808
2014-05-02,0.0018573930098295436,0.017557665483242876,0.2787192988291401,0.3319148288510305
2014-05-05,0.014042919552161519,0.01753159454381198,0.27830543549606024,0.3309921598780709
2014-05-06,-0.01095899722677425,0.017491990833659904,0.277676746087713,0.32963631763827445
2014-05-07,-0.0035056602764968353,0.017504243150597322,0.2778712455893175,0.32237136140501027
2014-05-08,-0.0017840158198385197,0.013297496597470378,0.21109121433980513,0.3228276448666111
2014-05-09,-0.004175365343410335,0.013517848895951454,0.21458919863541953,0.3234667549924006
2014-05-12,0.012373385152720304,0.013720483126878225,0.21780591732826596,0.31759628154278396
2014-05-13,0.0015670161665466509,0.013926325414180072,0.22107356233727432,0.31425203462009754
2014-05-14,0.00018573173202088712,0.01413108593236475,0.22432403479392257,0.3149269952168196
2014-05-15,-0.008540055648192468,0.014296151075121612,0.22694436270108279,0.3157151046410866
2014-05-16,0.014650134141889705,0.01448143509089116,0.22988565526693233,0.3165533663945761
2014-05-19,0.011779651352121855,0.01465906807599733,0.23270549148633016,0.31662987539760945
2014-05-20,0.00019851870464405988,0.01488738714483863,0.23632994434069765,0.3169609725612925
2014-05-21,0.002642152688628436,0.015037331927269344,0.23871024396891777,0.3166562848197231
2014-05-22,0.0015824486528775972,0.015186780409277923,0.24108266507218262,0.30914384421928304
2014-05-23,0.011233200287011767,0.015360834846747003,0.2438456936089652,0.16877759885922586
2014-05-27,0.018552655043452396,0.015437957804199131,0.2450699826037181,0.17589504145869211
2014-05-28,-0.0025929532886331233,0.01555096933904516,0.2468639851026239,0.12839678633795465
2014-05-29,0.018056481408379756,0.01564634569705062,0.248378037848049,0.13724995571206036
2014-05-30,-0.0037524083527971782,0.01575854780757726,0.2501591911342294,0.13722521769599513
2014-06-02,-0.006895824369075833,0.015895259234850027,0.252329417761896,0.14194974703075827
2014-06-03,0.014042404788425202,0.015990796686410985,0.25384602778823506,0.1467281715919536
2014-06-04,0.01135420515055284,0.016040508994476992,0.2546351862136852,0.14463176292517332
2014-06-05,0.003915769409826531,0.01604328933961734,0.2546793228244869,0.13456868089032675
2014-06-06,-0.0027534459235184997,0.016166767875710787,0.25663948381703233,0.1340411390580905
2014-06-09,0.015874808756812398,0.011827293826553977,0.18775246888770794,0.1377434054129289
2014-06-10,0.005852621025893407,0.01208977267624751,0.1919191914519283,0.13345254708626714
2014-06-11,-0.004146754019377449,0.012316085253857982,0.1955117922454682,0.13527371355022533
2014-06-12,-0.016868601434214082,0.012538827253482982,0.19904771187069012,0.1546732020034245
2014-06-13,-0.011003943181513818,0.012762967058189911,0.20260582096368085,0.16280918309710918
2014-06-16,0.010028732320997163,0.012969115379882696,0.20587832411803555,0.15816949946194442
2014-06-17,-0.0013024551805444757,0.013134083637483784,0.20849711402102827,0.15472025806207926
2014-06-18,0.0010853083260864073,0.013336177983918104,0.21170526231325232,0.1520161909870165
2014-06-19,-0.0034777470902455174,0.013530634863031663,0.2147921695704137,0.15342722412944504
2014-06-20,-0.010395482146440389,0.013755795849058425,0.2183664894142991,0.16022679892328906
2014-06-23,-0.0008805347962478902,0.01387624799257458,0.22027860791406953,0.16059334369722378
2014-06-24,-0.006073467860193794,0.014020257750918884,0.22256469195574277,0.1594965504541338
2014-06-25,0.0008858003118888449,0.0141938252348772,0.22531999034518813,0.14673639562873778
2014-06-26,0.0059579505761059685,0.014313819630498204,0.2272248423223962,0.1474376608503004
2014-06-27,0.011811496006714432,0.014396346802764953,0.22853492056773542,0.13967965548773253
2014-06-30,0.010275170132561734,0.014547489774989661,0.23093424086926576,0.14255540574703604
2014-07-01,0.00632862413287416,0.014656613410550363,0.23266652488038292,0.14031959835029728
2014-07-02,-0.0004277438818265048,0.01479397100079902,0.23484700902729325,0.13336083267920848
2014-07-03,0.005866449077658172,0.014990835541099446,0.23797213672090514,0.129413257483652
2014-07-07,0.02042197257064752,0.01513676161198239,0.24028864128104746,0.1457358692600104
2014-07-08,-0.006481482192803067,0.015296074817464558,0.24281766001469354,0.14775042118215323
2014-07-09,0.0004198127215283376,0.012303329741762403,0.1953093047683671,0.13831820020959407
2014-07-10,-0.0036759180944807225,0.012486927442003805,0.1982238279050999,0.13791486528098598
2014-07-11,0.001892003140475686,0.012651833531020307,0.20084163091240756,0.1369911745458245
2014-07-14,0.012834751386430981,0.012814808779173993,0.2034287827712497,0.12733702415264317
2014-07-15,-0.011784939856091952,0.012963531607890448,0.2057896844856205,0.1283741694682407
2014-07-16,-0.005681532868596749,0.013123605575987005,0.20833077995137314,0.12762357346831774
2014-07-17,-0.017991445632971902,0.013219976798998783,0.20986062568916702,0.14398093351674043
2014-07-18,0.01429200881710091,0.013392351425484164,0.2125969880532748,0.15169649210718197
2014-07-21,-0.005202478742239926,0.013531074201214174,0.21479914384784796,0.1524748768893025
2014-07-22,0.008268810419890877,0.013671198766822969,0.21702355236687892,0.1484518444550717
2014-07-23,0.025742468836853487,0.01380476355426006,0.21914382763572138,0.16923649965508902
2014-07-24,-0.0016477296205680266,0.013943286802712743,0.22134281603296108,0.16685095611723214
2014-07-25,0.006574156312889372,0.014065074302709773,0.2232761326596916,0.16692010824007597
2014-07-28,0.013727591795228615,0.01417852223387972,0.22507706273547431,0.17037594971932887
2014-07-29,-0.006484411232222088,0.014282651688952345,0.22673006658914735,0.17169041291848805
2014-07-30,-0.0023403727813261816,0.014345046680651213,0.22772055637569422,0.17070191258266793
2014-07-31,-0.02632433455087992,0.01441917486127297,0.22889730476209527,0.19714867128071412
2014-08-01,0.005529046086392169,0.014500661732074397,0.23019086873363986,0.19766625227008688
2014-08-04,-0.005633433720820593,0.014574341950450966,0.23136050593985583,0.19835473895118388
2014-08-05,-0.004928795050783125,0.014708499060974966,0.23349018404620092,0.185770671204405
2014-08-06,-0.0016840752898732712,0.014779979678233593,0.2346249036671672,0.18453878091422868
2014-08-07,-0.00010536611298129178,0.014954022130220828,0.23738774194032394,0.18452569540814023
2014-08-08,0.002747704819968241,0.015072719032865903,0.23927199685507902,0.1843515404897381
2014-08-11,0.013108148374596848,0.01515900438855583,0.24064173441273284,0.18975157536229506
2014-08-12,-0.00020844193517705482,0.015283669567771914,0.24262073278086319,0.18447830470226254
2014-08-13,0.013146542403147315,0.015324264698690988,0.24326516050597505,0.18462894497699198
2014-08-14,0.002670174902370257,0.015457178464135744,0.24537510112107902,0.1829740889277302
2014-08-15,0.004910763972127086,0.015503807576350425,0.24611531532973363,0.16874889553467556
2014-08-18,0.011971303138620635,0.0156365405719436,0.24822238631240667,0.16691730601694055
2014-08-19,0.013721574374487507,0.015671814537937156,0.24878234316305006,0.16868684362314873
2014-08-20,0.00039819479242251746,0.015749863997717786,0.250021339926305,0.16806483916811196
2014-08-21,9.889991710875166e-05,0.015816203421379037,0.2510744456290671,0.14662364013560036
2014-08-22,0.0073303750212403585,0.015886051638455148,0.252183251700495,0.14720779313025872
2014-08-25,0.0021690662430457106,0.015980264249401473,0.2536788305340753,0.1463835042681549
2014-08-26,-0.006421738745604993,0.016004419977730874,0.2540622908334587,0.1427909232181814
2014-08-27,0.012215681719089487,0.016048054761388212,0.25475497154987525,0.1449091590869436
2014-08-28,0.0011741425703973363,0.016032509060496625,0.25450819119878326,0.14408647875457753
2014-08-29,0.0024420492919198316,0.016018708072264534,0.254289107302529,0.10012079142733807
2014-09-02,0.007774403643236757,0.016040942061179838,0.2546420609344662,0.10097711864584417
2014-09-03,-0.043123659044511264,0.016053966676522948,0.25484882029318706,0.189325805232851
2014-09-04,-0.008322267647813296,0.016040848955560735,0.2546405829285833,0.19121822220668222
2014-09-05,0.008625749330377764,0.016061998932555555,0.2549763284047615,0.19224159703635282
2014-09-08,-0.006182955923368322,0.027146041703106492,0.43093005255724837,0.19430402725489151
2014-09-09,-0.0037685977700402237,0.027080711266541536,0.4298929640280834,0.19526162552692533
2014-09-10,0.03025536845591283,0.02698198375451496,0.42832571336178865,0.2159295043689771
2014-09-11,0.0042481351524761,0.02681622212018851,0.42569432899372817,0.21579710804690533
2014-09-12,0.002265075952946129,0.026708912761472164,0.42399084573464857,0.212383716558546
2014-09-15,-0.0002951946321564435,0.026635185750261324,0.4228204657152168,0.21253472201861243
2014-09-16,-0.007605636516222266,0.026596384932726425,0.42220452183203677,0.21476760283805846
2014-09-17,0.007113508551317466,0.026478777844955653,0.4203375671920767,0.212395134887743
2014-09-18,0.0020653799471100458,0.026322499923950037,0.4178567321057304,0.2074821472940729
2014-09-19,-0.008187853372490773,0.026254928354204506,0.4167840666902608,0.20970375419502518
2014-09-22,0.0009901396093185445,0.026133026410448335,0.41484893332517553,0.2097219077592853
2014-09-23,0.015513584238879113,0.025959721047953962,0.4120977959849715,0.2150622016130092
2014-09-24,-0.008709206731808894,0.0258643574312401,0.41058394550128013,0.21736180884434256
2014-09-25,-0.038878430418860715,0.025817245920526793,0.4098360734538643,0.2553825842470842
2014-09-26,0.029002222615410283,0.025712535697749957,0.4081738501987022,0.2727295197739452
2014-09-29,-0.0063731480190117795,0.02563925718683892,0.40701058990080785,0.27334668372702225
2014-09-30,0.006373148019011709,0.025558932882145488,0.4057354810940898,0.27430921955918264
2014-10-01,-0.015706273580779216,0.0255030045472764,0.40484764630225656,0.27708523387257206
2014-10-02,0.007233308053484127,0.025361924002715308,0.40260806208782723,0.2343968291113325
2014-10-03,-0.002806662104583111,0.025277879149244942,0.4012738914002825,0.23256458555101509
2014-10-06,0.0,0.025239104614550718,0.40065836474426353,0.23078388137985165
2014-10-07,-0.008771715419784522,0.01728645276592753,0.2744139304146533,0.23187348025593907
2014-10-08,0.020547266469192457,0.01728645276592753,0.2744139304146533,0.24173484413402335
2014-10-09,0.002179985811650798,0.01728645276592753,0.2744139304146533,0.21781030445303598
2014-10-10,-0.002874502176036847,0.01728645276592753,0.2744139304146533,0.217461035010198
2014-10-13,-0.009175571548081173,0.01728645276592753,0.2744139304146533,0.2193441581702529
2014-10-14,-0.010677178556725177,0.01728645276592753,0.2744139304146533,0.22193177131853226
2014-10-15,-0.012328611596733955,0.01728645276592753,0.2744139304146533,0.22419561736683338
2014-10-16,-0.013209620851778028,0.01728645276592753,0.2744139304146533,0.22530118561474047
2014-10-17,0.014541271798806273,0.01728645276592753,0.2744139304146533,0.2325577101179135
2014-10-20,0.02117312195744373,0.01728645276592753,0.2744139304146533,0.24459248778262901
2014-10-21,0.026802725624598955,0.01728645276592753,0.2744139304146533,0.2623649915814839
2014-10-22,0.005061890492468782,0.01728645276592753,0.2744139304146533,0.2573596957819543
2014-10-23,0.017708053489288392,0.01728645276592753,0.2744139304146533,0.262112024944822
2014-10-24,0.003713208222875736,0.01728645276592753,0.2744139304146533,0.21729827539625088
2014-10-27,-0.001045850188091594,0.01728645276592753,0.2744139304146533,0.19673181854920332
2014-10-28,0.015388909885066858,0.01728645276592753,0.2744139304146533,0.19946192608149077
2014-10-29,0.005604965936279137,0.01728645276592753,0.2744139304146533,0.1993185439599548
2014-10-30,-0.003359224464544361,0.01728645276592753,0.2744139304146533,0.18902800591557947
2014-10-31,0.009489234669860498,0.01728645276592753,0.2744139304146533,0.18973381973060235
2014-11-03,0.012879473534545103,0.01728645276592753,0.2744139304146533,0.19072134661292608
2014-11-04,-0.007339238244651832,0.01728645276592753,0.2744139304146533,0.19453989200100616
2014-11-05,0.002391118019027389,0.026411604625460418,0.41927122539078904,0.18899054004711882
2014-11-06,0.0028561531906530235,0.02632413556768531,0.4178826971450726,0.17995022234009067
2014-11-07,0.002847623449223061,0.026208272444595067,0.41604342708615233,0.17988938627315718
2014-11-10,-0.001652537802896663,0.026113537149961164,0.4145395509062619,0.17936451217943375
2014-11-11,0.00796234951485366,0.025989393390481924,0.4125688298198458,0.1733604326649655
2014-11-12,0.014030565595444166,0.02589897790674553,0.4111335285120291,0.16673914305369275
2014-11-13,0.014013543440485074,0.02582146085017758,0.409902983387762,0.15504981160536735
2014-11-14,0.011982671493881122,0.025720678697418654,0.40830311631099897,0.1368936792057113
2014-11-17,-0.0016655916013726445,0.02557430516915293,0.40597950858511384,0.13913086983013412
2014-11-18,0.012900121302382288,0.025484565446998328,0.40455493465984316,0.13168704041617366
2014-11-19,-0.006952183746508877,0.025399101479283263,0.4031982362320577,0.11964174927897925
2014-11-20,0.014200885060611785,0.025326003828540933,0.4020378470003341,0.12329266361717932
2014-11-21,0.0013741437232459627,0.025303510058664155,0.40168076947348047,0.11654414869629738
2014-11-24,0.018376055327278623,0.025218680299363205,0.4003341387921538,0.12492300192646436
2014-11-25,-0.008720355330594114,0.02509685932841505,0.39840029083054634,0.13288856972139543
2014-11-26,0.011834481791520014,0.025027534851917634,0.3972997988830549,0.13011511438142187
2014-11-28,-0.0005886958470680758,0.024951980540762867,0.39610041137628904,0.1317411078276962
2014-12-01,-0.03299423144176345,0.024851021409792905,0.39449773485752276,0.18494154914191177
2014-12-02,-0.0038313524363363296,0.024780430890349002,0.3933771451013181,0.18542310105490875
2014-12-03,0.01127729730536325,0.024692031666658898,0.391973850929467,0.18443261050427126
2014-12-04,-0.0038026523266753063,0.024617185657631855,0.3907857073703995,0.18233755131398646
2014-12-05,-0.004251875498768513,0.01651202903189242,0.26212033475679575,0.18412250953642598
2014-12-08,-0.02286824118351302,0.01651202903189242,0.26212033475679575,0.2044941749416855
2014-12-09,0.015186713041411655,0.01651202903189242,0.26212033475679575,0.2098445674551248
2014-12-10,-0.019198181654304612,0.01651202903189242,0.26212033475679575,0.22231542992432157
2014-12-11,-0.0029519533032928936,0.01651202903189242,0.26212033475679575,0.22143586847038713
2014-12-12,-0.017077527068146182,0.01651202903189242,0.26212033475679575,0.22426596427439818
2014-12-15,-0.013764358409370661,0.01651202903189242,0.26212033475679575,0.22200557230877804
2014-12-16,-0.013768873612850542,0.01651202903189242,0.26212033475679575,0.21951003088728682
2014-12-17,0.0246126220072185,0.01651202903189242,0.26212033475679575,0.23977075227187442
2014-12-18,0.029183235966007477,0.01651202903189242,0.26212033475679575,0.2583918438009641
2014-12-19,-0.007753026898403854,0.01651202903189242,0.26212033475679575,0.2586321399558929
2014-12-22,0.01032434867836099,0.01651202903189242,0.26212033475679575,0.25605644990388854
2014-12-23,-0.0035483802764471766,0.01651202903189242,0.26212033475679575,0.2559522225457868
2014-12-24,-0.004720422192498553,0.01651202903189242,0.26212033475679575,0.24549160231528794
2014-12-26,0.017522407023141354,0.01651202903189242,0.26212033475679575,0.25410956190253303
2014-12-29,-0.0007018218836061942,0.01651202903189242,0.26212033475679575,0.2494991974378698
2014-12-30,-0.012277870772401146,0.01651202903189242,0.26212033475679575,0.25189226153631356
2014-12-31,-0.01920198545478708,0.01651202903189242,0.26212033475679575,0.23490801244938994
2015-01-02,-0.009557932028770784,0.01651202903189242,0.26212033475679575,0.23630964428697832
2015-01-05,-0.028576069009271964,0.01651202903189242,0.26212033475679575,0.2476125526404869
2015-01-06,9.426349070042561e-05,0.01651202903189242,0.26212033475679575,0.24804941780185372
2015-01-07,0.013924807893304834,0.016879812227352048,0.2679587119862447,0.2556608384117613
2015-01-08,0.0377024297972529,0.016813534277678056,0.2669065821527769,0.2814526580689345
2015-01-09,0.0010717709444375812,0.01676163847464735,0.2660827618193335,0.2759121056052806
2015-01-12,-0.024949107465541267,0.016684586475742107,0.2648595992565913,0.2813855719761399
2015-01-13,0.008839352939821098,0.016605180136626905,0.263599062701666,0.2833982224579768
2015-01-14,-0.003817824294495513,0.016530460356635655,0.26241292296642016,0.27734250688096995
2015-01-15,-0.027515358999488593,0.016500809241123557,0.2619422260999762,0.28977260774090274
2015-01-16,-0.007800568176430052,0.016416312046428277,0.2606008747180983,0.2870865266102915
2015-01-20,0.025431241247198724,0.016374258411822815,0.2599332939647437,0.2879956131605242
2015-01-21,0.007605198208162905,0.01632727987759023,0.25918753285351714,0.269251053454508
2015-01-22,0.025682870263088332,0.016283557622576363,0.2584934635723633,0.28372288516518684
2015-01-23,0.005147061328447712,0.01626260907548424,0.25816091569676003,0.2819710954416428
2015-01-26,0.0010612075679385282,0.016219368154452418,0.2574744873556905,0.28168871860221206
2015-01-27,-0.03564081892378471,0.0161673547833926,0.2566488006876441,0.3077071394738201
2015-01-28,0.05499277388583587,0.01615775077051124,0.2564963417096101,0.35950625120539276
2015-01-29,0.030658365235608546,0.016096961705291214,0.25553134521558446,0.374243722782999
2015-01-30,-0.014742090811100277,0.016018576565577834,0.2542870196985965,0.37552689471896483
2015-02-02,0.012469126684889559,0.015988462303044123,0.2538089706011146,0.36904748390458686
2015-02-03,0.00016848311581480139,0.01594756363759161,0.25315972441466394,0.36626121248268534
2015-02-04,0.007640324122507109,0.015913002802995478,0.25261108817399874,0.3467729124659111
2015-02-05,0.007112056591619639,0.01590618326307503,0.25250283133388646,0.34621553797265964
2015-02-06,-0.00845672582431928,0.014426231068916863,0.22900931858584514,0.3483976736775844
2015-02-09,0.00662064567741745,0.014476839610573998,0.2298127042784877,0.3275241117802181
2015-02-10,0.01902935676979452,0.014510420516695814,0.2303457846368789,0.3317895581221677
2015-02-11,0.02316840531143611,0.014579154071880363,0.23143689599934084,0.32007132628166324
2015-02-12,0.012572727743663631,0.01459398146503499,0.23167227356861197,0.3206677936147713
2015-02-13,0.004890823520243193,0.01458275780349033,0.23149410346513158,0.31846903585218295
2015-02-17,0.0058844161611140535,0.014634860645980387,0.23232121044810114,0.29263342907270085
2015-02-18,0.0069382719989529605,0.014667347446656707,0.23283692242099116,0.286528262524491
2015-02-19,-0.002099738759923087,0.014765262295743731,0.23439127246305927,0.2830181647602644
2015-02-20,0.008141141505761399,0.014731112369611513,0.2338491591920368,0.2830117631581351
2015-02-23,0.026668238358619777,0.014763944180215262,0.2343703480277338,0.2838002258056035
2015-02-24,-0.006260398044406617,0.014781159160672862,0.23464362737042765,0.28806610536008176
2015-02-25,-0.02590558033972515,0.014833221844253548,0.23547009685047451,0.31014748703064415
2015-02-26,0.012576752273411504,0.014785031504761873,0.23470509892713004,0.2702580858904004
2015-02-27,-0.015142153503579411,0.01479946264992782,0.2349341862545878,0.22404292023512432
2015-03-02,0.0048919473262445355,0.014842427682803161,0.23561623500694703,0.20424531807520963
2015-03-03,0.0020894062954192522,0.014838095780442779,0.23554746818885072,0.19267190971225298
2015-03-04,-0.006358906430066763,0.014813247390806186,0.23515301223209756,0.19438958229038203
2015-03-05,-0.016709705615192437,0.01480190374927318,0.23497293750534837,0.20697555918752228
2015-03-06,0.001502066845572285,0.014755163048763667,0.23423095188742965,0.20640941259614998
2015-03-09,0.004256114903433837,0.014774733974350996,0.2345416306996182,0.20591369331203255
2015-03-10,-0.020902744808847816,0.01443736366497903,0.22918604306960733,0.21859170796789723
2015-03-11,-0.018399722998438423,0.014484956001416924,0.22994154798877042,0.2291218217696794
2015-03-12,0.017917880372184954,0.01450036995672576,0.2301862369435727,0.228049161436407
2015-03-13,-0.006934292527548686,0.014503768081442374,0.23024018050111755,0.21451698764683452
2015-03-16,0.010943968561308866,0.014569064511221192,0.2312767291892884,0.2133378387792276
2015-03-17,0.016588084890910824,0.01458116726546502,0.23146885445673704,0.22082850683913796
2015-03-18,0.01119369686019254,0.014600061157783588,0.2317687856989748,0.22336695461849135
2015-03-19,-0.007579154140847093,0.014644848402038,0.2324797611602053,0.2235409998966225
2015-03-20,-0.012628479548042412,0.014678607089149925,0.23301566370432245,0.22745905870336847
2015-03-23,0.010351248007711695,0.014691259600051007,0.23321651608815125,0.228698134184085
2015-03-24,-0.004096055715091202,0.014703703627807143,0.23341405890465558,0.20573441125670225
2015-03-25,-0.02647404239481461,0.014749407599300603,0.23413958695965364,0.22190016816437869
2015-03-26,0.006946262363978441,0.014724735648273915,0.23374793187900136,0.20846407513738013
2015-03-27,-0.008000442592867118,0.014717541063753104,0.23363372139043037,0.2028017890953317
2015-03-30,0.0249991246541176,0.014730628777527684,0.23384148240569794,0.21879437760433054
2015-03-31,-0.015470538235216866,0.014694405388422503,0.23326645393040055,0.22346251729788347
2015-04-01,-0.0014477078741880881,0.014677944731604537,0.23300514910425785,0.2230321396543564
2015-04-02,0.008574821448052588,0.014710772496058528,0.23352627370931864,0.22527480595754304
2015-04-06,0.01606870683452608,0.014689373378877803,0.23318657325529946,0.22547114433608043
2015-04-07,-0.010577775209754815,0.014665552291721054,0.23280842521984374,0.22855733902375083
2015-04-08,-0.003259234876255009,0.014676703825735502,0.2329854503342784,0.22818423587545916
2015-04-09,0.007614337700693625,0.015277735457070842,0.242526531693859,0.2173071754567153
2015-04-10,0.0042575920539965504,0.015279716176693962,0.2425579746430973,0.2059928604059692
2015-04-13,-0.0019688141085528106,0.015249553977152365,0.24207916456920667,0.19781250237267262
2015-04-14,-0.004345328633186349,0.015182072849941124,0.24100793488445912,0.19671926555848956
2015-04-15,0.0037931459336174754,0.015140799791708402,0.24035274539687393,0.19371652850310891
2015-04-16,-0.004823077529079674,0.015106066739266377,0.23980137528265935,0.1856088014124217
2015-04-17,-0.011318394108023863,0.015064153287942503,0.23913601986991107,0.18438081591358293
2015-04-20,0.022588707853157954,0.015049702307170931,0.2389066176619757,0.20054754720364146
2015-04-21,-0.0054223252137836206,0.01502980933807972,0.2385908265676515,0.19632221654239623
2015-04-22,0.013384270343412531,0.015023229174495533,0.2384863697090722,0.19853183697263496
2015-04-23,0.008130159594635806,0.015050221969113858,0.23891486703957657,0.19946160069690652
2015-04-24,0.004693596044207594,0.015056274611428994,0.23901094975762063,0.17256614008833876
2015-04-27,0.018027703492001706,0.015033445864984002,0.23864855464259985,0.18019097902664508
2015-04-28,-0.015881012054625356,0.01494896454253454,0.23730745522481303,0.1882079673038505
2015-04-29,-0.014815126026731483,0.014901397043454036,0.2365523445864752,0.1792067324622058
2015-04-30,-0.027504830989935735,0.014891795936520773,0.23639993173893709,0.1969814952475725
2015-05-01,0.02991165765694445,0.014905616266453346,0.23661932267516778,0.2219041619200587
2015-05-04,-0.0019404745254626506,0.014851267710600415,0.2357565660977536,0.2208271170230624
2015-05-05,-0.022790869394737335,0.014831873601578649,0.23544869416152603,0.22889075772349074
2015-05-06,-0.006299517636693803,0.014766930801429108,0.2344177591696869,0.2270089845947825
2015-05-07,0.006166150403951452,0.014746665847801314,0.2340960630039105,0.2278488997351241
2015-05-08,0.018665488021563485,0.01538341436591538,0.24420413236362284,0.23554582623422013
2015-05-11,-0.010238468804780038,0.015236262881022802,0.24186817495914503,0.238045702319478
2015-05-12,-0.0035687680684657994,0.015037164663307711,0.23870758873584308,0.23826883829969564
2015-05-13,0.0011118252338167107,0.014777242542628386,0.23458145298647098,0.23781363853320114
2015-05-14,0.023063005090142,0.014644807105133757,0.23247910559217402,0.2506191769221075
2015-05-15,-0.0013964242905050068,0.014526287492175492,0.23059766506394683,0.24989491473054457
2015-05-18,0.010966857879403201,0.014442923597663986,0.22927430426475123,0.24777776086430095
2015-05-19,-0.0009224772267148367,0.014448926819193764,0.22936960245214938,0.23657043988509474
2015-05-20,-7.684578871604685e-05,0.014415102245255855,0.22883265398709482,0.2354322063137778
2015-05-21,0.010174208483632147,0.014400882136404305,0.22860691675727,0.2336231510076795
2015-05-22,0.008714295257237187,0.014468672225866105,0.22968305106569448,0.23384971963576787
2015-05-26,-0.022277293040298744,0.014390763717750908,0.22844629184076126,0.24711979055097066
2015-05-27,0.018497877969184236,0.014242950445948558,0.22609982889477837,0.24755798711164761
2015-05-28,-0.0019708879355598216,0.014334463897027598,0.22755255989381287,0.24093019727159828
2015-05-29,-0.011447840326402992,0.014439524980496311,0.22922035288978815,0.2384781973270487
2015-06-01,0.001993688375868188,0.014439297335139203,0.22921673913177598,0.2151086913822202
2015-06-02,-0.004452963214645338,0.014310800208044816,0.22717691047690794,0.19092007375934575
2015-06-03,0.0012303605690181898,0.014277704117548947,0.22665152632798458,0.1907105743603853
2015-06-04,-0.005857956860221556,0.014366253455858602,0.22805720349554462,0.17256436987706258
2015-06-05,-0.005503811386404148,0.01434977671859944,0.22779564340031166,0.17213110352759908
2015-06-08,-0.006628579749280079,0.014372517264949019,0.228156638382224,0.17352267655197526
2015-06-09,-0.002978061725336925,0.014646316028262097,0.23250305900424464,0.1614693652939361
2015-06-10,0.011393067664036019,0.014713731556384254,0.23357324733573648,0.16170035547087308
2015-06-11,-0.0022526808666444628,0.014679350160078953,0.2330274595896306,0.16130016846796397
2015-06-12,-0.011104411486391852,0.014663964906220262,0.23278322625622444,0.16667248603262874
2015-06-15,-0.00196782230890382,0.014616555550023518,0.23203062605833885,0.14500292591206831
2015-06-16,0.005343525241950772,0.014548089304954435,0.2309437581124077,0.14649959201039553
2015-06-17,-0.002353681540764609,0.014483806621677872,0.22992330215106138,0.14058498985499057
2015-06-18,0.004545530906502325,0.014441160001041018,0.2292463080362868,0.14192643868878424
2015-06-19,-0.010059567238645949,0.014518039525214006,0.23046673264753503,0.1454472107002436
2015-06-22,0.007945978094617534,0.014497953377848729,0.2301478749431795,0.14342621580250053
2015-06-23,-0.004555506924015521,0.014498399279978244,0.23015495342004214,0.1389433163345684
2015-06-24,0.00846633571056978,0.014500885897883863,0.2301944272555456,0.12228934380547572
2015-06-25,-0.004773168265303242,0.014477839238909418,0.2298285728863618,0.10138172323649121
2015-06-26,-0.005899564598551651,0.014416285214403081,0.22885143304012817,0.10243847401595299
2015-06-29,-0.01766997296897582,0.014363113133078262,0.22800735241686512,0.11163618876304465
2015-06-30,0.00720110007957646,0.014451962063090103,0.2294177854552582,0.11546315449615382
2015-07-01,0.009284798872082533,0.014432149193393428,0.22910326589940264,0.12129783168659015
2015-07-02,-0.0012647263472538462,0.014415559967832876,0.22883992010774437,0.12096314007746649
2015-07-06,-0.0034860471796990936,0.014399018337728147,0.22857732987052398,0.12012954657588928
2015-07-07,-0.002463326777207987,0.01438046922182344,0.22828287178418016,0.11923237821624108
2015-07-08,-0.025136230527758152,0.014412834400098409,0.2287966530613032,0.14457289261845066
2015-07-09,-0.020607260174381324,0.017641933053103354,0.2800570050297716,0.15833462942766022
2015-07-10,0.026383018578793556,0.01643580877961895,0.2609103757625025,0.18204027504017806
2015-07-13,0.019121609678914027,0.0156276590535697,0.2480813965791147,0.1963340229881953
2015-07-14,-0.00039770905412348336,0.015224670326921437,0.24168414886787137,0.19293190712042704
2015-07-15,0.00958678481423557,0.014791067765730574,0.23480092159936125,0.19601781343880426
2015-07-16,0.013237969492674487,0.01450582049681396,0.2302727615850789,0.20060248456077534
2015-07-17,0.008600131408448236,0.014496029455649075,0.2301173336250868,0.2023316036653976
2015-07-20,0.018725329682564306,0.014360280240092274,0.22796238163487442,0.21134765038522763
2015-07-21,-0.010044782102598834,0.014277553225538081,0.22664913099157113,0.21133743608614752
2015-07-22,-0.04321531222780886,0.014165753927381217,0.22487437215352338,0.26040163224918594
2015-07-23,-0.00047902923124031955,0.014093224364514496,0.22372300103724999,0.26006332677037897
2015-07-24,-0.005287406681227209,0.01409118155150554,0.22369057238606974,0.25830945177330666
2015-07-27,-0.013993010805084,0.014216600328060056,0.2256815337410771,0.26179494114632845
2015-07-28,0.00495647186115649,0.013961999810003688,0.22163987581440495,0.26235349118282314
2015-07-29,-0.0031660377064568405,0.013998350178910466,0.22221692003156168,0.2556645830998863
2015-07-30,-0.005053902981093126,0.013975409884643646,0.2218527541497658,0.2544793040498061
2015-07-31,-0.00878240815093601,0.01396530472364583,0.22169233969201485,0.25281220508301966
2015-08-03,-0.023860234957849107,0.014064606884774176,0.22326871262999606,0.26382050514400224
2015-08-04,-0.0326097433900643,0.014046845927149425,0.22298676616846738,0.28293767303298833
2015-08-05,0.006607649504224441,0.014017322835234467,0.22251810161362331,0.2854934605557785
2015-08-06,0.002173883249978186,0.014152906442671667,0.22467042465643833,0.27560242902520526
2015-08-07,0.003381637338061558,0.013494963434499718,0.21422590319757803,0.26847238350011843
2015-08-10,0.03571180430403948,0.01401079725019385,0.22241451116256325,0.2823223352109159
2015-08-11,-0.05344107209554607,0.01417996795858658,0.225100012903706,0.32521739865463967
2015-08-12,0.015302635133681403,0.014260244217321267,0.22637435900447395,0.3322666220910104
2015-08-13,-0.0007815079244011859,0.014269090095484788,0.22651478296696587,0.3288927076408402
2015-08-14,0.007009699242648637,0.014111606695169674,0.22401481148983812,0.32537739704468743
2015-08-17,0.010295418659814638,0.014163516471966944,0.22483885364994882,0.3263007989208186
2015-08-18,-0.005649289449713875,0.014278577941006579,0.2266653978453366,0.31508059449068077
2015-08-19,-0.01287212244331159,0.014297188539471586,0.22696083193706754,0.3157168255248853
2015-08-20,-0.02073371677516631,0.014233182899873742,0.2259447739077784,0.29085685161805463
2015-08-21,-0.06311329750468761,0.014236532230623737,0.22599794288511632,0.35329708551282857
2015-08-24,-0.025278712413614717,0.014188133148077374,0.22522963126850815,0.35825459328374204
2015-08-25,0.005994253965440332,0.014228625846896225,0.22587243293443926,0.36125191511371474
2015-08-26,0.05577052922732801,0.014226861383959358,0.22584442295366802,0.4216980351629886
2015-08-27,0.029021246076023546,0.014239632103459895,0.22604715184083873,0.4382484451782563
2015-08-28,0.0032710923871407845,0.01427257400848204,0.22657008837124654,0.43890929763547787
2015-08-31,-0.004689168032447805,0.014193072707556391,0.22530804434431428,0.43851230372015504
2015-09-01,-0.0457261519525093,0.014274219725627977,0.22659621332102559,0.45758153740300395
2015-09-02,0.04199463771253875,0.014362462995743792,0.22799703180663486,0.47217832130798354
2015-09-03,-0.017691905896695222,0.014176344555288234,0.2250424931595433,0.474902646780829
2015-09-04,-0.01001629095342539,0.014183412042232463,0.22515468603663508,0.47545984725687884
2015-09-08,0.027441164439407452,0.02237979868852109,0.3552682903290977,0.48638147090879846
2015-09-09,-0.019420044393841592,0.022080057945845596,0.35051005355161874,0.47070328157607993
2015-09-10,0.021732161399071376,0.021785142311113222,0.345828412988139,0.44232600036057435
2015-09-11,0.014463745623497068,0.021400580137583204,0.3397236777393216,0.4419604550612691
2015-09-14,0.009585192644053374,0.021057197142520533,0.3342726416830155,0.44331274932664
2015-09-15,0.008377224774006695,0.02071830502112732,0.3288928960361022,0.4436078476638157
2015-09-16,0.0011171097883970632,0.020410845949667134,0.32401213458761524,0.44209491139059975
2015-09-17,-0.02162181355789824,0.020099274602802093,0.31906609279086523,0.44795106179588673
2015-09-18,-0.004134115202213559,0.019882977515154956,0.315632482971534,0.44606815397781224
2015-09-21,0.0153941272710079,0.01967907437749727,0.31239562100880597,0.44311973298245344
2015-09-22,-0.015835215311316524,0.019527228798815313,0.3099851471755431,0.38302633526813834
2015-09-23,0.008080034732177879,0.019321037106904197,0.30671195554031633,0.3688095012423322
2015-09-24,0.005930802718060056,0.019111073963455724,0.30337889396799206,0.3688072161195337
2015-09-25,-0.0025251706847043533,0.018876572961467313,0.2996563059672513,0.31949662102960474
2015-09-28,-0.01998731306220068,0.018707570761607173,0.2969734792161347,0.3125542257753879
2015-09-29,-0.03052161725974934,0.01849895445801409,0.2936617980636896,0.32929497712570743
2015-09-30,0.011305523403734755,0.018336237608015185,0.2910787481483882,0.33218288061060114
2015-10-01,-0.006548606135230741,0.01818714084451001,0.2887119104032724,0.29095839775968785
2015-10-02,0.007274017302133147,0.01817386994868089,0.28850124146303896,0.2511826412093458
2015-10-05,0.0036171858118203295,0.01799843235396943,0.2857162559857318,0.24390850823222815
2015-10-06,0.004772931544297159,0.017849191221190358,0.2833471264494418,0.24148964809217524
2015-10-07,-0.00477293154429715,0.016139255757771035,0.25620274248437674,0.22183027151983434
2015-10-08,-0.011621523455857277,0.016103844058928812,0.2556405991925437,0.21505896176688535
2015-10-09,0.023645253286714896,0.016073875457692954,0.2551648623964805,0.21761334594806753
2015-10-12,-0.004648977637841071,0.01601949792862687,0.25430164588356624,0.2113786549421969
2015-10-13,0.0017013035235014329,0.015989135414351426,0.2538196559118574,0.2080955671542439
2015-10-14,-0.014234558841128462,0.015923828158624836,0.25278293536709345,0.2093432281034762
2015-10-15,0.014860521848613814,0.015870219839961362,0.25193192969076633,0.21762871254305485
2015-10-16,-0.007358005828172424,0.015789511731299995,0.25065072818494016,0.20667427132345217
2015-10-19,0.006194821046979975,0.01579819471183145,0.25078856622769047,0.20793223758627472
2015-10-20,0.01809365318380884,0.015841455866134037,0.2514753157619759,0.210760497463779
2015-10-21,-8.768463344391547e-05,0.015846843359458195,0.2515608395671303,0.20334570779404806
2015-10-22,0.01517941247997037,0.015764665684317298,0.2502563094166647,0.20826147227405514
2015-10-23,0.030525013351983397,0.015708334866377863,0.24936208540416513,0.23238767292097653
2015-10-26,-0.03243163043763625,0.015665094941150592,0.2486756728710028,0.2605590658401969
2015-10-27,-0.006352497028827858,0.015657689468474723,0.2485581146367554,0.2513428641081817
2015-10-28,0.040378577562145974,0.015638230887207994,0.24824921923536797,0.25957849653315174
2015-10-29,0.010508885176602383,0.015608828219294501,0.24778246635228243,0.25932065280665045
2015-10-30,-0.008582512764604278,0.015551773716047967,0.2468767541916825,0.26047833822176997
2015-11-02,0.013960762637988988,0.015522472408659222,0.24641161035704442,0.26251829039176156
2015-11-03,0.011405247950979736,0.015485858754056092,0.24583038660902984,0.26359287847056284
2015-11-04,-0.004661427718937066,0.015414275149597846,0.24469403211695304,0.26563044110006945
2015-11-05,-0.004620176131491766,0.01476959131001572,0.23445999343417367,0.26556473530108465
2015-11-06,0.0011569942573402428,0.01476151202145154,0.23433173870430676,0.25948651407561996
2015-11-09,-0.004055736628680278,0.014783371894709458,0.2346787534342978,0.2520190291045818
2015-11-10,-0.032024635216135425,0.01478717945072314,0.23473919651218875,0.27971621556933934
2015-11-11,-0.005667781330999463,0.014824616167188007,0.235333485962202,0.2810962295590691
2015-11-12,-0.0033645618471843386,0.014856078826052896,0.23583294018785014,0.2756510399503902
2015-11-13,-0.0296437108163119,0.01488639404694247,0.23631417940033295,0.2931183521312857
2015-11-16,0.016246443476273367,0.014924966541952881,0.2369264987758019,0.29662326885149365
2015-11-17,-0.0043008672182609665,0.014942692715842216,0.2372078930626491,0.2967723341405592
2015-11-18,0.031174112928777913,0.014966475795928922,0.23758543775457244,0.3094368297150735
2015-11-19,0.012623380917638557,0.014994494095911843,0.23803021447805414,0.3116600486212106
2015-11-20,0.004368247915495338,0.015006976795245219,0.23822837118681556,0.30824453298292387
2015-11-23,-0.013077545196583117,0.01499982343005119,0.2381148150347718,0.2936080846406324
2015-11-24,0.009550754179399367,0.014981225923984726,0.23781958877842455,0.2709158029578245
2015-11-25,-0.007175485350781327,0.014958420443899554,0.23745756300541573,0.2712375961765231
2015-11-27,-0.001865735540649459,0.01496672852959905,0.237589449777207,0.23180419927701404
2015-11-30,0.004150699159769635,0.014947495041901411,0.23728412762545276,0.22907012229112234
2015-12-01,-0.0081485156033056,0.014944364168428708,0.2372344265498817,0.22888647375462512
2015-12-02,-0.00907434463588306,0.015032286421937373,0.23863014905483548,0.22420137159676468
2015-12-03,-0.009331198739436502,0.015011878217377208,0.2383061788510063,0.2203305134589263
2015-12-04,0.03270586716508038,0.014999606672280447,0.23811137411183506,0.25199405798066227
2015-12-07,-0.006320968087278602,0.015643257741328725,0.2483290180706507,0.2523730497221867
2015-12-08,-0.00042291745946037624,0.015699215896403516,0.249217326243574,0.252258189742672
2015-12-09,-0.02232273489356423,0.01571455801944236,0.24946087489644123,0.26265347431204084
2015-12-10,0.004745589020629193,0.01578463672727669,0.25057333989522357,0.2395555459139882
2015-12-11,-0.026075432168136344,0.01582677089564767,0.2512421990824724,0.25529034740893924
2015-12-14,-0.006203969182357434,0.015861289328006133,0.25179016220848216,0.25578030879830604
2015-12-15,-0.017850107700406823,0.015900015429574997,0.2524049200124716,0.2422487613709319
2015-12-16,0.007663202989010916,0.015870264530580797,0.2519326391323561,0.23639676825817607
2015-12-17,-0.021423913034377573,0.015826881232584692,0.2512439506270471,0.24645504702338936
2015-12-18,-0.027442484344319333,0.015798551360431685,0.2507942278487004,0.23010069122797588
2015-12-21,0.012186454857668375,0.01581663231027997,0.25108125402929876,0.22968829154590498
2015-12-22,-0.0009322077153397401,0.01581426791154462,0.25104372036297523,0.22774029509461594
2015-12-23,0.012787173455497843,0.01582053461999978,0.251143201275643,0.23383809141146236
2015-12-24,-0.005354515745499554,0.015829588903559018,0.2512869335712286,0.22872177956565348
2015-12-28,-0.011263900253004121,0.015865990203107087,0.2518647862872512,0.22974762158347703
2015-12-29,0.01781488615695876,0.015876348889353943,0.2520292253335623,0.24261777756347921
2015-12-30,-0.013144854487993164,0.015875121219938986,0.25200973668577725,0.24286049690561626
2015-12-31,-0.019381355623722583,0.01585435937850504,0.25168015267061344,0.2479695699398913
2016-01-04,0.00085464171438873,0.015857947255908625,0.25173710845868025,0.2483865367852593
2016-01-05,-0.025379032799106027,0.01584347644664605,0.2515073914832085,0.25818385665635785
2016-01-06,-0.019763452884377693,0.015767489006785148,0.25030112827138995,0.2218670565330519
2016-01-07,-0.04312118166490853,0.02111209850222348,0.33514417374949534,0.25288928650515946
2016-01-08,0.005274165204146541,0.020866640062916924,0.3312476418238522,0.2562744762210721
2016-01-11,0.016062065546467715,0.0207007154619761,0.3286136704409899,0.2662708708485115
2016-01-12,0.014409483156614986,0.0204919169827979,0.32529909734078577,0.27391865230642387
2016-01-13,-0.02604682504755859,0.020292135541504396,0.32212766527941383,0.2738937735324771
2016-01-14,0.021635283800761795,0.0200673184361676,0.3185588043722464,0.29152239441566274
2016-01-15,-0.024308377611877,0.019900336752055266,0.3159080523142625,0.29570623190658274
2016-01-19,-0.00485018402154941,0.019759929747362615,0.31367916021377307,0.29149529710883865
2016-01-20,0.0013436756157463776,0.01959440401851746,0.31105152072913117,0.2876819778509067
2016-01-21,-0.00507582038295589,0.019427594733221868,0.30840350541751976,0.2765505871212341
2016-01-22,0.05180223969010259,0.01925952991355632,0.305735559115676,0.3347460443427468
2016-01-25,-0.019715688084072633,0.019089712988444366,0.30303979900214056,0.3397842931104072
2016-01-26,0.005515708000897145,0.018939460466698074,0.3006546141637345,0.3362835297298414
2016-01-27,-0.06796500836675554,0.018799868086044898,0.2984386538189679,0.4029427092615519
2016-01-28,0.007146383023963788,0.01871126483084684,0.29703212074733876,0.4054804806159486
2016-01-29,0.03395821948759908,0.01860139468660633,0.29528798627831165,0.4210073540680497
2016-02-01,-0.009392805802552464,0.01851986508789856,0.29399374402228173,0.4203235731260821
2016-02-02,-0.020428802832627484,0.01839598450607067,0.2920272007515622,0.4207875547035529
2016-02-03,0.019598956672308362,0.018232089395297718,0.28942544652633456,0.4290831347932057
2016-02-04,0.00800318022685353,0.018153115930298887,0.28817178163497476,0.423925030709893
2016-02-05,-0.027071322597041165,0.018040648307713267,0.2863864134755254,0.4283719397326011
2016-02-08,0.010474678769419914,0.023976421828985326,0.3806138969320536,0.4047208841051426
2016-02-09,-0.0002104700517405327,0.02382075427562061,0.3781427511316241,0.40418761219445015
2016-02-10,-0.007608722096053009,0.02367487059638783,0.37582691951806574,0.4001010662379246
2016-02-11,-0.006064720189462419,0.023596902442452085,0.37458921344508506,0.39588340099597835
2016-02-12,0.0030900075125489686,0.023423002784094007,0.3718286419505177,0.3871153401884393
2016-02-16,0.027804518215817482,0.023287214549943123,0.3696730705593266,0.39230285557346223
2016-02-17,0.015198234017742061,0.023188466037767475,0.36810548652600017,0.38673739946333335
2016-02-18,-0.019138100124782724,0.02301625444568342,0.36537171225277876,0.392464695578129
2016-02-19,-0.0022881824622040703,0.0229073495155845,0.363642900083235,0.3925166942861276
2016-02-22,0.008708360615357437,0.022780010524127817,0.3616214562616581,0.3932243841767817
2016-02-23,-0.022864663786501104,0.022686678174128772,0.3601398511374098,0.35366468155198133
2016-02-24,0.014781031846888266,0.02253979643285754,0.35780817578017093,0.3533243730834145
2016-02-25,0.006844114234191068,0.022450729316364035,0.3563942791387583,0.35368031771750985
2016-02-26,0.0015491354717597691,0.022333617875825062,0.3545351926546784,0.25749940069406324
2016-02-29,-0.0022728177071578304,0.022195538368296863,0.3523432484262351,0.2571964977341333
2016-03-01,0.038946232302264815,0.02211001083542097,0.35098554093280404,0.26555890181161523
2016-03-02,0.002186012731466455,0.02210333626262062,0.35087958537438013,0.26242413654723334
2016-03-03,0.0074165337713744785,0.022039539816893487,0.34986684819483715,0.24938048311416994
2016-03-04,0.014767285184293776,0.021923366987253924,0.3480226616968634,0.24603120873106624
2016-03-07,-0.011128735666435486,0.021805086847594687,0.34614502268940545,0.25044746998060824
2016-03-08,-0.008279604280487764,0.02167682592265213,0.34410894362745464,0.23009562329240987
2016-03-09,0.0008902733910620339,0.017263948831218217,0.27405669152608564,0.22878694643392766
2016-03-10,0.0004941244586588432,0.01726681676095016,0.27410221849917565,0.22867660572232798
2016-03-11,0.01071668875055764,0.017225736593111697,0.2734500910516714,0.22676653167785615
2016-03-14,0.00253920943979012,0.017224222494609715,0.27342605548309123,0.223956401266446
2016-03-15,0.019894322131273793,0.017143616269405245,0.27214647132700304,0.23030318848074763
2016-03-16,0.013203782214929558,0.017107431774314154,0.2715720602750383,0.21734300444212729
2016-03-17,-0.0016057238217536565,0.017075506285870228,0.2710652588575969,0.21459046099399567
2016-03-18,0.0011339069536877846,0.017064825636935798,0.27089570881206915,0.19842003561623947
2016-03-21,-9.462886490669824e-05,0.017068849497449027,0.27095958561743966,0.19761082642279293
2016-03-22,0.007619168597915767,0.01705095696779562,0.2706755505147071,0.19736542476947266
2016-03-23,-0.005544164818175142,0.01708574092592748,0.27122772873169537,0.1748216387554169
2016-03-24,-0.004343522153361243,0.017096924861525583,0.2714052682053246,0.17448657114276592
2016-03-28,-0.004553014703919829,0.017111707579986396,0.2716399365858174,0.1770224653618469
2016-03-29,0.02339563706542464,0.017117019851176977,0.27172426627662066,0.18901617465813075
2016-03-30,0.01730858982012335,0.01715552674302391,0.27233554423415496,0.19165218012970828
2016-03-31,-0.005216359263420768,0.017168793515807614,0.2725461477230714,0.15301571707141406
2016-04-01,0.009133496033545458,0.017110505657466774,0.2716208566573249,0.15395490715841448
2016-04-04,0.01022118412912904,0.017117275859580127,0.2717283302840303,0.15500117898149635
2016-04-05,-0.01185913650690509,0.017131900227567658,0.27196048492868935,0.15974232554313875
2016-04-06,0.01041829534097348,0.01708218641988134,0.27117130269750483,0.15294862230470252
2016-04-07,-0.022051030314409546,0.01706510715769485,0.2709001778155733,0.1730749974845561
2016-04-08,0.0011049101782790484,0.013836783884553774,0.21965213462085328,0.17303715006417444
2016-04-11,0.0033077336871591913,0.01394754709907027,0.22141044614100178,0.172710959751802
2016-04-12,0.01294095796557629,0.014074194661329203,0.22342091386434001,0.17403927622241083
2016-04-13,0.01438343495718692,0.014178774269331014,0.22508106367422848,0.1778686028856528
2016-04-14,0.0005356127502789245,0.014274286419230627,0.22659727204914548,0.16879553788353865
2016-04-15,-0.02027565911802282,0.01434511590904923,0.22772165534244312,0.18328217880158798
2016-04-18,-0.021810850216576912,0.014424336711750849,0.2289792465981115,0.20045146992486468
2016-04-19,-0.005317576604306252,0.014439902285861068,0.229226342426769,0.20153876104025803
2016-04-20,0.002055772148690983,0.014500956953451778,0.23019555522771742,0.20160413817618705
2016-04-21,-0.010887033242213013,0.01452241759572225,0.23053623236225776,0.20360522564069294
2016-04-22,-0.0027404393965071877,0.014638878379194382,0.23238498998561175,0.20293208307685232
2016-04-25,-0.005693614053933849,0.014688198617880682,0.23316792450260954,0.20333272279184686
2016-04-26,-0.006971481485381848,0.014771369074849978,0.23448821457601968,0.2041460742123342
2016-04-27,-0.06462158854466554,0.014856089513855813,0.2358331098514616,0.2861832691645913
2016-04-28,-0.031043442431111474,0.014902499794405923,0.23656985021513557,0.2886064814905977
2016-04-29,-0.011560327303717841,0.01499903628059226,0.238102319424494,0.28898338848267663
2016-05-02,-0.0010676945090607483,0.015059337425851072,0.23905957042925718,0.2838433764004841
2016-05-03,0.01631247835667764,0.015053617991927892,0.2389687772304524,0.28940906611673983
2016-05-04,-0.01045605032523098,0.015150116209409528,0.240500638942957,0.28917576748032614
2016-05-05,-0.0040669965293459705,0.015173448189561334,0.24087102264541524,0.28225948888776003
2016-05-06,-0.005592789116429486,0.015255143824955884,0.24216790065213556,0.27765400821204683
2016-05-09,0.000754335216129416,0.02082934535539267,0.3306556066958838,0.27752430909612896
2016-05-10,0.0067668510277881224,0.020705451091356096,0.3286888462268349,0.279431276662456
2016-05-11,-0.009788517721926819,0.020546182224859457,0.3261605313527634,0.2698565573213608
2016-05-12,-0.023736310469798193,0.0204489032370345,0.3246162752953019,0.2619482287527997
2016-05-13,0.0019901462858601037,0.020318711097358926,0.32254953914988016,0.2627299952968459
2016-05-16,0.036446524465025214,0.020173117700426228,0.32023831562497795,0.3046224062000109
2016-05-17,-0.004162619729576817,0.020050504385632353,0.31829188959475874,0.30005122662783973
2016-05-18,0.011380007323641396,0.019968053024075852,0.3169830148071357,0.30628659963851995
2016-05-19,-0.003814333699012039,0.019903878993854183,0.315964283659564,0.30512120036723217
2016-05-20,0.010769904850120152,0.019791872640772045,0.31418623792647626,0.30979108446594206
2016-05-23,0.012627150413759398,0.01966564379624446,0.3121824171410581,0.31560074705482644
2016-05-24,0.015129421438855041,0.019542456629417285,0.3102268814922221,0.3224228584700438
2016-05-25,0.017416409087720106,0.019436763987269283,0.30854906281302436,0.32970117514141906
2016-05-26,0.00789863460738438,0.019299600243333975,0.3063716558809401,0.2392176393925553
2016-05-27,-0.0005975417832071582,0.01918041271354735,0.3044796125017671,0.208216987694187
2016-05-31,-0.004894999747444707,0.019132954291421877,0.3037262334064099,0.20357946704344626
2016-06-01,-0.014118952786122014,0.019029016084337644,0.30207626552043304,0.211955989374519
2016-06-02,-0.007543790887595601,0.018935282925225224,0.30058829774876156,0.20870735674371596
2016-06-03,0.002044247209809608,0.018818466432426198,0.29873389341489964,0.2040931330803358
2016-06-06,0.0072247145343623705,0.018706841323219016,0.29696189974070386,0.20351482051389286
2016-06-07,0.004047479050615896,0.018648729499611282,0.2960394031397128,0.20130746215748044
2016-06-08,-0.0009095794419213781,0.014715395280797636,0.2335996581420242,0.2016376651061687
2016-06-09,0.007150752062514242,0.014788959695741366,0.23476745702573468,0.2017310511316921
2016-06-10,-0.008262821998330718,0.014837906323513167,0.23554446065333126,0.20057120732505523
2016-06-13,-0.01519176326838042,0.014907861678143081,0.23665496748069975,0.18792648261249262
2016-06-14,0.0012324224714277113,0.014980711676201774,0.2378114253479488,0.1880242252430884
2016-06-15,-0.0032886911837281697,0.015110823227418422,0.23987688219124537,0.14603835636994542
2016-06-16,0.004211904943798228,0.015191308941085273,0.2411545532859816,0.14473173336708228
2016-06-17,-0.0230204366217284,0.015242629303063956,0.24196923877591806,0.16443111692710718
2016-06-20,-0.0024156382272221407,0.015265362974832726,0.24233012462724327,0.16405185698681846
2016-06-21,0.008481131228482035,0.015345686609606035,0.243605222799309,0.1624217135290771
2016-06-22,-0.003760455818585557,0.015388841570989244,0.2442902865732604,0.15662322603364995
2016-06-23,0.0057398466676277645,0.015412404358131104,0.24466433422309788,0.14800549435634744
2016-06-24,-0.028498166580034356,0.015418627192891096,0.2447631186624466,0.1613361241046853
2016-06-27,-0.014668042135048437,0.015473322639285613,0.24563138195649195,0.16094319380177763
2016-06-28,0.0166999455164402,0.015573656887276204,0.24722413876548666,0.17617984087114985
2016-06-29,0.008617559791719388,0.015615330791932629,0.24788569149277817,0.18081601954739587
2016-06-30,0.012632032480503501,0.0156808874914711,0.24892637183529603,0.18321810745033365
2016-07-01,0.0030287364359380146,0.01574770785886638,0.24998711228314732,0.18241250024386899
2016-07-05,-0.009429851467962035,0.015754328469595673,0.25009221122024977,0.18439845995270687
2016-07-06,0.00566860987162558,0.01582374747876753,0.25119420382742524,0.18355329867387338
2016-07-07,0.0042826501729904595,0.01588678075181726,0.25219482601629734,0.18364497264970175
2016-07-08,0.007683391081157967,0.014848406282393076,0.23571114233316712,0.1863906056157323
2016-07-11,0.0030984587409062974,0.014933732585358718,0.23706565540080496,0.18465082934353877
2016-07-12,0.004526519691137713,0.015025606883983043,0.23852411467703566,0.18388180159456993
2016-07-13,-0.005661336718237662,0.015076269812306718,0.23932836373124405,0.1772519385674478
2016-07-14,0.019626453913273195,0.015152127703813795,0.24053257042670073,0.1901484110582963
2016-07-15,-0.00010118414721905923,0.015190808438084742,0.24114660804716254,0.1896373628693242
2016-07-18,0.010573357739850176,0.015279521862761413,0.24255489000504651,0.19234174245454694
2016-07-19,0.00040058757854971095,0.015318517466646208,0.24317392602567023,0.1712940729023252
2016-07-20,0.0009011129429318762,0.015386050240386511,0.24424597557364963,0.17054791888300247
2016-07-21,-0.005316342741758342,0.015430799201818472,0.24495634331391397,0.17101871114025058
2016-07-22,-0.007774234076120979,0.015485043856000297,0.24581745050343282,0.17318975361688338
2016-07-25,-0.013470341550714615,0.01557011389681328,0.24716789553551244,0.1799521905008472
2016-07-26,-0.0069065306331589265,0.015607810659301004,0.24776631308816116,0.14879145425431844
2016-07-27,0.0629404920978409,0.015570796748465107,0.24717873546943095,0.2500486980674227
2016-07-28,0.01341136179609473,0.015598630269205094,0.24762057891336714,0.2484194651439289
2016-07-29,-0.0012467826178948578,0.015597443308347527,0.24760173649389658,0.24904779879155103
2016-08-01,0.0175027212330734,0.015659031124194166,0.24857941276102768,0.251559338511488
2016-08-02,-0.014915035142981651,0.015687278008110327,0.2490278181419557,0.2607873515353886
2016-08-03,0.0124603539688361,0.015704389509320717,0.24929945480252574,0.25749706200390865
2016-08-04,0.006158737987727599,0.015776394902171954,0.25044250497776505,0.2575156287094136
2016-08-05,0.015092707934893585,0.01577123026590742,0.25036051891875666,0.25976911438143707
2016-08-08,0.00824647598251979,0.012417381860821055,0.19711982602954184,0.25983153167038203
2016-08-09,0.004051772199470509,0.012743960868713105,0.20230410705932123,0.2597325678446006
2016-08-10,-0.007472058684048401,0.012978118887130354,0.20602125036466357,0.2637327187245775
2016-08-11,-0.0006482010140929833,0.013204389476869173,0.2096131846214046,0.2617032647886613
2016-08-12,0.002313781142163769,0.013368972797845793,0.21222586384492415,0.25667300659723014
2016-08-15,0.011945093581368334,0.01362824008860739,0.2163416044916161,0.2572955651221557
2016-08-16,-0.0009138222176568552,0.013772551056448956,0.21863247008582304,0.2573245024928786
2016-08-17,-0.001463854721334161,0.013910390736344879,0.2208206071686312,0.25778921700103324
2016-08-18,-0.0012826330669177181,0.014018585601110481,0.2225381474004555,0.2582858783563602
2016-08-19,0.0025636230934440105,0.014206474789773361,0.22552079580389356,0.2559772083921323
2016-08-22,-0.0078028999604051,0.0143737675194622,0.22817648555732847,0.2559949557252629
2016-08-23,0.0031284393751689213,0.014590217409481776,0.23161252103912294,0.24739047136054976
2016-08-24,-0.007561711089703353,0.014647110181321048,0.23251566579322608,0.24781715665447196
2016-08-25,-0.004267071284099808,0.01480664415533372,0.2350481891186463,0.1356981454853847
2016-08-26,-0.005873764071993112,0.01493496347314278,0.2370851951386157,0.1322882754868222
2016-08-29,-0.0011229833940788274,0.014953701818509952,0.23738265714954995,0.13225741180749717
2016-08-30,-0.0077060464004568,0.015059939179403957,0.2390691229707661,0.1221095906424095
2016-08-31,0.0009428687424833994,0.015151004770688694,0.2405147444159729,0.1089690913331226
2016-09-01,0.005920677813300821,0.01524245033025298,0.24196639767062236,0.10245559718408628
2016-09-02,0.009325616338155467,0.015280449165686263,0.24256961048262157,0.10514204030735537
2016-09-06,-0.0002786662010864615,0.015337433843486549,0.24347421419862578,0.09146123399750083
2016-09-07,0.0061095595280934705,0.011666889624597832,0.1852061311219535,0.0893371264706807
2016-09-08,-0.02655877948706334,0.011873149810748352,0.18848041006952249,0.12687128518732893
2016-09-09,-0.02291032183235814,0.012075103202208792,0.1916863207709049,0.14592657702208306
2016-09-12,0.02215212457366755,0.012278886037297383,0.1949212729895535,0.16859070775549806
2016-09-13,0.023525825231215113,0.012472724042200097,0.1979983559231865,0.18882049605193318
2016-09-14,0.03477533103437837,0.012695454281543903,0.20153408885973212,0.22099414186880334
2016-09-15,0.03343285027931939,0.01284854290393309,0.20396429540010372,0.2476904476456819
2016-09-16,-0.005639931272033278,0.013092356559296034,0.20783471719009547,0.24897740384702235
2016-09-19,-0.011728819989696123,0.013262055970682318,0.21052861183106836,0.2535242991980718
2016-09-20,-8.812052751382134e-05,0.013427505190339086,0.2131550367699974,0.25360654335927674
2016-09-21,-0.00017604418776587252,0.01354302361003264,0.21498883483213538,0.25133423166190527
2016-09-22,0.009378853373631257,0.013675209764859928,0.2170872249867687,0.25256670335333703
2016-09-23,-0.0168042360502983,0.013831645295993827,0.21957056205633627,0.25913145129500714
2016-09-26,0.0015073744168526862,0.013931861436156523,0.221161443961688,0.25813648875298656
2016-09-27,0.0018587198007775823,0.014013621968563303,0.22245935217653945,0.256437705034263
2016-09-28,0.00757575988449609,0.014145633371361759,0.2245549682287164,0.25659008105483017
2016-09-29,-0.015654812654812965,0.014181924734055851,0.2251310757512857,0.2622147624421216
2016-09-30,0.007725438628198374,0.014330357189994626,0.227487367940713,0.2626948202836548
2016-10-03,-0.004699415409799443,0.014475248928246105,0.22978745297936065,0.2637917156914319
2016-10-04,0.004256816215067717,0.014521700709263294,0.23052485214252574,0.2627251745857788
2016-10-05,0.000442599194731649,0.014599243238985789,0.23175580164058507,0.26264873558898005
2016-10-06,0.0074026909713439904,0.013437081318402409,0.21330705309026815,0.2629225852675014
2016-10-07,0.0014917679716450697,0.013680856961606787,0.21717687145594974,0.2410832986286971
2016-10-10,0.017296426811088308,0.013930362114825233,0.22113764297342017,0.22483838222442562
2016-10-11,0.002151845271754835,0.014049478195280862,0.22302855212962633,0.21684186358958132
2016-10-12,0.008902603963432235,0.014278973917945928,0.22667168378437522,0.20648801908397085
2016-10-13,-0.0030726384769154684,0.01444855713642794,0.2293637339201752,0.17449204889405776
2016-10-14,0.005540887234564766,0.01459378075302056,0.23166908736416,0.13344930680686873
2016-10-17,-0.0006801143707501392,0.014730561338699835,0.23384041184749477,0.13150604536977728
2016-10-18,-0.0006808610002143312,0.01495421417810277,0.23739079060593657,0.12326044971453941
2016-10-19,-0.0029837048117665956,0.015038874357883114,0.23873472929582942,0.12416599311965995
2016-10-20,-0.0005127086959072615,0.015135832773061124,0.2402738964202852,0.1242275433847385
2016-10-21,-0.003937261065165015,0.015169362143893902,0.24080615868132518,0.12206370434807817
2016-10-24,0.00896473024145204,0.01524193657794238,0.24195824210552638,0.10689295316074765
2016-10-25,0.005086889916027332,0.015304798812172688,0.2429561491373141,0.10738516005889656
2016-10-26,-0.0227514074253818,0.015359581994482943,0.24382580519584396,0.1379103596028202
2016-10-27,-0.009649559190075535,0.015430472980060103,0.24495116470404457,0.14051087008398397
2016-10-28,-0.00666074648406153,0.015476303926959036,0.24567870843111567,0.1308272580830175
2016-10-31,-0.0015838618841400238,0.015489492399526503,0.24588806894263354,0.12843556620136995
2016-11-01,-0.018220510921189228,0.015577659387838552,0.24728767649214886,0.14269179534932197
2016-11-02,0.0008966848218193107,0.015622098852585373,0.24799313112485033,0.14177061340978625
2016-11-03,-0.010776738608682333,0.015675120968137574,0.24883483111527627,0.14599728453020425
2016-11-04,-0.009054613167896169,0.015665294898275024,0.2486788470919475,0.14500244433647946
2016-11-07,0.01432170793055978,0.01585089005039479,0.2516250787942361,0.1552505395992596
2016-11-08,0.005869899316959848,0.01584909818362841,0.2515966337911577,0.14252470560598138
2016-11-09,-0.0016221352651426986,0.015904556369948558,0.2524770052061525,0.14178754200569646
2016-11-10,-0.02826361147723187,0.015950944115437446,0.25321338783681985,0.16260833039219544
2016-11-11,0.00591993985872927,0.01607067550457792,0.25511406471558384,0.16606134106106168
2016-11-14,-0.025405362284834362,0.016152840415397093,0.2564183922387238,0.17921784125947773
2016-11-15,0.013156824074060209,0.016184915024005604,0.2569275608653909,0.1893897118203509
2016-11-16,0.02653326393802818,0.016213513789134448,0.2573815521873977,0.21716108386573743
2016-11-17,-0.00036398692129742144,0.01620315078437189,0.2572170445867751,0.2173362592973395
2016-11-18,0.001000268766180354,0.016223390434364875,0.25753833906980167,0.21759680470527717
2016-11-21,0.015059363934486597,0.01624118734621591,0.2578208562869783,0.22601521716948467
2016-11-22,0.0006263019029499209,0.01640753884660394,0.26046160448847344,0.2228403633150566
2016-11-23,-0.005111394735363376,0.01638163309697761,0.26005036346224564,0.22144317462023264
2016-11-25,0.005022180131949098,0.01631383473404536,0.2589740978165494,0.2103306997493611
2016-11-28,-0.0019700879444788087,0.016360077744313965,0.25970818284682384,0.20818294123261025
2016-11-29,-0.0009865757368811266,0.016275546562617267,0.2583662919380246,0.20715821041661267
2016-11-30,-0.008469159379788132,0.016372723906270214,0.25990893444427793,0.20888916833671023
2016-12-01,-0.009363570846441165,0.016325188512276226,0.2591543334583885,0.20184499759422908
2016-12-02,0.0037381073783650546,0.016379225314595142,0.2600121411018746,0.20235304310757407
2016-12-05,-0.007214300896325548,0.016441379453590796,0.26099880747028964,0.20043683768055928
2016-12-06,0.007668867425347399,0.01396579748928636,0.22170016210405175,0.19961740816018103
2016-12-07,0.00977472063254089,0.014055191050695406,0.22311924089784405,0.19623846324855201
2016-12-08,0.009769429337276047,0.014167241200866465,0.2248979818881644,0.19809753130906158
2016-12-09,0.01619006775313293,0.014269526824035862,0.22652171581778535,0.20522856406883824
2016-12-12,-0.005720527165534598,0.014318012535384813,0.2272914026240017,0.17726274393591376
2016-12-13,0.01654351939431628,0.014354045855307,0.2278634138445585,0.18364558109110116
2016-12-14,0.0,0.014465266164042612,0.22962898151048403,0.15284709451898754
2016-12-15,0.0054546464829492046,0.01460846712054697,0.23190222622098666,0.14937948609901203
2016-12-16,0.0012938104223127723,0.014732259344825591,0.23386736685909526,0.12429974204226364
2016-12-19,0.005760863999912196,0.014814451304541232,0.235172123770155,0.12431934510375642
2016-12-20,0.002654142817034374,0.014846559060468405,0.23568181859419296,0.12414743518884307
2016-12-21,0.0009403554550391207,0.014901306690329963,0.23655091027509634,0.1160836333374887
2016-12-22,-0.006599351497604925,0.014962234685059153,0.2375181122067081,0.11996649648936888
2016-12-23,0.001975445610750338,0.015042092921473564,0.23878582240886448,0.11724736559615478
2016-12-27,0.006330950233508572,0.015100516083982177,0.2397132613616867,0.11772920299273193
2016-12-28,-0.004273193594356512,0.01507877350098582,0.23936810855687546,0.11903858296726742
2016-12-29,-0.00025693486366782286,0.015075714929909936,0.23931955524627144,0.11882180791123705
2016-12-30,-0.007826088582928357,0.015239499305934592,0.2419195516118662,0.11811303196337887
2017-01-03,0.002845018834447159,0.015246835865822206,0.24203601588951434,0.11032808680776889
2017-01-04,-0.001119857415216875,0.015355566957531618,0.2437620684601763,0.1110949845370462
2017-01-05,0.005072455946571542,0.015379437732107482,0.24414100525895763,0.10545579469518906
2017-01-06,0.011086472042078233,0.008767764823514865,0.13918395166152273,0.10793016083013568
2017-01-09,0.009117906075293399,0.00897915378218904,0.14253964734886337,0.10745882181079301
2017-01-10,0.001008049683491361,0.009257656857139343,0.1469607466029751,0.10506919303021726
2017-01-11,0.005358823910102121,0.009522893980266919,0.1511712554005218,0.09388476216190986
2017-01-12,-0.004184153113768395,0.00982165992905879,0.15591401780482708,0.09235617829869594
2017-01-13,-0.0017624543977740443,0.010050061336014864,0.15953977773624528,0.07774066453229068
2017-01-17,0.008032171697264253,0.010254864973369152,0.16279093468849068,0.08062823787999114
2017-01-18,-8.346348021583168e-05,0.010506445768233707,0.1667846559956001,0.07987226664194914
2017-01-19,-0.0017517139702228348,0.01064391510301555,0.16896691403198152,0.08075179898732028
2017-01-20,0.0018351774504386349,0.01079777318407878,0.17140933535012706,0.0792979064698638
2017-01-23,0.0006663524853258301,0.010952310946330139,0.1738625462726402,0.07918563539518333
2017-01-24,-0.0009163491871966829,0.011081938527545077,0.17592032033033753,0.07953981328236569
2017-01-25,0.015794913267935397,0.011256342915546723,0.17868890415960215,0.0892216027107314
2017-01-26,0.0004923704779199249,0.011404407313523341,0.18103935361001391,0.08942379349574739
2017-01-27,8.199285891671257e-05,0.011473671294935444,0.18213888522779767,0.08836963085186228
2017-01-30,-0.002627384415188149,0.011710278704996493,0.18589491142005737,0.0871034694470963
2017-01-31,-0.0023049452199521985,0.011826486381190614,0.18773965108993557,0.08803995164863254
2017-02-01,0.05919372843835484,0.012017727637647605,0.1907755119199399,0.21286557867730443
2017-02-02,-0.0017101566210549134,0.012137639116596073,0.19267904763577753,0.2140389828066638
2017-02-03,0.004269952448092546,0.012310363462806683,0.1954209616284145,0.21296508778923165
2017-02-06,0.009330295184528572,0.012498911413176064,0.1984140675497445,0.21347346881588528
2017-02-07,0.009472250376494094,0.007670932913102035,0.12177228487156938,0.2129931564462168
2017-02-08,0.003869913880503968,0.00793372671367145,0.12594400712594644,0.21255388713666573
2017-02-09,0.007200087812524367,0.00819187647038146,0.13004200746954553,0.21218693244341563
2017-02-10,-0.002268284031431295,0.008470808135271655,0.1344699103780295,0.21377679745584052
2017-02-13,0.00881671056367504,0.008743888043091954,0.13880491952287521,0.21155810053585927
2017-02-14,0.012895436197166866,0.008923381410317108,0.1416542883928553,0.21130587035473844
2017-02-15,0.0036228651172072776,0.0091221972902249,0.14481039264241433,0.21137730479547445
2017-02-16,-0.001181523847103259,0.00941495163709662,0.1494577238247486,0.21180890355788026
2017-02-17,0.0027301887909914257,0.009610876248946923,0.15256793061678514,0.2103214308699374
2017-02-21,0.007194814759398697,0.009861091217634715,0.1565399701055074,0.2097529737070648
2017-02-22,0.002994464093058292,0.010087529211273198,0.16013456181677052,0.2091036670694097
2017-02-23,-0.004238974128823417,0.010262155347708253,0.16290666579328567,0.2109018568028993
2017-02-24,0.0009520117745216576,0.01047071166469079,0.16621739468780977,0.20879538388132593
2017-02-27,0.001973654480031432,0.01066258148046782,0.16926323358768455,0.20839643832498578
2017-02-28,0.0004380613937022097,0.010872635303039002,0.17259773464645556,0.20827852660473906
2017-03-01,0.020233311403038093,0.011084014342999899,0.17595327287910426,0.211727743818726
2017-03-02,-0.005955538358398692,0.011300383814358866,0.1793880317542383,0.21407747248501635
2017-03-03,0.005884082372981637,0.011506273554565839,0.18265643005476237,0.09672901311791407
2017-03-06,-0.003153039037856133,0.011712296781237747,0.18592694738722412,0.09794630864406534
2017-03-07,0.0012909039611107799,0.011868600848570799,0.18840819753365104,0.09840515106561634
2017-03-08,-0.003733992534505226,0.011950657716258544,0.18971080992525124,0.09973505417446273
2017-03-09,-0.0023047726418931737,0.007675409186677783,0.1218433435116597,0.09887336681365627
2017-03-10,0.0033118431735610736,0.00798905189250807,0.12682226711259764,0.0988109422776195
2017-03-13,0.00043051197601492417,0.00825079345378534,0.13097728558605423,0.09770292776425198
2017-03-14,-0.0015093258556264043,0.008559593139412775,0.13587932862468496,0.09728265749943414
2017-03-15,0.010520808326460785,0.00877642546125276,0.1393214350234209,0.09886213048633322
2017-03-16,0.0016357791019496583,0.009081516425058823,0.14416460392832398,0.09134569159423926
2017-03-17,-0.004987914682086821,0.009295766122207835,0.1475657124310871,0.09419504906435314
2017-03-20,0.010446632479132995,0.009445732241938697,0.14994635077844629,0.09846421799697411
2017-03-21,-0.011518420735128286,0.009668379871658061,0.1534807723278589,0.10911513616367004
2017-03-22,0.011234773917634864,0.009873694625325695,0.15674004300004116,0.11264756091496618
2017-03-23,-0.00354137749243068,0.010042167389759977,0.15941446522432523,0.11390834788331079
2017-03-24,-0.00198897311687535,0.010237381423510265,0.1625133919387234,0.11278966019388413
2017-03-27,0.0017052938309837572,0.010446912344679432,0.16583959219507477,0.11278110872518597
2017-03-28,0.020514768851153428,0.010688808348357493,0.16967957220830987,0.13073011349637575
2017-03-29,0.00222268760667369,0.010838583570973104,0.17205718015791135,0.13055054865734733
2017-03-30,-0.0013187269594980356,0.010986502141966949,0.17440531467673795,0.11375675155025655
2017-03-31,-0.0018778056702887787,0.011197150398627795,0.17774925208414136,0.11128941435352765
2017-04-03,0.00027807561284867114,0.011339579681894675,0.1800102468617654,0.11024963124244294
2017-04-04,0.007418405918012281,0.011565680480235107,0.18359948576361707,0.11092888290813231
2017-04-05,-0.005193943742302387,0.01170279181603235,0.18577606074230132,0.11356227965765436
2017-04-06,-0.002502537788558508,0.011840412866003115,0.18796072718264273,0.11292388307248383
2017-04-07,-0.0022302725269102578,0.008957644795194173,0.14219820276561534,0.11289196138373568
2017-04-10,-0.0011868261174063338,0.009219348211040729,0.146352615699132,0.11309473038303823
2017-04-11,-0.010814191352610579,0.009508485510978708,0.1509425280414635,0.12071044235714506
2017-04-12,0.0011994897316385078,0.00979652821716213,0.15551506424662778,0.1204150147311376
2017-04-13,-0.005303368940255359,0.010112565168669575,0.16053199531940185,0.11700143008158162
2017-04-17,0.005514668360876191,0.01037352932066683,0.16467467280312742,0.11836497756671834
2017-04-18,-0.004452069519668318,0.010513191442142834,0.16689174024913464,0.11807273508453851
2017-04-19,-0.003689366550633907,0.010732236652162518,0.1703689751586866,0.1129765643388733
2017-04-20,0.012432954637051746,0.010933677648266504,0.17356675183595227,0.1133773830559711
2017-04-21,-0.001193981524664854,0.011109734351478273,0.17636156535601777,0.10707046834349654
2017-04-24,0.009583322297154006,0.011308565921317692,0.1795179186755198,0.11074975505563346
2017-04-25,0.006177259327660503,0.011408088539184028,0.18109779125572242,0.11166514685167767
2017-04-26,-0.0058986852573352415,0.011550747499147862,0.183362432037879,0.11439030109659701
2017-04-27,0.0007653343335513746,0.011656059031331802,0.18503420078395427,0.08956625521799283
2017-04-28,-0.0009741426793349536,0.0118952893559285,0.188831864453643,0.08924922328800677
2017-05-01,0.020191512947547365,0.012011236738279469,0.1906724720868605,0.11352178567857558
2017-05-02,0.006324514207683958,0.012239083229890584,0.19428942301026994,0.11457234748478815
2017-05-03,-0.0030551457811925733,0.012355893883247959,0.19614373464586946,0.11551004576448103
2017-05-04,-0.003610594786513712,0.012486643587623086,0.19821932185650026,0.11422052509517168
2017-05-05,0.01644800646121593,0.012707334590123407,0.20172268291173256,0.12458063449605944
2017-05-08,0.026825170281852936,0.012840724910255898,0.20384018859797576,0.15101411702243628
2017-05-09,0.006384451160105935,0.008461122500945656,0.13431615569973046,0.1501992871287533
2017-05-10,-0.0047518449097561834,0.008683952421082379,0.13785347101980738,0.15207090274043464
2017-05-11,0.008610953461235802,0.008859642076332748,0.1406424578341223,0.1441263356148976
2017-05-12,0.01386921088269457,0.009078968228947638,0.14412415256911187,0.14748179211541726
2017-05-15,-0.002565968000555982,0.009243645311155574,0.1467383202060355,0.14541602616427293
2017-05-16,-0.0014779161529279085,0.00941564453520128,0.14946872324116162,0.14705291996447195
2017-05-17,-0.03415249298363266,0.009569715777924863,0.15191452839576122,0.1973868129211611
2017-05-18,0.015126030798609637,0.009684357117209719,0.15373440323805188,0.1999120364399481
2017-05-19,0.00340365079816814,0.009776653819051162,0.1551995679574755,0.19757480561044494
2017-05-22,0.006057511316380181,0.009911504414240208,0.15734025479159106,0.19694426328924974
2017-05-23,-0.0012346334805633618,0.010126368912074713,0.1607511229526723,0.1966213430779709
2017-05-24,-0.002995259890821718,0.010311025622741395,0.1636824573587318,0.19758367547410516
2017-05-25,0.0034500378919155696,0.010488862467611404,0.1665055297515543,0.19490618472895674
2017-05-26,-0.0016909376859855162,0.01055950040008836,0.16762687216632507,0.19551867165961784
2017-05-30,0.00039039617359671973,0.010713983258504367,0.17007921151747202,0.19519599857089068
2017-05-31,-0.0059391669310752465,0.010819297283977958,0.1717510198432935,0.18773047068457885
2017-06-01,0.0027454964685174723,0.011012365755558836,0.17481588681415555,0.1871391987340753
2017-06-02,0.01471033590805278,0.011137605891599473,0.1768040123389201,0.19117731232806598
2017-06-05,-0.00982606676411342,0.011276726103725866,0.17901247724069402,0.19499339901816326
2017-06-06,0.0033725406202121154,0.011422486667726835,0.1813263544605365,0.18839337549525711
2017-06-07,0.00593903214500644,0.011485543720096256,0.18232735413440607,0.16618743883052597
2017-06-08,-0.0024487143724272113,0.01119825907839324,0.17776685182979923,0.1653460482355466
2017-06-09,-0.039548962230707946,0.011319796331590882,0.17969619591174432,0.21558876202015353
2017-06-12,-0.02418557202710347,0.01145526187523951,0.18184664475001894,0.226531540343237
2017-06-13,0.0080133347779828,0.011580417194243133,0.1838334238460622,0.22199285867182358
2017-06-14,-0.009803069086703168,0.011718609235390937,0.18602715449033516,0.22322952179282762
2017-06-15,-0.006011621299836726,0.011849041424590352,0.18809770130381143,0.22330602148672235
2017-06-16,-0.014098275112166452,0.012051850646698514,0.19131719789554336,0.19806072536037506
2017-06-19,0.02820584242437815,0.01216818781225388,0.19316399314530525,0.21707906012868125
2017-06-20,-0.009129939604075012,0.012347422340653367,0.19600925307631117,0.2175069971743727
2017-06-21,0.005913557050639424,0.012439996657625544,0.19747882479931148,0.2174355880672564
2017-06-22,-0.001646683088188672,0.012512090127112723,0.19862327314780084,0.21740815691387885
2017-06-23,0.004453335730609949,0.01260651505949243,0.20012222247964562,0.21876413729732982
2017-06-26,-0.003149596138119705,0.012707485386274373,0.2017250767264173,0.21779196961979644
2017-06-27,-0.01443639822396252,0.012822879509403003,0.20355690164175763,0.22159413201618228
2017-06-28,0.014504838485647525,0.012923517873579126,0.20515448614553186,0.22969419628193655
2017-06-29,-0.01485323229361982,0.012980611027253423,0.20606081186265138,0.23342438164339357
2017-06-30,0.0023640620257375433,0.013057655797159649,0.20728385966859175,0.2333114841898802
2017-07-03,-0.0036174524467262282,0.013215477566636274,0.20978920258963565,0.22430979843065305
2017-07-05,0.004103219682011124,0.01327287840606312,0.21070041266665437,0.22479120919075343
2017-07-06,-0.009483377890461817,0.01333470868786661,0.21168193796152482,0.22450539804405348
2017-07-07,0.010107361157385114,0.013551412541438443,0.2151220049897274,0.2272218217942203
2017-07-10,0.006085338197394706,0.015668759659286165,0.24873384846787405,0.22965752397399025
2017-07-11,0.0032349920812139114,0.015668226169917674,0.2487253795866973,0.18832865393603648
2017-07-12,0.001441378996566326,0.01568353213400842,0.24896835423405847,0.16867143801557963
2017-07-13,0.013833115000517527,0.015665984537942663,0.24868979478227646,0.1732523243383624
2017-07-14,0.008557919764052709,0.01571868530582331,0.24952639353656245,0.17131660803757548
2017-07-17,0.0034828905043584363,0.015746948290958226,0.24997505451641427,0.16938783505901092
2017-07-18,0.003470692513627705,0.015849910050999533,0.2516095217861271,0.15936787800314461
2017-07-19,0.006244161695633213,0.015852295857474174,0.2516473952897765,0.13032356339799445
2017-07-20,-0.004513158103618826,0.015775927498398457,0.2504350851728859,0.12650454176450918
2017-07-21,-0.0004655679958845831,0.01581353962799199,0.25103215921999,0.12576728797241302
2017-07-24,0.012038875586888155,0.015815620790677137,0.2510651966534066,0.13041854556316732
2017-07-25,0.0042645832585409575,0.015696234100448382,0.24916999170022827,0.13037665813484112
2017-07-26,0.0047026813310445965,0.015649391280835923,0.2484263849918065,0.1292576426578827
2017-07-27,-0.019078331172710263,0.01566938138052586,0.2487437179865843,0.13762009350817347
2017-07-28,-0.007065173639916241,0.015760782960070288,0.25019467308006255,0.13356581853917118
2017-07-31,-0.005163782949254329,0.015761592577068745,0.25020752535147334,0.12268121610833152
2017-08-01,0.008835973292407023,0.015678985106141744,0.24889617240442027,0.12518221214840197
2017-08-02,0.046168610586977375,0.015620038531553096,0.24796042454241618,0.1960241644216344
2017-08-03,-0.010041430473201936,0.01571916329592663,0.24953398139421767,0.20224983443473238
2017-08-04,0.005257070587484152,0.01568907026034868,0.24905626926421198,0.19655460536057429
2017-08-07,0.015355638003298493,0.015653824524952516,0.24849676056040898,0.19931229545966278
2017-08-08,0.007965052162868832,0.011668261241735658,0.1852279048689976,0.19959470147329852
2017-08-09,0.006103234589084566,0.011823390878392967,0.1876905115064239,0.19957824159832058
2017-08-10,-0.03236982264980475,0.011946975471032253,0.18965235609444053,0.2375618827123805
2017-08-11,0.013810471939299598,0.012087884851266465,0.19188922315941634,0.23754914727967177
2017-08-14,0.014937824142988824,0.012222224960340295,0.1940218062776802,0.2403678158624104
2017-08-15,0.010887799698920673,0.012274575277851299,0.19485284180481652,0.24171796001655335
2017-08-16,-0.004030173935798323,0.012434299765575973,0.1973883894416566,0.2432671056639684
2017-08-17,-0.019385069430780076,0.012474892838367915,0.1980327844950131,0.25553754279193847
2017-08-18,-0.0022833022469677007,0.012595237776062768,0.19994320115512998,0.2549048489277444
2017-08-21,-0.001842862455118387,0.01262023792933855,0.20034006628496726,0.2551446208446233
2017-08-22,0.016215407764417808,0.0127709237202988,0.20273212905891858,0.2575446627357976
2017-08-23,0.0012506590279115742,0.012803124441666964,0.20324329966358087,0.25750131801086024
2017-08-24,-0.004447765108388941,0.01292534216507226,0.20518344587519022,0.2584160543896519
2017-08-25,0.003697905735885586,0.013014389400500804,0.20659702691448067,0.24684193598917503
2017-08-28,0.010020585913059356,0.013023213402368608,0.20673710360154415,0.2451179123496697
2017-08-29,0.00887859086037195,0.013104446406568389,0.20802663756572387,0.2434292745196495
2017-08-30,0.0026974573951059535,0.01312076649425809,0.20828571092613418,0.24298728792100313
2017-08-31,0.0039711774721501196,0.013271128365246056,0.21067263162993738,0.18924751894707417
2017-09-01,0.0003047385063679357,0.013349886749321369,0.21192288221748493,0.18412481151672275
2017-09-05,-0.012081267197412777,0.013358844725562256,0.21206508568178778,0.19078322938491163
2017-09-06,-0.0010494183970717543,0.013331740690577677,0.21163482246521423,0.1845543080696213
2017-09-07,-0.004022745985629658,0.011648440897195906,0.1849132666536868,0.1836112056128988
2017-09-08,-0.01644308897982191,0.011780297759570965,0.18700642945269685,0.1914424071727708
2017-09-11,0.017930559345729527,0.011876261520629532,0.1885298069325092,0.16328433269225273
2017-09-12,-0.003970768418098054,0.012033928183859486,0.19103268761822018,0.15843005406817687
2017-09-13,-0.0075506086754988135,0.012116316021801599,0.1923405539997269,0.15256647452590957
2017-09-14,-0.008618371156726201,0.01225770246533901,0.19458499420986208,0.14987044132687993
2017-09-15,0.010058140788109854,0.01230074123140075,0.19526821344026882,0.15415265892261198
2017-09-18,-0.007597169962491909,0.012330385830823996,0.19573880686700904,0.14059308317233013
2017-09-19,0.0003780183657914777,0.01239344459555293,0.19673983372374318,0.14029230898510728
2017-09-20,-0.016899919568968014,0.01241535208969475,0.19708760441183032,0.15245432467261316
2017-09-21,-0.017320910122282807,0.012584281016056123,0.19976926798221437,0.150803715875269
2017-09-22,-0.009827235027332439,0.012665805610112142,0.20106343079186068,0.15271770513226213
2017-09-25,-0.008861148897933598,0.012732437886459646,0.20212118538689444,0.15419558218462232
2017-09-26,0.017057292471204136,0.01279594031195158,0.20312925513990085,0.16752769410240473
2017-09-27,0.007092360952646629,0.012916048592791845,0.2050359149889179,0.16516078099211826
2017-09-28,-0.006178498047255174,0.013031474183769159,0.2068682394408697,0.1606266287367379
2017-09-29,0.005465070928266511,0.013014380689514389,0.20659688863185832,0.1621213208274004
2017-10-02,-0.0020135326919023364,0.012979333449025876,0.20604053093702826,0.16030127788096235
2017-10-03,0.0043467452681779685,0.012986662761547984,0.20615688016631567,0.16197141771412066
2017-10-04,-0.006494516972731083,0.012997605178458261,0.20633058564963513,0.15909546474492808
2017-10-05,0.012367820255079088,0.013061257654937613,0.20734103738822166,0.1673159174884741
2017-10-06,-0.000579009997667248,0.013436397725183766,0.2132962013843414,0.1672055051070023
2017-10-09,0.0034708284313674726,0.013500521404133664,0.21431413323025325,0.15926306358578934
2017-10-10,0.00038498674089029207,0.013528951839575927,0.2147654524013263,0.1440739666262392
2017-10-11,0.00416055451012956,0.013540894646381134,0.2149550385819023,0.14519445821632432
2017-10-12,-0.0035196240710415206,0.013577171139530214,0.21553091005776234,0.14366904080953355
2017-10-13,0.00632630607555044,0.013641563563636282,0.21655310810076986,0.14314312903377388
2017-10-16,0.01824158136050307,0.013750806503764557,0.21828728601318345,0.1531279177648961
2017-10-17,0.0036835158209381673,0.013804983361975305,0.21914731697502615,0.1510481155882254
2017-10-18,-0.004434151629312342,0.01393127355197623,0.2211521115896434,0.15202867309495502
2017-10-19,-0.023945026861033784,0.014018082862659322,0.22253016667495784,0.16359511472986293
2017-10-20,0.0017293021818357058,0.0140876937506061,0.22363520526325517,0.15105065665813763
2017-10-23,-0.0005123732160093171,0.0141526825664145,0.22466687073103284,0.14609659249894383
2017-10-24,0.005937854340799877,0.014249252709691932,0.22619987423014862,0.14203597633658005
2017-10-25,-0.004402045149883685,0.014280010216398686,0.22668813451231545,0.13256233673873757
2017-10-26,0.006373035013651445,0.014428744356219407,0.22904921578489987,0.13216904548910266
2017-10-27,0.03520326580098446,0.014487990673548475,0.22998972191539463,0.17481857267131634
2017-10-30,0.022258635483737913,0.014617867893614292,0.232051458866994,0.18711869008742488
2017-10-31,0.013819707910073658,0.014530692199743914,0.2306675876288909,0.18901115659727655
2017-11-01,-0.012800256207810123,0.014554782525415762,0.23105000969327247,0.19828760801777198
2017-11-02,0.007283559772989715,0.014524764862977204,0.23057349407476102,0.19509866791763114
2017-11-03,0.025778568663641904,0.014483281462818829,0.2299149655126224,0.20721040054565068
2017-11-06,0.010093660333852946,0.012229387463812955,0.19413550749539996,0.20690448229504715
2017-11-07,0.0032086356296489233,0.012505922404887997,0.19852536359282674,0.2069385927647175
2017-11-08,0.008147232636332274,0.012686074941103163,0.20138519644612407,0.20628121889459028
2017-11-09,-0.002044840775087539,0.012911704000307942,0.20496694672135596,0.20803026055991752
2017-11-10,-0.003314923048422903,0.012984247161393944,0.2061185337026683,0.20791906386744544
2017-11-13,-0.004015730532765714,0.013040255426727756,0.20700763735129263,0.21050538635942065
2017-11-14,-0.015232745153418048,0.013142493975959051,0.20863062400531288,0.21596456765731029
2017-11-15,-0.013278139651675486,0.01324009168326559,0.21017993957769193,0.2236083223129385
2017-11-16,0.011876315468823468,0.013302837298569167,0.21117599534140988,0.22422605890212924
2017-11-17,-0.00556785285043654,0.013386042034701865,0.2124968295796691,0.20408213440668851
2017-11-20,-0.000999974606574672,0.013451759662879995,0.21354006458514313,0.2047351966610999
2017-11-21,0.018420122717100675,0.013570458798864801,0.21542435495306736,0.20971010896218395
2017-11-22,0.010456746448944414,0.013631834190677301,0.2163986590931975,0.21052485840371268
2017-11-24,5.72679459151306e-05,0.013757228231988767,0.21838922778839448,0.20849286673855524
2017-11-27,-0.005041958107213897,0.013780591566864843,0.2187601092316698,0.2116242185618587
2017-11-28,-0.005876485099688683,0.013881120025007214,0.22035594903124667,0.18366953868173475
2017-11-29,-0.02096106394960138,0.013905795541946452,0.22074766071900578,0.18758019209993257
2017-11-30,0.013886961929252236,0.013959802411369246,0.2216049931924969,0.18763845467917972
2017-12-01,-0.004666233550251231,0.013941753762774296,0.22131847977839872,0.1821604378209546
2017-12-04,-0.007334573268758808,0.013970611410468512,0.221776580733726,0.18318964215816036
2017-12-05,-0.0009427771545878598,0.013945501126010845,0.22137796732557552,0.158757341700709
2017-12-06,-0.0037207345987646696,0.01430996283878344,0.22716361765198115,0.15415072276965117
2017-12-07,0.0018327023658173832,0.014370283714933952,0.22812118187493985,0.15371863888234788
2017-12-08,0.00029526420144757124,0.01435098134053,0.22781476618062435,0.14996774123210105
2017-12-11,0.019296410755272563,0.014332458336403085,0.2275207226059025,0.16668041506634418
2017-12-12,-0.0056332255627845,0.014282682380408807,0.22673055380091436,0.16732978377902735
2017-12-13,0.0033142887209917844,0.014328793857481472,0.22746255080643515,0.1674905498063136
2017-12-14,-0.00029029295253388086,0.01434442674191819,0.22771071515340016,0.15865874041007294
2017-12-15,0.010109975952724367,0.014370346816093775,0.22812218357479783,0.15416547039533807
2017-12-18,0.013984326813618294,0.014492825528924731,0.23006647286509788,0.1561380400701402
2017-12-19,-0.010713306099960272,0.014423973347997499,0.22897347837735058,0.160024409181702
2017-12-20,-0.001089089428969994,0.01443020440079142,0.22907239327394355,0.16004023413341406
2017-12-21,0.0037779155642728855,0.014518126550471931,0.23046811413067653,0.1477663792874046
2017-12-22,0.0,0.014433573099147542,0.22912586970249732,0.14327023835531122
2017-12-26,-0.025696978780403914,0.01438457324279083,0.2283480210973108,0.16869317745094314
2017-12-27,0.00017602379887215328,0.014364842225857108,0.2280348009137846,0.16816839344669873
2017-12-28,0.002809504178672351,0.014376327310662802,0.22821712098287875,0.1676626330148829
2017-12-29,-0.010872686095302956,0.014376699334261313,0.2282230266744198,0.15538081371891316
2018-01-02,0.017746346782955377,0.01431006883910681,0.22716530035494834,0.16024784224560004
2018-01-03,-0.00017394840370409334,0.014296373311943486,0.2269478906012598,0.15931242688388872
2018-01-04,0.004633959252572378,0.014174166159025054,0.22500791219092733,0.1574436322101226
2018-01-05,0.011321177143949136,0.014135468036133811,0.2243935985346759,0.16132162832080787
2018-01-08,-0.003721313441883394,0.011802577170563306,0.18736010413775325,0.16132186352013783
2018-01-09,-0.00011457206970133106,0.01191589846442196,0.18915902390854167,0.1614094229988856
2018-01-10,-0.00022965168456543316,0.012033223198421213,0.19102149632133464,0.16146445513447719
2018-01-11,0.0056642695831997485,0.012053331456748109,0.19134070502632428,0.14879624927124663
2018-01-12,0.01027315685076339,0.012150725528626697,0.19288678798650047,0.15043964272126467
2018-01-16,-0.005094997284180841,0.012198644168098,0.19364747280573424,0.1519547406402214
2018-01-17,0.01638095032524751,0.012287233433479454,0.19505378379590962,0.16078971034030223
2018-01-18,0.0008933666191735471,0.012387753043553306,0.1966494831367532,0.1579803230026526
2018-01-19,-0.0044725494963219975,0.01246935346248768,0.19794484962902745,0.15233121962707385
2018-01-22,-0.008215112543219666,0.01251663594795488,0.19869543581651886,0.1502357272027678
2018-01-23,0.00022632031611811366,0.012650479127171498,0.20082013041785537,0.15011110439493763
2018-01-24,-0.016057070508649778,0.012661946942329343,0.20100217633978887,0.16040742081462245
2018-01-25,-0.018012432356586162,0.012621271819862024,0.20035647878821514,0.1718316955554852
2018-01-26,0.0023353059800867485,0.012721653132308688,0.201949982722288,0.1468374457534968
2018-01-29,-0.02091596659441716,0.012742864273674522,0.202286699152755,0.16415007590127567
2018-01-30,-0.005911567697774797,0.012788994233041811,0.20301898955560718,0.1645517212532216
2018-01-31,0.0027509106644824544,0.012802642220067677,0.20323564463300964,0.16114989168533095
2018-02-01,0.002088404935981127,0.01290792673084515,0.2049069844275554,0.14733655721618608
2018-02-02,-0.04435946726400982,0.012907296730290998,0.20489698347880267,0.20960164834476408
2018-02-05,-0.02530189708857999,0.012902607598187727,0.20482254581434275,0.22058339895899667
2018-02-06,0.04094201546932069,0.012982001155000812,0.20608287945651257,0.2668477208822571
2018-02-07,-0.02163948634682612,0.023265475436139004,0.3693279728262348,0.2742577393571452
2018-02-08,-0.02790217319136804,0.022042212337699908,0.3499092731474018,0.28566290791590065
2018-02-09,0.012157029361097934,0.020653602661624512,0.32786577792120103,0.29172810307855696
2018-02-12,0.03948898417501901,0.01962763120984733,0.31157898603927514,0.3284676738445015
2018-02-13,0.009967717135042107,0.018897308592449293,0.29998547390438923,0.3283097243570484
2018-02-14,0.018269402754966163,0.018167908377683478,0.28840660445734456,0.3366289531936805
2018-02-15,0.033026838765305704,0.017433148290612745,0.2767426496752326,0.3527889857814092
2018-02-16,-0.003242275434953128,0.016790141384457263,0.2665352314853259,0.35273239077193186
2018-02-20,-0.003369331985211526,0.016355980175815,0.25964313596345395,0.3526420888945189
2018-02-21,-0.004549380253185759,0.016001002929107486,0.25400804686820694,0.3520041735612248
2018-02-22,0.008324595582807114,0.01569717265988777,0.24918489086943194,0.3535982556934306
2018-02-23,0.017241811266246573,0.015276992767685968,0.24251474186537653,0.35459695699405686
2018-02-26,0.019579323605614492,0.01504588124026821,0.2388459601053705,0.35372238373916537
2018-02-27,-0.003246007742711024,0.01490968150302517,0.2366838563051059,0.3542498149990416
2018-02-28,-0.0015149983235378107,0.014618858394865548,0.23206718258689873,0.3446351749804228
2018-03-01,-0.017671387315558038,0.014538363790671876,0.2307893703594245,0.3508148065512733
2018-03-02,0.006890227932888751,0.01440715970549208,0.22870657007713568,0.3511553182233713
2018-03-05,0.00345616258276263,0.014208474411249436,0.2255525388107453,0.3511608198225321
2018-03-06,-0.0008489380922099781,0.013970560339933777,0.2217757700141206,0.3073122067400073
2018-03-07,-0.00932611649637187,0.013916683662856994,0.2209205042800504,0.29223108446170215
2018-03-08,0.010853723284653569,0.013858429459918529,0.21999574747725356,0.2634557474001961
2018-03-09,0.017034578143281475,0.01255635832259012,0.19932600896513755,0.2495574802072018
2018-03-12,0.009621425605838339,0.012799543577123517,0.20318645520121745,0.21720869070025015
2018-03-13,-0.009677053922724953,0.013017783294387457,0.20665090330968205,0.22463218139296573
2018-03-14,-0.008537414311654907,0.013158106691239952,0.2088784681768552,0.1960411993687037
2018-03-15,0.001175821365856583,0.013322658225279657,0.21149064279839463,0.19525605173932428
2018-03-16,-0.003532624182441698,0.01329843067140734,0.2111060423038652,0.18967282838462185
2018-03-19,-0.015397103229022865,0.01337896433917617,0.21238447464637053,0.16552005007686937
2018-03-20,-0.0003423587998137321,0.01329111521309642,0.21098991300336228,0.16496878944937562
2018-03-21,-0.02291529416091132,0.013425785714952211,0.2131277409444424,0.18395102856093123
2018-03-22,-0.014230157453382125,0.01333086532666549,0.2116209264939043,0.18982402393316564
2018-03-23,-0.023429227847988923,0.013378839921497694,0.21238249957695485,0.2024198576299461
2018-03-26,0.046379737711429454,0.013300030262046571,0.21113143501805068,0.2557132541753494
2018-03-27,-0.025975872592365848,0.013451863435826272,0.21354171192959515,0.2587637013570787
2018-03-28,-0.011110364590342188,0.013408285679766804,0.21284993649822959,0.260319537173156
2018-03-29,0.007778476056598468,0.013446223977638234,0.21345218830622698,0.2630940204771785
2018-04-02,-0.006577812181233805,0.013465291471201915,0.21375487538279592,0.25797522785447563
2018-04-03,0.010206732623185954,0.013668755180463283,0.21698476163598987,0.2597170052616723
2018-04-04,0.018941736549020406,0.013516357260188547,0.21456551965176748,0.26930060552500296
2018-04-05,0.006910745392736151,0.013466590073233664,0.21377549005096422,0.2708465553543687
2018-04-06,-0.025911842655839998,0.013337547179057732,0.21172699761226696,0.2830477371757995
2018-04-09,0.009869208880426902,0.013262198027199563,0.21053086690836884,0.2825112621615126
2018-04-10,0.01864345334191082,0.017651605617330424,0.2802105522266824,0.2839207669539128
2018-04-11,-0.004686507295722232,0.01739833846825419,0.2761900608763742,0.2809700662672968
2018-04-12,0.00981017057732794,0.0171221713023207,0.27180604302832506,0.2827981318970361
2018-04-13,0.0033827698995810883,0.01705513804449546,0.27074192304966865,0.2821105735653139
2018-04-16,0.006218400921264178,0.016918943619181965,0.26857990357367145,0.2831396432532076
2018-04-17,0.013670239170317575,0.016744659744594926,0.265813232835555,0.2872586169637356
2018-04-18,-0.002246760957799111,0.016529608978632773,0.2623994077596161,0.28190561418097526
2018-04-19,-0.028749131881467212,0.01647967967130145,0.26160680457762175,0.29981588349603977
2018-04-20,-0.04183541739600573,0.016132198327694545,0.25609070925511107,0.32371683899761383
2018-04-23,-0.0029007106616859312,0.015988305556833646,0.2538064823321634,0.3204964566102803
2018-04-24,-0.014016793165160107,0.0158530369200582,0.25165915929359606,0.3137960392836751
2018-04-25,0.0043479789863875,0.015513456977519057,0.246268494824491,0.2644375621748908
2018-04-26,0.0034769960506047643,0.015357523076133799,0.2437931208803142,0.25094619130218837
2018-04-27,-0.011637479495667272,0.015334157776812112,0.2434222082524316,0.25121551323629016
2018-04-30,0.017949976298422318,0.015118613382848206,0.24000054707489585,0.25817322592389774
2018-05-01,0.02297080759117349,0.01495815317566865,0.2374533202537818,0.2697582049887118
2018-05-02,0.043226950907440366,0.014769511671459883,0.23445872921129257,0.3062277899299563
2018-05-03,0.0018108602366309215,0.014721922587169322,0.23370327591836787,0.30015840899779295
2018-05-04,0.0384831485835667,0.01462429372437224,0.2321534657679091,0.3262010240307494
2018-05-07,0.00720879251759823,0.014414036481648528,0.2288157355143266,0.30900567261491974
2018-05-08,0.00479540999012442,0.014261762812554028,0.22639846595644228,0.30839900623999356
2018-05-09,0.007016214042853192,0.01203256759484588,0.19101108893722077,0.3041780355330192
2018-05-10,0.014202593739972352,0.012320330951179513,0.1955791906009971,0.30463145781673034
2018-05-11,-0.003810453827076562,0.01250595771142841,0.19852592406678027,0.3053650379012584
2018-05-14,-0.0023357690913845142,0.012695243792363803,0.20153074744758684,0.3061473251047958
2018-05-15,-0.009129910745768612,0.012982582680846306,0.20609211089312138,0.30916283465727407
2018-05-16,0.009289176906834352,0.013017056847431542,0.20663937132176588,0.3076220364273676
2018-05-17,-0.006343585456713331,0.013228844551889314,0.21000139690218492,0.30878858805660686
2018-05-18,-0.003643068066477151,0.013247935666555013,0.21030445895212369,0.28826707466821194
2018-05-21,0.007059974694258174,0.013316232645613156,0.21138863988343265,0.23578861061836182
2018-05-22,-0.002508274460746859,0.013485441235082688,0.2140747429680271,0.23560378300050133
2018-05-23,0.0063911353490995245,0.013527052879415039,0.2147353073433143,0.2239500082326428
2018-05-24,-0.0011154482204861753,0.013571521941058864,0.2154412318121901,0.22558559870239703
2018-05-25,0.002282712754470862,0.013607641202693177,0.21601460731513208,0.2258468214910592
2018-05-29,-0.0036123829318340833,0.013627499505864582,0.2163298481050397,0.21921925908917317
2018-05-30,-0.0021313120583203015,0.013712168047209825,0.2176739195306603,0.2177884438292964
2018-05-31,-0.003365130180890211,0.013831266625992832,0.21956455085642673,0.21123838682772988
2018-06-01,0.017872914148436888,0.013744790123949094,0.21819177894447572,0.16695562266672304
2018-06-04,0.008323576448048098,0.013765139760813559,0.2185148194149588,0.16753361134465633
2018-06-05,0.0076852550804266655,0.013874379103366346,0.22024894021763203,0.11278920963004563
2018-06-06,0.003459967327054477,0.013972953594478019,0.22181376175220943,0.11159100409984091
2018-06-07,-0.0026840434967681107,0.013994557973037634,0.22215672062960246,0.11257095292039816
2018-06-08,-0.009139389021000177,0.009157971768928916,0.14537829488601714,0.11738646791410946
2018-06-11,-0.0024548712951521588,0.009562818868584731,0.15180504335418754,0.10808383741416973
2018-06-12,0.005475877938391999,0.009910285751070232,0.1573209091135128,0.10822564872696729
2018-06-13,-0.008251123937564202,0.010311125934371345,0.16368404975649054,0.11233175486079912
2018-06-14,0.0005242019557099575,0.010656010065259364,0.16915891560526464,0.10658203858285159
2018-06-15,-0.010325760880730615,0.011049399230078284,0.1754037749967342,0.10922078505496076
2018-06-18,-0.0005295584416871122,0.011308343973642734,0.17951439536540778,0.10668161303068158
2018-06-19,-0.016291966490605308,0.011590063407860061,0.18398655274000497,0.12084507215839467
2018-06-20,0.004352550082498113,0.01173759188556815,0.1863284947198982,0.11915947686590106
2018-06-21,-0.0055914173406078765,0.011959050833196445,0.18984404652610548,0.1203560570761179
2018-06-22,-0.002916255447474527,0.012061991446122364,0.19147817809576875,0.11800079151194007
2018-06-25,-0.01498276812781574,0.012518151814955079,0.19871949945913792,0.12772979990460287
2018-06-26,0.012329102672896896,0.012571552679453153,0.19956721190268448,0.13599028808435695
2018-06-27,-0.0014646375554496379,0.012755509290164202,0.20248743256649102,0.1356854813303777
2018-06-28,0.007249463624564204,0.012732709419291286,0.2021254958369663,0.1385244484094788
2018-06-29,-0.002104251346871713,0.012797922555987764,0.20316072228844634,0.13826569520210052
2018-07-02,0.011120474267020484,0.012834207209623747,0.20373672330801992,0.12863353799072516
2018-07-03,-0.017569693129268853,0.012989264816477254,0.20619818650775915,0.13659082982549134
2018-07-05,0.008014723448834839,0.013251321164339485,0.21035820206333491,0.13688978502671684
2018-07-06,0.013766578329246893,0.013054454721967373,0.20723304417527108,0.14638612663426975
2018-07-09,0.01378991104105679,0.013065583531049226,0.20740970854258448,0.15554261681750192
2018-07-10,-0.0012076555446391248,0.012309292319837817,0.19540395776092923,0.15252683726029445
2018-07-11,-0.01306083638358836,0.012463019496907334,0.1978443010425968,0.15868347258435028
2018-07-12,0.01662680637704292,0.012603904719556082,0.20008078461779213,0.16866472130960813
2018-07-13,0.001569238311740708,0.012752346833439685,0.20243723012234058,0.1662527904959137
2018-07-16,-0.002197793400988885,0.012905549772258494,0.20486925137977344,0.16644433777867448
2018-07-17,0.002824799871779012,0.013177619377719725,0.20918822247187271,0.1623205911932659
2018-07-18,-0.005499512505314723,0.013393926633326274,0.21262199370255558,0.16368435788865823
2018-07-19,0.0077429221976055744,0.013399962781641784,0.21271781458647282,0.1536372681097707
2018-07-20,-0.0022956734089278194,0.0133213357569384,0.21146964926430828,0.15384147498741801
2018-07-23,0.0008873514462041348,0.013242799536309711,0.21022292541214183,0.15183792915735403
2018-07-24,0.00722841247301993,0.013450535976161549,0.21352063916070518,0.15214160967773133
2018-07-25,0.009385970882082453,0.013420141068172114,0.21303813495472876,0.14078949164608143
2018-07-26,-0.0031360239713595396,0.013364359984756193,0.2121526377072471,0.13832109251594446
2018-07-27,-0.016771442933786452,0.01346430227868089,0.21373917243833954,0.1531612048887638
2018-07-30,-0.005618365792038113,0.013395476470417498,0.21264659660365184,0.15380525324929742
2018-07-31,0.0019986258067403112,0.013443060938951677,0.21340197662371552,0.15337801072618673
2018-08-01,0.057240382695412304,0.013598438041722243,0.2158685116639034,0.2458584880007294
2018-08-02,0.028811676340583063,0.01364269188526395,0.21657101965132408,0.24823883817840087
2018-08-03,0.0028889896577229714,0.01367098842003179,0.2170202132150877,0.2482766000754025
2018-08-06,0.0051790092013861,0.013698016799694845,0.21744927544066456,0.2464383619385481
2018-08-07,-0.009419238039602804,0.013853546057372384,0.21991822586512005,0.2491856833914079
2018-08-08,0.0006758868810669302,0.012479181069584422,0.19810085805519245,0.24877852309363052
2018-08-09,0.007834182042723138,0.012601749147477076,0.20004656597186737,0.2410807071003355
2018-08-10,-0.0029830078206812614,0.01278868437072894,0.20301407064388402,0.23877051440906485
2018-08-13,0.006435933566874564,0.01294127564079389,0.20543638196087213,0.23871271826462692
2018-08-14,0.004204525410428692,0.013162770739520829,0.20895250764797918,0.23752953342305133
2018-08-15,0.002333458164019934,0.01330033264741096,0.21113623523689634,0.23758315414439507
2018-08-16,0.01454371549149284,0.013387089056810688,0.21251345054037188,0.23696574890509375
2018-08-17,0.019773157198956712,0.013428744523432205,0.2131747105729332,0.24196153400072648
2018-08-20,-0.009791579716304252,0.013579169157124505,0.21556262760378006,0.24660785830198972
2018-08-21,-0.001951041851301382,0.013729389706448537,0.21794730489571748,0.24751397521263646
2018-08-22,4.629043497518571e-05,0.013688535457858406,0.21729876380509808,0.24819009669866574
2018-08-23,0.0020442440862799677,0.013608793879652626,0.21603290549459228,0.24797689693577193
2018-08-24,0.003104231430953221,0.013645538736370408,0.216616212011608,0.2463439708015884
2018-08-27,0.008200869240240197,0.013761033282633608,0.21844963109478802,0.23302516276673466
2018-08-28,0.00804317936709771,0.01374722829117977,0.21823048364935865,0.22887534031102869
2018-08-29,0.014819139842284206,0.013950146598845501,0.22145171192063234,0.22957880114734575
2018-08-30,0.009151802862673624,0.013869563888794581,0.2201725010560342,0.14297274788473077
2018-08-31,0.011487787878373996,0.013924670193471019,0.22104728652310784,0.11761506116725856
2018-09-04,0.0032017735240545695,0.013968708671541463,0.22174637568966085,0.11756267302684645
2018-09-05,-0.006546380055772307,0.014084314887452175,0.22358156747353874,0.12371102467789057
2018-09-06,-0.016756878964040763,0.01402850839803353,0.222695666918267,0.13580311490107722
2018-09-07,-0.008101193512997805,0.012070719568947357,0.19161673275021288,0.14155428808988907
2018-09-10,-0.013511414991523158,0.012161142989227693,0.19305216004675874,0.1518584268591318
2018-09-11,0.024968591201612135,0.0122738989553663,0.1948421055182082,0.16951027248889255
2018-09-12,-0.01249667783604773,0.012457744555392773,0.19776056394202918,0.17800085797991222
2018-09-13,0.023867897944997263,0.01254758120556669,0.19918667655190495,0.1925305349816047
2018-09-14,-0.011415834880763663,0.012683642582432906,0.20134658394927918,0.19947197327498925
2018-09-17,-0.026987216039914996,0.012664439666264009,0.20104174710549846,0.2199763794099726
2018-09-18,0.0016511834548180644,0.012671613801181673,0.20115563296668343,0.20919022207448024
2018-09-19,0.0005953019215600222,0.012756488889546676,0.202502983224594,0.20604491023881213
2018-09-20,0.0075730381211299635,0.012785298309094851,0.20296031858183758,0.20717483621312782
2018-09-21,-0.010829689138319137,0.01292560829831474,0.20518767060944149,0.21125235953997934
2018-09-24,0.014277942923774547,0.012858692548095628,0.20412541600620293,0.21651013194002391
2018-09-25,0.006320731639642981,0.012782459939363375,0.20291526085920755,0.2171603563590124
2018-09-26,-0.007998136374060683,0.012859373237874368,0.20413622162145012,0.2179326383446102
2018-09-27,0.02034335432235566,0.012943587590880051,0.20547308303070158,0.22723612129204476
2018-09-28,0.003505763472602141,0.012900983797595973,0.20479676877907554,0.22196367093567876
2018-10-01,0.0067110965969109215,0.01293726933966888,0.20537278390214803,0.22093550367800166
2018-10-02,0.008848990417867922,0.01292083668716866,0.20511192363076766,0.21946154545249683
2018-10-03,0.01209506071747974,0.012820040630280312,0.20351183583279275,0.2230536558263432
2018-10-04,-0.017737144012925043,0.012806743285099023,0.20330074702211032,0.23090749776576758
2018-10-05,-0.016361991684474435,0.012817772516721811,0.20347583064626645,0.23054513594572656
2018-10-08,-0.0023212943843440507,0.016277452866062532,0.25839655356706215,0.22876862369650688
2018-10-09,0.013758519084660177,0.016055132206103117,0.25486732250167593,0.2271796160607187
2018-10-10,-0.04743353668618219,0.015977639440177424,0.2536371629794004,0.2688735768190815
2018-10-11,-0.00886697642487255,0.01595153135082429,0.25322270990958773,0.2673130730357138
2018-10-12,0.035096217738569045,0.015781213107403973,0.2505189916146226,0.28307655988797137
2018-10-15,-0.021617729021346763,0.015602246909853457,0.24767799130378945,0.2899679511023171
2018-10-16,0.02179756595998997,0.015369724055273917,0.24398680541965168,0.2849266132027682
2018-10-17,-0.004330727321715904,0.015274220630614434,0.24247073555362775,0.2854872781374199
2018-10-18,-0.023650606721691444,0.015177145409059923,0.24092971418542936,0.2976310946083517
2018-10-19,0.015115084483979425,0.015125320202600174,0.24010701453780692,0.30133720025658145
2018-10-22,0.006091211584144657,0.01506981478216446,0.23922589330447303,0.2994805650416221
2018-10-23,0.009382595141109016,0.014929097894013138,0.23699208195658128,0.29714468276479333
2018-10-24,-0.03490348145310161,0.014804879580792414,0.2350201773662095,0.32024155882519895
2018-10-25,0.02166145445449832,0.014707760483693487,0.23347845949533613,0.3290727078364744
2018-10-26,-0.01605181994487934,0.01464292329197401,0.23244920098535082,0.3246583770720583
2018-10-29,-0.018948446249592382,0.014722851875324239,0.23371802791049323,0.3292614084617837
2018-10-30,0.004981705616901467,0.014588491240471542,0.23158511895559128,0.3286769191605941
2018-10-31,0.025732623414294945,0.014618252598403363,0.23205756586619436,0.3413188726025843
2018-11-01,0.015235769864743376,0.014537228097458102,0.23077134178856867,0.34314648661558667
2018-11-02,-0.06863280661538748,0.014517382024659176,0.23045629514980523,0.41101605658082396
2018-11-05,-0.028799081453021475,0.014518318916278352,0.2304711678431838,0.41774582900904833
2018-11-06,0.010755938289691366,0.035823273738824525,0.5686768407667243,0.42127572894260795
2018-11-07,0.02987735380633023,0.034378992362108944,0.5457495846907757,0.4335788959692181
2018-11-08,-0.003495126124972388,0.032861141430945214,0.5216544481440134,0.4033902053279124
2018-11-09,-0.019469934021165775,0.03153870027086924,0.5006613455455527,0.40744915939010007
2018-11-12,-0.05168698567028048,0.03037785895000511,0.4822335608658674,0.4183747275633034
2018-11-13,-0.010041544667463377,0.02911708655055145,0.4622194194930159,0.4149196859939979
2018-11-14,-0.028654146590354358,0.028150013293916115,0.4468676074731853,0.4095879949644048
2018-11-15,0.024379338086223244,0.027425930423930253,0.43537314825767826,0.42470144347827127
2018-11-16,0.011014396676047897,0.02671639609908476,0.4241096400364465,0.424265759706931
2018-11-19,-0.040438451705449345,0.025979578338764398,0.41241302070414687,0.4344866260696572
2018-11-20,-0.048957118067452,0.02527541860889165,0.40123483153308864,0.4538618676488401
2018-11-21,-0.0011308353783718093,0.02446261684465827,0.38833200353295216,0.4495472669818411
2018-11-23,-0.025726869861993452,0.023856919271314482,0.37871685264025434,0.44445226424573775
2018-11-26,0.01343320929808549,0.02327795665786233,0.3695261060786639,0.4378382318673667
2018-11-27,-0.0021784065144387133,0.022875720604987337,0.3631408066931551,0.43837533929031225
2018-11-28,0.03773169529030918,0.022692413487160508,0.36023089640924827,0.46704409264076724
2018-11-29,-0.007711818718976821,0.02196253627780474,0.34864445490783313,0.46485790956537554
2018-11-30,-0.005417024918556994,0.021515740946375587,0.34155179890439585,0.4485853700522082
2018-12-03,0.03434567580716519,0.02117691207023474,0.3361730572447387,0.466403848671482
2018-12-04,-0.044985530871376224,0.020804984186804144,0.33026888513349084,0.43413637328298155
2018-12-06,-0.011212248654737585,0.02053130347970011,0.32592433859568937,0.4274800279203066
2018-12-07,-0.036307887768339715,0.030053236583251236,0.47708034055122767,0.43437338336810616
2018-12-10,0.006566329011508015,0.02962261479211219,0.470244431540353,0.4152460570149152
2018-12-11,-0.005735929989799502,0.029111184351646915,0.4621257249900769,0.4148763380831962
2018-12-12,0.002783183806123956,0.028593752842567453,0.45391175442887827,0.41570732281311445
2018-12-13,0.010881093328540706,0.028020644426387426,0.4448139403679355,0.390582149409111
2018-12-14,-0.03252108610146289,0.02774442430117331,0.44042908181736945,0.40108737250496634
2018-12-17,-0.009349824909761826,0.027417134809474233,0.4352335222068065,0.39354127980215764
2018-12-18,0.01290888041696975,0.026969548437025866,0.428128308816487,0.38420022756265876
2018-12-19,-0.031688061153658936,0.026465742475681363,0.42013063711999077,0.38776573102435496
2018-12-20,-0.02555864392039565,0.026184421885696543,0.41566481120129994,0.3757047655114219
2018-12-21,-0.03967219494251198,0.025763908078888963,0.40898936146720843,0.3641783115791955
2018-12-24,-0.02621495047651259,0.025470347783424285,0.40432923624759537,0.368861255440358
2018-12-26,0.06805250945549685,0.025037435290298928,0.3974569634700194,0.4490931731721608
2018-12-27,-0.00651072429696039,0.024516870431604502,0.38919325252570985,0.4444189475063789
2018-12-28,0.0005116975391491765,0.02420193701901715,0.38419383959020365,0.44475639781507076
2018-12-31,0.009619120129615327,0.02392767406154671,0.3798400501143805,0.42057207301769783
2019-01-02,0.0011408076461477427,0.02359829814044192,0.3746113694638038,0.4213770021671761
2019-01-03,-0.10492486874072121,0.023248114866244358,0.3690523823228773,0.5428038891831715
2019-01-04,0.041803458687709114,0.02287603766554935,0.36314583987354093,0.5511783626948376
2019-01-07,-0.002228259133506102,0.022709603780253617,0.36050378385218035,0.5371907010700316
2019-01-08,0.018883678648739622,0.022505536201405205,0.3572643114664766,0.5453032069815844
2019-01-09,0.016839054482956493,0.03501466304837542,0.5558405440003449,0.5404021079050669
2019-01-10,0.0031910337714050976,0.03455996558795509,0.5486224455880759,0.5396575037918888
2019-01-11,-0.009866126359009917,0.0339983567954376,0.5397071823934245,0.5399511591673765
2019-01-14,-0.015151547133349002,0.033597507281113874,0.533343893625055,0.5403292890552069
2019-01-15,0.020260120052105174,0.03321761718903646,0.5273133253700094,0.5449147127104453
2019-01-16,0.012142768391211194,0.032533968634722174,0.5164607410167028,0.5386910709244015
2019-01-17,0.005919987608837946,0.03180503719280278,0.5048893131078962,0.5390678952906763
2019-01-18,0.006140769933211916,0.031020962653076585,0.49244251565917846,0.537151469220026
2019-01-22,-0.0227020279318571,0.03046323197114477,0.48358881556152616,0.5319238466320989
2019-01-23,0.004036217828680004,0.030005133746708233,0.4763167316941302,0.5254598338143196
2019-01-24,-0.007958015041056548,0.02956488103304597,0.46932793652790017,0.5071334961749582
2019-01-25,0.03259993783490343,0.02909044656487286,0.4617965228308007,0.5088458929067289
2019-01-28,-0.009297831391658006,0.02861507980916689,0.4542503095279272,0.4524771995302312
2019-01-29,-0.010418671654723807,0.028127429771830758,0.44650910517419057,0.45335860882917484
2019-01-30,0.0661007023133378,0.027752081773275716,0.44055064041849573,0.5086720535651629
2019-01-31,0.007175526513946439,0.02730062111882953,0.4333839247081253,0.5083219176055609
2019-02-01,0.00048074588581050495,0.026994944765035406,0.4285314630252518,0.5083502220580102
2019-02-04,0.028008854124994282,0.0265350636120893,0.4212310760452055,0.3324555028652057
2019-02-05,0.0169648187082942,0.026302705813309006,0.4175425103406512,0.3119403252839526
2019-02-06,0.00034460689176411265,0.026106258486227687,0.414424005701568,0.31103742014787933
2019-02-07,-0.019120869726314285,0.02577698150864966,0.4091968957307853,0.3216467275865665
2019-02-08,0.0011737675837656713,0.017426160272343366,0.2766317183242449,0.3195570741596204
2019-02-11,-0.005767288171687576,0.017550379762829332,0.278603641603123,0.3217796323981319
2019-02-12,0.008580239576034645,0.01768818122880102,0.2807911720586903,0.3174931954768121
2019-02-13,-0.004163556808539529,0.01767417630602964,0.28056885080198785,0.3106114779887423
2019-02-14,0.0036368420956765304,0.017667266006494955,0.2804591531976654,0.30645001866101157
2019-02-15,-0.00222742946362662,0.01767803419065113,0.2806300928217593,0.3065226380563094
2019-02-19,0.0029880361117080286,0.017720724407553744,0.2813077790057977,0.30654850377383924
2019-02-20,0.006414638695297921,0.017682441752330736,0.2807000606943138,0.3065673285275606
2019-02-21,-0.005654422955905916,0.01772477789571046,0.2813721261354278,0.2928087031016447
2019-02-22,0.01110427048699643,0.01762694303935655,0.2798190459386307,0.29340978334967877
2019-02-25,0.007257842665371428,0.01766395121430274,0.2804065325029346,0.2891495270281977
2019-02-26,0.0005741118876678888,0.01770483065155396,0.28105547345115267,0.27356726138980764
2019-02-27,0.003092324307717958,0.01772076978339336,0.28130849932492064,0.2687555826636479
2019-02-28,-0.009884424870184382,0.017771103198901482,0.2821075175253464,0.2683617052922392
2019-03-01,0.010456253276844381,0.0177221118111924,0.28132980335577334,0.15589221620630656
2019-03-04,0.00501691118970263,0.01781094226850001,0.2827399431490778,0.15532903071630577
2019-03-05,-0.001821503423042831,0.017748414725656844,0.2817473491783481,0.15596981512605315
2019-03-06,-0.005770664168548574,0.017703236689916406,0.2810301700945986,0.12839919939858274
2019-03-07,-0.011641922822237976,0.017637881269357437,0.27999268495682417,0.12195474208515986
2019-03-08,0.0023741209471917777,0.017658033304511368,0.28031258859739894,0.12228324410840875
2019-03-11,0.03405525372841426,0.01754004589918613,0.2784395966034288,0.15322777566795345
2019-03-12,0.011172824334938589,0.01219445843545014,0.1935810263598892,0.1561307847945695
2019-03-13,0.004412525240317424,0.012405090136166362,0.19692470094981945,0.1530047842097851
2019-03-14,0.011055187152506737,0.012706696028731262,0.2017125460638898,0.15430908380335576
2019-03-15,0.012924420492215701,0.01295542220262379,0.2056609516679232,0.15503809471319596
2019-03-18,0.010156860709514538,0.013205572171872983,0.20963195932254614,0.15634565094601072
2019-03-19,-0.007956455105315292,0.013333881562969583,0.2116688077608405,0.16068529471555393
2019-03-20,0.008700687424572109,0.013437501964673493,0.21331373064280745,0.16131437713745334
2019-03-21,0.03616819249214773,0.01368304639594389,0.217211627648557,0.19500320204727925
2019-03-22,-0.020925558116095117,0.013824270473331561,0.21945349037597092,0.21285191359722733
2019-03-25,-0.01216503083111218,0.013997340948385896,0.2222008989936604,0.21995038428802716
2019-03-26,-0.010385201071068176,0.014192268428125621,0.22529527680416375,0.22524185352891804
2019-03-27,0.008953596354110452,0.01435623433172602,0.22789815483068765,0.22582685564314345
2019-03-28,0.0013256584553640773,0.01444890961080209,0.2293693292774004,0.2259709873848822
2019-03-29,0.006496461821630621,0.014593149636734679,0.2316590687037152,0.22069054997195056
2019-04-01,0.00676841389458682,0.014635730777217113,0.23233502335326334,0.2197853232013333
2019-04-02,0.014432032124435718,0.014708027932241323,0.2334827051094126,0.22260967600814358
2019-04-03,0.006831551179454872,0.014775536330690722,0.2345543677116448,0.22143928238460814
2019-04-04,0.0017390299837977887,0.014829956744481407,0.2354182649984571,0.2183024174866492
2019-04-05,0.006671791974849378,0.014996789253736265,0.23806664897899252,0.2092646546804528
2019-04-08,0.01561342431825984,0.015058363647665017,0.23904411217978255,0.21113315252068213
2019-04-09,-0.003003011636107327,0.0150665179511136,0.239173557734022,0.18907275289201492
2019-04-10,0.005598362956591439,0.011317703943212614,0.17966298027597397,0.1878322074442469
2019-04-11,-0.008358927474306827,0.011647486079243562,0.18489810938859133,0.19339857435831123
2019-04-12,-0.0004021766527204148,0.011913779353035692,0.18912538405817061,0.19243846442880552
2019-04-15,0.0018087234373044552,0.012177621595140494,0.1933137498059486,0.18960791111300102
2019-04-16,0.00010043787708797321,0.012382771420221326,0.19657040231798228,0.18818129291724325
2019-04-17,0.01928594769165278,0.012525486739834944,0.1988359377818427,0.19224812880190062
2019-04-18,0.003587129231213746,0.012811565392808968,0.2033772956088844,0.1915073985945363
2019-04-22,0.003280908531970086,0.013082789160150347,0.20768283943709637,0.15113559381707795
2019-04-23,0.014320566809499953,0.013389677443205327,0.21255453990055484,0.13101413551630878
2019-04-24,-0.0015436808243657182,0.013565134612389512,0.21533983611298327,0.11920940760960255
2019-04-25,-0.009116543775285028,0.01363162825138355,0.21639538990825885,0.1172877391552487
2019-04-26,-0.004785353992718554,0.013805903011267526,0.21916191595494983,0.12032360225551447
2019-04-29,0.001516295887586129,0.013957379440995303,0.22156652973023572,0.12027520050741794
2019-04-30,-0.01944407004761249,0.0140970932138144,0.22378441711589517,0.14425946814963214
2019-05-01,0.047918893001684976,0.014193370393614851,0.22531276996399102,0.21316400556306092
2019-05-02,-0.00652904866295764,0.014428453980248793,0.22904460620927014,0.21331672888258002
2019-05-03,0.012354661724654891,0.014607264528486137,0.23188313566385693,0.21522833761621613
2019-05-06,-0.01556321082851416,0.014773014293964895,0.23451433161980137,0.22545765051298447
2019-05-07,-0.027326903784788695,0.01490664566577679,0.23663566388282542,0.24813083331569813
2019-05-08,0.00019703502982804615,0.014859445287647773,0.23588638110891988,0.24268797872721595
2019-05-09,-0.010802231894021292,0.015008199249787859,0.238247777051069,0.24565759890205546
2019-05-10,-0.013950315638077816,0.01943648777739861,0.3085446781172596,0.249636905201105
2019-05-13,-0.05987675199585089,0.019347689250737515,0.30713504520725443,0.32278162453416787
2019-05-14,0.015706123311432823,0.01925736884957778,0.3057012532885489,0.3292329134877792
2019-05-15,0.011908101167364321,0.019371266074623698,0.30750931568350004,0.3326721689050547
2019-05-16,-0.004409576934538574,0.01933842802130383,0.30698802774775696,0.3327065660167369
2019-05-17,-0.005697696064706309,0.019255432338036893,0.30567051212085977,0.3236423014089208
2019-05-20,-0.03176925427312625,0.0192741111256153,0.30596702868120773,0.33712495257598857
2019-05-21,0.018989361311082628,0.019151270821794977,0.3040169993119026,0.346216924899677
2019-05-22,-0.020684241952801153,0.01910889048925482,0.3033442323896138,0.3438680923726993
2019-05-23,-0.017217165773289116,0.01899869651816609,0.3015949573287372,0.34567497627173605
2019-05-24,-0.003847560020986949,0.01897001348948816,0.3011396283643576,0.34567336950744115
2019-05-28,-0.004143519878809481,0.01881257790764552,0.29864041598194735,0.3457170810949212
2019-05-29,-0.004780741807360215,0.018778821713776792,0.2981045530168389,0.3446055668438424
2019-05-30,0.0051735605561723675,0.018804548264298938,0.29851294934547773,0.3436105377321745
2019-05-31,-0.01828167155574235,0.01876493421842072,0.29788409586256454,0.2857155980106145
2019-06-03,-0.010161732666870931,0.018668034042891347,0.29634585326386914,0.28566132156616314
2019-06-04,0.03593070249890966,0.018550138308083795,0.29447431649425315,0.3175267545386581
2019-06-05,0.016014150730541184,0.018383649133573345,0.29183138278381865,0.3263284544047417
2019-06-06,0.014575453731176803,0.01823035046893793,0.28939784192615703,0.3243337884016827
2019-06-07,0.026268605421770053,0.01813365538620172,0.28786285507462006,0.3408877470371407
2019-06-10,0.012698651331413997,0.018033675979604934,0.2862757311981226,0.34373898136990055
2019-06-11,0.011512898918307276,0.01564695729273312,0.24838774662852184,0.3437048020447853
2019-06-12,-0.003187715598553896,0.01583096574306617,0.25130879022081565,0.26829386684184064
2019-06-13,-0.00020615151256394047,0.01604763491680367,0.2547483067237153,0.2637680413309672
2019-06-14,-0.00728879065350861,0.016254184861067954,0.2580271854387406,0.2624803372770054
2019-06-17,0.005949084936005457,0.0163799275154982,0.2600232881956339,0.2625158041107531
2019-06-18,0.023246047561979396,0.016489639486399053,0.26176491174073646,0.2722541516921463
2019-06-19,-0.002926837324829143,0.01666082891729047,0.2644824597080646,0.24356819599802368
2019-06-20,0.00800349449286689,0.016748595080817788,0.2658757043613817,0.23778158140489836
2019-06-21,-0.003415294538720003,0.016758769536037586,0.2660372188308046,0.22301628748196467
2019-06-24,-0.0010063159874467412,0.01693845023563784,0.26888956151004684,0.21029482123796947
2019-06-25,-0.015273639810930295,0.01707362162575647,0.2710353408057956,0.21970728868044292
2019-06-26,0.021398333909236084,0.017290041728542992,0.27447090342992464,0.22519824575706973
2019-06-27,-0.0003003193849755624,0.017164206372006052,0.27247332907270927,0.22316168845632334
2019-06-28,-0.009153701903981445,0.017166920795779302,0.27251641921425046,0.22899268188984506
2019-07-01,0.018174683942612322,0.01711914068824856,0.2717579335213968,0.21685022376678476
2019-07-02,0.005837286607964292,0.017029963640574835,0.2703422917765991,0.20807330049295816
2019-07-03,0.008252806625778255,0.01707477955358634,0.27105372234023956,0.18065378630704934
2019-07-05,-0.0008808948950095419,0.016961639949698265,0.26925768680831835,0.1784988772943071
2019-07-08,-0.02082946091140947,0.01694321530201599,0.2689652045937506,0.1966466051246998
2019-07-09,0.006080973606348873,0.01708455007219359,0.271208824514729,0.17905039664442549
2019-07-10,0.009840210489512585,0.017103670211510928,0.2715123473167285,0.1773042916272473
2019-07-11,-0.007309189826304813,0.014033423436812338,0.2227736907400248,0.17732191548980866
2019-07-12,0.007653616446088591,0.01416693871474175,0.22489318006979817,0.17755897798426665
2019-07-15,0.009351016330522504,0.014486895507255005,0.22997233668945394,0.17901906506085785
2019-07-16,-0.00346603662909149,0.014708557496281048,0.233491111677927,0.17682443860123578
2019-07-17,-0.005639089314831663,0.01485189863170213,0.23576658165974587,0.17878655263428644
2019-07-18,0.011295411094231793,0.015014695222403925,0.23835089741946258,0.16541135750556168
2019-07-19,-0.015039958115741795,0.015203947365175665,0.24135518204862327,0.17473925264264506
2019-07-22,0.02259671087749513,0.01533315351309561,0.24340626606016408,0.18873209614225936
2019-07-23,0.0077873176073571726,0.015399201187878424,0.24445474039306045,0.18880821666388078
2019-07-24,-0.0008141285239446985,0.015418544548009491,0.24476180671562345,0.188766327240705
2019-07-25,-0.007938729382029141,0.015503196350838218,0.24610561242553197,0.1817110966245239
2019-07-26,0.003471821048435276,0.015671152528461265,0.2487718340884174,0.1686195081135733
2019-07-29,0.009295221316251332,0.015871507899395492,0.2519523770003858,0.1703410753994319
2019-07-30,-0.004301425794081636,0.015872852535480122,0.2519737224364887,0.16702257445090793
2019-07-31,0.020198791833724507,0.01586561654176993,0.2518588545974151,0.16953760973257628
2019-08-01,-0.021876765085768128,0.016051702850718857,0.2548128831726519,0.18901569894338938
2019-08-02,-0.021384921319020683,0.016069696191318424,0.2550985185995423,0.2027068210977316
2019-08-05,-0.05376797424077663,0.016200513972839913,0.2571751865013685,0.27514978425022735
2019-08-06,0.01875352568379541,0.016171680563146596,0.2567174703123772,0.27628747276051074
2019-08-07,0.010301995093944994,0.016136432901490156,0.2561579310301403,0.2779792506506402
2019-08-08,0.021816250019909937,0.01611952670185505,0.255889553431042,0.2865681162560548
2019-08-09,-0.008274626561719641,0.02121749196438327,0.3368172430936167,0.28689969458659836
2019-08-12,-0.002540563699787668,0.021159829279976502,0.33590187635640445,0.28564409295263055
2019-08-13,0.04147622487658716,0.021161966276736627,0.3359358001282835,0.3192794292934275
2019-08-14,-0.030217112565955193,0.020818907281069166,0.3304899074029254,0.33699842265636104
2019-08-15,-0.004993787500460677,0.020761364984912333,0.3295764517699338,0.33687527618636093
2019-08-16,0.023320602245570234,0.02053147532190304,0.32592706650609155,0.34453316194181344
2019-08-19,0.018472386242303903,0.020489742472441636,0.32526457805902975,0.34519876327678467
2019-08-20,4.7430175690862776e-05,0.020354658234018445,0.3231201822535558,0.33696165749367935
2019-08-21,0.010780278891284708,0.020146166546451315,0.319810479319195,0.33789104442846224
2019-08-22,-0.0008467204814098495,0.01988499076586157,0.31566444233571317,0.3378933158160677
2019-08-23,-0.0473228138679657,0.01981609468960455,0.31457075103120785,0.3764227579627384
2019-08-26,0.018821045321099256,0.019708738288121485,0.3128665209913579,0.382345668915806
2019-08-27,-0.011347847266897679,0.0195355778124341,0.3101176836579111,0.38263672114753433
2019-08-28,0.006687788204517752,0.019592976094334684,0.311028853135459,0.3833674836783587
2019-08-29,0.01679016654790723,0.019463855683214275,0.30897913015341694,0.38121695566109454
2019-08-30,-0.001292807302282141,0.019374618894377596,0.3075625400470579,0.3734179864620396
2019-09-03,-0.014670526806856604,0.019351120052562218,0.30718950749780866,0.36921683595448074
2019-09-04,0.01682402489393583,0.019090687756987402,0.3030552729730449,0.31536498549042946
2019-09-05,0.019363030524758816,0.019353028161429975,0.3072197977870398,0.3157327574593354
2019-09-06,-9.37872642573861e-05,0.01938775539464859,0.3077710755239466,0.3151555726220599
2019-09-09,0.004258106785807816,0.01911574176772521,0.30345299306358675,0.3080639782089934
2019-09-10,0.0117437788930784,0.015146282559369123,0.2404397816352336,0.3069381237072859
2019-09-11,0.0313001842880056,0.015358348584433074,0.24380622541830485,0.3205161873135703
2019-09-12,-0.002239036235285113,0.015611280465579785,0.2478213945552285,0.2927368605452815
2019-09-13,-0.01964557055325562,0.015753170489094713,0.25007382884967816,0.2795649796505099
2019-09-16,0.005243355941392764,0.015957453619079347,0.2533167230035895,0.2778359294097239
2019-09-17,0.00363134807021707,0.01611365370152139,0.2557963224410461,0.2689058058985589
2019-09-18,0.009335650121149551,0.0161394264324347,0.25620545186066773,0.2641742923724152
2019-09-19,-0.008158011589247578,0.016284747438441213,0.25851235131366945,0.2667415738864365
2019-09-20,-0.01472621059748211,0.016347555612890082,0.2595094001730315,0.2711707913448683
2019-09-23,0.004536665691274242,0.016372086034168,0.25989880853857356,0.2713184241021531
2019-09-24,-0.004766174923825252,0.01644531111163676,0.2610612206068682,0.2076373786849846
2019-09-25,0.015272249272483879,0.01671078201331313,0.26527544052382673,0.2046610387332084
2019-09-26,-0.0051711052410508265,0.01675102202158011,0.2659142308516044,0.20018307598172
2019-09-27,-0.004877894696811758,0.01671900484457955,0.26540597392344956,0.20188953097579726
2019-09-30,0.023262576171099312,0.016767164950844026,0.266170491909191,0.20860007119010146
2019-10-01,0.0027646811733804968,0.01692379758212031,0.2686569578465194,0.2079489555478074
2019-10-02,-0.025387384693300794,0.017013376167617583,0.2700789738066557,0.22254028781289073
2019-10-03,0.008458518763485093,0.017104908316016725,0.27153200161644525,0.21781733450881488
2019-10-04,0.027646157568212405,0.017112174728070507,0.2716473523317534,0.22753386970210793
2019-10-07,0.00022028749986916304,0.017260961305923216,0.2740092660322891,0.22748316387887146
2019-10-08,-0.01178404356527842,0.017318472387529302,0.2749222261496494,0.23307178836677234
2019-10-09,0.01165186289293002,0.01617397136652805,0.25675383568867644,0.23302468658993222
2019-10-10,0.013388464346012877,0.01638223666870025,0.26005994486630457,0.21218686935075431
2019-10-11,0.026250414853636782,0.016679564609194054,0.2647798795965703,0.2284204175654388
2019-10-14,-0.0014401078652303966,0.01670964929103306,0.26525745911508136,0.2142236333022723
2019-10-15,-0.0023345143054041093,0.016822609064889048,0.2670506399337436,0.21509247743254573
2019-10-16,-0.004045328996795873,0.01697696132556501,0.2695009061100389,0.2165497344081535
2019-10-17,0.00387518111762292,0.017123701525408784,0.27183033456677413,0.21531547730165887
2019-10-18,0.004791470074802927,0.017120499876367826,0.27177950996388806,0.21180611623972348
2019-10-21,0.017194011477332974,0.017144871228712704,0.2721663931884013,0.2065289424537357
2019-10-22,-0.002289225949349822,0.017329097920110642,0.2750909012501964,0.207961571117979
2019-10-23,0.013329231301215404,0.017221808805622976,0.2733877393582842,0.20734377989051034
2019-10-24,0.0016434905524480546,0.017291280814622764,0.2744905733116451,0.2044183591376413
2019-10-25,0.012241313348931217,0.017362500225772338,0.2756211464141785,0.202796097588609
2019-10-28,0.009967203153044593,0.017621927324770602,0.2797394239379805,0.19976287654549807
2019-10-29,-0.023399625997908395,0.017762636317120654,0.2819731099439129,0.21430192019007227
2019-10-30,-0.00012303574654556486,0.01779829895576485,0.2825392367816063,0.2147345233808513
2019-10-31,0.02235779255710106,0.017819548651017442,0.2828765652360519,0.19581979680140077
2019-11-01,0.027985157958400224,0.017772188146929293,0.2821247405413485,0.2099837022004638
2019-11-04,0.00654587243471649,0.017645795255396935,0.28011831559046263,0.19611448352967623
2019-11-05,-0.0014379782913609424,0.017549263928125423,0.2785859282763382,0.19681327349738395
2019-11-06,0.00042747271373620553,0.017522950619856738,0.2781682174572363,0.18728628229064273
2019-11-07,0.011475485885466909,0.010992541560524966,0.17450118747414559,0.18722618165921412
2019-11-08,0.0027329587281792757,0.011432038697283325,0.18147798822887096,0.1859171733717425
2019-11-11,0.007887607842429343,0.011853955622965739,0.18817571178457848,0.17098305606262817
2019-11-12,-0.0009157004207915778,0.012316918142373023,0.195525013940752,0.17073927064701452
2019-11-13,0.009535885508950579,0.012656236592670853,0.20091152734921536,0.16913703669771898
2019-11-14,-0.006943746552561081,0.013034223990325684,0.2069118912666823,0.1715232424476278
2019-11-15,0.011809562314104441,0.013211080750618448,0.2097194052991736,0.17273578582442994
2019-11-18,0.005029370730606291,0.01354467659320732,0.21501507512654486,0.1727177577677003
2019-11-19,-0.0030372130661055125,0.013789398614504208,0.21889991677870055,0.17033219675534153
2019-11-20,-0.011709664910129418,0.013959494759512508,0.221600109370677,0.17834350553163986
2019-11-21,-0.004493381652099132,0.014063213186711308,0.2232465883591337,0.1779661773404416
2019-11-22,-0.0008782442671887216,0.014186418157186777,0.22520240663212457,0.17854576398604036
2019-11-25,0.017381871587720026,0.014499142124340862,0.23016674570872003,0.18253343946287115
2019-11-26,-0.00783945974131769,0.014610533250826018,0.2319350250223544,0.18537660124041394
2019-11-27,0.01334298672837327,0.01481789358832037,0.23522676833108527,0.16170279006094285
2019-11-29,-0.0022054587212338122,0.014897766444814498,0.23649471061981214,0.1626468948282244
2019-12-02,-0.011629578299714229,0.015013504004101457,0.2383319874151495,0.1585083119656474
2019-12-03,-0.017990624466151205,0.015221794674534918,0.24163849930144057,0.14678599719040422
2019-12-04,0.008787651243492064,0.015397235267552135,0.2444235323753761,0.14808869499703703
2019-12-05,0.014564145510236031,0.015460226080877732,0.24542348053702343,0.1550871557986198
2019-12-06,0.019132172711672082,0.015599748498372357,0.24763833025107926,0.16630953274628746
2019-12-09,-0.014099223465002798,0.013174822391795587,0.2091438216968178,0.1725406130780581
2019-12-10,0.005827380463141203,0.01347956700195109,0.21398149240797054,0.17318370379071715
2019-12-11,0.008493694224849,0.013653520853416156,0.21674292419144114,0.1734777297325299
2019-12-12,0.0025447235985262867,0.01385211310577348,0.2198954784636911,0.17327668866515764
2019-12-13,0.013501635572108124,0.014096314102632899,0.22377204910931564,0.17605964383733333
2019-12-16,0.016972917820300897,0.014383262966241185,0.22832722110191633,0.1803881699586807
2019-12-17,0.0019639638790288215,0.014811861435694507,0.23513101087677477,0.1775481870039882
2019-12-18,-0.0023927331361283826,0.014969782474448468,0.23763792964874259,0.17810573502790733
2019-12-19,0.0010003643255754456,0.01519456376160373,0.24120622195990551,0.1771559335084619
2019-12-20,-0.002073375890147443,0.015320742502741888,0.24320924737867408,0.1705099768872384
2019-12-23,0.016186813014538576,0.015451680626280734,0.24528782565080154,0.17429066715951014
2019-12-24,0.0009500399166029051,0.015596178929847675,0.24758166510745458,0.17378167834972885
2019-12-26,0.01964625241993868,0.015782925995748466,0.2505461828741215,0.17615191161197347
2019-12-27,-0.0003800143122156513,0.015896799587173577,0.2523538700969732,0.17165527178812273
2019-12-30,0.0059180128483636,0.016102118464581174,0.25561320623149797,0.1686757110200242
2019-12-31,0.007279830695451107,0.016154131074463216,0.2564388808162218,0.1674505195324612
2020-01-02,0.022559842726672504,0.016249920992890694,0.25795949862981943,0.16787495621182932
2020-01-03,-0.009769488633375277,0.016397478848894947,0.2603019069757062,0.1549168576060872
2020-01-06,0.007936663262755824,0.01651871031426401,0.26222639682636106,0.15478689067563925
2020-01-07,-0.004714069392577152,0.016531627752783943,0.26243145480575936,0.1564739284236953
2020-01-08,0.015958382385658942,0.016599683313463433,0.26351180333911733,0.1533571778299836
2020-01-09,0.02101845125134701,0.009738063931929363,0.1545869724907975,0.145137946576189
2020-01-10,0.0022579629478184466,0.01019643174194141,0.16186333589653257,0.14604626264084047
2020-01-13,0.021139463356710974,0.01059839306661454,0.1682442741070397,0.1541329733060418
2020-01-14,-0.013595393124143424,0.010974809265683706,0.1742196960201989,0.16999584500816484
2020-01-15,-0.0042949571341053695,0.011473907735579238,0.18214263860665753,0.17222969271553296
2020-01-16,0.012448727596625752,0.011867951262861488,0.18839788568019866,0.16924677357457393
2020-01-17,0.011010250091658779,0.01220031003550279,0.19367391763095596,0.16965233967976762
2020-01-21,-0.006799737400523506,0.012458206779830979,0.1977679015275095,0.1730840905932127
2020-01-22,0.003563060122493189,0.012774285731764088,0.2027854993363712,0.17239825222688449
2020-01-23,0.004804356460599905,0.012941260706545216,0.20543614488702405,0.1699632057506263
2020-01-24,-0.002886391797542617,0.013229162634247225,0.21000644630307774,0.16887794999196987
2020-01-27,-0.029845915098998445,0.0134635334311282,0.21372696736181632,0.20827372945952227
2020-01-28,0.027896340409138364,0.013760786761068901,0.21844571768626986,0.21784163305195325
2020-01-29,0.02071608403129163,0.013940043880465497,0.22129133623823707,0.22422535517406939
2020-01-30,-0.0014499354594887676,0.014062766617436929,0.2232394992916747,0.22544446994941378
2020-01-31,-0.04535165594571096,0.01422931543542242,0.22588337981292292,0.28470523104525214
2020-02-03,-0.0027502207501573046,0.01434962280144729,0.22779320004126907,0.27559557150342273
2020-02-04,0.03248064159630827,0.014481848557877632,0.22989221885186156,0.29255510073828017
2020-02-05,0.008121094396124571,0.01464403785665229,0.23246689415110378,0.2925925344554355
2020-02-06,0.011629177316371876,0.014955145201550031,0.2374055701449739,0.2924152074227486
2020-02-07,-0.01368588932963866,0.015179285027773437,0.2409636795795281,0.2952834883376949
2020-02-10,0.004738046849791677,0.017902838878349273,0.2841987566050243,0.28784050023481095
2020-02-11,-0.006051253888354539,0.01807301634862911,0.28690024019566346,0.2891507563786777
2020-02-12,0.02346990496935621,0.018150472316019645,0.2881298155593032,0.2912486246658635
2020-02-13,-0.007146202397940238,0.01814823334727714,0.2880942730323877,0.28783838159534786
2020-02-14,0.000245998357458004,0.01801752232679314,0.2860192999094909,0.2870288773307167
2020-02-18,-0.01848048121278247,0.018033165061950584,0.28626762063179956,0.29298159450042416
2020-02-19,0.014379130141929429,0.017927698862149906,0.2845933966134257,0.29470598012992594
2020-02-20,-0.01031223566894021,0.01783357520355927,0.2830992298547155,0.29610084878994003
2020-02-21,-0.02289494076948653,0.01787554002391971,0.28376540072563883,0.30683469860666934
2020-02-24,-0.04866557183137255,0.017830311566744934,0.2830474212264333,0.34812117409858306
2020-02-25,-0.03445905767822176,0.01788797836273068,0.2839628532329384,0.3646261081480803
2020-02-26,0.01573941068410798,0.017993830555621787,0.2856432047016626,0.35907088475394844
2020-02-27,-0.06760283463736363,0.017955928873159457,0.28504153414526506,0.40656906509531904
2020-02-28,-0.0005854151809597996,0.017769168397711286,0.2820768035086328,0.3947873644323951
2020-03-02,0.08901848791217326,0.01781467581247585,0.2827992113222918,0.51872246773023
2020-03-03,-0.03227432249821884,0.0178629814395861,0.28356603937984426,0.5073521699448366
2020-03-04,0.0453408519536822,0.017707856627165938,0.2811035093248085,0.5343990627175844
2020-03-05,-0.03297481963629259,0.017655266061938492,0.2802686599834076,0.5311161273393714
2020-03-06,-0.013369108296896528,0.017612812418716668,0.27959472929012597,0.5301905488754949
2020-03-09,-0.08239508480874069,0.01762148345513732,0.27973237772599535,0.5898363078712013
2020-03-10,0.0695462876675641,0.017538857433034974,0.27842073028816333,0.6496961146100763
2020-03-11,-0.03534785358205536,0.03952382897084003,0.627421333907356,0.6565686299481033
2020-03-12,-0.10397810151776068,0.038189096315963865,0.6062331098779999,0.7368163001936399
2020-03-13,0.11315758159171843,0.036961129953509995,0.5867397481975667,0.848334646833724
2020-03-16,-0.13770816591241694,0.03537578210258194,0.5615731312670487,0.9603092717536454
2020-03-17,0.043030770505546656,0.033962594207843956,0.5391394689153469,0.9795409833540621
2020-03-18,-0.02478440446493016,0.03309864710454051,0.5254247338278136,0.9803140836768967
2020-03-19,-0.007691763624215112,0.032382415762084976,0.51405491374785,0.9757322178382165
2020-03-20,-0.06559011125805345,0.031297516858527025,0.49683267756908406,0.9922525238029254
2020-03-23,-0.021473176453913754,0.030713817943009016,0.4875667445430915,0.9921389587536318
2020-03-24,0.0956062004516106,0.029736019233649668,0.47204467123962296,1.0558614585641397
2020-03-25,-0.0055241590842771485,0.028761658839986107,0.4565771795057143,1.0518171498557387
2020-03-26,0.051285290939187315,0.028264543101560236,0.44868571180556777,1.068830637747783
2020-03-27,-0.042283771584188536,0.027613233708701976,0.43834649572518725,1.0539142588348458
2020-03-30,0.028138285712914813,0.02733009284267391,0.4338517738201289,1.0600114751963712
2020-03-31,-0.002042703789071256,0.027044391923763546,0.4293164123354522,1.0055728649985125
2020-04-01,-0.05405207593182564,0.026543716047649542,0.42136842920156997,1.015068478609706
2020-04-02,0.016548998126200972,0.025784512751536447,0.40931645050523524,1.0005438045110386
2020-04-03,-0.014475700870566306,0.025181244985243826,0.399739871603685,0.9972594359599549
2020-04-06,0.08364005258331174,0.024612546158214923,0.39071205760040933,1.047514860793485
2020-04-07,-0.011650193193967366,0.024083106221762546,0.38230745916441633,1.0092755303539476
2020-04-08,0.0252728393538614,0.02399056807965802,0.38083846169963714,0.9814295320462347
2020-04-09,0.007190330701944489,0.02987275258954449,0.4742152459733729,0.9749849032519154
2020-04-13,0.019437004526768546,0.029760072473968172,0.4724265045922712,0.9022462711880538
2020-04-14,0.04926973336345475,0.02962059582962982,0.47021238150454464,0.8295840809855496
2020-04-15,-0.009169676978695154,0.02916895363814969,0.46304278398310084,0.6598919137039441
2020-04-16,0.007914405478495767,0.02905354120142856,0.4612106683484923,0.6472611493896433
2020-04-17,-0.013661514431696817,0.028924968681813382,0.4591696428744599,0.6417231876038881
2020-04-20,-0.020974819948360663,0.02837354647170823,0.45041608666244487,0.647054385476739
2020-04-21,-0.031398370003447175,0.02823165435540858,0.44816361914606767,0.6092047447358061
2020-04-22,0.02839652005396583,0.027840282252024617,0.44195077961221435,0.603785882886537
2020-04-23,-0.0038828069893753125,0.027651374083023445,0.43895195539738036,0.5180795547359232
2020-04-24,0.02846065010358969,0.027273671177715113,0.4329561076559058,0.5226198683169312
2020-04-27,0.0007066229529577483,0.026721208176023966,0.4241860293896716,0.4970703605222426
2020-04-28,-0.016342004249591886,0.026648495156292293,0.4230317459859524,0.4739911186231691
2020-04-29,0.03231700294588512,0.026592781732551182,0.4221473228025107,0.47670940944041756
2020-04-30,0.020876903285798106,0.026268676275595936,0.41700230817653555,0.4785749179651151
2020-05-01,-0.016230489655165967,0.026053539738783736,0.41358712153056293,0.43373674406401774
2020-05-04,0.014049372578903997,0.02601894228935312,0.41303790404741964,0.4332513872272115
2020-05-05,0.014897411102765079,0.02584030390813259,0.41020210765949555,0.42545215688014415
2020-05-06,0.01026453536882875,0.02571182524253735,0.408162572071841,0.3307181007287813
2020-05-07,0.010291772864970792,0.025407958086388828,0.4033388305112245,0.32424659975003495
2020-05-08,0.023522831514438746,0.025312555474215216,0.40182436099380053,0.32309319312075185
2020-05-11,0.015612796656062546,0.015889781277320228,0.2522424578819975,0.32433093241467853
2020-05-12,-0.011494031828403908,0.016096719779712557,0.255527504766083,0.32805701433575013
2020-05-13,-0.012147280253437764,0.016423807725236085,0.26071986493029675,0.29404832300601946
2020-05-14,0.006123956402039526,0.01665758716912511,0.2644309985513128,0.2905436612703016
2020-05-15,-0.005929113928796399,0.016884409747279144,0.2680316953524933,0.2922407343358937
2020-05-18,0.023287666298771888,0.017037084983751137,0.27045533959487056,0.29293328261968793
2020-05-19,-0.005794875352485652,0.01727013101148808,0.27415483059541096,0.2802503826171804
2020-05-20,0.019261191683107904,0.017321597074661518,0.27497182902010975,0.248230557100051
2020-05-21,-0.007483270383781691,0.017876149594838152,0.2837750773639788,0.2428578527111179
2020-05-22,0.0064178518632546505,0.0181161186699932,0.28758446833521734,0.23981289330065061
2020-05-26,-0.0067968280897436825,0.018360625985052215,0.2914659016315109,0.23133312351975152
2020-05-27,0.004347548210040575,0.01839593023504734,0.2920263392257755,0.23072640900047922
2020-05-28,0.0004400258340999062,0.018492453193316535,0.2935585936861068,0.21749855970468812
2020-05-29,-0.0009745183804553065,0.01865754870948105,0.2961794037561657,0.1972812220344007
2020-06-01,0.012223192142861428,0.01873745885885868,0.2974479380510651,0.19060608358121428
2020-06-02,0.0046186971935310355,0.018718635781504525,0.29714913096153694,0.175129726548722
2020-06-03,0.005489858721961593,0.01879784027111922,0.29840646325497866,0.17233017634155443
2020-06-04,-0.008649376442202187,0.019152854737479227,0.30404214319389194,0.17467545207819868
2020-06-05,0.028082785202440813,0.01914399233425535,0.3039014569041994,0.19277845281362774
2020-06-08,0.00589513590753121,0.019227137164637934,0.30522134016815716,0.19179466251119348
2020-06-09,0.031089743131413407,0.0193898088951553,0.30780367383389395,0.20269575313285618
2020-06-10,0.025402017130222214,0.011519928189884638,0.1828731906705433,0.21182484541051164
2020-06-11,-0.04920142769939133,0.011950222542464311,0.18970390175543148,0.27925895092726294
2020-06-12,0.008596562043662569,0.01226959959467409,0.19477385528307928,0.27370581451033504
2020-06-15,0.012291268334571203,0.012694122161961429,0.20151294211694118,0.274971422114218
2020-06-16,0.026157273197030213,0.013183407470305653,0.2092801055931594,0.2814579058825308
2020-06-17,-0.0013927722962066825,0.013597933544628536,0.21586050302082077,0.27574210318635434
2020-06-18,0.0003981329214222718,0.013998798758022951,0.22222404100421153,0.27344460323200864
2020-06-19,-0.00573099710394276,0.014515947726393846,0.2304335263707095,0.27133339103709986
2020-06-22,0.025827279887637937,0.014688274476146465,0.23316912871524645,0.2775048276477515
2020-06-23,0.02112034324024284,0.014882497337217257,0.23625232105114705,0.28245993213281523
2020-06-24,-0.017809689477599564,0.015094546635361215,0.23961849930259524,0.2914881322396373
2020-06-25,0.013188169800722186,0.015458732469942364,0.2453997701984806,0.2924235082239293
2020-06-26,-0.03120769233857185,0.015524965225354315,0.24645118259528015,0.31997615948008884
2020-06-29,0.022785195443069176,0.015734166441676408,0.24977214894944305,0.3249153974539153
2020-06-30,0.008312946720678718,0.015925613160900767,0.2528112713997642,0.32427637226209155
2020-07-01,-0.0018932767627257417,0.016192446530845835,0.2570471198299719,0.3253996831873902
2020-07-02,0.0,0.016657313215874256,0.26442664967827706,0.32598993786533836
2020-07-06,0.026398717234179574,0.016941448069343838,0.26893715064479484,0.3295559264088398
2020-07-07,-0.003107909425198298,0.017103345379362322,0.27150719076623026,0.3221168385420334
2020-07-08,0.023023107980467535,0.017395242392563282,0.27614091219846393,0.32774523743671685
2020-07-09,0.004290975529693322,0.017556512992647065,0.27870100360811095,0.315208517245461
2020-07-10,0.0017479364618133732,0.015295769428765179,0.24281281211938294,0.30655961273524995
2020-07-13,-0.004623843633647363,0.015714178447787094,0.24945484938321383,0.24098058832819802
2020-07-14,0.01641297129459537,0.016158589290231617,0.2565096527975073,0.2435036075050742
2020-07-15,0.006853760260858171,0.01630597117367162,0.2588492676655387,0.24259682637194743
2020-07-16,-0.012381322994424652,0.01639858919691377,0.2603195332040655,0.2394147198960219
2020-07-17,-0.002021972708557541,0.016660423516340447,0.26447602416749444,0.23961608090607345
2020-07-20,0.020854681310795382,0.01711237835674013,0.27165058483667115,0.24575310342456033
2020-07-21,-0.013897819905645195,0.017278128542029914,0.274281787456909,0.25193733438112914
2020-07-22,0.0028053954348315293,0.01760556319384213,0.27947965141282993,0.24024650255181382
2020-07-23,-0.046584688289279766,0.01796675719341635,0.28521342840036285,0.28854810009922605
2020-07-24,-0.002480767347509897,0.018267988180264486,0.2899953220706833,0.2809950566136336
2020-07-27,0.023423851925411545,0.018344315593037595,0.291206982185171,0.2885609988030781
2020-07-28,-0.016563808838967676,0.01876196260276599,0.2978369229264776,0.2713744318841781
2020-07-29,0.01898696315274364,0.018876128968948906,0.2996492578045252,0.2681035013513342
2020-07-30,0.012027652051412372,0.019024432767864488,0.30200350762702577,0.2694482379133699
2020-07-31,0.09956341335704982,0.019169367467236458,0.30430427465231863,0.42988105884116035
2020-08-03,0.024885327458788287,0.01942536657267504,0.3083681344653916,0.4331380285819882
2020-08-04,0.006656066555448904,0.019669886242156365,0.3122497638820594,0.4282607867754214
2020-08-05,0.0036179239647420214,0.019559593145978094,0.3104989152591692,0.4267705124424661
2020-08-06,0.034294293349707405,0.019762288292459785,0.3137166009564713,0.4335246355191371
2020-08-07,-0.02299803542088654,0.019945436037409506,0.31662398127438685,0.4469380682013187
2020-08-10,0.014430112905981174,0.022103462200472296,0.3508815845757972,0.4471585006672039
2020-08-11,-0.030191080550822105,0.022325555760214003,0.3544072105369909,0.4645244639676384
2020-08-12,0.032693987314233,0.022575096044063856,0.358368539735946,0.4722368461861531
2020-08-13,0.017542788724148155,0.022891291635063395,0.36338798913258524,0.4735502694724048
2020-08-14,-0.0008914546061264105,0.0230029352845647,0.36516027712482596,0.4690189436168523
2020-08-17,-0.0026142153591514248,0.023058690859044523,0.3660453694305008,0.4691890298291098
2020-08-18,0.008298312758867018,0.02309499453817752,0.36662167247047645,0.4669868628799095
2020-08-19,0.0012538249232541354,0.02336808852296676,0.3709569050802763,0.46104378752906927
2020-08-20,0.02194685603703309,0.02359182007928609,0.3745085334310267,0.46283814458738887
2020-08-21,0.05024881457172323,0.023661866403380707,0.3756204843538782,0.43604785383023503
2020-08-24,0.011889296260617148,0.02369857380480058,0.37620319628647264,0.4320247119844841
2020-08-25,-0.008237600443473598,0.023840644906509584,0.37845850510813855,0.4378432026708616
2020-08-26,0.013507213606062938,0.02376801683694607,0.377305570246532,0.42428312251073513
2020-08-27,-0.012026313427574415,0.023776298545450766,0.3774370382933369,0.4337522779870815
2020-08-28,-0.0016211764347187439,0.02360029491299395,0.3746430672453884,0.43675899101287063
2020-08-31,0.03335008243197568,0.02348667478597372,0.3728394036452258,0.31317242399973133
2020-09-01,0.03905956462751915,0.023381137585468465,0.37116405252560863,0.32564137984766267
2020-09-02,-0.020936007400342523,0.023216438084042442,0.3685495289946311,0.3427976258024271
2020-09-03,-0.0834477977721305,0.023471216750029916,0.372594014932037,0.4686333314277507
2020-09-04,0.0006613401286442941,0.023540617456538997,0.3736957169934483,0.4560499716571685
2020-09-08,-0.06966614724274307,0.023577956264948016,0.3742884522012588,0.5144225888073923
2020-09-09,0.039111636287293555,0.047847470746833175,0.7595550507573512,0.5295887158324714
2020-09-10,-0.03319056308703065,0.046761951545288956,0.7423229676533227,0.5319755189951777
2020-09-11,-0.013215772015032977,0.04546992176044464,0.7218126306702046,0.522015875627779
2020-09-14,0.02955885337865083,0.044289928897518364,0.7030808246854003,0.5288427854303872
2020-09-15,0.0015590112788847347,0.04314975173291671,0.6849810733168559,0.5288504179911371
2020-09-16,-0.029957804533921776,0.042286957751777834,0.671284643476195,0.5391069355505365
2020-09-17,-0.016092323966597242,0.04159962200835979,0.6603735268104559,0.5404025969362034
2020-09-18,-0.03223416465261708,0.04044338994620509,0.6420189118444116,0.5500689316836876
2020-09-21,0.02987499263114345,0.03942465936221461,0.6258470651751252,0.55540381355263
2020-09-22,0.015593490256989098,0.03869570730313307,0.6142753099790159,0.5253724270722339
2020-09-23,-0.04285125708490741,0.03766699997413423,0.5979450873926133,0.5371968595411687
2020-09-24,0.01021663490508623,0.03682244572039992,0.584538204248117,0.5407458794313514
2020-09-25,0.0368295049040686,0.036235294068281985,0.5752174607278083,0.557554258564452
2020-09-28,0.023588385709216373,0.03600254948379072,0.5715227549904426,0.5660371372720654
2020-09-29,-0.007596724320276076,0.03523777916677131,0.5593824025769383,0.5661004154893906
2020-09-30,0.014963337180522876,0.034520247194329556,0.5479919356360271,0.5541596308257527
2020-10-01,0.0084265571698814,0.03424612643084657,0.5436404034197763,0.5331275794533417
2020-10-02,-0.032812647311253974,0.033359451228255024,0.529564870941306,0.538707150944265
2020-10-05,0.030326574551738865,0.032957196966538496,0.523179282499399,0.47629691321889067
2020-10-06,-0.029088489723995855,0.03252411323712871,0.516304291430079,0.48545442501797065
2020-10-07,0.01682493778994101,0.03194260902048827,0.5070731981686827,0.4248648611574268
2020-10-08,-0.0009564504010737348,0.027876330472974015,0.4425230273792448,0.40154401158299485
2020-10-09,0.017246214163659398,0.027932156831289575,0.4434092433434769,0.38833390862888145
2020-10-12,0.061584603695145096,0.028065019243769827,0.44551836875554196,0.4362591317118928
2020-10-13,-0.026885397494469086,0.028057325984950494,0.44539624205789624,0.44002420091669064
2020-10-14,0.0007427637527638393,0.02786383597144602,0.4423246833164521,0.44005089240763323
2020-10-15,-0.0039684270454875305,0.028060609180088944,0.44544836116494846,0.4250186605133425
2020-10-16,-0.014099395176800275,0.027759282940822444,0.44066495540936346,0.4239150928867548
2020-10-19,-0.025873807666077157,0.027413272626491673,0.4351722119526684,0.41766609352455125
2020-10-20,0.013105695107010646,0.02713472391206412,0.4307503881943161,0.408468520978287
2020-10-21,-0.0054613452165812515,0.026995685941222498,0.42854322883246415,0.40686956949878134
2020-10-22,-0.009629394184394229,0.02675676113186111,0.4247504150667817,0.3756966038566282
2020-10-23,-0.006152946530465593,0.02699794377405972,0.42857907081759966,0.3763921317813669
2020-10-26,8.682927128210838e-05,0.027033080774347934,0.4291368534050762,0.35561902517342653
2020-10-27,0.01338250003217649,0.0268290774962709,0.42589840176247346,0.34920857183229936
2020-10-28,-0.047418863102798546,0.026690579821258463,0.42369981933101214,0.3863633062658336
2020-10-29,0.0363806363218033,0.02619048742357315,0.415761098630036,0.40437157749205604
2020-10-30,-0.05764835649034215,0.026237439204784097,0.4165064350502101,0.44893203059754416
2020-11-02,-0.0008270720913956924,0.026487638005756608,0.420478217884409,0.43596739669984824
2020-11-03,0.015236914711462081,0.02621666904997765,0.41617671906434905,0.4249399131266674
2020-11-04,0.04002485576437045,0.02637995447096921,0.418768794764346,0.4377921642062256
2020-11-05,0.034878081663279825,0.026255172501532514,0.41678794240893985,0.4504301203049375
2020-11-06,-0.0011365045226725886,0.028944654318031553,0.4594821426614601,0.4504434634413758
2020-11-09,-0.020170099832136218,0.02932459292861912,0.4655134811239768,0.45270845882279653
2020-11-10,-0.0030135104025209376,0.029327786993012705,0.4655641853243185,0.39302635892452453
2020-11-11,0.02990120547167435,0.029181330525370783,0.46323926097665347,0.3991954016101561
2020-11-12,-0.0023461340833688432,0.028932858323785084,0.45929488705800264,0.39921225744968253
2020-11-13,0.0004193540652367497,0.028946764338218255,0.45951563819351215,0.39904927003234303
2020-11-16,0.008682642722683011,0.02879296175135737,0.45707409781851827,0.39706079111523324
2020-11-17,-0.007593065533726948,0.028679600248228975,0.45527453974536103,0.38662076830752445
2020-11-18,-0.01145656287522749,0.028345759833870426,0.44997498746150816,0.3866628641651908
2020-11-19,0.005154802109779293,0.028497292789549693,0.45238049855845563,0.38642118933927944
2020-11-20,-0.011018031061772867,0.028130756038626643,0.4465619080226076,0.3869229424780024
2020-11-23,-0.030193877397298008,0.028196433173590954,0.44760450021824033,0.40101860716039717
2020-11-24,0.011527466635863333,0.028093484698357037,0.4459702438383069,0.40315096617859264
2020-11-25,0.0074394181065418705,0.027892724548845706,0.4427832752656321,0.40121071047054313
2020-11-27,0.004814714963050485,0.027498752198966234,0.43652915809833126,0.3626189697675981
2020-11-30,0.020880127796717145,0.027618243877823242,0.4384260296943147,0.34796185354439424
2020-12-01,0.030361860093911616,0.027560286404455056,0.43750598332741547,0.2874495238840904
2020-12-02,0.002929144880006065,0.027405279542914152,0.43504532568454035,0.28665361381773036
2020-12-03,-0.0011381316262593917,0.0271134379272904,0.43041248366158186,0.2855924883999958
2020-12-04,-0.005628466831609854,0.02694323707469864,0.4277106288882481,0.25786668547785707
2020-12-07,0.012195554923861348,0.026902404027332967,0.42706242435663316,0.23335746152071588
2020-12-08,0.005077797447181858,0.015591232739425243,0.24750314676868504,0.2333201422345614
2020-12-09,-0.02112526635975193,0.01606253675433162,0.25498486606077636,0.23449607107455359
2020-12-10,0.011917513616193484,0.016447048169430198,0.26108879554447456,0.2360251729149931
2020-12-11,-0.006757463871112403,0.01683042743861298,0.26717475276892655,0.21653221091164268
2020-12-14,-0.00516004974508122,0.017124267758298953,0.27183932323524335,0.21732258684084696
2020-12-15,0.048876317234332986,0.01730726811309512,0.2747443638070068,0.27327246390997817
2020-12-16,-0.0005475441156240345,0.01775900651417441,0.2819154886084893,0.27286182801323655
2020-12-17,0.006939291807423131,0.01800964057354605,0.28589418095556907,0.27046464151976285
2020-12-18,-0.01597767923854467,0.01843310816690017,0.29261652059742926,0.2740603220304597
2020-12-21,0.012319225298679879,0.018734111899521292,0.29739480671873525,0.27576980063698475
2020-12-22,0.028067042718504975,0.019020622212653483,0.30194301693835335,0.28263539640845253
2020-12-23,-0.0070005869609278916,0.019283178788165874,0.3061109733616966,0.2558109146595351
2020-12-24,0.007682553682171793,0.01946570282768217,0.30900845266280286,0.2552365571362735
2020-12-28,0.03514113320758971,0.019625575455991785,0.3115463519585239,0.2739000474871146
2020-12-29,-0.013404733123823693,0.0198793027197835,0.3155741474035025,0.2835078772402782
2020-12-30,-0.008563111217969478,0.02005647011586479,0.3183865926262623,0.2836073936792226
2020-12-31,-0.007732576582130212,0.020524429024565163,0.3258152100035725,0.2720527595526127
2021-01-04,-0.025029575856378043,0.020948383321752022,0.3325452758292541,0.28974100984192624
2021-01-05,0.012287746057165278,0.02113297775277599,0.33547562157663546,0.2914101014586245
2021-01-06,-0.03424091724144986,0.0211625059583753,0.335944367308702,0.3177816015841547
2021-01-07,0.033554071414687345,0.021170339559569026,0.33606872187247394,0.3348541452957297
2021-01-08,0.008593950787863226,0.02677469823323343,0.4250351577236168,0.33539221547069736
2021-01-11,-0.02352346245578285,0.026501309988992645,0.4206952538898385,0.3376475350003576
2021-01-12,-0.001396294406057371,0.026654600698591623,0.42312866846521163,0.3362324188002088
2021-01-13,0.016096312667366258,0.026613569044497742,0.42247731114952747,0.3379613634155021
2021-01-14,-0.015242891513618236,0.02634928241675831,0.4182818909984968,0.34286933987684126
2021-01-15,-0.013825484448421984,0.026327407328779126,0.4179346347422933,0.3029685941911802
2021-01-19,0.005412448399168344,0.02640486620284418,0.41916425624796055,0.3036041787327007
2021-01-20,0.03232820667688169,0.026129812479358333,0.41479791375080527,0.32302578512209906
2021-01-21,0.036002176116070435,0.026278774396152702,0.4171626108707497,0.3380030595514107
2021-01-22,0.015945797931307876,0.025945188156652203,0.41186709348768036,0.33940000146438043
2021-01-25,0.027307652854282806,0.026011913931381046,0.4129263323235042,0.33872721124922206
2021-01-26,0.0016778869131629929,0.02572009547784601,0.4082938579873052,0.33655858807877814
2021-01-27,-0.007713420134043941,0.025950012717841454,0.411943681022231,0.33879351981689987
2021-01-28,-0.035611972932801,0.025884100821961728,0.41089736211259975,0.3441692481020596
2021-01-29,-0.03813862811593141,0.02579386354602696,0.40946488976593187,0.36638159226892764
2021-02-01,0.01638521227506609,0.02556999195487846,0.40591103843118437,0.37009984932117707
2021-02-02,0.006316648521685376,0.025566363762653123,0.40585344266516243,0.3695293601987143
2021-02-03,-0.007809259555438446,0.02546972804333536,0.4043193981786786,0.35901763029029654
2021-02-04,0.025431709793740577,0.025462227873682,0.40420033667651706,0.3667345012640176
2021-02-05,-0.003102296272541376,0.025410684083680996,0.4033821043766827,0.34275965675492803
2021-02-08,0.0010961015011256953,0.025391068831655993,0.40307072190411064,0.3251861806593723
2021-02-09,-0.006595625662713801,0.020415214053030407,0.32408147607881677,0.32568055746925106
2021-02-10,-0.00456853170014826,0.02069463863146022,0.3285172037471628,0.31374660041589036
2021-02-11,-0.0019224578502258806,0.021128375928032506,0.3354025698735453,0.31383169451690845
2021-02-12,0.001774778902599129,0.02139458289027263,0.3396284743897132,0.3098266982220883
2021-02-16,-0.016235299503907206,0.021447452982674618,0.3404677610874452,0.3105277177326489
2021-02-17,-0.017801584777624186,0.021595644592844517,0.34282022996881995,0.3133136218231479
2021-02-18,-0.008673589136305091,0.021740648916643974,0.3451221022476346,0.31485760036144683
2021-02-19,0.0012320741170234557,0.021877538167490482,0.3472951517370214,0.29326841891109723
2021-02-22,-0.030251793064457556,0.02193951471217229,0.34827899888310426,0.2781715520160858
2021-02-23,-0.001111763460397384,0.022083070247681594,0.3505578723608102,0.26898583595942044
2021-02-24,-0.004060261303532295,0.02201723173223225,0.3495127183293983,0.2426398993732033
2021-02-25,-0.03540187971781226,0.02233614961841868,0.3545753828223965,0.2608350019530571
2021-02-26,0.0022289458324740393,0.022447672624365943,0.35634575565758947,0.2632074002175213
2021-03-01,0.0524513803250045,0.02245305596584224,0.35643121355420243,0.3160412604270274
2021-03-02,-0.021115020001745755,0.022547646160276883,0.35793278633983827,0.29732643991090496
2021-03-03,-0.02476068652533981,0.022602754108244194,0.3588075978933458,0.29862198669193946
2021-03-04,-0.015938053634244664,0.02264664929280148,0.359504412345897,0.29848866181162553
2021-03-05,0.010681029961964121,0.02262448507153791,0.35915256624109615,0.30350291356564146
2021-03-08,-0.04256684929290717,0.022672036844358298,0.35990742723279406,0.3100563261101241
2021-03-09,0.039845322659075824,0.02280758184788243,0.3620591374574874,0.35127837136143464
2021-03-10,-0.009208936961539658,0.023130597821935245,0.36718685707855764,0.350544299683107
2021-03-11,0.016367920960866575,0.030142805335973154,0.47850220042089425,0.3592072197706639
2021-03-12,-0.007654556658496244,0.0302483601861298,0.4801778317200413,0.3592987774942319
2021-03-15,0.02416245117914832,0.030099307920795005,0.47781170036148124,0.37350579837037784
2021-03-16,0.01266240880289874,0.029769809384986936,0.47258107326283283,0.3775448170012551
2021-03-17,-0.006471399546634263,0.029341695455155543,0.4657849753160143,0.3749265094910618
2021-03-18,-0.0344933534413274,0.028966108444196132,0.4598227163560262,0.38741648031616777
2021-03-19,-0.004490288311582133,0.02901467425316213,0.4605936746724944,0.387039000623613
2021-03-22,0.02794176217035684,0.02887344469575334,0.4583517249524421,0.40210194470200517
2021-03-23,-0.006912491443712268,0.02861767406971829,0.45429149213745784,0.38969674575603896
2021-03-24,-0.02019612376250265,0.028593483696175415,0.45390748186236063,0.3951342986439181
2021-03-25,0.004154964414238549,0.028560998200418398,0.45339179060442236,0.3956805005609624
2021-03-26,0.00512811643149527,0.02834018791512854,0.4498865359936092,0.3768291045999398
2021-03-29,0.0014840351978601739,0.02834223760246114,0.4499190737712942,0.37678457420807315
2021-03-30,-0.012350401504117054,0.027922507773548197,0.4432560693004582,0.3267840842879652
2021-03-31,0.018591761018083908,0.027747947290521425,0.4404850075394893,0.3280489039301726
2021-04-01,0.006934421104061902,0.02745652997714869,0.43585890110595227,0.3175027169943079
2021-04-05,0.02330355489524915,0.027282754894141246,0.4331003071837685,0.321192467532929
2021-04-06,0.0024594148814455377,0.026974042869799715,0.4281996557249104,0.3197274446331162
2021-04-07,0.013301349147394094,0.0267850686966444,0.4251997837266123,0.2777729016839802
2021-04-08,0.019051191740672102,0.026974306005056427,0.42820383286761304,0.25263937582595886
2021-04-09,0.020049243013949693,0.02682456820917814,0.4258268190490476,0.25440015323783244
2021-04-12,-0.013321299875835668,0.015171364706474259,0.24083794837675998,0.2583046986636747
2021-04-13,0.02401585776549928,0.015614219183887522,0.24786804526212178,0.26431305178602044
2021-04-14,-0.018014418687860214,0.01611154124278693,0.2557627881982485,0.26616040979538885
2021-04-15,0.018534987280853343,0.01666034029096646,0.2644747030056404,0.26960406123859354
2021-04-16,-0.002530984946748551,0.016933484083043134,0.2688107262816165,0.2681514877073851
2021-04-19,0.00505569646808524,0.017324556175929495,0.27501880329646566,0.22989118211128404
2021-04-20,-0.012912998093824311,0.01768456032378202,0.28073369197348275,0.23619540667510106
2021-04-21,0.002925685011893305,0.017923348471728,0.2845243363064513,0.22090341776107458
2021-04-22,-0.011754213446473216,0.018357776757880064,0.2914206715523535,0.2244561911722315
2021-04-23,0.017877645468741203,0.018536284146975803,0.2942543885047621,0.2121832718597229
2021-04-26,0.0029733971367387224,0.018834269160227502,0.2989847539416918,0.21230533989346262
2021-04-27,-0.002452285662472123,0.01921901234767727,0.30509236269740214,0.21398927979495683
2021-04-28,-0.0060456882784194945,0.01936145660890294,0.30735359524275085,0.21707799271543762
2021-04-29,-0.0007489775011014295,0.019582297550816533,0.3108593365123786,0.20927270213808358
2021-04-30,-0.015248974445802137,0.019823354873864506,0.31468600288335397,0.2145685613668318
2021-05-03,0.008181999682377013,0.020180804838045012,0.32036034515157735,0.21486365586006634
2021-05-04,-0.036026850994291024,0.0203796647744144,0.3235171487757825,0.24266064727620432
2021-05-05,0.0019535985056053236,0.020575296463942693,0.3266227055701141,0.24262159831625352
2021-05-06,0.012721389407534329,0.020711978141541815,0.3287924599363524,0.242250328756239
2021-05-07,0.005313085989833624,0.020728187626055408,0.3290497775257735,0.2336450360394963
2021-05-10,-0.026143329494891617,0.020801379195352944,0.33021165766834054,0.23850980985753667
2021-05-11,-0.007437862871606817,0.02183420343679908,0.34660723421377293,0.23590152156963987
2021-05-12,-0.025254753827729702,0.022151221644615207,0.35163974224753813,0.2293710958113485
2021-05-13,0.017760966438405818,0.022214678481890324,0.35264708831003805,0.23569299633483903
2021-05-14,0.019650641924039876,0.02218484974150224,0.35217357173610303,0.23697790668733887
2021-05-17,-0.00930190825058922,0.02232695911399183,0.3544294880875764,0.23815302253377382
2021-05-18,-0.011309330121638057,0.02256085004112388,0.35814239145021076,0.23809392882210334
2021-05-19,-0.0012822323335969076,0.022536697851448934,0.3577589873252254,0.23574973185857462
2021-05-20,0.020794321821003305,0.022590221913057876,0.35860865546227755,0.24918178799020227
2021-05-21,-0.014877419211082803,0.02270922117321418,0.3604977101537231,0.2509226080802755
2021-05-24,0.013226488899717465,0.022966960314501374,0.3645891921795626,0.246684791976621
2021-05-25,-0.0015748937364046035,0.023270611639778824,0.3694095075313185,0.2459035071872251
2021-05-26,-0.00039401873051836037,0.023353747331730044,0.3707292457271757,0.2460400044532096
2021-05-27,-0.012453903352759924,0.02321505824442815,0.3685276247198197,0.2481406821896767
2021-05-28,-0.005362497365343925,0.023264387416574217,0.3693107010510948,0.2481341200866641
2021-06-01,-0.002651795231802473,0.023378484087934238,0.3711219295581281,0.24422907547244202
2021-06-02,0.006256481836775843,0.02345179043504559,0.3722856317420034,0.24324773694631344
2021-06-03,-0.012228488410835223,0.023564291834635317,0.3740715360947701,0.21440691546732424
2021-06-04,0.018843437020171855,0.023542662405378167,0.373728179549882,0.2255785048362507
2021-06-07,7.939230386857454e-05,0.02368275217066835,0.3759520356309814,0.22025549596241378
2021-06-08,0.006649886311919478,0.023489415745988368,0.3728829150365398,0.22081301123395516
2021-06-09,0.0030724750465465525,0.023439205509331033,0.37208585223974977,0.2017433920430597
2021-06-10,-0.008055584307646744,0.014043931656920907,0.2229405035628,0.20204551903289528
2021-06-11,0.009784429161853403,0.014543786971415864,0.2308754606848058,0.18217835863493123
2021-06-14,0.02428116740358014,0.014853871015952433,0.23579789228904285,0.19060646422425517
2021-06-15,-0.006459081954937077,0.015259853071411002,0.2422426576220321,0.1814768787066905
2021-06-16,0.003926255834582162,0.015666555643795013,0.2486988608066221,0.1779394280091709
2021-06-17,0.012522307645316162,0.015949761401687003,0.25319461283808475,0.17555734983668145
2021-06-18,-0.010142938190641661,0.016332276850053194,0.2592668573321886,0.18062126122635408
2021-06-21,0.014005560333066325,0.016670770799205658,0.264640282190734,0.17317094867178015
2021-06-22,0.012618033325892767,0.016855401887005027,0.26757120984638477,0.16578081900155886
2021-06-23,-0.0020920775208729237,0.01722906154595406,0.2735028730417229,0.162497894440415
2021-06-24,-0.002171087471520511,0.017542830982053878,0.27848380842332143,0.16269514606614938
2021-06-25,-0.002251779488248467,0.01772900045134163,0.281439157128011,0.16322101589179902
2021-06-28,0.012468221203330404,0.0178170673211147,0.28283717534499175,0.1575827543529246
2021-06-29,0.011434590165854165,0.018084431975868134,0.28708145766006915,0.15644446711189125
2021-06-30,0.004610582152152369,0.018341040489694378,0.29115499153138585,0.1543991377701606
2021-07-01,0.002260852390556693,0.01864593045673806,0.2959949697116034,0.15448795789384304
2021-07-02,0.019407013124627944,0.018921397081706665,0.3003678668165948,0.15030305621983567
2021-07-06,0.01461105220045064,0.019254746264472936,0.3056596210406718,0.14638988282606355
2021-07-07,0.01779609973646048,0.019561457897146098,0.31052851726625447,0.1505620405665638
2021-07-08,-0.00924225359849713,0.019668093077653163,0.31222129827804757,0.16022949642253792
2021-07-09,0.012970625627405927,0.01977239424335303,0.3138770279534235,0.16174641153561786
2021-07-12,-0.004213041929733371,0.013182303565496883,0.20926258164758885,0.1579527947467203
2021-07-13,0.007858347263666977,0.01363947072422749,0.2165198853051119,0.1575859062176937
2021-07-14,0.023814955647437026,0.013961162644300602,0.22162658622086584,0.15692589262705606
2021-07-15,-0.0045021893747323365,0.014294968635403445,0.2269255920524752,0.15504556810602138
2021-07-16,-0.014176188699298724,0.014573558530840443,0.2313480695390859,0.17066924271414108
2021-07-19,-0.027283183565611678,0.014957239961410164,0.23743882342685177,0.2029712402448993
2021-07-20,0.025642544677786858,0.015197403496477791,0.24125130135350226,0.20994657937849587
2021-07-21,-0.005145033493470083,0.015588474152790233,0.24745935556344748,0.21054533805018225
2021-07-22,0.009582778432171767,0.01601399582893376,0.2542143027587063,0.2093290505846462
2021-07-23,0.011917571802561937,0.01631457405496449,0.2589858341722959,0.2095209894642906
2021-07-26,0.002890380387723058,0.016551815475375587,0.26275192496684485,0.20806112054215126
2021-07-27,-0.015012499082839945,0.016814296709419627,0.2669186853814561,0.21830918908929275
2021-07-28,-0.012270761501584822,0.017029633688910705,0.2703370539563113,0.22389792119952928
2021-07-29,0.004541624769856989,0.017301375717988562,0.27465082493453585,0.22207576187946854
2021-07-30,0.0015094459213678168,0.01747020958311395,0.27733097945458146,0.22207784322941787
2021-08-02,-0.002333330667124872,0.017549438951059922,0.2785887066792887,0.222838931831023
2021-08-03,0.012564540786537902,0.01776721737777652,0.28204583202733086,0.21760489433664196
2021-08-04,-0.0027860368625273104,0.01782125203271333,0.2829036055821828,0.21366750059480563
2021-08-05,0.0007482796546669998,0.018090860581589065,0.28718350861215597,0.20541212263101577
2021-08-06,-0.004778286335907087,0.018189786329193162,0.28875390617068547,0.20322920477878606
2021-08-09,-0.0003421050103182907,0.01837092100917146,0.29162933007287656,0.1985486725321626
2021-08-10,-0.003359438402275313,0.012845676136839717,0.20391878688332885,0.1983211162337698
2021-08-11,0.0017836889368619672,0.013177220910658882,0.20918189700338086,0.19656377059481525
2021-08-12,0.02056068334322312,0.013511734676918694,0.21449213841728718,0.19189354419984914
2021-08-13,0.0014093195962143574,0.013874686180609224,0.22025381491773968,0.19124211909595373
2021-08-16,0.013457038771756885,0.014326663094474532,0.22742872599232009,0.1888840410229974
2021-08-17,-0.006172995521708513,0.014651131449737887,0.23257950145034204,0.16021032945494693
2021-08-18,-0.0258319126788481,0.014935337738125635,0.23709113641103016,0.16601538500338256
2021-08-19,0.0023204305654497383,0.015311092855965422,0.24305606398501323,0.16503241287128156
2021-08-20,0.010105674331083558,0.015499633456986975,0.2460490532390633,0.1654047328215609
2021-08-23,0.01020463223732366,0.01571737944534574,0.24950566364413884,0.16401813868954535
2021-08-24,-0.0006012454012668223,0.016087107132706183,0.25537490872556345,0.16380631326744818
2021-08-25,-0.008457195099022976,0.01625960402761159,0.2581132120406668,0.15755390409059353
2021-08-26,-0.005542408656179484,0.01649690448723602,0.26188024005367216,0.15227223620374933
2021-08-27,0.007159052317988975,0.016655554436908797,0.26439872992775465,0.15332621512197026
2021-08-30,0.029963661932892738,0.01693801915256982,0.26888271827849247,0.18321800547284117
2021-08-31,-0.008460207211233438,0.01700547751607232,0.2699535866005665,0.18640735811477036
2021-09-01,0.004468652246466089,0.017081975800814785,0.271167959223476,0.18275060075496644
2021-09-02,0.007446728975339685,0.01733967651024668,0.27525883116252625,0.18301821743815128
2021-09-03,0.004221868378188704,0.017571049596022594,0.27893176503274636,0.18306794878918506
2021-09-07,0.015370353947814686,0.017803284537098518,0.2826183804317062,0.18644344283594055
2021-09-08,-0.010134713973746337,0.018007495504715323,0.28586012904354174,0.1918734642295831
2021-09-09,-0.006727585575886901,0.013868786346833011,0.2201601579600488,0.1935945477835042
2021-09-10,-0.033662106248528986,0.014162756346462085,0.2248267870316425,0.23101412535077115
2021-09-13,0.0038857697281943766,0.01453697973363327,0.23076739913507766,0.22019664476804657
2021-09-14,-0.009607799659186293,0.014818823071174651,0.23524152341396723,0.22273366600693278
2021-09-15,0.006124754046658864,0.015030538843530125,0.2386024071076625,0.21842826740239935
2021-09-16,-0.0016116603954367602,0.01538893981442517,0.24429184613945684,0.21754826362276047
2021-09-17,-0.018518488147570684,0.015689875203700784,0.249069047343787,0.20806367802518455
2021-09-20,-0.02159238156655003,0.015999400933513055,0.2539826159765412,0.22066986413101125
2021-09-21,0.0034219577634634684,0.016161106404058066,0.2565496107407459,0.21753369874843637
2021-09-22,0.016731643280729742,0.01640712726303309,0.2604550708018403,0.22308364541486067
2021-09-23,0.006696810745720736,0.016749796744880033,0.2658947801869906,0.224774639963374
2021-09-24,0.0006125601191645598,0.0169364996763696,0.26885859734159934,0.22312031128659884
2021-09-27,-0.01060585236962891,0.01719656598565644,0.2729870220141556,0.2252515830322409
2021-09-28,-0.0240894270764978,0.01749426641780794,0.27771286986617155,0.23719779949612413
2021-09-29,0.006462072040034465,0.017602330909786305,0.2794283404941593,0.2093940730466973
2021-09-30,-0.009355012874585419,0.017706421241260414,0.28108072327996,0.2096939609173005
2021-10-01,0.008094073595323874,0.017911771477766833,0.28434055722474566,0.2117642201567551
2021-10-04,-0.02491341038635239,0.018045054528898333,0.28645636006838876,0.2207763565643466
2021-10-05,0.014059353695518875,0.018315513572913625,0.29074976429014515,0.2283005640820196
2021-10-06,0.006287265270013767,0.01842217927853998,0.29244302987318455,0.22049718924499184
2021-10-07,0.00904333811814382,0.018620412035303274,0.29558987732979913,0.2244997173334589
2021-10-08,-0.002725567906958482,0.016987105130800147,0.26966193402603916,0.22426433924016664
2021-10-11,-0.0006297978388675615,0.017253349986871006,0.27388844008812124,0.19583303538443855
2021-10-12,-0.009144781238999849,0.0174594290850124,0.27715984435266483,0.19609135121925242
2021-10-13,-0.004249082832913047,0.01779792019912464,0.28253322420634186,0.19456187607856976
2021-10-14,0.02002400925473495,0.018108523165086633,0.28746389343282885,0.20772619891476168
2021-10-15,0.007484419091305721,0.018415811686810068,0.2923419474881781,0.2101584819219814
2021-10-18,0.011737008238914867,0.018659937346839416,0.29621732219870106,0.2049609618928244
2021-10-19,0.014967571916088924,0.01876134946576941,0.2978271896784022,0.194957245467445
2021-10-20,0.0033553229325773144,0.01889159905551914,0.2998948378154781,0.19495082945790815
2021-10-21,0.0014729628329105523,0.01903345588877661,0.3021467452309246,0.1873383473819851
2021-10-22,-0.00529901686770293,0.019272470699739804,0.305940987727743,0.18748847341388533
2021-10-25,-0.0003362370168279287,0.019497897373611107,0.30951952523540655,0.18751644272624773
2021-10-26,0.00456454695671045,0.019630782333485645,0.3116290085762595,0.18346026360058473
2021-10-27,-0.00315275355732333,0.019799414978746946,0.3143059688299898,0.1597953465975225
2021-10-28,0.024684457703916432,0.01998605863329889,0.31726884499238595,0.177320516391365
2021-10-29,-0.018322286075649733,0.02011231208514806,0.31927305640692416,0.1877002450417383
2021-11-01,-0.005623600396156737,0.02021170025421726,0.32085079467863903,0.18875853856414102
2021-11-02,0.007091152667582857,0.020386476110895092,0.3236252753903259,0.16175883198645585
2021-11-03,0.009750762102232663,0.02054586770139605,0.3261555384475694,0.15890700267336685
2021-11-04,-0.0035045250665301847,0.020497389471944905,0.3253859704127986,0.16026417262014517
2021-11-05,0.0035757161280995146,0.02066408618273725,0.32803219865957267,0.15874123134012727
2021-11-08,-0.0055680749746624516,0.012632335879893269,0.2005321152962153,0.1602530332813823
2021-11-09,0.0024564270330593783,0.013047583974029523,0.20712397443308372,0.15984529914448603
2021-11-10,-0.01934901964592575,0.013457695190287729,0.21363428816166838,0.17273353097719002
2021-11-11,-0.00033812819982054605,0.01379761143416724,0.21903029124904658,0.17142604659814978
2021-11-12,0.014235084119277465,0.014197329072508147,0.22537561204322315,0.1649635008229025
2021-11-15,6.669966273362783e-05,0.014483107644183217,0.22991220622732406,0.16390483282072146
2021-11-16,0.006644601980165333,0.014842396972544936,0.23561574749671127,0.16091183609289003
2021-11-17,0.016355645384176533,0.015065499153242123,0.239157384819197,0.16244088775564508
2021-11-18,0.028136342589037605,0.01533993423254331,0.24351390664437636,0.18675487502611934
2021-11-19,0.016833536356268063,0.01570611102704353,0.24932678304915865,0.19292040610285693
2021-11-22,0.002923053660920133,0.015882481374046444,0.2521265755100539,0.19029528768915074
2021-11-23,0.0024191827688147924,0.016120914518126608,0.255911584331362,0.18976781233022277
2021-11-24,0.003278249600088965,0.016328443908951412,0.259206011278517,0.18977141687936389
2021-11-26,-0.03219098578683398,0.016444625139687852,0.26105033113976917,0.22653233042726562
2021-11-29,0.02163775424110244,0.016665491972081708,0.26455648340802956,0.22299974348387192
2021-11-30,0.03108918566137395,0.017025403114022303,0.2702698956619661,0.23068957217141253
2021-12-01,-0.0032113176038333266,0.017208506597592328,0.27317657335226136,0.22946985067492207
2021-12-02,-0.006148894282562344,0.01723655322686268,0.27362179978923923,0.23242178755532508
2021-12-03,-0.01179363438637982,0.01745645826289385,0.27711268401357425,0.23790596762762511
2021-12-06,0.021274792537234095,0.01754074241259962,0.27845065341109027,0.24448014987048441
2021-12-07,0.034832860753431026,0.017753279715206908,0.2818245784932305,0.26617315474384345
2021-12-08,0.022527496231696864,0.020335738434225127,0.3228198397429063,0.2687222800254476
2021-12-09,-0.0029747024212418826,0.020580024097670204,0.32669775442891086,0.2705882069225246
2021-12-10,0.027628237507371287,0.020892311150522903,0.331655157705992,0.261820655498714
2021-12-13,-0.020891138305917514,0.021077704268328657,0.3345981822129736,0.2802854384360931
2021-12-14,-0.008055548872234499,0.021275931052745653,0.3377449348615299,0.28485956239862564
2021-12-15,0.02811058640771734,0.021444227230398464,0.3404165538575624,0.29252160094909974
2021-12-16,-0.04005569796251379,0.02166309101974702,0.3438909088032434,0.3375192406943156
2021-12-17,-0.006523039923225507,0.02178357689793349,0.3458035628243032,0.3382116968819257
2021-12-20,-0.008155087049403004,0.021815921276425468,0.3463170139151075,0.3304546390349861
2021-12-21,0.018907006336962306,0.021982529340497155,0.3489618349388171,0.33158846165909317
2021-12-22,0.015202600440425647,0.021948959214524486,0.34842892570998835,0.33401376518288073
2021-12-23,0.0036370995096299654,0.022038172363630065,0.3498451405472501,0.3339614163734645
2021-12-27,0.022714849616417693,0.022068296136228457,0.3503233406123285,0.3400203806991114
2021-12-28,-0.005783791865066395,0.0222834324983152,0.3537385244846205,0.31488343406780434
2021-12-29,0.0005019986928825461,0.022203263313144938,0.35246587812399327,0.3104599083913763
2021-12-30,-0.006600198850815543,0.022095497743162096,0.35075515273557495,0.2983399812924851
2021-12-31,-0.0035412342941102386,0.022192916371056994,0.35230162551042515,0.29843675854959184
2022-01-03,0.024696411436788752,0.022147286943036106,0.3515772807963688,0.30484903461286345
2022-01-04,-0.012772778781601907,0.02219434334362758,0.35232427799772204,0.3055480116396547
2022-01-05,-0.02696001178119737,0.022519330311027163,0.35748328616818015,0.3185560783351402
2022-01-06,-0.01683446340208846,0.022581924081299914,0.3584769314667618,0.3027521316364184
2022-01-07,0.0009879773323076854,0.02271896232637455,0.36065234616619507,0.2917566553668232
2022-01-10,0.00011621113636660151,0.02284551115222118,0.36266124649757947,0.29166257248492644
2022-01-11,0.016644715092546523,0.022990641270764067,0.3649651157060383,0.2805128522432943
2022-01-12,0.002566894225781355,0.023112502309816953,0.36689959972908953,0.2713579956808747
2022-01-13,-0.019211609318327834,0.02326214437873798,0.36927509392931884,0.27816780530681146
2022-01-14,0.005097621205121235,0.023472375804806215,0.3726124143562009,0.25901604419565427
2022-01-18,-0.019074837215940436,0.023476972610262985,0.3726853863805847,0.22821894558081418
2022-01-19,-0.02124876958582286,0.023420985238208535,0.37179661440248796,0.23843763306079538
2022-01-20,-0.010401189007409713,0.023394515863136657,0.37137642609969107,0.23936619998487077
2022-01-21,-0.012847271430932613,0.023431083066127605,0.37195691245122264,0.2303732800488168
2022-01-24,-0.0048761364277099505,0.023624379577810658,0.37502539944648056,0.2206736132294383
2022-01-25,-0.011449974998191873,0.02341814090811197,0.37175146206199544,0.2203165708612838
2022-01-26,-0.0005635955905368073,0.023316447935806676,0.37013713617317867,0.19741293581089592
2022-01-27,-0.0029475327512252865,0.023335141524468524,0.3704338876934422,0.1976580909564386
2022-01-28,0.06745089803067163,0.023158490706722924,0.3676296428975359,0.32130848063592127
2022-01-31,0.02579045313178501,0.02313946474420079,0.3673276151058127,0.3353413325936867
2022-02-01,-0.0009732164353733574,0.023077581642829123,0.3663452513262917,0.3352066447258053
2022-02-02,0.0070195197882965,0.023216485004813797,0.3685502738387851,0.3236593520264293
2022-02-03,-0.016861184571441888,0.023130863243864055,0.3671910705210545,0.3257341121685299
2022-02-04,-0.0016808103863905435,0.0231176489080537,0.3669812994432839,0.31267693053247975
2022-02-07,-0.004243394666097206,0.02305083464909883,0.36592065596391793,0.3074551848282574
2022-02-08,0.01829829524700634,0.018718806736004043,0.29715184478008433,0.31395872466619845
2022-02-09,0.008259347322064141,0.018780011546430823,0.29812344102466504,0.315003801838655
2022-02-10,-0.023881596557317482,0.018922038064479205,0.30037804210265967,0.32115555547928415
2022-02-11,-0.020425445076771125,0.019154687216305658,0.30407123289343707,0.32796654741095116
2022-02-14,0.0014220924739278503,0.019263497321069523,0.3057985397574535,0.32193412093791635
2022-02-15,0.022888440315384676,0.01949401463996455,0.30945788874959124,0.3318318059431724
2022-02-16,-0.00138989029911553,0.019715537425359617,0.31297445394892925,0.32461033850415594
2022-02-17,-0.021498550016269085,0.019876072919334794,0.31552287591087264,0.32482544137683256
2022-02-18,-0.009399958060633623,0.01998114645206749,0.31719086653278694,0.3244081256184638
2022-02-22,-0.017972756549800177,0.01997494580960628,0.3170924343852598,0.32760727760798863
2022-02-23,-0.026204600428704244,0.02005369095976691,0.3183424748909246,0.3402028950660824
2022-02-24,0.01654271346308479,0.0201418922672678,0.31974262724067315,0.34255662785269264
2022-02-25,0.012881959937169736,0.02033351813593451,0.32278459360022616,0.3449735726466836
2022-02-28,0.0016365077932699527,0.020388014061355993,0.32364968959701557,0.344581623151572
2022-03-01,-0.01169604642699389,0.02039345506995432,0.3237360629308108,0.2509044427370728
2022-03-02,0.02037926748517954,0.020517000256483276,0.32569728196621905,0.2439634727002234
2022-03-03,-0.001983029118775911,0.020516401782471393,0.32568778148580957,0.24392282994044984
2022-03-04,-0.018579929629955236,0.020521289182851378,0.32576536656158783,0.2477140630207941
2022-03-07,-0.024003340443434225,0.02051731214321302,0.3257022330145638,0.25373033988325455
2022-03-08,-0.011744998485676434,0.020555502800477684,0.3263084909037342,0.25504274562228835
2022-03-09,0.03439928104301971,0.020676138054176642,0.328223516187542,0.288167036109943
2022-03-10,-0.027562671557893267,0.020864386245816394,0.3312118635865604,0.29028607792334904
2022-03-11,-0.024199275257264164,0.02084795269419783,0.33095098904211884,0.29383401369942896
2022-03-14,-0.026921353720218092,0.02075925283969617,0.3295429225040848,0.2963157992978108
2022-03-15,0.02924500952490205,0.020723926831990522,0.32898213951687344,0.31590440592961483
2022-03-16,0.028602710787690735,0.020640938993391023,0.3276647484202112,0.3352120305360835
2022-03-17,0.0064333378393751015,0.020560465670489574,0.3263872740227778,0.32404935949022956
2022-03-18,0.020703151604794984,0.02050348015574911,0.3254826570207601,0.33470538986292997
2022-03-21,0.008501398702428909,0.0203868640258011,0.32363143334855277,0.3292547865160982
2022-03-22,0.020587287930042615,0.020355070937399192,0.32312673371662,0.33593124329617124
2022-03-23,0.008199785229039283,0.02026664517829678,0.3217230183081574,0.33004827219554717
2022-03-24,0.02242464452902111,0.02018151851401356,0.3203716744063541,0.32115695881682016
2022-03-25,0.003727189783882401,0.020113268690803876,0.3192882420509324,0.31789872232351973
2022-03-28,0.005024005227831337,0.02008418033268953,0.31882647868122593,0.3161004025035299
2022-03-29,0.01895346816360443,0.02006963490820869,0.31859557722588494,0.32081051328518606
2022-03-30,-0.006671654789183635,0.02011219490690813,0.3192711962600326,0.31820768882046463
2022-03-31,-0.01793562002768648,0.020076254170611665,0.31870065475897064,0.32113449726104987
2022-04-01,-0.0017198053518384744,0.0200143214449234,0.3177175032178454,0.32109209592013427
2022-04-04,0.023417179045959864,0.019985214145153113,0.3172554391586727,0.31970239992682
2022-04-05,-0.01912355490034725,0.019973331319992176,0.3170668051571805,0.31467413934779476
2022-04-06,-0.01862332487183929,0.019958868582171285,0.3168372163118733,0.3200031773984398
2022-04-07,0.0018024711153780443,0.019911977100771323,0.31609283712152303,0.300527657040737
2022-04-08,-0.011980235437100141,0.01912817441923539,0.3036503552877852,0.28527439015614303
2022-04-11,-0.025847181434801962,0.01912522527338985,0.30360353904886106,0.28732960431036664
2022-04-12,0.011457637768540082,0.019142819593779007,0.3038828402262825,0.2665110561736494
2022-04-13,0.01621052828281847,0.019136981696135136,0.3037901664742117,0.25522000033241066
2022-04-14,-0.03044738794558076,0.01918055449853049,0.3044818632685973,0.26662447628174313
2022-04-18,-0.0013316492848358624,0.019178738453219865,0.304453034443028,0.2662335254556356
2022-04-19,0.014016411376338677,0.019182043548093216,0.3045055011975942,0.2610508048974543
2022-04-20,-0.0010159685874282878,0.01917266928131697,0.30435668932591303,0.2596753259589369
2022-04-21,-0.004855381579462059,0.019200228393810713,0.3047941766739857,0.24967822474010715
2022-04-22,-0.028215706718882152,0.019196163771985065,0.30472965280284053,0.2647675897517222
2022-04-25,0.006714657210035375,0.01918616120828054,0.30457086702662894,0.25145447980357505
2022-04-26,-0.038042380135878635,0.019195623568477635,0.30472107733801235,0.27733031512268
2022-04-27,-0.0014682147336879967,0.019195043222584175,0.3047118646325614,0.27523242669252923
2022-04-28,0.044165796629829404,0.019206663337436897,0.30489632823719925,0.31447308843515587
2022-04-29,-0.03729132917122804,0.019193038967678107,0.30468004807228877,0.3346695999413473
2022-05-02,0.001964140557153716,0.019208977248067454,0.30493306042970614,0.3326105313943712
2022-05-03,0.009576773268403404,0.019220064872652643,0.3051090710134033,0.33619936830113284
2022-05-04,0.04018988982971477,0.019231221153017106,0.3052861714738086,0.3579013043808244
2022-05-05,-0.05732864363243415,0.01925337807088998,0.3056379016408764,0.4008901578346275
2022-05-06,0.004715962568820293,0.019259808449216688,0.3057399807322076,0.39923281495920976
2022-05-09,-0.03375250895752334,0.01924528861019103,0.3055094854333761,0.41137497904134374
2022-05-10,0.015983797631245446,0.02443249344776298,0.38785380943197556,0.4174730057157797
2022-05-11,-0.053233398723022275,0.024434252317190097,0.38788173061853226,0.44498634303254436
2022-05-12,-0.027262415576288904,0.024429931845506313,0.38781314525680155,0.4462689867822682
2022-05-13,0.031417355596177865,0.02442322232667214,0.38770663494728874,0.4594297142065875
2022-05-16,-0.010729463857077102,0.024412845507575328,0.3875419080509084,0.4517243860867292
2022-05-17,0.025104751781903637,0.024400757190921447,0.38735001197309493,0.4642678712534505
2022-05-18,-0.05807306404776272,0.024390136863818114,0.38718141950694945,0.49381194265620526
2022-05-19,-0.024950212611097373,0.024271905418821915,0.38530455350330295,0.4964004178322294
2022-05-20,0.0017458230908731366,0.024235817203443085,0.3847316708443878,0.49767077552903577
2022-05-23,0.03933536045472857,0.024197166445571426,0.3841181090845123,0.5193308585527069
2022-05-24,-0.019402976421329352,0.024134747232753658,0.38312723479962296,0.5192992108742106
2022-05-25,0.0011395636246151906,0.02416326730060019,0.38357997684100265,0.5074045093763889
2022-05-26,0.02293441475856198,0.024123687617743448,0.38295166885414417,0.5165940227701732
2022-05-27,0.03994780215412713,0.024075720525832307,0.382190214876273,0.5118246148183624
2022-05-31,-0.005360606021059922,0.024060603433503948,0.38195023847518955,0.497557370046807
2022-06-01,-0.0008739054833151966,0.02397203175305813,0.3805442066372133,0.49732149835092837
2022-06-02,0.01667193810897925,0.02396705152011986,0.38046514789025826,0.5001463364193368
2022-06-03,-0.03931859038076889,0.0238425174831418,0.3784882313406171,0.49044891169312343
2022-06-06,0.005213934156918172,0.02377808741791156,0.3774654357632877,0.4549486592254558
2022-06-07,0.017432718114871504,0.02373634278608909,0.3768027602770425,0.45986871919740346
2022-06-08,-0.005055426955219719,0.023671755299585734,0.3757774657144748,0.44596220974460943
2022-06-09,-0.0366183740219043,0.02440716647365736,0.3874517561823041,0.4573544915416886
2022-06-10,-0.03939479897724626,0.02435945864172387,0.3866944178289876,0.4407203283725378
2022-06-13,-0.039036718444694946,0.02429681135502038,0.3856999229834052,0.45061428333831755
2022-06-14,0.006650479889695892,0.02431527993783601,0.385993102646593,0.43415586417618607
2022-06-15,0.019911840641938523,0.024273400838133133,0.3853282925489224,0.4418676809926079
2022-06-16,-0.04045882122977587,0.02425211269313997,0.38499035372376766,0.44686410574693924
2022-06-17,0.011466964295857654,0.0241676659382872,0.3836498030495665,0.4091804636384383
2022-06-21,0.03223580234326026,0.024099321846491818,0.38256487422673957,0.41878851142471385
2022-06-22,-0.0038345200192570817,0.02399968641574717,0.3809832107976127,0.41885492501559374
2022-06-23,0.021344024133750056,0.023940828409244053,0.3800488689103791,0.40141674699342383
2022-06-24,0.02422163656551161,0.0239579141722782,0.3803200969900679,0.4055161073598202
2022-06-27,0.0,0.023949349245309417,0.3801841329895269,0.4055105164997637
2022-06-28,-0.0302424243986785,0.023971328643493557,0.3805330451188995,0.41006618377041276
2022-06-29,0.012939795211171081,0.023952769729769265,0.38023843149699166,0.3850419999246956
2022-06-30,-0.018192175476049156,0.02385707731935872,0.3787193615751759,0.38840217343014016
2022-07-01,0.016035130790274958,0.02381720130478272,0.378086349468109,0.39451019284062605
2022-07-05,0.018753688416408114,0.02376180625705047,0.37720698034712447,0.39589752193417627
2022-07-06,0.009561159400866201,0.023735245168101927,0.376785336131671,0.3752895657938378
2022-07-07,0.023715995691893737,0.02365173713546735,0.3754596872107069,0.38439574640716934
2022-07-08,0.004703650084190328,0.023672211242958156,0.3757847035911269,0.3796504148187268
2022-07-11,-0.01486803108502216,0.023675784013857365,0.3758414195708712,0.38263167702865536
2022-07-12,0.006810379305610897,0.022984387120473425,0.36486583414805196,0.36064425152520113
2022-07-13,-0.0025397809162159882,0.02292258581428175,0.36388476882675913,0.3298313880206906
2022-07-14,0.02027556288459078,0.022896693623257604,0.36347374303666835,0.29739725808799927
2022-07-15,0.011385200772848852,0.022901903795860424,0.3635564519626371,0.29805103483356704
2022-07-18,-0.020859261036248137,0.022894192414192122,0.36343403757368287,0.3071686527323775
2022-07-19,0.026371066724661607,0.02285753853963762,0.3628521753537339,0.27055070951849497
2022-07-20,0.01341964342217571,0.02283556713567528,0.36250339012869814,0.2710311762781394
2022-07-21,0.01498131050410506,0.022768504696013138,0.3614388069027423,0.25718741769689063
2022-07-22,-0.008144054742388634,0.022703123964716364,0.3604009199694615,0.25976439938101137
2022-07-25,-0.0074255948734131775,0.022686486494518078,0.360136808317922,0.25770582383191565
2022-07-26,-0.008865748694949048,0.02265890623345258,0.35969898524668076,0.25171387804070894
2022-07-27,0.033661824553124525,0.02266488324037478,0.35979386729008467,0.2724297064299341
2022-07-28,0.0035653989604230462,0.022601927933962415,0.35879448278321074,0.24093868283762007
2022-07-29,0.032266822536048984,0.02263509063064639,0.3593209242725911,0.2563171408186868
2022-08-01,-0.006172255964415556,0.022619839927622985,0.3590788268674781,0.24431876960653715
2022-08-02,-0.009330797682405804,0.02252629356296462,0.3575938243658369,0.2494693570705696
2022-08-03,0.03753444605631409,0.022518538610816395,0.3574707183169565,0.2686252277803402
2022-08-04,-0.0019282641478945734,0.022512425506470347,0.35737367579392715,0.27052159986145846
2022-08-05,-0.0013900996124802608,0.022439229180009002,0.3562117201337258,0.2649846839218901
2022-08-08,-0.0029071488736479825,0.022414189199573834,0.35581422276733354,0.2667158177835787
2022-08-09,0.0003033384883916736,0.022363432317702197,0.35500848224678894,0.25711105845330207
2022-08-10,0.025857354322660273,0.0167572645091615,0.266013327269821,0.2659585616906741
2022-08-11,-0.004441271012397505,0.01683340984905539,0.2672220970669553,0.266910935237541
2022-08-12,0.021199175594708207,0.01683735317024484,0.26728469535019694,0.26750586996932596
2022-08-15,0.006313665704926077,0.01688916864824176,0.2681072405632597,0.26705853443106503
2022-08-16,-0.0009244753053766088,0.016907386299317803,0.26839643680857345,0.2493296254044443
2022-08-17,0.008746239863822634,0.016926614593436338,0.26870167651481536,0.24009929359357207
2022-08-18,-0.0022943954574681682,0.01698878473417511,0.2696885969030274,0.24094786204272034
2022-08-19,-0.015216894104503815,0.016978826965370012,0.2695305222237992,0.2496621979464255
2022-08-22,-0.023298846668643503,0.016994813768352105,0.26978430485349686,0.26461940184468613
2022-08-23,-0.0020311489015074585,0.01702744845559296,0.27030236445281886,0.2623191279947828
2022-08-24,0.0017922677842670284,0.017091565602861757,0.27132019261150775,0.25813547684813043
2022-08-25,0.01481283176350001,0.017067749923158772,0.27094213041671933,0.23916427088061934
2022-08-26,-0.03842851408861242,0.017080900124129265,0.27115088338547,0.28061275659366736
2022-08-29,-0.013784581072156932,0.017088145311579955,0.2712658971706494,0.26264577326210503
2022-08-30,-0.015423844021220675,0.01707631553975387,0.2710781053647387,0.2671831805504788
2022-08-31,-0.01069209388908782,0.01712551695986211,0.27185915369528435,0.2677777732510221
2022-09-01,0.004696003127330748,0.017190662146824843,0.2728933014781816,0.230099964998182
2022-09-02,-0.013704772896867464,0.017260818605246888,0.2740070007292802,0.2334297346950321
2022-09-06,-0.008249113911758645,0.017275330439672273,0.2742373689590217,0.23408052761131914
2022-09-07,0.00921132866317205,0.017300025849144758,0.2746293964309563,0.2380175229530607
2022-09-08,-0.009664268002700253,0.01735562867261004,0.27551206388944927,0.23896412367543407
2022-09-09,0.018664511213375413,0.01807694899268913,0.28696266898473,0.22906816695343477
2022-09-12,0.03778509560005415,0.018083379197437608,0.2870647453205922,0.269866247586545
2022-09-13,-0.06047176518427257,0.018075912799315485,0.28694621992486896,0.32596159295104526
2022-09-14,0.009510092522575536,0.01809127971594502,0.2871901621637866,0.32758564591236616
2022-09-15,-0.019111495975130198,0.018105935179917515,0.28742281044190354,0.33064654735414273
2022-09-16,-0.011020630692765277,0.018122597679298618,0.28768731941940257,0.32656248789666853
2022-09-19,0.02477359594340116,0.018128102520426775,0.2877747060631947,0.34444496994113155
2022-09-20,0.015543919115094437,0.018156687181150547,0.28822847348471226,0.3501791742544519
2022-09-21,-0.02047568848553115,0.01819550302183394,0.2888446558529812,0.34837530951333834
2022-09-22,-0.0063957535713927375,0.018212412681155112,0.28911308837289307,0.3483755493247508
2022-09-23,-0.015239153827091283,0.018225732576647186,0.28932453515866147,0.3496066367837545
2022-09-26,0.0022576278291439812,0.01828059035569252,0.2901953754036492,0.3432311944756512
2022-09-27,0.0065446033140698495,0.018237602488966276,0.2895129641751442,0.3240597187738354
2022-09-28,-0.012732034868612957,0.018218791023542912,0.28921434141930275,0.32366249618323445
2022-09-29,-0.05036666937416872,0.018242203795237225,0.28958600764773806,0.3603886525771789
2022-09-30,-0.03049960178881661,0.01822544629356636,0.2893199905556429,0.37058185202752153
2022-10-03,0.030289140096295377,0.018251148287282498,0.2897279970570716,0.39010228062120184
2022-10-04,0.025300283877977132,0.018261207454904786,0.2898876813926209,0.40224766143963253
2022-10-05,0.0020513183063931044,0.018256828987029107,0.2898181753698857,0.4021572923379239
2022-10-06,-0.006647571441756469,0.018212603075666547,0.28911611079206256,0.40004845457845484
2022-10-07,-0.037410140928734785,0.018187900847042672,0.2887239750694556,0.4167811335241114
2022-10-10,0.002352999107884281,0.024404979960437893,0.3874170463610017,0.40904261376203455
2022-10-11,-0.010307872150528846,0.02421173086168317,0.38434931202264755,0.3777575587529178
2022-10-12,-0.004615417728773995,0.024012011004288732,0.38117885757536574,0.32539707155153763
2022-10-13,0.0330597989770512,0.023832099466417078,0.3783228504521683,0.34811382941629304
2022-10-14,-0.032771082519657005,0.023648208033702475,0.3754036644569791,0.3586726948541146
2022-10-17,0.028706890844258714,0.023463117199719198,0.3724654385569153,0.37569083052261576
2022-10-18,0.00936560549541877,0.02331644691995563,0.3701371200470433,0.3651399632805753
2022-10-19,0.0007647182002526895,0.023076399221293068,0.3663264809663162,0.359002023515468
2022-10-20,-0.003272336989691302,0.02285465360809046,0.3628063784851945,0.3540458236868415
2022-10-21,0.026699451590490964,0.022788362429375115,0.3617540386472056,0.36867412569691976
2022-10-24,0.014694303249173339,0.022650551429925763,0.35956635685237215,0.369442140255417
2022-10-25,0.019152796653964594,0.02245463709005851,0.3564563131230113,0.37550841716012706
2022-10-26,-0.019822291035945502,0.022270622460928827,0.3535351714453618,0.3812195723464312
2022-10-27,-0.030938877872596512,0.022146889634684076,0.3515709737218091,0.39344390714430705
2022-10-28,0.07283436842176436,0.021959989103189744,0.34860401976437033,0.4308441545422003
2022-10-31,-0.015530340255160119,0.0218124172531755,0.34626138927046185,0.41858324438655276
2022-11-01,-0.017698451210217934,0.021706375707304257,0.34457803191636494,0.4149743003394266
2022-11-02,-0.03801845848364627,0.021559110139158413,0.3422402634963857,0.42918233520220955
2022-11-03,-0.04333040217398805,0.02139384951885748,0.33961683247941443,0.4540542448668853
2022-11-04,-0.0019494256904440932,0.021307334341415598,0.33824344661455136,0.4538065593607372
2022-11-07,0.0038949468102236645,0.021219297884641483,0.3368459111889618,0.43572331632109074
2022-11-08,0.004166537536694589,0.025528833867886777,0.4052576740554694,0.43590876841500353
2022-11-09,-0.033753500466568956,0.025256073041890714,0.4009277301775525,0.4500719110899522
2022-11-10,0.0852365607111954,0.025051883279299872,0.3976863181850684,0.5404189842971479
2022-11-11,0.01908538136071686,0.02486787094866568,0.39476521299490364,0.5327148059550625
2022-11-14,-0.009531223477164714,0.02470183856446484,0.3921295306058323,0.5193734931354599
2022-11-15,0.011799611686368075,0.024473491270889398,0.38850462969770067,0.5122340254117058
2022-11-16,-0.008365610184137494,0.02428532553196047,0.3855175911948887,0.5129497209684295
2022-11-17,0.012887625710049588,0.02409580987446237,0.38250912339913157,0.5143823398098173
2022-11-18,0.0037747042719524187,0.023934643968242204,0.37995069395304604,0.5140000552875916
2022-11-21,-0.021918618085540853,0.023698535095792478,0.376202581800019,0.51290810584277
2022-11-22,0.014554763009629402,0.023476487364811366,0.37267768334784585,0.5128590491179139
2022-11-23,0.005908666624653717,0.02338257472410159,0.3711868663941453,0.5087639776110454
2022-11-25,-0.0197878420276602,0.0233228211148324,0.37023830725375645,0.5087473525014071
2022-11-28,-0.026615491591681483,0.0231623197325105,0.3676904267975214,0.5056797926177303
2022-11-29,-0.021375299939041883,0.023036677296025494,0.36569591495118803,0.4347830923752616
2022-11-30,0.047450336998146866,0.022892713196452034,0.3634105557200318,0.46827861397916154
2022-12-01,0.0018900527687076352,0.02280297197233418,0.36198595795183364,0.4646959680301877
2022-12-02,-0.0033773119173216796,0.02272580322860052,0.3607609421223944,0.4446749477547955
2022-12-05,-0.008015376006978726,0.022566473881856043,0.35823166715415283,0.41625154697655575
2022-12-06,-0.02569731909532582,0.022501428543314758,0.3571991044158074,0.42754442037367973
2022-12-07,-0.013880983567075792,0.0224665119740533,0.3566448210623991,0.43073006655666385
2022-12-08,0.012059998705270877,0.02306147459001503,0.36608955978969004,0.43239810579653337
2022-12-09,-0.0034407068343540828,0.022941157459025988,0.36417958454734334,0.4140031070576721
2022-12-12,0.016257061292546653,0.022857389392487843,0.36284980771613146,0.29101337993392473
2022-12-13,0.006759532467889506,0.02271493850958461,0.3605884700549103,0.2834468549539377
2022-12-14,-0.015657627832383777,0.022621316475191163,0.35910226633346426,0.2864494208225516
2022-12-15,-0.04798761203116418,0.022580399292473657,0.3584527261945448,0.32353313162275693
2022-12-16,-0.014686168811572562,0.022412760629467322,0.3557915449199401,0.32522023814361417
2022-12-19,-0.016037459837604566,0.022344278549402193,0.35470442560123955,0.3207990282724383
2022-12-20,-0.0005288480885793069,0.022165292709053378,0.35186311347065036,0.3194596373240481
2022-12-21,0.023530361023871887,0.022069473737223427,0.35034203444858664,0.3302319665365437
2022-12-22,-0.024059841003731496,0.021972256013264774,0.3487987509248527,0.3296574775250453
2022-12-23,-0.00280211938069838,0.021884775396666157,0.3474100391885015,0.32704279404033026
2022-12-27,-0.013975459889865196,0.021817776618291894,0.3463464665541609,0.3246731102653302
2022-12-28,-0.03116573319165592,0.021801043469818412,0.34608083605708917,0.32863673339219956
2022-12-29,0.02793063168002967,0.02173888597531239,0.3450941164215984,0.34436637029504286
2022-12-30,0.0024655406026774943,0.021654357421812404,0.3437522672341285,0.2906361438312381
2023-01-03,-0.03812209325316944,0.02158444359851758,0.34264241969626563,0.30905217487196673
2023-01-04,0.010261453565257619,0.0214944355044944,0.3412135854996561,0.3152364781560157
2023-01-05,-0.010661233483766769,0.021430026428117834,0.3401911231100495,0.3154277292627515
2023-01-06,0.036133313798608874,0.021414849820458114,0.33995020193237024,0.34228788165503543
2023-01-09,0.004080430782753844,0.021370079688127302,0.33923949811450554,0.3418380304886801
2023-01-10,0.0044467320620061096,0.02230752842861405,0.35412103551969754,0.3383893813554336
2023-01-11,0.020892477453734223,0.02220824399859974,0.35254494405442555,0.3493576435467694
2023-01-12,-0.0005995473109149378,0.02216720091691888,0.35189340533142194,0.3424643766098459
2023-01-13,0.010068201884510096,0.022082966242444334,0.35055622132885317,0.3439383491237957
2023-01-17,0.00871854999787351,0.021986912790152663,0.3490314200448554,0.34357356138974043
2023-01-18,-0.0053847307482263575,0.02195245794102123,0.34848446627128327,0.30160763249531836
2023-01-19,0.0004437089018874854,0.02189914850939551,0.34763820527958805,0.2971314247974444
2023-01-20,0.01903832709912459,0.021829783707272066,0.34653707318262905,0.2977213305034617
2023-01-23,0.02322863021843854,0.02181350502955417,0.3462786571851419,0.3064861903512096
2023-01-24,0.010012662973259024,0.02181420421520942,0.34628975641332627,0.2985912656635333
2023-01-25,-0.004711922246210698,0.021733172424828428,0.34500341661949574,0.2841392619158997
2023-01-26,0.014695284394881917,0.021721595069242906,0.3448196317971814,0.2858276460893595
2023-01-27,0.013591324336461957,0.02167663228603134,0.3441058697413947,0.27964939131574884
2023-01-30,-0.02028232870899074,0.021694096070244192,0.34438309872125855,0.26376306872437255
2023-01-31,0.008980366368536743,0.02162690786595166,0.34331651904368826,0.25181935470197947
2023-02-01,0.007869793817887072,0.021539861458148436,0.3419347001582752,0.2518003448725492
2023-02-02,0.03639200636901456,0.021491603116874366,0.3411686227401012,0.21993278469177527
2023-02-03,0.024106968356025733,0.021428921665148263,0.3401735855415986,0.22614292178637369
2023-02-06,-0.018091360849730276,0.02138453690515938,0.33946899932000735,0.23577950809271386
2023-02-07,0.019061829887680085,0.02130795421065609,0.3382532867336857,0.21797073234800565
2023-02-08,-0.01781049430993419,0.021252011402873684,0.3373652221914761,0.2359000260598477
2023-02-09,-0.006935385819918049,0.01776551910108341,0.2820188727206068,0.24091599937460195
2023-02-10,0.0024532732605536144,0.01784320303194139,0.28325206689210364,0.23576039685118466
2023-02-13,0.018631990542048425,0.017921438402307643,0.2844940148944125,0.2384312701450459
2023-02-14,-0.004233901587065542,0.018015882007796028,0.2859932606526679,0.24113913286419375
2023-02-15,0.013807567033477745,0.018036882866406475,0.2863266389478803,0.24245503377895744
2023-02-16,-0.010484289451978077,0.018076472967125813,0.2869551123131805,0.2461986778548749
2023-02-17,-0.007575181337632797,0.018129891109683886,0.28780309903742646,0.2500888515404608
2023-02-21,-0.027041881803613787,0.018157466224516795,0.288240840414758,0.26953553037753053
2023-02-22,0.0028915682797990743,0.018190430268795642,0.2887641283949705,0.25991265043182626
2023-02-23,0.003285287640588867,0.018191660621302005,0.28878365963551117,0.25854764597627633
2023-02-24,-0.018169486856873508,0.018220592177794877,0.2892429338566441,0.2672133387495936
2023-02-27,0.008213716458239373,0.018254873849492797,0.28978713852368565,0.2641593704151518
2023-02-28,-0.003453689388865697,0.018225908310288044,0.2893273248437257,0.26079659249349973
2023-03-01,-0.014348598835094104,0.018253163512251435,0.2897599877616935,0.25558138024016597
2023-03-02,0.004120772404818752,0.018249733604420896,0.2897055396628566,0.25418068739513583
2023-03-03,0.03448837365097472,0.018272939392107897,0.29007392012203964,0.2792561699379044
2023-03-06,0.01836971979701769,0.018350451162994368,0.29130438133871456,0.2573012185470196
2023-03-07,-0.014602552813938753,0.01841681146054917,0.29235781840426406,0.24831024866902152
2023-03-08,0.008342448824219154,0.01842920522191805,0.2925545632666085,0.2419594169153754
2023-03-09,-0.015027104638109764,0.018466077353803102,0.29313989021426823,0.23766098253160903
2023-03-10,-0.013976058879329574,0.01849437140043426,0.2935890442800865,0.23463499362040932
2023-03-13,0.013179069138154788,0.017969437743373968,0.2852559808117513,0.2385497798956149
2023-03-14,0.013990528149389404,0.018002533005463606,0.2857813518101334,0.24337663892140285
2023-03-15,0.002618149771700884,0.018027431943496434,0.2861766101978002,0.23450074732724493
2023-03-16,0.018521315773656594,0.018004234871677696,0.28580836809873655,0.24275381257299175
2023-03-17,-0.005468733177663875,0.018044994717574033,0.2864554105930507,0.2389096466544325
2023-03-20,0.015365158985256653,0.018085113236155918,0.2870922723318666,0.24152139354538485
2023-03-21,0.011873376872675902,0.018128970369574074,0.28778848274131036,0.24208524693820055
2023-03-22,-0.009145158069309031,0.018141835091205826,0.28799270386605247,0.22209414336228775
2023-03-23,0.006945179920911565,0.01812878415543142,0.28778552668343793,0.22253384170851673
2023-03-24,0.008271273958096391,0.018160312818427952,0.28828602869219305,0.22325497151551346
2023-03-27,-0.01236937130163558,0.018129570728731267,0.2877980131474739,0.21703182707286742
2023-03-28,-0.003988267763659261,0.018188159792371456,0.2887280856991143,0.21788829815572483
2023-03-29,0.019597494313816948,0.01818574348397458,0.2886897279924605,0.22379273549565473
2023-03-30,0.009841160418412634,0.01822985259863622,0.2893899384801361,0.21410258680830657
2023-03-31,0.015523110973834495,0.01826433364424495,0.28993730810989315,0.21694716564883876
2023-04-03,0.007672444490993071,0.018259317033600158,0.2898576718847498,0.19059479372611346
2023-04-04,-0.0032550723017321717,0.01825539800061237,0.2897954591647565,0.18548998556054824
2023-04-05,-0.011354816180443613,0.018287916036076633,0.2903116669745334,0.18179645232210742
2023-04-06,0.005481027682249724,0.01825360032290805,0.28976692191589803,0.18113966579924895
2023-04-10,-0.016101243324607988,0.018242906515016807,0.2895971629784069,0.18255942949342885
2023-04-11,-0.007620144761836779,0.018302868032055896,0.29054902255232445,0.17611281830826314
2023-04-12,-0.004362691663537469,0.015255813457904145,0.2421785307456403,0.17480715211070116
2023-04-13,0.0335348551111982,0.01531902089748386,0.24318191774246273,0.20143726131070763
2023-04-14,-0.002116253406608438,0.015421570648877876,0.2448098445776631,0.2024772959377566
2023-04-17,0.00012134956106328636,0.015480911174066159,0.24575184621156007,0.1953677025555599
2023-04-18,0.007476536406599,0.015541094067296346,0.24670722002356463,0.19361711238700377
2023-04-19,0.006944040474302048,0.01563420477444395,0.24818530667662417,0.18920706895756587
2023-04-20,-0.00586347147419526,0.015737416054531474,0.2498237349542735,0.1886999744831954
2023-04-21,-0.009828818495074481,0.01581441584221271,0.2510460686895295,0.18922989206800042
2023-04-24,0.001876553215094114,0.015870162236032572,0.2519310152567456,0.18841469883788028
2023-04-25,-0.009480336239533087,0.015957635143200467,0.2533196046096781,0.19084667158792532
2023-04-26,-6.140308511272707e-05,0.016060936617841096,0.25495946468147024,0.18461548321449667
2023-04-27,0.027999906646554624,0.016151480423278596,0.2563968030331405,0.20454912414928797
2023-04-28,0.007512493884303684,0.016232985282561677,0.2576906525629786,0.19642335422018384
2023-05-01,-0.0005302166280585711,0.016312945595292786,0.2589599831764274,0.1948644544314142
2023-05-02,-0.006210859690460573,0.016395994747230584,0.26027834759216073,0.1904596479880928
2023-05-03,-0.006488096392588341,0.016449043309854357,0.2611204674168324,0.1905630229170566
2023-05-04,-0.009962916827729651,0.016520585239123926,0.26225616033579874,0.1935618857085216
2023-05-05,0.04585901080635303,0.016562908853269644,0.26292802688148886,0.24558040900886216
2023-05-08,-0.00040356912793950626,0.016660456490954257,0.2644765476232608,0.245608064990055
2023-05-09,-0.010020835554893557,0.01669888136661175,0.26508652361415064,0.24066216245813013
2023-05-10,0.010366825686778033,0.0167097555116533,0.26525914531515293,0.23892815642944426
2023-05-11,0.0010942369766671165,0.014241476009438467,0.22607642294080044,0.23736896156147255
2023-05-12,-0.005432448774543928,0.014346718394288957,0.22774709400698692,0.21321568621081982
2023-05-15,-0.0029014932048370048,0.014481929424200408,0.22989350256493862,0.21342582607718907
2023-05-16,0.0,0.014579181088439887,0.2314373248739275,0.2134397211325216
2023-05-17,0.0035966580104570007,0.014672406925586573,0.23291723915906315,0.21260631120827694
2023-05-18,0.013573597199249275,0.014784436568959334,0.23469565461405262,0.2158382121162655
2023-05-19,0.0006280802247574338,0.014833989115756596,0.2354822769079853,0.21397304027012112
2023-05-22,-0.005495711715082972,0.01491694423570341,0.2367991486121381,0.21135365070937154
2023-05-23,-0.015271270965024605,0.015036575073959143,0.23869822929509127,0.22029634614571367
2023-05-24,0.001631077701712196,0.015124483194901492,0.24009372745250995,0.216438998120468
2023-05-25,0.006669938823896736,0.015188672749630837,0.24111270504400084,0.21674743542580868
2023-05-26,0.014006219810820841,0.015246158005314148,0.24202525518754686,0.2009960041336338
2023-05-30,0.0106031988203397,0.015332923179272574,0.2434026096240784,0.20234265329928489
2023-05-31,-0.0002820915606559911,0.015432781431511979,0.24498781023477653,0.2023029444752339
2023-06-01,0.015895471874137188,0.015516545882494858,0.24631752967082787,0.20523701348112108
2023-06-02,0.0047640459570457505,0.015612465187186939,0.24784020142770075,0.20220823729355805
2023-06-05,-0.007599871642367909,0.015665624338317963,0.24868407679050067,0.20034499160430325
2023-06-06,-0.0020625680919677592,0.0157622337665208,0.2502177039184738,0.13034399337368116
2023-06-07,-0.007786620605956281,0.01579067439306273,0.25066918486823864,0.13421739457286982
2023-06-08,0.015346856764186333,0.015829322500613415,0.251282704555573,0.13616098586751096
2023-06-09,0.0021575258409245886,0.015887406099340192,0.2522047531004693,0.1330777749059012
2023-06-12,0.015517727560482268,0.01197957581375582,0.19016987049145273,0.14091585361749676
2023-06-13,-0.002615145969705004,0.012113355721827666,0.19229356069450385,0.13918423321444814
2023-06-14,0.003485259608926065,0.012266355429287269,0.1947223557541263,0.13759370938445983
2023-06-15,0.011136565620760064,0.01237592234924265,0.19646167668685385,0.13974298432656868
2023-06-16,-0.005877167231089616,0.01248226657374445,0.19814983891525256,0.14363869832671355
2023-06-20,0.0004866877448831992,0.012613165668034195,0.20022779761725812,0.13887192592161451
2023-06-21,-0.005691581971027668,0.012738669776791715,0.20222011357899336,0.14171911194949136
2023-06-22,0.01639027240173034,0.012826775718100506,0.20361875203737523,0.1466759934463661
2023-06-23,-0.001712647602992401,0.012952379599999387,0.20561265184862781,0.13171330270979886
2023-06-26,-0.007581682025568346,0.013078957401175983,0.20762201214911574,0.13755721131042556
2023-06-27,0.014946548381973809,0.013192043114588601,0.2094171921962604,0.1427858000527861
2023-06-28,0.006308026651463431,0.013340632524828358,0.2117759759579733,0.13839584562513302
2023-06-29,0.0017949388602412873,0.013415680001244759,0.21296731771269797,0.13613363589687405
2023-06-30,0.02283973153874483,0.013555811153943362,0.21519183079853793,0.15140627534362308
2023-07-03,-0.007815311619320713,0.013667285822275292,0.2169614362978761,0.15078912329740182
2023-07-05,-0.005888425588236854,0.013775908796373264,0.21868577255466476,0.15384857126778897
2023-07-06,0.002505421239789773,0.013855490426243558,0.21994909176406066,0.14927510177304876
2023-07-07,-0.005908601246527864,0.013924120693456481,0.2210385634808045,0.15154054306219578
2023-07-10,-0.010915159187027736,0.014052704100920426,0.2230797617940778,0.1546893251352273
2023-07-11,-0.0028139974389951804,0.01415761596538943,0.22474518601186838,0.14881823584168935
2023-07-12,0.008945440413585599,0.014287718473116502,0.22681049929421854,0.1507876404684816
2023-07-13,0.004049166511160107,0.011523820288538203,0.18293497582123608,0.14312483952891678
2023-07-14,0.0007869679175120198,0.011622020767577828,0.18449386009823363,0.14231007309680416
2023-07-17,0.017157395125308957,0.011775006712944278,0.18692243669140007,0.15181736940062984
2023-07-18,-0.0013410319493920267,0.011884237138171489,0.1886564159359183,0.14903280855184253
2023-07-19,0.007046809273456386,0.012026249045194233,0.19091078507107154,0.1472085711836999
2023-07-20,-0.01014863192500154,0.012156947901284257,0.19298556509020048,0.15356161458318565
2023-07-21,-0.006180743692761794,0.012233519430210645,0.19420110042848376,0.15388116772933222
2023-07-24,0.004211249239465601,0.01230130699217584,0.19527719461414347,0.14508482695645344
2023-07-25,0.004503458644516927,0.012440601623431474,0.1974884283337566,0.14497964809944608
2023-07-26,0.0045345006762590205,0.01258389929066596,0.19976320827950542,0.1411917526683664
2023-07-27,-0.006602621710590286,0.012665294747104093,0.20105532109302077,0.1365582603465508
2023-07-28,0.013417567527375829,0.012746279822029227,0.20234091930197978,0.14196450214160453
2023-07-31,0.0031608080137290957,0.01281095734335619,0.20336764312306313,0.14206360990639202
2023-08-01,-0.004284895512712079,0.012854121467752682,0.20405285235534096,0.120648543952297
2023-08-02,-0.015611251323789658,0.012993190063917488,0.20626049787912665,0.1299982057315231
2023-08-03,-0.00734863068256235,0.013117095662931897,0.20822743828537035,0.13093085832727414
2023-08-04,-0.04921135942080827,0.013185159020626431,0.20930791059250498,0.2142924201091515
2023-08-07,-0.017404188456722397,0.013318639499517868,0.21142684750467627,0.22021289326958426
2023-08-08,0.005297532049403864,0.01340401079782137,0.21278207485115894,0.2200784634077615
2023-08-09,-0.008994621746183335,0.013548758963370367,0.21507988074381165,0.22130618028810414
2023-08-10,-0.00123552284191433,0.01363501426072252,0.216449141140146,0.21740577233131547
2023-08-11,0.0003375309448084479,0.017353534158870098,0.2754788145146083,0.21625428884891035
2023-08-14,0.00934945849079737,0.01742957666602031,0.2766859518925442,0.22025732993723568
2023-08-15,-0.01126349683967803,0.01745072552030575,0.2770216795462635,0.20950889957273394
2023-08-16,-0.004971380123984906,0.017447256327186803,0.27696660781280674,0.20926648491143796
2023-08-17,-0.014661987015547063,0.017545878813118084,0.27853219124152556,0.2078742520276594
2023-08-18,0.002812006443334778,0.017600796117747248,0.279403976425862,0.20897834189361633
2023-08-21,0.007706947473908499,0.017690334397687787,0.2808253525551209,0.21328913493647633
2023-08-22,0.007873839673961394,0.017720588383235196,0.28130561968668283,0.21545541061116916
2023-08-23,0.02171130322015351,0.017791660829577255,0.2824338597952233,0.23158753762742074
2023-08-24,-0.02651872579554295,0.01782003416804318,0.28288427257989623,0.2433502840724897
2023-08-25,0.012563690971127457,0.01784446905380751,0.2832721643661764,0.2503130873940318
2023-08-28,0.008807261035464323,0.017873643715827864,0.2837352977679177,0.2468305810674604
2023-08-29,0.021575982037122434,0.017915859450236823,0.28440545177587806,0.2612873865248817
2023-08-30,0.018990658800215016,0.01791575781945772,0.28440383843727574,0.2720875031524074
2023-08-31,0.001171726230287279,0.017925457482408647,0.28455781581309153,0.2676166211645664
2023-09-01,0.008427655966770146,0.017954408353217613,0.2850173966394872,0.26856477056684325
2023-09-05,0.001265945831375288,0.017963219624698032,0.285157271237916,0.20141206341508164
2023-09-06,-0.03644957525331618,0.017982763134866957,0.28546751484382943,0.23291993044675574
2023-09-07,-0.029685726400977924,0.018055202467181525,0.2866174535944929,0.25547291389086774
2023-09-08,0.0034858105891787785,0.018149782304942373,0.28811886197302916,0.253917735142901
2023-09-11,0.006600656645966554,0.018166495476900947,0.28838417535275784,0.2548625933584528
2023-09-12,-0.017207810030482107,0.017859753439865993,0.28351479647289474,0.26209156899854763
2023-09-13,-0.011925622136593103,0.017896440402105272,0.284097183943556,0.2624807419874561
2023-09-14,0.008744043536441662,0.017931174127010712,0.28464856473279637,0.26217106265377654
2023-09-15,-0.004162464996480368,0.01797528713279637,0.2853488369901508,0.262010644587962
2023-09-18,0.016771798278701143,0.01806165894668145,0.28671994702910364,0.2631104303760038
2023-09-19,0.006161799968047402,0.018098815282100163,0.28730978556799414,0.2636445404671767
2023-09-20,-0.020194851492349508,0.01818530862306414,0.2886828247895169,0.27257863843374414
2023-09-21,-0.008928889760495402,0.018233760712174023,0.28945197785923465,0.2726039379348204
2023-09-22,0.004932085619767818,0.01830191969650128,0.2905339681921027,0.2610222993518731
2023-09-25,0.007353342486292433,0.018302158451283964,0.2905377583067786,0.24639536136701107
2023-09-26,-0.023676552714194825,0.018311054089598367,0.2906789721871771,0.25480003220048564
2023-09-27,-0.008937296559338923,0.018328505787411548,0.29095600930139426,0.2528938039644296
2023-09-28,0.0015244381151766125,0.018302241810150194,0.29053908158775626,0.23777676442528078
2023-09-29,0.003041651406727001,0.01831554254761472,0.29075022424926567,0.22473997960164677
2023-10-02,0.014726727658216329,0.018334644898401756,0.2910534646671009,0.2336761754864776
2023-10-03,-0.007799926196926166,0.018421842991998696,0.29243769148983956,0.22977535901849122
2023-10-04,0.007281855213351685,0.018483003302587297,0.29340858132138903,0.23260293334038745
2023-10-05,0.0071721458133569465,0.018522504189609004,0.2940356384631444,0.20370330803742448
2023-10-06,0.014642765717335351,0.018509955990361905,0.2938364419754873,0.18518353245949776
2023-10-09,0.008415771067056196,0.01854740846045114,0.2944309815065345,0.1871362795620041
2023-10-10,-0.003357918134900998,0.0185685739574747,0.29476697335553104,0.18603169962103622
2023-10-11,0.007872934468387691,0.014804764321525698,0.23501834768207336,0.1773234241466775
2023-10-12,0.005048700024377925,0.014946988983776584,0.23727609420176934,0.17146280726298715
2023-10-13,-0.010346239929528805,0.015057331916729595,0.2390277339589322,0.17437144640555952
2023-10-16,-0.0007271962636241381,0.015157255098535818,0.24061396529454956,0.17353489972701766
2023-10-17,-0.008823502115768714,0.015262267261151955,0.2422809816960658,0.16674009001081802
2023-10-18,-0.00742229259433807,0.015384826436838169,0.24422654829459456,0.16682927291599506
2023-10-19,-0.0021631701372389536,0.015490038244497049,0.2458967339629123,0.15149606481633274
2023-10-20,-0.014813522966172244,0.01559288326995641,0.24752934812858576,0.15712889537011762
2023-10-23,0.0006937870511166659,0.015669371105144932,0.2487435548699689,0.1560367884402961
2023-10-24,0.0025401616967437534,0.015730658634819216,0.24971646424189478,0.15386397801857057
2023-10-25,-0.013583421197171203,0.01580347779076369,0.2508724325057591,0.13804886706245173
2023-10-26,-0.024913405876089027,0.01588487228403716,0.2521645300295094,0.16006980806396462
2023-10-27,0.00793765148984474,0.015984949185152232,0.2537532015835043,0.16286128295392757
2023-10-30,0.012230344370639128,0.01607588874970097,0.2551968224162991,0.16852898376287076
2023-10-31,0.002814731928698879,0.016163158260902952,0.25658218295837076,0.16002202526369363
2023-11-01,0.018565240517607978,0.016267206669138227,0.2582339002333867,0.17121202489481807
2023-11-02,0.020482028885076907,0.01630989997247871,0.2589116354131073,0.18352973200871966
2023-11-03,-0.005194450221950415,0.016436161783115556,0.26091597951928625,0.1833402838187539
2023-11-06,0.014499400252060467,0.016454872128183973,0.2612129970392576,0.18320127673557415
2023-11-07,0.014347410091539973,0.01652796051765988,0.26237323925293454,0.18754585144387356
2023-11-08,0.005867656552344172,0.016622771599952072,0.26387831852460264,0.18772439469307617
2023-11-09,-0.0026281255189506665,0.013351614986153273,0.21195031712666795,0.18653219636894153
2023-11-10,0.022954630821852944,0.013419892657401487,0.21303419155599634,0.20151968392372793
2023-11-13,-0.008620663123925112,0.013463866517279113,0.21373225494053916,0.200322472308635
2023-11-14,0.014184590299762495,0.013535794035385247,0.2148740688925247,0.20473150762308548
2023-11-15,0.003036242891959427,0.013606704409919214,0.21599973619087265,0.2006715677057339
2023-11-16,0.00900142155552506,0.013705112649956257,0.21756191857145804,0.1980794076543713
2023-11-17,-0.0001051815584752245,0.01378890335341384,0.21889205475262558,0.19744200024456338
2023-11-20,0.009235326148516168,0.013804504793285122,0.21913971993258924,0.18616569716254217
2023-11-21,-0.004239845035571962,0.013859583242927543,0.22001406321470626,0.18834898555420285
2023-11-22,0.0035081826829123468,0.013933425724346344,0.2211862762668626,0.18823982736203138
2023-11-24,-0.007028716052739116,0.013987554002356573,0.22204553604193,0.1814508924191111
2023-11-27,-0.0009480122300994482,0.014050507635012708,0.22304489397874747,0.1473909512907923
2023-11-28,0.0032088021761820266,0.01409187655080369,0.22370160515789536,0.14759289562620181
2023-11-29,-0.005424223382749677,0.014153485592879468,0.2246796183809679,0.15077949404731758
2023-11-30,0.003058070901919083,0.014175696193142016,0.2250322007295529,0.15073497005435585
2023-12-01,0.006768207948243494,0.01426173091175431,0.2263979595469462,0.14281944600248164
2023-12-04,-0.009509664015734118,0.014282413757756027,0.22672628954849974,0.1384376764535853
2023-12-05,0.02084444019229178,0.014342583414124078,0.2276814532318322,0.147754545122793
2023-12-06,-0.00570320151315213,0.014391517672466894,0.22845826050083107,0.1468946226521273
2023-12-07,0.010088227065627795,0.014458406412885845,0.22952008633678447,0.14360640247578865
2023-12-08,0.007385062522522221,0.01453689827815985,0.2307661060695241,0.14405485983880995
2023-12-11,-0.013011554451474288,0.010624645756532412,0.16866102263965482,0.1536028528855128
2023-12-12,0.007888971606698738,0.010709670861584197,0.1700107543386398,0.13661477306513506
2023-12-13,0.016553713123899444,0.010771471592947536,0.17099181053481563,0.13957817204560613
2023-12-14,0.0007574908162576939,0.010848194943094122,0.17220975596025323,0.13399389907346312
2023-12-15,-0.0027296096339522054,0.010925002175193564,0.17342903297041126,0.13525976589079455
2023-12-18,-0.008539662273787762,0.01095834524282412,0.17395833775980202,0.13803091984810353
2023-12-19,0.005345867992506046,0.011081352482763455,0.1759110171578416,0.13850978918969942
2023-12-20,-0.010771712271880816,0.01116057022875954,0.17716855988981398,0.14224135858185816
2023-12-21,-0.0007703275485152556,0.011231642525064754,0.17829679761659328,0.1411860258883632
2023-12-22,-0.0055628771392838075,0.011329583943690536,0.17985156943701344,0.14264372912654144
2023-12-26,-0.0028449230648524434,0.011434522306752917,0.18151741430693302,0.14055779332297613
2023-12-27,0.0005177666846788285,0.011533122528274875,0.18308264429911092,0.14042424624892838
2023-12-28,0.0022238492115208516,0.011612395565470238,0.18434106475166112,0.14025586336134244
2023-12-29,-0.0054389899048477445,0.01170580427820806,0.1858238820968068,0.14026411435482156
2024-01-02,-0.03644258537973345,0.011755969146965875,0.18662022470051906,0.1901000582591426
2024-01-03,-0.007515746091960641,0.01179898042650502,0.1873030075959066,0.18909454686243476
2024-01-04,-0.012781573255773615,0.01188542940579207,0.18867534259764004,0.19111019583957772
2024-01-05,-0.004020978397939149,0.011942410149242631,0.1895798838577786,0.17225734146648375
2024-01-08,0.023887196579841743,0.011995751998929462,0.19042665947023987,0.19557154150046177
2024-01-09,-0.002265981001372861,0.0120697888679276,0.19160195832955348,0.19081022442825016
2024-01-10,0.0056555611896546175,0.012125564771893513,0.19248737335581526,0.18979638216299133
2024-01-11,-0.0032278435034838286,0.014326861716140608,0.22743187901352063,0.1858730127749643
2024-01-12,0.001776549185122585,0.014360481799533252,0.22796558129180577,0.18299714325055577
2024-01-16,-0.012393637175630865,0.014385597992030015,0.22836428848716933,0.17280969877474922
2024-01-17,-0.005186929790691885,0.01445853397034813,0.22952211124872293,0.17215615584935243
2024-01-18,0.032051376981902094,0.01450789825323911,0.23030574494579437,0.21247640218954356
2024-01-19,0.01541371246877086,0.014555742217633756,0.23106524433493636,0.21956240081672365
2024-01-22,0.012089931140092252,0.014648001949634577,0.23252982217633417,0.22325515142228075
2024-01-23,0.006631206466708262,0.014720117072514513,0.2336746142617772,0.22153821790972633
2024-01-24,-0.003490151164270601,0.014808965619445658,0.2350850412189528,0.22187069859988234
2024-01-25,-0.0016978753802200592,0.014824868413927049,0.23533749025504516,0.22106185302771605
2024-01-26,-0.009053794065970136,0.014915411738225602,0.23677482096887142,0.22315459885895175
2024-01-29,-0.003592293996848444,0.01502843300407286,0.2385689779426328,0.22345231399179472
2024-01-30,-0.019433498185128937,0.015064743264759746,0.23914538546153735,0.2327100217058395
2024-01-31,-0.019547229176611003,0.015140972611665589,0.24035548882864374,0.24079990108129354
2024-02-01,0.013252354261655748,0.015165286939856006,0.24074146682276845,0.21108058448517475
2024-02-02,-0.0054199009563588385,0.015227156973744096,0.2417236231624186,0.21022441186167343
2024-02-05,0.009798609882986014,0.015295752024734264,0.2428125358389573,0.2068947107058297
2024-02-06,0.008594672189489033,0.015311184128961448,0.24305751289890662,0.2072781239804982
2024-02-07,0.0005809787213818411,0.01530125905435043,0.24289995722391952,0.19151809155080549
2024-02-08,-0.005771440296271873,0.01527193580937582,0.24243446514090208,0.19264785117899488
2024-02-09,0.004085679387411676,0.015317411572575403,0.24315637050154384,0.19222672008190192
2024-02-12,-0.0090426324467157,0.013357628989635877,0.21204578647226102,0.19477606889790816
2024-02-13,-0.011338357931188167,0.013434135661316784,0.21326029223369072,0.19891301477911416
2024-02-14,-0.00482147529581229,0.013468009502186002,0.2137980227870339,0.1947332212572468
2024-02-15,-0.001576069800614503,0.013511424294845933,0.21448721125463155,0.19387555598995754
2024-02-16,-0.008465978909049038,0.013524770179646406,0.21469907060788054,0.15791454212477493
2024-02-20,-0.0041223677452774075,0.013552581149810911,0.21514055607252885,0.1454632860156003
2024-02-21,0.004177230404991396,0.013657338185581782,0.21680352246093298,0.13785204811961357
2024-02-22,0.011181089705893892,0.013696359779765289,0.21742297106475805,0.14262148626468973
2024-02-23,-0.010084805876248626,0.013753621307744879,0.21833196964111143,0.14492055648507327
2024-02-26,-0.007479067437108602,0.013794124966869832,0.21897494529650796,0.14566471354985938
2024-02-27,0.008081528530348058,0.013837190345957904,0.21965858699561053,0.14910389820724598
2024-02-28,-0.006647459184278273,0.013878640065136434,0.22031658088876965,0.1497791211331875
2024-02-29,-0.0036998339187235213,0.013901793497013487,0.2206841302252358,0.1368163525530708
2024-03-01,-0.006048699613352767,0.013934431054295555,0.22120223538504966,0.12196643750641988
2024-03-04,-0.025708816902432746,0.014018581342149037,0.22253807979153856,0.13755779634265947
2024-03-05,-0.02885324433061759,0.014041388325329574,0.22290012942544654,0.16407364287859655
2024-03-06,-0.00589571509523046,0.014060472688903354,0.2232030843051235,0.15607393151486273
2024-03-07,-0.0007096048371481861,0.014117590178322982,0.2241097963402237,0.1491118571001637
2024-03-08,0.010184524778303923,0.014198991101965562,0.22540199594291907,0.15739833242554055
2024-03-11,0.011762187841203225,0.014185769096705212,0.22519210311640422,0.1675442650038826
2024-03-12,0.002774650238353803,0.014221956893586159,0.22576656658265803,0.16680217171066497
2024-03-13,-0.012196523552202214,0.019171997322886204,0.304346022316518,0.16832788876890692
2024-03-14,0.010867890035601378,0.019181338617065925,0.3044943107644562,0.17404416357271207
2024-03-15,-0.0021989154305977346,0.019163083817030663,0.3042045247976971,0.17397412843232252
2024-03-18,0.006352277950969228,0.019196738705535423,0.30473877959000834,0.17697900784948528
2024-03-19,0.01349362912835745,0.01922530905637265,0.3051923198491193,0.18416908971128382
2024-03-20,0.014601954211642544,0.01921217606483423,0.3049838400716335,0.19225389409598065
2024-03-21,-0.0417155054964453,0.019224749202846583,0.30518343244991575,0.23774075276141515
2024-03-22,0.00529614309865073,0.019201099173292345,0.3048079998697167,0.23418088805493587
2024-03-25,-0.008335190560867282,0.019209958976455232,0.3049486448847206,0.23361330835865696
2024-03-26,-0.006694691178661223,0.01921400051445541,0.30501280231149674,0.23344575279253799
2024-03-27,0.020990744507355576,0.01922020523562674,0.3051112992065398,0.245228701690138
2024-03-28,-0.01061535891291246,0.01921215084732013,0.30498343975600756,0.2464575545601104
2024-04-01,-0.008491705386029311,0.019230479156093747,0.3052743926378119,0.24726429021236696
2024-04-02,-0.007023339287628424,0.019256964276847654,0.305694830895562,0.2474430895827404
2024-04-03,0.004785789788260748,0.019239746307701214,0.3054215041089036,0.23431565285076597
2024-04-04,-0.004904279225175616,0.01920605711826888,0.3048867048062478,0.21279531320074122
2024-04-05,0.004491667212221359,0.019164868644974967,0.3042328580629391,0.21243578294660603
2024-04-08,-0.006685709069029421,0.01916869493464746,0.3042935985284442,0.21373785924898914
2024-04-09,0.007216412538867072,0.019161847106954732,0.30418489263386833,0.21217024363236425
2024-04-10,-0.011201870919569631,0.019156580678710115,0.3041012906772714,0.21063251585961326
2024-04-11,0.04236098357155018,0.019124417367352133,0.30359071393811,0.2594718391954587
2024-04-12,0.008589550297288771,0.01768618179165529,0.280759431977992,0.256636797019247
2024-04-15,-0.022106155271407312,0.01768618179165529,0.280759431977992,0.2666702911451484
2024-04-16,-0.01935328855756438,0.01768618179165529,0.280759431977992,0.27487808740396774
2024-04-17,-0.008180592128471815,0.01768618179165529,0.280759431977992,0.274655400456595
2024-04-18,-0.005730880853986133,0.01768618179165529,0.280759431977992,0.2693716686905475
2024-04-19,-0.012287763088404152,0.01768618179165529,0.280759431977992,0.26389867792178034
2024-04-22,0.005078130144215655,0.01768618179165529,0.280759431977992,0.22626706696852106
2024-04-23,0.006371059400403732,0.01768618179165529,0.280759431977992,0.22670779165453256
2024-04-24,0.012622537411093643,0.01768618179165529,0.280759431977992,0.23035393093603107
2024-04-25,0.005133927098563532,0.01768618179165529,0.280759431977992,0.22999830873119703
2024-04-26,-0.003478766320602475,0.01768618179165529,0.280759431977992,0.21719085783322542
2024-04-29,0.024505069784948475,0.01768618179165529,0.280759431977992,0.23144076819183404
2024-04-30,-0.018439692505552246,0.01768618179165529,0.280759431977992,0.23879061207760413
2024-05-01,-0.006065377279396311,0.01768618179165529,0.280759431977992,0.2384541766549974
2024-05-02,0.021792640347870578,0.01768618179165529,0.280759431977992,0.24965320503395216
2024-05-03,0.05809555882808964,0.01768618179165529,0.280759431977992,0.31729648802890437
2024-05-06,-0.009148388673404355,0.01768618179165529,0.280759431977992,0.320499368163744
2024-05-07,0.003789918408074194,0.01768618179165529,0.280759431977992,0.318438844141755
2024-05-08,0.001862303647753761,0.01768618179165529,0.280759431977992,0.31825275823608384
2024-05-09,0.00996451365600707,0.01768618179165529,0.280759431977992,0.31432646852374835
2024-05-10,-0.006914127495957038,0.01768618179165529,0.280759431977992,0.2845629955825879
2024-05-13,0.01749155019304487,0.017248350752409592,0.2738090797013376,0.2887238860723167
2024-05-14,0.006154594479231205,0.017248350752409592,0.2738090797013376,0.27447564272038066
2024-05-15,0.012143974774447829,0.017248350752409592,0.2738090797013376,0.2621706288917901
2024-05-16,0.0006320045161921466,0.017248350752409592,0.2738090797013376,0.25813766430351764
2024-05-17,0.00015824271498399552,0.017248350752409592,0.2738090797013376,0.25559236284959247
2024-05-20,0.0061431530916872725,0.017248350752409592,0.2738090797013376,0.24664418669920893
2024-05-21,0.006833730433944147,0.017248350752409592,0.2738090797013376,0.24654296541764797
2024-05-22,-0.007566729591718004,0.017248350752409592,0.2738090797013376,0.2517534060048925
2024-05-23,-0.021283098436015675,0.017248350752409592,0.2738090797013376,0.26816326320813233
2024-05-24,0.016452035492942524,0.017248350752409592,0.2738090797013376,0.2711647515193958
2024-05-28,5.265746852614795e-05,0.017248350752409592,0.2738090797013376,0.26998334983988626
2024-05-29,0.0015777890255329252,0.017248350752409592,0.2738090797013376,0.2612473632953813
2024-05-30,0.005241362969396643,0.017248350752409592,0.2738090797013376,0.247612807318639
2024-05-31,0.005006067683534732,0.017248350752409592,0.2738090797013376,0.2439896037802173
2024-06-03,0.009216157869756535,0.017248350752409592,0.2738090797013376,0.23761575241335475
2024-06-04,0.0016478380901446253,0.017248350752409592,0.2738090797013376,0.1410972681821178
2024-06-05,0.007790499154828682,0.017248350752409592,0.2738090797013376,0.1350479030456026
2024-06-06,-0.007121787854967978,0.017248350752409592,0.2738090797013376,0.14008889933486532
2024-06-07,0.01231576155073182,0.017248350752409592,0.2738090797013376,0.1435456486530852
2024-06-10,-0.0193334523606798,0.017248350752409592,0.2738090797013376,0.16192172964433213
2024-06-11,0.07013152022917707,0.017248350752409592,0.2738090797013376,0.28233840594216786
2024-06-12,0.028177567951384257,0.016725912017080985,0.26551562188765804,0.29018873155668606
2024-06-13,0.005476159558594286,0.016725912017080985,0.26551562188765804,0.29020543462548803
2024-06-14,-0.008201949442050015,0.016725912017080985,0.26551562188765804,0.2936398124768678
2024-06-17,0.01948046831688746,0.016725912017080985,0.26551562188765804,0.29702531524527154
2024-06-18,-0.011045210295960742,0.016725912017080985,0.26551562188765804,0.30242818164727564
2024-06-20,-0.021747655160835225,0.016725912017080985,0.26551562188765804,0.3170635502887482
2024-06-21,-0.010499468927164886,0.016725912017080985,0.26551562188765804,0.32107021290127735
2024-06-24,0.0031277430350595556,0.016725912017080985,0.26551562188765804,0.3185073999316958
2024-06-25,0.004458337799162011,0.016725912017080985,0.26551562188765804,0.30483053682927036
2024-06-26,0.019795998917311906,0.016725912017080985,0.26551562188765804,0.30658111221927475
2024-06-27,0.003977995099310788,0.016725912017080985,0.26551562188765804,0.30600296745183736
2024-06-28,-0.01638766020397002,0.016725912017080985,0.26551562188765804,0.3152336107910638
2024-07-01,0.028689087067968216,0.016725912017080985,0.26551562188765804,0.3258998298455127
2024-07-02,0.016109481334685347,0.016725912017080985,0.26551562188765804,0.3277589924688133
2024-07-03,0.005794254495032921,0.016725912017080985,0.26551562188765804,0.32761323733197373
2024-07-05,0.021389893216534898,0.016725912017080985,0.26551562188765804,0.33118728805611014
2024-07-08,0.006517597923313741,0.016725912017080985,0.26551562188765804,0.33119076123965785
2024-07-09,0.003767807786684971,0.016725912017080985,0.26551562188765804,0.32738572319911274
2024-07-10,0.018628990350773394,0.016725912017080985,0.26551562188765804,0.3292291021119687
2024-07-11,-0.023494670793531035,0.016725912017080985,0.26551562188765804,0.33386731766481037
2024-07-12,0.012966477294968219,0.016725912017080985,0.26551562188765804,0.24680560883239044
2024-07-15,0.01660457870131926,0.014239418656928985,0.22604376348220473,0.23619534682708912
2024-07-16,0.001790288653562023,0.014257929511375509,0.22633761418672962,0.23635697006807657
2024-07-17,-0.02562143727793435,0.014254504466054944,0.2262832432778456,0.25499726872993816
2024-07-18,-0.020748553884112477,0.014269949986987693,0.22652843332139297,0.2613088525591492
2024-07-19,0.000579687919568722,0.01430760667782257,0.22712621475627334,0.25727997027788324
2024-07-22,-0.0015615172877677308,0.014326489026044982,0.22742596274166588,0.2427198747429429
2024-07-23,0.004677392639804134,0.014353748125952148,0.22785868753757285,0.23761623944718466
2024-07-24,-0.029175891441415892,0.014351591635805835,0.22782445431778142,0.2637800950041686
2024-07-25,-0.004816062480520214,0.014338703745005415,0.22761986539388898,0.26478817118923104
2024-07-26,0.0021587301442898927,0.014339158568529398,0.2276270854934983,0.25667645713954224
2024-07-29,0.0012838509071208737,0.014373190564265483,0.22816732667751963,0.256457516720531
2024-07-30,0.0025626268651607947,0.014393546177250728,0.22849046201597906,0.24863307537084794
2024-07-31,0.014879466870876195,0.014403919784796864,0.22865513793057302,0.23399662524545184
2024-08-01,-0.016892517060155307,0.014403320682852399,0.2286456274820428,0.2353478451056887
2024-08-02,0.006845850096571665,0.014457930356875861,0.22951252918190915,0.23572530075301404
2024-08-05,-0.049365705990390994,0.0144774703124568,0.2298227163604876,0.2772245495669084
2024-08-06,-0.00979590282496229,0.01447593394598187,0.22979832729879568,0.2753771954826114
2024-08-07,0.01242076777573001,0.01450469479815475,0.23025489167285806,0.2802432333329072
2024-08-08,0.016496386269200504,0.01450416118317057,0.23024642079759408,0.27815359190623234
2024-08-09,0.013642509887181598,0.014532947627857166,0.2307033914402168,0.27543181629437025
2024-08-12,0.007104555157224513,0.014553670962209114,0.23103236417440456,0.2720301131799429
2024-08-13,0.017047047586095453,0.016385774089862408,0.26011609968637,0.2724299995208203
2024-08-14,0.002031526339745476,0.01641866128969984,0.2606381677988928,0.2724812636783405
2024-08-15,0.013439917830377603,0.01644959645103447,0.2611292482608473,0.26452156669369276
2024-08-16,0.005901075443882924,0.016427520751807468,0.2607788073998123,0.25516576476482966
2024-08-19,-0.0007081442837952332,0.01643934517034106,0.26096651422483924,0.25519655592782264
2024-08-20,0.0027408714725653876,0.016431338677373425,0.26083941508924235,0.25521735311625693
2024-08-21,-0.0004857259299927835,0.016416594489377885,0.26060535836092363,0.2548029144138032
2024-08-22,-0.008293917792258075,0.016410685090322143,0.26051154955912764,0.2337109204453749
2024-08-23,0.010235543078494525,0.016430615005699093,0.2608279271575555,0.23452798064917935
2024-08-26,0.0014977013129365655,0.016434507611034557,0.26088972035157404,0.23453563418475945
2024-08-27,0.003734401560051904,0.01644207018411189,0.2610097724773803,0.23459128848152613
2024-08-28,-0.006776168907069845,0.016419344170052308,0.26064900818841985,0.2366036176308478
2024-08-29,0.014465077273154488,0.01641833306847531,0.260632957448482,0.23631695693477545
2024-08-30,-0.003443896986593339,0.016431380247098816,0.2608400749881751,0.22742401487884775
2024-09-03,-0.027582195409840964,0.016471030711823792,0.2614695066023576,0.24903647847715957
2024-09-04,-0.008656049477503452,0.016432845430180105,0.2608633340485247,0.17482610900528
2024-09-05,0.006903821490323698,0.016452832702238435,0.26118062215604226,0.16936885251955833
2024-09-06,-0.007039707711997132,0.0164802523145267,0.26161589500700566,0.169746480137043
2024-09-09,0.0004076032823670595,0.01651346090116279,0.26214306497679185,0.16198969102437852
2024-09-10,-0.003628047529207902,0.016518249906795686,0.26221908808438343,0.1569458011531185
2024-09-11,0.011518497367034124,0.016486750669227678,0.2617190531898249,0.15986226914425997
2024-09-12,0.0004938825789835336,0.013334493089379009,0.21167851544163743,0.14898335774803528
2024-09-13,-0.0012126050107506196,0.013332741408093898,0.21165070836329752,0.14893808463379327
2024-09-16,-0.028168377780723286,0.013335534661444966,0.21169504988559187,0.17041350486344833
2024-09-17,0.002170297742130168,0.01334415724664713,0.21183192918221222,0.16876741113291147
2024-09-18,0.01782974202841696,0.01335218436963195,0.2119593558091792,0.18222494056547053
2024-09-19,0.0363951767451903,0.013353595810468839,0.21198176173784733,0.2237461017563395
2024-09-20,-0.0029316917531639415,0.01335855800172866,0.2120605340820359,0.22404123158824266
2024-09-23,-0.007609837063132509,0.013368323488320207,0.2122155563757525,0.22371993836209628
2024-09-24,0.003966123923665201,0.013356383811729758,0.21202601988579528,0.22129142667989415
2024-09-25,-0.004407927841953525,0.013355146953311494,0.21200638536710495,0.22177028881567465
2024-09-26,0.005067410606849745,0.01335441745650457,0.21199480496430495,0.22211380631112984
2024-09-27,0.0011860010870499743,0.013374772387731826,0.2123179294801918,0.2208100371026502
2024-09-30,0.022614364430828277,0.013380684626259466,0.21241178335720678,0.22906027990499914
2024-10-01,-0.029574579331750773,0.013395919864476379,0.21265363526612743,0.25172434408259936
2024-10-02,0.002516505963106316,0.01341542361166402,0.2129632476542817,0.23185841898856993
2024-10-03,-0.004906717668419714,0.013433203864300238,0.2132455004146217,0.23028004036565847
2024-10-04,0.004994839389247269,0.013442956755020906,0.21340032275508694,0.229760674741608
2024-10-07,-0.022788547779381756,0.013460094414701175,0.21367237466849284,0.24275929655406825
2024-10-08,0.018236746214728466,0.013484105252121991,0.21405353489600815,0.2506902920635503
2024-10-09,0.016560498850388693,0.013487963487519657,0.21411478248417878,0.2556630272224877
2024-10-10,-0.002180565757251618,0.013475503927934156,0.21391699310752701,0.25363120659910915
2024-10-11,-0.0065266604838868,0.013785802439810155,0.2188428292752309,0.25508992794218643
2024-10-14,0.01634561284817792,0.013782886962306977,0.21879654750467242,0.2603584229499993
2024-10-15,0.010964224425503072,0.013776573236155968,0.21869632020922203,0.2378305209845474
2024-10-16,-0.008891361584587915,0.013768146721887373,0.21856255344217898,0.24178714711257832
2024-10-17,0.0015952740706488336,0.0137714290752755,0.21861465918685907,0.2358642205853085
2024-10-18,0.012201676028378306,0.01378175533442409,0.21877858346894372,0.2047835797035659
2024-10-21,0.00627814999523567,0.01378726583834856,0.21886606000684047,0.2048942252442709
2024-10-22,-0.002625164359778162,0.013794774859139734,0.21898526201645885,0.20275777433657075
2024-10-23,-0.02186014997350653,0.013790801313430188,0.2189221839338352,0.21861493513460703
2024-10-24,-0.0008236925596697234,0.01379337051681514,0.21896296877317997,0.21791021150630704
2024-10-25,0.0036364823576416627,0.013790506163948238,0.21891749858106221,0.2176195542472838
2024-10-28,0.008562672405012827,0.013791894028422227,0.21893953024657203,0.2192752939004708
2024-10-29,0.0011562054109304253,0.013765723553296656,0.21852408683332405,0.2049510908802065
2024-10-30,-0.015396018047432859,0.01376339816859804,0.2184871724956335,0.18385179795042061
2024-10-31,-0.018377192191068547,0.013756274235655664,0.21837408356610014,0.19530113841387506
2024-11-01,-0.013368646192611527,0.013751444602471533,0.21829741551612689,0.200022665895236
2024-11-04,-0.004045708472273717,0.013766333573749201,0.21853377060779666,0.19929478715200816
2024-11-05,0.006465203950369564,0.013760256428493121,0.21843729891762384,0.18422146855404412
2024-11-06,-0.0032722076410395735,0.013772198014401209,0.21862686571705892,0.17265134620956601
2024-11-07,0.021146926054968325,0.01377048943681235,0.21859974288868425,0.17902457346084935
2024-11-08,-0.0011888361710883652,0.013767014905059865,0.2185445864070474,0.17893527571976567
2024-11-11,-0.012101584819661835,0.013460692196115485,0.2136818641542567,0.18235688583808496
2024-11-12,0.0,0.013460328934583052,0.21367609755620254,0.17164074813106459
2024-11-13,0.0039612314210889605,0.013466075027088426,0.2137673139468801,0.16692063436410423
2024-11-14,0.013676629630882719,0.01346972631688868,0.21382527637553667,0.17296880953593705
2024-11-15,-0.01420972572986415,0.013463320796628025,0.2137235918937706,0.17890696639338002
2024-11-18,0.01333299345609152,0.013460865610882042,0.21368461702833255,0.18003304715288768
2024-11-19,0.001139454144490976,0.013455362268002355,0.21359725416849754,0.1781477830142131
2024-11-20,0.003149168054939831,0.01344964504697809,0.21350649609837397,0.1788621499561625
2024-11-21,-0.0020982982677535743,0.01344301845606114,0.2134013022287355,0.1626824969256536
2024-11-22,0.005890202773736386,0.013451273201589075,0.21353234225155374,0.16412458948604608
2024-11-25,0.012966370936938485,0.01345052510999825,0.2135204666657104,0.16987689487602697
2024-11-26,0.009360529387291922,0.01345153525676825,0.21353650224855697,0.1703845212830028
2024-11-27,-0.0005532952262558315,0.013451650781074598,0.21353833614006687,0.17039054946191823
2024-11-29,0.010164053964483975,0.013450764921969312,0.2135242735627315,0.16357655595337164
2024-12-02,0.009477610407346225,0.013452962311489396,0.21355915603995357,0.14865192461724427
2024-12-03,0.012690753731301477,0.01344768653896404,0.21347540574749854,0.13998018655870062
2024-12-04,0.0014826340577921936,0.013439888823562684,0.21335162085301987,0.1372128846128033
2024-12-05,0.00012340628273707047,0.013444522052222067,0.21342517107782003,0.13774231976923995
2024-12-06,-0.0008232493033495472,0.01345078579307219,0.2135246048812183,0.1363553294438434
2024-12-09,0.015972889432687393,0.013443427956888195,0.21340780285283587,0.12923072523660573
2024-12-10,0.004125196972770384,0.013447798741809753,0.21347718691245543,0.12788554354971968
2024-12-11,-0.005179439036908281,0.012871748598905884,0.2043326743874943,0.11870138023429964
2024-12-12,0.005945998449852517,0.013840442869536429,0.21971021920674344,0.11763900813979992
2024-12-13,0.0006853972735354901,0.0139619772784444,0.2216395181369898,0.11847423816855632
2024-12-16,0.011659484135205381,0.01389942206884636,0.2206464849701422,0.11672758394819346
2024-12-17,0.009672595130981274,0.013956136933046535,0.22154680552802897,0.0958465724397595
2024-12-18,-0.02165444410971981,0.01392985488834736,0.22112959100270715,0.1308605594787308
2024-12-19,0.006990059157491245,0.013888846222151564,0.22047859860859192,0.13081327331237533
2024-12-20,0.018641054768084406,0.01395093510751134,0.22146422910765093,0.13981239998644338
2024-12-23,0.0030602324920422715,0.013950585842385437,0.22145868469566232,0.13762539612246105
2024-12-24,0.011412703502856704,0.013919607142473572,0.22096691308022096,0.13925821975052344
2024-12-26,0.003170660732275668,0.013945071396752759,0.2213711455850876,0.1367834239515808
2024-12-27,-0.01333059760546277,0.01389368305748648,0.22055538098916447,0.14977892722005526
2024-12-30,-0.01335213781759899,0.013949371154098491,0.221439402116896,0.1608226964230981
2024-12-31,-0.007082945878119779,0.013905290988185826,0.2207396511763637,0.16273904936853975
2025-01-02,-0.02658616171226001,0.013818582993803407,0.21936320443746132,0.18921218537974635
2025-01-03,-0.0020114048125842404,0.013977751786147068,0.2218899306836042,0.18440220759725803
2025-01-06,0.00671621168658751,0.013982969901959987,0.22197276570412408,0.18576879851325911
2025-01-07,-0.011452988795137072,0.014091556063990575,0.22369651758745948,0.19025113545879124
2025-01-08,0.002020945345819096,0.013991084203598904,0.2221015762493213,0.19038182195386014
2025-01-10,-0.02439910524175786,0.013879376172620354,0.22032826623281365,0.19881063436126545
2025-01-13,-0.010397981154345072,0.013866002342610078,0.2201159632631118,0.19958291072373227
2025-01-14,-0.004789521127315873,0.013471634782766891,0.21385557233213306,0.1995249990353932
2025-01-15,0.019484886048476428,0.013396654095371552,0.2126652908202486,0.21197499015369375
2025-01-16,-0.04123899607434342,0.013381128991607327,0.21241883743841694,0.25141824504587895
2025-01-17,0.00750699792456,0.01340367738384649,0.21277678206839193,0.24855996332294175
2025-01-21,-0.03243620396100727,0.01340734255271634,0.212834964820448,0.26147349403609416
2025-01-22,0.005330735982338231,0.013340883460906346,0.21177995944471728,0.25803506493656525
2025-01-23,-0.0007598353518101169,0.013431007588569738,0.21321063561826112,0.25491603141961644
2025-01-24,-0.003942403994085478,0.013421273559026612,0.21305611268970712,0.23979003742251945
2025-01-27,0.03128567931408261,0.0133501185271204,0.2119265615759789,0.2715574424291166
2025-01-28,0.035892119876211076,0.013371970680072622,0.21227345374991644,0.3017526683945554
2025-01-29,0.004606248776426157,0.013416384568878443,0.2129785023771413,0.3022127820546004
2025-01-30,-0.0074221761809042195,0.013449663361585313,0.21350678683375038,0.300543382105628
2025-01-31,-0.006714777691679628,0.013378221639456735,0.21237268465383202,0.298669276811149
2025-02-03,-0.03444229542688905,0.01338964186174983,0.21255397506245965,0.3176309727934123
2025-02-04,0.02079025970009404,0.013421672424124904,0.21306244447684758,0.3184536795227368
2025-02-05,-0.001418625110453367,0.013418068777854807,0.21300523836578522,0.3184649170481176
2025-02-06,0.0032210985518090545,0.013385073701979387,0.21248145777424882,0.3174632882825039
2025-02-07,-0.02426067803105337,0.013411691465257579,0.21290400166679413,0.32510082198759577
2025-02-10,0.0011866194157452807,0.013401037063792516,0.21273486828692534,0.32495268836311353
2025-02-11,0.02159692967479855,0.01341078859848576,0.21288966910112261,0.325842967168566
2025-02-12,0.01810530840941033,0.013415832436780399,0.21296973755180762,0.3302014443355721
2025-02-13,0.019482183788990057,0.014119350464100804,0.22413774001065084,0.335910056658796
2025-02-14,0.012630594967861392,0.013782492978788936,0.21879029321021606,0.3321575690943527
2025-02-18,-0.0005315647253765999,0.01377478525591638,0.21866793690284372,0.29409716814818837
2025-02-19,0.0016346913736276455,0.013752927053119954,0.21832094869060678,0.29374692192367857
2025-02-20,0.00391285274048504,0.01377421880942149,0.2186589448435047,0.2639062292565746
2025-02-21,-0.0011396081644735152,0.013745345339880971,0.21820059272415385,0.2646838741863896
2025-02-24,0.006292526993913915,0.013779087744834854,0.2187362367970251,0.26405732523150827
2025-02-25,-0.00024293974720204436,0.01374265927224931,0.2181579527224054,0.26282244037936836
2025-02-26,-0.027412372531608897,0.013751836311359438,0.21830363370194927,0.2673984103254549
2025-02-27,-0.012812627568664548,0.013752665974847929,0.21831680420152377,0.24205381365508558
2025-02-28,0.018951147614888475,0.013732682980379633,0.21799958399864283,0.25054952034184264
2025-03-03,-0.015879648331593207,0.01373379291391437,0.21801720364727117,0.2555993908815833
2025-03-04,-0.00886161467129036,0.013771486577795726,0.21861557201106874,0.25643171485320526
2025-03-05,-0.0008056225157174363,0.013731089149938864,0.21797428272477315,0.2238462452093647
2025-03-06,-0.0017407488832486741,0.013748779294467701,0.2182551050632537,0.2128983482127525
2025-03-07,0.015767717021972816,0.013729218372016048,0.21794458504592115,0.21911222324476715
2025-03-10,-0.04969413952822101,0.0137753579623942,0.21867702833633101,0.2813585811299568
2025-03-11,-0.02962380670226798,0.01376875932969967,0.21857227828971432,0.28746017808102137
2025-03-12,-0.01763338945000845,0.013782336802722226,0.21878781399201655,0.29268037369064537
2025-03-13,-0.034222534378493756,0.013760246403876877,0.2184371397817744,0.29909320013106594
2025-03-14,0.018007449695951448,0.013777701202387471,0.21871422611803704,0.2989983558841228
2025-03-17,0.0023860442152827004,0.020112238123029567,0.31927188229469233,0.2870226446205476
2025-03-18,-0.006140313816847984,0.01975499564162972,0.3136008337135026,0.2791229465561502
2025-03-19,0.011917875237583938,0.019428740338881586,0.3084216913435767,0.285816484146904
2025-03-20,-0.005310391928647177,0.01912147362818182,0.3035439835274943,0.2844688366421416
2025-03-21,0.019289650746223203,0.018844618364448604,0.29914904246551055,0.2962328717583199
2025-03-24,0.011207322790328003,0.01857280614074459,0.2948341571821409,0.301646254745601
2025-03-25,0.013589159300328122,0.01831955162516202,0.2908138663823272,0.306136294760464
2025-03-26,-0.009971320874512928,0.01809620393715088,0.2872683317520549,0.3061958108866266
2025-03-27,0.010418206350687718,0.017846587801966848,0.2833057984504987,0.2995739270739978
2025-03-28,-0.02694003354278616,0.017692375729118023,0.28085775768696813,0.30902197052020575
2025-03-31,0.019226538745356993,0.017512821175448303,0.27800741751229247,0.3092817356236978
2025-04-01,0.004760559539634078,0.01730321724038329,0.2746800581962771,0.30759310024007813
2025-04-02,0.003131496519068399,0.017159350948596722,0.2723962516156032,0.30755123588841243
2025-04-03,-0.09701329087008287,0.01702977840959246,0.27033935132591225,0.448959535382095
2025-04-04,-0.07568032046579382,0.016853471056865205,0.2675405588681415,0.5071775328721608
2025-04-07,-0.03742591488083676,0.01671581810946958,0.2653553860718782,0.505809293379841
2025-04-08,-0.051101920416750976,0.01656502786452111,0.2629616651422692,0.507113390336952
2025-04-09,0.14261744902614956,0.01644485402190289,0.2610539645322923,0.736115959293031
2025-04-10,-0.04331863405620976,0.016327137016240195,0.25918526499989225,0.7469699724986028
2025-04-11,0.03979218842354236,0.016167985203183476,0.2566588082915735,0.7559554175942371
2025-04-14,0.021814247212016923,0.01612265064899997,0.2559391445545683,0.7573825576482658
2025-04-15,-0.001878136709860532,0.03402049638709098,0.5400586375152848,0.7571791133254793
2025-04-16,-0.039711549127792865,0.03261926835623113,0.5178148321167974,0.767946820446391
2025-04-17,0.013853250405553743,0.031397701694619966,0.49842306253773416,0.7684913159176999
2025-04-21,-0.019583364231764565,0.030351195455340672,0.4818102910100714,0.7703344519862538
2025-04-22,0.033497787465208734,0.029240533617145018,0.464179080922738,0.7774953521352896
2025-04-23,0.02404018813969398,0.02825659110670139,0.4485594778006275,0.781962728453535
2025-04-24,0.018258484389928813,0.027330332493450463,0.4338555781582665,0.7834229538053593
2025-04-25,0.004357773952154758,0.026425377941634545,0.4194898700067415,0.7834790004286949
2025-04-28,0.0041009269569146625,0.025841234855238166,0.41021688598664624,0.7824503046884016
2025-04-29,0.005079000062798506,0.025097057173982754,0.3984034315315672,0.7779602480692563
2025-04-30,0.006089009921960949,0.02434759156475744,0.386506033822333,0.7748783328162955
2025-05-01,0.003851392643997796,0.023766503047524326,0.37728153958444843,0.7747831480508156
2025-05-02,-0.03807750054973233,0.023366601082955275,0.3709332927021132,0.7843331514708624
2025-05-05,-0.03196390239753881,0.02298679320965123,0.3649040296296322,0.7167108309983872
2025-05-06,-0.0019125250163992628,0.022514924379772726,0.35741334417782283,0.6634623458593395
2025-05-07,-0.0114502071892861,0.02223587662262059,0.3529835983618134,0.6497291050366849
2025-05-08,0.006298709603308819,0.021699620961297867,0.344470803647751,0.6183608176146022
2025-05-09,0.0052522561730470926,0.021450436120485188,0.34051511693208564,0.3708005288258501
2025-05-12,0.061232534979605055,0.021076943909746803,0.3345861118946847,0.39336410056114424
2025-05-13,0.010101179983622185,0.020739000648811005,0.32922142894056666,0.3731067264506278
2025-05-14,-0.002821717127117096,0.020341756768525544,0.3229153778381008,0.36757914513141876
2025-05-15,-0.0041531193839410676,0.017702350716140697,0.2810161056969267,0.36799038213441954
2025-05-16,-0.0008989878747773597,0.017824870788381245,0.2829610515474996,0.33540235749619357
2025-05-19,-0.01180860671302216,0.017869824773997896,0.28367467394579665,0.33772869824900825
2025-05-20,-0.009238763777644482,0.017859728508938272,0.2835144007066865,0.33090974981991883
2025-05-21,-0.023329135189360545,0.017769770853111627,0.2820863671916246,0.32410626073628723
2025-05-22,-0.0036186981790262067,0.01771945884423741,0.2812876888109771,0.31289078142717286
2025-05-23,-0.030711201244835125,0.017707426776309158,0.28109668565400114,0.3213788660673416
2025-05-27,0.024983634850397583,0.017628516422294464,0.2798440226184555,0.33500632322434404
2025-05-28,0.0010483354048508517,0.01750270106278219,0.27784676570416555,0.3344668791866691
2025-05-29,-0.0023478901995321877,0.01746270343461164,0.2772118230411353,0.33342019902715536
2025-05-30,0.004491076894813233,0.01746768020999031,0.2772908269010332,0.33294434720095645
2025-06-02,0.00422304787156913,0.01741855286220921,0.2765109544322274,0.33303787886600505
2025-06-03,0.0077537796867919355,0.01735485229739683,0.2754997393150199,0.3084658931516094
2025-06-04,-0.0022163591491120667,0.01736043069107575,0.2755882935693577,0.2865754427726639
2025-06-05,-0.01085641755597907,0.017332771318062073,0.2751492146348728,0.28937955901305357
2025-06-06,0.016265311589657865,0.017322683869780597,0.2749890813577767,0.29079934367500865
2025-06-09,-0.01218652830788699,0.01721265645176463,0.2732424502449639,0.29429593277493865
2025-06-10,0.006037830522308634,0.017123938362762676,0.27183409424321153,0.29445123008838753
2025-06-11,-0.019380304664322945,0.017135797906498707,0.27202235866354096,0.205950290762842
2025-06-12,0.002110632335517544,0.017174199555165772,0.27263196593738853,0.20145771812541594
2025-06-13,-0.01390141153604722,0.017276157905628607,0.2742505045738547,0.20484131995876712
2025-06-16,0.00997799202842381,0.017256696015491103,0.27394155664577213,0.2102271180851553
2025-06-17,-0.014109671339226077,0.017338460601999138,0.27523952921748585,0.213496386019446
2025-06-18,0.004793205338059429,0.017486980439619364,0.2775972085481027,0.2132560013517822
2025-06-20,0.022235474358199368,0.017376566606585993,0.2758444432870565,0.22871828923729948
2025-06-23,0.0024844339906089923,0.01729570284917613,0.27456077093394793,0.2145289419387543
2025-06-24,-0.005973181643514452,0.017341377647109954,0.2752858358730441,0.2151642106752558
2025-06-25,0.0062708567997190896,0.017333060579970184,0.2751538065253085,0.18525849377750658
2025-06-26,-0.002782109146813589,0.017212043640940516,0.27323272217471595,0.16476442882390535
2025-06-27,0.0003979183634067224,0.017205919932787125,0.27313551132146346,0.1647370160395863
2025-06-30,0.02013598512579886,0.017128174971119875,0.2719013483159047,0.1782850993191023
2025-07-01,0.01283348104812217,0.017141712808631793,0.27211625482398155,0.1825017307437514
2025-07-02,0.021987282881436514,0.01710237879382888,0.27149184669657606,0.19559389632494692
2025-07-03,0.005211293611914645,0.017108147501465193,0.27158342209132763,0.19492571131324837
2025-07-07,-0.01700149564758342,0.01708193355205305,0.27116728854517547,0.20571908405634845
2025-07-08,0.0002856961320083142,0.016935112002078027,0.2688365686951418,0.20074825901226795
2025-07-09,0.005366268772479442,0.016882264564232443,0.26799764162734363,0.19456509857224347
2025-07-10,0.0059970332459500465,0.01681133086306385,0.26687160403015076,0.1883610694212499
2025-07-11,-0.005902207974138676,0.016810373374672397,0.2668564043731487,0.19008684861919883
2025-07-14,-0.012101822196916256,0.016733989222652925,0.26564384355104825,0.18126115872677628
2025-07-15,0.002346032753829585,0.016712684082116683,0.2653056349300112,0.18125988208928398
2025-07-16,0.005008724622513407,0.01666722161157814,0.2645839405838217,0.17152265225570956
2025-07-17,-0.0006663968221358684,0.013548909592864516,0.2150822719129014,0.170190697697485
2025-07-18,0.005508060298912894,0.013889706156694324,0.22049224964625555,0.15896617435092467
2025-07-21,0.006137078072563709,0.01416955969594184,0.22493478685647664,0.15915709004715778
2025-07-22,0.008995498343452922,0.014420376617924233,0.22891638205750925,0.14577885946863112
2025-07-23,-0.0011667067342310043,0.014739436928946817,0.23398130747468932,0.146511510896943
2025-07-24,-0.0018227390553003818,0.01500086193383995,0.23813130077133576,0.1440289690013928
2025-07-25,0.0005611306155064072,0.015264978925679445,0.24232402803593844,0.14380156433464503
2025-07-28,0.0007945872831611002,0.015344389110399436,0.24358462563794722,0.1425728091992769
2025-07-29,-0.013072685194727512,0.01540057055221109,0.24447647837793132,0.15292564195562733
2025-07-30,-0.010563477354532497,0.015515903762400161,0.24630733633033347,0.14470357795652034
2025-07-31,-0.0071048248399941715,0.0155967066722505,0.24759004275837967,0.14039116756970113
2025-08-01,-0.02532152842779553,0.015619561349924854,0.24795284951890495,0.1424288826116455
2025-08-04,0.00478153497173791,0.015795277672485356,0.25074225966364433,0.14215043665635316
2025-08-05,-0.0021168857193060897,0.015867249655833467,0.2518847794794634,0.13176654150988804
2025-08-06,0.049653393530185774,0.016024097385842005,0.254374660003309,0.22131763810066885
2025-08-07,0.03129869520106027,0.016010240808109776,0.2541546936510975,0.2451158797125289
2025-08-08,0.041485325469322876,0.01616330964803167,0.25658458615453644,0.28071631029639016
2025-08-11,-0.00837230955100568,0.016239483173862576,0.2577938033895496,0.2819036985113056
2025-08-12,0.010813739262220462,0.016329023983100252,0.2592152196701558,0.27702100117762374
2025-08-13,0.015897409188223566,0.016431205311930656,0.260837297978472,0.2795804431139314
2025-08-14,-0.0023600172840491777,0.016385728630198108,0.2601153780365715,0.2808306087594181
2025-08-15,-0.005125246266400223,0.015283700743288822,0.24262122767685157,0.2823691188054899
2025-08-18,-0.0030271086609148412,0.015494810447533919,0.2459724903375611,0.2836102160812394
2025-08-19,-0.0014302831382129908,0.015552018598580806,0.2468806415813764,0.28420449845552
2025-08-20,-0.01993191516264375,0.01583531756695773,0.2513778732834153,0.2951786327664459
2025-08-21,-0.004923337094260738,0.015965265363936065,0.25344073060876765,0.2960626035786449
2025-08-22,0.012636571111288266,0.01618788640804941,0.25697473012476835,0.297704951192696
2025-08-25,-0.002637850248934095,0.016259246555835348,0.2581075373521428,0.2982510435933828
2025-08-26,0.009420191929208597,0.016436070365534947,0.2609145283101837,0.2989714870958846
2025-08-27,0.005132723136336729,0.016461460558889404,0.26131758513431813,0.29297527844866006
2025-08-28,0.00894079103525418,0.016574682660376133,0.26311493027501814,0.28834534586005794
2025-08-29,-0.0018076532753705872,0.01665605075862479,0.26440660879073946,0.2860885889066247
2025-09-02,-0.010479415315868323,0.016669966128022514,0.2646275084317073,0.27019742626672155
2025-09-03,0.03738232170686491,0.016639108667473087,0.2641376614314787,0.29101040848088616
2025-09-04,0.005478258508480344,0.016581737156906966,0.2632269169356903,0.28898402081247715
2025-09-05,-0.00037544004701183827,0.016652066757956857,0.26434336474079667,0.2470536210449579
2025-09-08,-0.0075800439522243105,0.016760890027186993,0.26607088058423645,0.2324121389758341
2025-09-09,-0.014950592233048619,0.01678112638461875,0.26639212279947394,0.1964564244486609
2025-09-10,-0.03279128326264767,0.016890206586205693,0.26812371731763296,0.2270852856194281
2025-09-11,0.014185282152052413,0.016946133244870085,0.26901152550054164,0.2294119711433581
2025-09-12,0.017410513088878223,0.016961033132965347,0.2692480538913182,0.23078235620570547
2025-09-15,0.011173207622585361,0.016974435101232116,0.2694608035419941,0.23367070248223262
2025-09-16,0.0061072678411055875,0.016845410132585673,0.2674125956622557,0.23332420651405852
2025-09-17,0.0035210509004652986,0.01696953657249239,0.2693830418089816,0.23288565103900724
2025-09-18,-0.00465544610939042,0.01704902300135564,0.2706448497492423,0.23368833371752126
2025-09-19,0.03153063426328445,0.017152145713449654,0.27228187205358195,0.24209909066084795
2025-09-22,0.04219290013168558,0.01717029402646708,0.2725699675913387,0.2733657011764339
2025-09-23,-0.006464126391678221,0.016970304928355332,0.26939523908017204,0.27568150735702623
2025-09-24,-0.008367236857623894,0.01695834404852017,0.26920536599913986,0.27845354873743666
2025-09-25,0.01791156533826258,0.016924849504047143,0.2686736565894217,0.28168674851504494
2025-09-26,-0.0055042148040742,0.016936437652472283,0.26885761274275344,0.2842147385758124
2025-09-29,-0.004040113676564628,0.01686994815215027,0.2678021246468595,0.2854428079736286
2025-09-30,0.0007858087357872592,0.016894695285247088,0.26819497320587543,0.2848867443210724
2025-10-01,0.0032151298202565005,0.01716096717813345,0.2724219084640979,0.2797764372022638
2025-10-02,0.006555105475919997,0.016930678706144727,0.2687661923039746,0.25409782086494836
2025-10-03,0.0034552785601604428,0.01695443644314945,0.2691433346869436,0.25400477269031535
2025-10-06,-0.005167971387568354,0.0167988708670007,0.2666738077246312,0.2554623771441858
2025-10-07,-0.0008183388500996244,0.01672580165808091,0.26551386999284327,0.252907248183526
2025-10-08,0.006141440918380204,0.016806291606346713,0.26679160830975385,0.24382074028392814
2025-10-09,-0.01570053155599148,0.016825530803324915,0.2670970210935273,0.21645860142055573
2025-10-10,-0.03513201331059678,0.016632266037900734,0.2640290380545056,0.25519862617933137
2025-10-13,0.009697244813388845,0.016704711402750306,0.26517907256869344,0.2510973558241091
2025-10-14,0.00044402022615236544,0.016785829446567015,0.26646678159336773,0.2492728002877776
2025-10-15,0.006316514957929752,0.018251045804152904,0.28972637018782466,0.24931542507900203
2025-10-16,-0.007608847967879364,0.018170592081853076,0.28844920694029585,0.2515360283500226
2025-10-17,0.019370592698148312,0.0181532085322712,0.28817325164571267,0.25763494437695866
2025-10-20,0.03868092101339173,0.018354396804621805,0.29136701645776725,0.2686374264359301
2025-10-21,0.002018888131504994,0.0181931890500762,0.28880792269011035,0.228030748877047
2025-10-22,-0.016576708850049894,0.01792951681833868,0.2846222557732452,0.23491582934200436
2025-10-23,0.0043625258369113535,0.01807863969496058,0.28698950805123785,0.2328227068736234
2025-10-24,0.012404704167094445,0.018143631535352645,0.2880212215327927,0.22863156960006936
2025-10-27,0.022535353479356313,0.018049849996017137,0.28653248574888923,0.2388456251128445
2025-10-28,0.0007065287393462459,0.01810893198734745,0.2874703832850241,0.2377902293149053
2025-10-29,0.002598862988010724,0.01802049652227313,0.2860665137990342,0.23769389689230563
2025-10-30,0.006283466664280875,0.017949015827660716,0.28493179295011456,0.2380089389263257
2025-10-31,-0.00380226296753672,0.017729072558557532,0.2814403017945771,0.23869942255135917
2025-11-03,-0.004894298833628012,0.017712231788770752,0.28117296286212085,0.23997927438612046
2025-11-04,0.0036729963281676823,0.01765364733792702,0.28024296353635403,0.23860536356805453
2025-11-05,0.00037029726863190167,0.017503849783802518,0.277865001085039,0.23843792366689387
2025-11-06,-0.0013707172835239541,0.01734387183410536,0.27532542986412295,0.2384008892991721
2025-11-07,-0.0048305427121975416,0.017357144123368237,0.2755361209244314,0.23102652645029223
2025-11-10,0.004538380514148896,0.017406900171914083,0.2763259737084728,0.185760189794036
2025-11-11,0.021371148071028613,0.017397413420097544,0.27617537619213467,0.19407547907188416
2025-11-12,-0.006487862890758322,0.017300620587941205,0.27463883761665897,0.19761325638235294
2025-11-13,-0.001903213145158224,0.01343409476106062,0.2132596429622525,0.19883760833721473
2025-11-14,-0.001980466546235507,0.01418048891701021,0.22510828286229997,0.19549870483381215
2025-11-17,-0.018338285065585238,0.014593277680244455,0.23166110133141837,0.2031465060095293
2025-11-18,-7.464947758260898e-05,0.015155749574886903,0.24059006584754183,0.15580663693946592
2025-11-19,0.0041789849317348,0.015432691647305659,0.24498638495468703,0.15616718298187257
2025-11-20,-0.008638554808404069,0.015762224493561957,0.2502175567148157,0.1470084482229109
2025-11-21,0.01948948732721377,0.01594897439160696,0.25318211944037816,0.15957147312610245
2025-11-24,0.016185769721398423,0.01604046562372508,0.25463449772434277,0.16312151159365465
2025-11-25,0.0037982730766835957,0.016199815879962193,0.25716410462048966,0.14593290752070393
2025-11-26,0.0020917682533082623,0.016462398297178646,0.26133247126816733,0.1459204691683728
2025-11-28,0.004672971434540764,0.01664939332344438,0.2643009252835981,0.14628722853919332
2025-12-01,0.0151262172065036,0.016705090620845058,0.26518509246932165,0.15288610276022963
2025-12-02,0.010855696011275954,0.016744072815658158,0.26580391562753125,0.15423524533998734
2025-12-03,-0.007153684504557431,0.01689358933496515,0.26817741678942497,0.15583720567028317
2025-12-04,-0.012215789741831256,0.016981758586150707,0.26957706026094364,0.16402323941870933
2025-12-05,-0.00686355564689062,0.01700597952188989,0.26996155569586655,0.16675897724096
2025-12-08,-0.003197540392983899,0.01704950828254027,0.2706525533492251,0.1672807390285025
2025-12-09,-0.0025583326534953568,0.017025353166429058,0.2702691027685042,0.16638720810333976
2025-12-10,0.005755873046479309,0.017217696164399932,0.2733224532028374,0.16671433592137785
2025-12-11,-0.0026938721785778564,0.017188359378995287,0.2728567461721568,0.15089081237647034
2025-12-12,0.0008988005844432756,0.017390992158583526,0.2760734418257183,0.14874823772979914
2025-12-15,-0.015098408555415868,0.01357510023010315,0.2154980353897718,0.15850657679427976
2025-12-16,0.0018224664254049999,0.014017095626366646,0.22251449478466376,0.15839423630968433
2025-12-17,-0.010138247658845124,0.014334118441733752,0.2275470759610332,0.14841506397888363
2025-12-18,0.001286746577224654,0.014748784951466943,0.2341297027317202,0.14839196106103306
2025-12-19,0.005422681951884745,0.015144008220436463,0.24040367762395626,0.14880670450404512
2025-12-22,-0.009914939859583293,0.015715625948286044,0.249477827741271,0.14989901077024836
2025-12-23,0.005116600880012278,0.016101469953427473,0.2556029114360871,0.13488039908586533
2025-12-24,0.005309660095674185,0.016226905855689106,0.2575941446532668,0.1233604233678709
2025-12-26,-0.0014985148401437073,0.01634514997904142,0.2594712119195772,0.12246910635542278
2025-12-29,0.0013160418504418513,0.016404188081664838,0.26040841274408927,0.12228219792906203
2025-12-30,-0.002487138437606135,0.01661110258225779,0.2636930786114217,0.12085876531379222
2025-12-31,-0.004477584501558454,0.016951399720692838,0.2690951282124181,0.10608524213935187
2026-01-02,-0.0031314907649584198,0.0169939385422228,0.26977041106942234,0.09536977943758881
2026-01-05,-0.013933739398968666,0.017052202335108922,0.27069532010791864,0.10210713457124784
2026-01-06,-0.018504426184870557,0.01713378891741066,0.2719904669504592,0.11123788765181257
2026-01-07,-0.007767587254826069,0.01730827511081322,0.2747603494002042,0.11165454023705583
2026-01-08,-0.004967410582383972,0.017540267715810198,0.27844311783317244,0.11181016228824579
2026-01-09,0.0012730781005779077,0.017367674361615595,0.27570328327432403,0.11293189464225656
2026-01-12,0.0033871684089656568,0.017416274953866554,0.27647479375832296,0.11085393667115061
2026-01-13,0.003069160037768495,0.017517944107707354,0.2780887415407377,0.1130114038752899
2026-01-14,-0.004184200562639289,0.017887356418726765,0.2839529801779558,0.11217001513725675
2026-01-15,-0.0067546064536927915,0.014170846339842898,0.22495521169520521,0.10452151977967836
2026-01-16,-0.01043328271118352,0.014471517909557287,0.22972822489383538,0.10623323262625077
2026-01-20,-0.03516681140302266,0.014842868759560453,0.23562323688340034,0.15177026089579743
2026-01-21,0.0038434513252299496,0.015359702956514475,0.24382772540856504,0.1532751828765789
2026-01-22,0.002822574664753265,0.015758225488945156,0.2501540744845686,0.15140772006810568
2026-01-23,-0.0012490498169329728,0.01621307083956345,0.2573745205809485,0.15056501511257853
2026-01-26,0.029280096957102087,0.016361163887170654,0.2597254248301464,0.18803113605762328
2026-01-27,0.011135311634926056,0.016598321990477987,0.26349019300667614,0.19233213166943386
2026-01-28,-0.007110624097650485,0.016852972334386266,0.26753264189422643,0.19284199272711391
2026-01-29,0.007149452337149825,0.0168367034730574,0.2672743817270842,0.19554572973630954
2026-01-30,0.004635398415236556,0.01685666993455145,0.2675913394771354,0.19722573589492462
2026-02-02,0.039779460893500804,0.016906227100010794,0.26837803509005564,0.24519691296358598
2026-02-03,-0.001964837922112354,0.0169092623197844,0.26842621771022795,0.2450619381489267
2026-02-04,0.025680287047938025,0.017183770675560834,0.27278390276339004,0.2554330644932999
2026-02-05,-0.0020997961220096443,0.017050097928551708,0.27066191368947207,0.24526995110288616
2026-02-06,0.00797784107081465,0.017129031890679297,0.27191495149219164,0.2431025197794676
2026-02-09,-0.011729000497211482,0.017197364997975098,0.27299970594149353,0.24704295690683986
2026-02-10,-0.003428831498793266,0.017355614682342785,0.2755118418008417,0.24795058579089735
2026-02-11,0.006628103245317512,0.017206768335946844,0.2731489793040963,0.24833379524951688
2026-02-12,-0.05127407257936166,0.017151276108678174,0.2722680675057964,0.3109329949306127
2026-02-13,-0.022995839415095466,0.017062981792899192,0.27086643869540566,0.3209193598729888
2026-02-17,0.03117681438621338,0.02766633087774661,0.4391893871528692,0.3383688558652014
2026-02-18,0.0017795532383034164,0.02708044496359934,0.4298887365999327,0.33576821981065413
2026-02-19,-0.014364224365880748,0.026497488904891994,0.42063459606022463,0.3140501392128402
2026-02-20,0.015233823534795543,0.025739876256824473,0.40860786811880206,0.3170593641292472
2026-02-23,0.00602904668779855,0.024853220278219054,0.3945326408116508,0.31720663627250967
2026-02-24,0.022144036649487702,0.0239435987007836,0.38009284592521586,0.32323056450485443
2026-02-25,0.007650520846136862,0.023466999770436325,0.3725270724563061,0.3107467432540485
2026-02-26,-0.0046786052410885525,0.02289481070859261,0.36344385269300716,0.3106346646180477
2026-02-27,-0.032657957379533524,0.022510183621993144,0.3573380869811582,0.33260658113541036
2026-03-02,0.002041924719824955,0.022122298631650928,0.35118060365071707,0.33197584351300746
2026-03-03,-0.0036708976244395467,0.021756374534197338,0.3453717386871893,0.332145189620707
2026-03-04,-0.004674468498819032,0.021530342474642594,0.3417835909797317,0.30065317749715065
2026-03-05,-0.008530831338801404,0.02162728507062398,0.3433225069822262,0.3016960413093917
2026-03-06,-0.01093213459894777,0.02112486866084719,0.33534689373302246,0.2862329435215085
2026-03-09,0.009355669414157603,0.020701468050231115,0.32862561740916424,0.2895950273337625
2026-03-10,0.003648874557014285,0.020451590067348025,0.32465892740424956,0.2879475371206909
2026-03-11,-7.670972662595488e-05,0.020367178084919165,0.32331892872516527,0.2863274445132119
2026-03-12,-0.0195526595655038,0.020252559343013777,0.32149941260515275,0.29240046147506393
2026-03-13,-0.02229865363447962,0.020187530119154834,0.3204671056794589,0.29724876405179074
2026-03-16,0.010737011185857437,0.01989482334236047,0.3158205296486918,0.24812939379726848
2026-03-17,0.005561553592463054,0.01963582031994548,0.3117089841319469,0.23662744587439852
2026-03-18,-0.017018440434935896,0.01882009180962763,0.2987596954780696,0.21365749791926686
2026-03-19,-0.003928637969992818,0.0187552906051525,0.29773100824787774,0.21310274689799796
2026-03-20,-0.0039038546496206693,0.018794924071214976,0.29836017001665877,0.20902703639759332
2026-03-23,0.014014812591042392,0.018872370584655126,0.2995895953034887,0.20777325207746214
2026-03-24,0.0005962460475602484,0.018986740050885128,0.3014051542948314,0.2058341493464244
2026-03-25,0.0038868788463975487,0.018878937976136004,0.2996938494112135,0.18694616993267937
2026-03-26,0.0010682625170895263,0.018801943814631343,0.29847160498874187,0.18333539204042743
2026-03-27,-0.016305280196262602,0.01906342309727846,0.3026224599180209,0.18834682599920022
2026-03-30,-0.008760109701824332,0.019080952901737055,0.3029007369367951,0.15911318212992098
2026-03-31,0.02861786495948073,0.019330470248754363,0.30686170202482155,0.1932669632768743
2026-04-01,0.007223978636376895,0.01914794419221004,0.30396419070438796,0.19575473532127474
2026-04-02,0.0011338123573076417,0.019082413542737386,0.3029239238938448,0.19559782323419686
2026-04-06,0.01142239161475063,0.01905020022492014,0.30241255332675254,0.1983841369348742
2026-04-07,-0.020923456036972127,0.019039130078323484,0.30223682019752185,0.20794383564717284
2026-04-08,0.02107802518992581,0.018883753043301543,0.29977028623281005,0.21879520241617104
2026-04-09,0.006122567123347408,0.018880566345312325,0.2997196989705124,0.21950727902278025
2026-04-10,-3.8345556912621514e-05,0.018778564989443927,0.29810047764439734,0.21950728711146433
2026-04-13,-0.0049260673756055485,0.018776658679544492,0.298070215912903,0.20872469807336216
2026-04-14,-0.0014286068821369137,0.01885313916810892,0.2992843060302442,0.19165249757293837
2026-04-15,0.028940120889102108,0.018774393294212207,0.2980342540356252,0.21185952492875645
2026-04-16,-0.011437796552710188,0.018882159477223437,0.2997449891555676,0.2168855034217348
2026-04-17,0.025599724502604514,0.016478701211353485,0.26159127200748084,0.22078363561269837
2026-04-20,0.010381401662850636,0.016930105897698694,0.2687570992517921,0.22010384113680773
2026-04-21,-0.02551957602598669,0.01720225348710096,0.27307730830057675,0.24202240989546336
2026-04-22,0.025959122658055597,0.017306389926277036,0.27473042302345496,0.2519746609948133
2026-04-23,0.0009512419139857489,0.01761317431849952,0.2796004742710757,0.2519183399037117
2026-04-24,-0.00870548556450589,0.017589005975431303,0.27921681371892176,0.25570910178579226
2026-04-27,-0.012809554739298108,0.017752943561394407,0.28181924221688964,0.26172116925620137
2026-04-28,0.011517520751980868,0.017837721276134807,0.28316504671643045,0.2539018534478743
2026-04-29,-0.0019966978339397375,0.01795487490600254,0.28502480293534166,0.2506731582542638
2026-04-30,0.0043581493936293405,0.018234330849797836,0.2894610285134288,0.23464427638920196
2026-05-01,0.03187991038650981,0.01834756836594434,0.2912586183542667,0.25468006536325266
2026-05-04,-0.011885962197690256,0.018257715759164787,0.28983225244112926,0.26068101545755945
2026-05-05,0.026204338554427865,0.01820934885724226,0.2890644516760873,0.27099523502171774
2026-05-06,0.011649801728447845,0.018260801514741215,0.289881237292301,0.255632508733522
2026-05-07,-0.00024353676707370125,0.01843173465474105,0.2925947167678547,0.250397878497058
2026-05-08,0.020250074126795237,0.018429250336878967,0.29255527944441045,0.25593169987700476
2026-05-11,-0.0012634684139431265,0.018518066014358552,0.2939651846152187,0.2563098440017275
2026-05-12,0.007217281916175962,0.018142737374890982,0.2880070271755102,0.2534659478012703
2026-05-13,0.013711560991706276,0.018290611892549716,0.29035446236932205,0.25317128060771565
2026-05-14,-0.002210772244144634,0.018463428175306835,0.2930978358093898,0.24172997990145917
2026-05-15,0.006750976522238501,0.0188079557578036,0.29856704162792214,0.23383993098657455
2026-05-18,-0.007992466908238653,0.012960912881067797,0.20574811348607439,0.22773747544278786
2026-05-19,0.003786820722815226,0.013691693635611896,0.21734889832268933,0.22679977650033567
2026-05-20,0.010911251503184886,0.014305202677773092,0.22708805243857713,0.19982816885588228
2026-05-21,0.009024467670268961,0.014746299424107634,0.23409024620810273,0.18680611384427268
2026-05-22,0.012479649444335736,0.015262898232250402,0.24229099805173154,0.18769838170629113
2026-05-26,-0.0015880121843198519,0.015630465588686825,0.24812594894290882,0.18229029868246271
2026-05-27,0.008139905925081868,0.0159534121983024,0.25325256743767444,0.1687363181607864
2026-05-28,0.005325999563197865,0.016293900048983595,0.25865764450172246,0.16809107152704336
2026-05-29,-0.0014410307239461104,0.016441921632561453,0.2610074142946243,0.16773191490064998
2026-06-01,-0.0185978161231111,0.0167649930785551,0.26613601450545565,0.1895592021233785
2026-06-02,0.02860974364520492,0.016853757481442223,0.2675451057173425,0.1841549156267192
2026-06-03,-0.0157967095998125,0.01700569332427464,0.26995701244957193,0.1892765966831282
2026-06-04,0.0031215368741391546,0.01697591540932196,0.269484302704411,0.17366675016899516
2026-06-05,-0.012577609274253502,0.017485273551821615,0.2775701125443303,0.1810010898782902
2026-06-08,-0.01905190902330898,0.017343248747035436,0.2753155386635299,0.19659099739856054
2026-06-09,-0.03712706918079524,0.01774161631034874,0.28163942768106065,0.22854901790937002
2026-06-10,0.0035387281174611347,0.017781565542010123,0.2822736020733254,0.22892763041163292
2026-06-11,0.013794324313997033,0.017835213250319518,0.28312523304089654,0.23270769543533074
2026-06-12,-0.015338769356976291,0.0180613626626833,0.28671524366644435,0.2331097269435286
2026-06-15,0.018007493246393634,0.018567325491622735,0.2947471545745431,0.24239574558023866
2026-06-16,0.009468481540986734,0.018475908078825223,0.2932959481359642,0.24356983151581454
2026-06-17,-0.011055331985774613,0.01816041447575387,0.28828764245221306,0.24503793331615187
2026-06-18,0.0069365133751416366,0.018269549396352183,0.29002010560774855,0.24594158780606656
2026-06-22,-0.0033612346094813285,0.01825516051068415,0.2897916891290228,0.24280077120501972
2026-06-23,-0.009166227388095017,0.01818834281408185,0.2887309910786957,0.24167004071904594
2026-06-24,-0.004154050285409865,0.018075902418835468,0.28694605513985727,0.23618066752339753
2026-06-25,-0.06312918215256177,0.017929270417577848,0.28461834428242905,0.31595657405549293
2026-06-26,0.030882904454319803,0.017870458106725492,0.2836847277911629,0.3373542941792767
2026-06-29,-0.00721466060725805,0.01798984901574584,0.28557999971558157,0.3356201377761032
2026-06-30,0.02668691184994011,0.017946665358902443,0.28489448041532167,0.35300457520621503
2026-07-01,0.017199929330940868,0.01792318213126175,0.28452169573341135,0.3556081097276793
2026-07-02,0.047271697894878145,0.017894368078814653,0.2840642868311774,0.3807632046250403
2026-07-06,0.012973185615845364,0.017826457914396895,0.28298624639192,0.3797205333182682
2026-07-07,-0.0064172715140114545,0.017773284948405597,0.282142151725012,0.38028595098461776
2026-07-08,0.008749389702145728,0.017737007825414663,0.2815662702507225,0.3786326645966505
2026-07-09,0.00898970969223071,0.017711151452981844,0.28115581306314147,0.37239724452401896
2026-07-10,-0.0028501583226974415,0.017966574640690156,0.28521053046567485,0.3446067220941603
2026-07-13,0.0062911868943995525,0.017872628081719768,0.28371917507627936,0.3447026778731528
2026-07-14,-0.0077511572511698955,0.017846499642004215,0.2833043989544784,0.3450901949509801
2026-07-15,0.039360006012478126,0.017818656433329146,0.2828624017193405,0.36015429598838383
2026-07-16,0.017434940338492192,0.017882848827016126,0.28388142437788677,0.3599112563393141
2026-07-17,0.001439222043781139,0.017916575960818144,0.28441682602873763,0.35989251716584125
2026-07-20,-0.0216566670967116,0.012755478531522542,0.20248694428819203,0.36771305425366646
2026-07-21,0.0035150309603428622,0.013343881295824358,0.2118275485987054,0.367640821910807
2026-07-22,-0.005660635258418789,0.013881149285602494,0.22035641352879662,0.36834817351051286
2026-07-23,-0.013064847610259141,0.014491160851705955,0.23004004693349342,0.370401712586703
2026-07-24,0.03470741679444188,0.01498076607800877,0.23781228894986192,0.38354447293637794
2026-07-27,0.011613327993052387,0.015440534615370458,0.2451108882129275,0.289448615702647
2026-07-28,0.009365001326460403,0.015591776308417927,0.2475117756589353,0.2789610883801439
2026-07-29,-0.005572969622900951,0.015790022783886547,0.2506588408932455,0.27784279141108803
2026-07-30,-0.01417494863771797,0.016020346278545115,0.25431511302101684,0.28054890885345785
2026-07-31,-0.0763829421141604,0.01635183114389153,0.259577272123547,0.39894619749524746
2026-08-03,-0.017931955617150903,0.01662858739049949,0.2639706413373969,0.3691508111718647
2026-08-04,0.019452282016534168,0.016939046999411317,0.26889903484126326,0.3728627208168612
2026-08-05,0.005222601588142109,0.01698778856661267,0.2696727832332212,0.37271625789362733
2026-08-06,0.0045235272393835116,0.017237114779267256,0.27363071415730306,0.37176002077833864
2026-08-07,0.0029404659679344055,0.01738181998593118,0.27592783809879673,0.37047469245122294
2026-08-10,-0.016313290988146985,0.017461949973972258,0.2771998622242884,0.374493276999529
