Date,realized_return,VaR_0.99,ES_0.99,VaR_0.99_$,ES_0.99_$
2013-01-07,-0.0058993725408444,0.0503482505431915,0.06450438559146267,50348.250543191505,64504.38559146267
2013-01-08,0.0026877170393911,0.04877975304990179,0.06249488246047288,48779.753049901796,62494.88246047288
2013-01-09,-0.0157526506713872,0.047903543263474485,0.06137231368572995,47903.54326347449,61372.31368572995
2013-01-10,0.012319977165135,0.04693074296241822,0.06012599658343074,46930.74296241822,60125.996583430744
2013-01-11,-0.0061504836531688,0.04613428236847783,0.05910559963406975,46134.28236847783,59105.59963406975
2013-01-14,-0.036303361462555,0.045605192941546795,0.05842774910224544,45605.1929415468,58427.74910224544
2013-01-15,-0.0320583281763368,0.04523290763983379,0.05795079043153397,45232.90763983379,57950.79043153397
2013-01-16,0.040670199875844,0.04432965407628615,0.05679357413262883,44329.65407628615,56793.57413262883
2013-01-17,-0.0067607374450217,0.043819607405946065,0.056140120502397244,43819.607405946066,56140.12050239724
2013-01-18,-0.0053451759670891,0.04320383248217753,0.05535121159907308,43203.83248217753,55351.21159907308
2013-01-22,0.0094944728954181,0.042649042404424554,0.054640434308668606,42649.04240442455,54640.434308668606
2013-01-23,0.0181403148681695,0.042500135540548725,0.05444966013754974,42500.13554054873,54449.66013754974
2013-01-24,-0.131884855749812,0.04255245229099445,0.05451668649511402,42552.45229099445,54516.68649511402
2013-01-25,-0.0238561398080941,0.04733051789433632,0.08354640438874002,47330.51789433632,83546.40438874002
2013-01-28,0.0223676405378955,0.047106739428086644,0.08315139738128398,47106.73942808664,83151.39738128398
2013-01-29,0.0185888204975745,0.046907874583240396,0.08280036714782403,46907.874583240395,82800.36714782403
2013-01-30,-0.003147103747816,0.04708228027494945,0.08310822282098085,47082.28027494945,83108.22282098085
2013-01-31,-0.0029375984725226,0.046674910075428774,0.08238914521652581,46674.91007542877,82389.14521652581
2013-02-01,-0.0041141442280453,0.04696681290914572,0.08290440330523675,46966.81290914572,82904.40330523676
2013-02-04,-0.0252258122056858,0.046784602875643906,0.08258277164304763,46784.602875643905,82582.77164304763
2013-02-05,0.0344860018308172,0.04697986331820899,0.08292743949418091,46979.86331820899,82927.43949418092
2013-02-06,-0.0010709899612973,0.05684871866551233,0.1003476456609604,56848.71866551233,100347.64566096039
2013-02-07,0.0293003423223664,0.05584493306720053,0.09857579356115088,55844.93306720053,98575.79356115089
2013-02-08,0.014334724990925,0.0550253868631503,0.0971291552900106,55025.3868631503,97129.15529001059
2013-02-11,0.0103673122228592,0.05422512487106957,0.09571655692891563,54225.12487106957,95716.55692891563
2013-02-12,-0.0253851115981256,0.05335518349503025,0.09418096261829907,53355.18349503025,94180.96261829908
2013-02-13,-0.0019041904680961,0.05330274558235433,0.09408840079449854,53302.74558235433,94088.40079449854
2013-02-14,-0.0008998630636418,0.05259099892657508,0.09283204703858113,52590.99892657508,92832.04703858112
2013-02-15,-0.0138763940389688,0.05183444057708801,0.09149659303085118,51834.44057708801,91496.59303085119
2013-02-19,-0.0003696419656749,0.05184325768233178,0.09151215671941844,51843.25768233178,91512.15671941843
2013-02-20,-0.0245160466403967,0.05103233147112351,0.09008073419997159,51032.33147112351,90080.73419997159
2013-02-21,-0.0062354550163006,0.050905983092719334,0.08985770784856799,50905.98309271933,89857.707848568
2013-02-22,0.0105924775685486,0.050253911773369846,0.08870669119883912,50253.911773369844,88706.69119883912
2013-02-25,-0.0179277195537262,0.04991535346003253,0.08810907826296556,49915.35346003253,88109.07826296556
2013-02-26,0.0138378470387933,0.049905932614297245,0.08809244886986996,49905.93261429724,88092.44886986996
2013-02-27,-0.0098483564067128,0.049726467298307916,0.08777566210035119,49726.467298307914,87775.66210035118
2013-02-28,-0.0071560522789485,0.049627749643654594,0.08760140867015659,49627.74964365459,87601.40867015658
2013-03-01,-0.0250739228833586,0.049525869364007824,0.08742157266959542,49525.86936400783,87421.57266959542
2013-03-04,-0.0245040233921104,0.04920099725995515,0.08684811821806376,49200.99725995515,86848.11821806377
2013-03-05,0.0260590014377991,0.04912743391382194,0.08671826641551315,49127.43391382194,86718.26641551315
2013-03-06,-0.0127918251162101,0.049162598548043085,0.08678033796853059,49162.59854804308,86780.33796853058
2013-03-07,0.0114925081676821,0.04936273051545083,0.08713360488856492,49362.73051545083,87133.60488856492
2013-03-08,0.002643852838198,0.053082128521008104,0.09369897420374296,53082.128521008104,93698.97420374295
2013-03-11,0.0141448854850086,0.05281450993076886,0.09322658193007322,52814.50993076886,93226.58193007321
2013-03-12,-0.0217946778126369,0.05233719689441016,0.09238404333701011,52337.19689441016,92384.04333701011
2013-03-13,-0.0001870219385409,0.05217192325298551,0.09209230728391878,52171.92325298551,92092.30728391878
2013-03-14,0.0096419649050891,0.05226724086146101,0.09226055905502424,52267.24086146101,92260.55905502423
2013-03-15,0.0254762297109759,0.05164144982612819,0.09115593157096664,51641.44982612819,91155.93157096664
2013-03-18,0.0268196777335163,0.05141853918870243,0.09076245642880783,51418.53918870243,90762.45642880783
2013-03-19,-0.002702188282475,0.051175945153289826,0.09033423674547107,51175.945153289824,90334.23674547108
2013-03-20,-0.0053167228238019,0.051113402107913174,0.09022383764583715,51113.40210791317,90223.83764583715
2013-03-21,0.001436392759558,0.05118308808923003,0.09034684524081683,51183.08808923003,90346.84524081684
2013-03-22,0.0200742494907361,0.05141816667139497,0.09076179887247852,51418.16667139497,90761.79887247852
2013-03-25,0.003608948958212,0.05086957918169662,0.08979344876147273,50869.57918169662,89793.44876147273
2013-03-26,-0.0052770778830993,0.05080218370482143,0.08967448429593368,50802.18370482143,89674.48429593368
2013-03-27,-0.0198425133254069,0.05041041638827527,0.08898294843047945,50410.41638827527,88982.94843047945
2013-03-28,-0.0210574384453198,0.05034321166492956,0.0888643206773243,50343.211664929564,88864.3206773243
2013-04-01,-0.0315544206742665,0.049912458051202084,0.08810396737452021,49912.458051202084,88103.96737452022
2013-04-02,0.0020489858067698,0.0499343381033258,0.08814258938340792,49934.3381033258,88142.58938340792
2013-04-03,0.0051061338878031,0.05009521185923873,0.08842655889113742,50095.21185923873,88426.55889113742
2013-04-04,-0.0099339677719237,0.04987016970061836,0.08802932125197645,49870.16970061836,88029.32125197645
2013-04-05,-0.0106232988749815,0.04977072215008497,0.08785377943156196,49770.72215008497,87853.77943156195
2013-04-08,0.0070869159425712,0.04980608775170879,0.08791620572618462,49806.087751708794,87916.20572618462
2013-04-09,0.0018050112697607,0.05284344182689903,0.09327765164156931,52843.441826899034,93277.65164156932
2013-04-10,0.0201936855815215,0.05298917270611977,0.0935348913995302,52989.17270611977,93534.8913995302
2013-04-11,-0.0031265894804069,0.052786477115470555,0.09317709924897737,52786.47711547055,93177.09924897736
2013-04-12,-0.0104841509666631,0.05217413430437643,0.09209621016522766,52174.13430437643,92096.21016522766
2013-04-15,-0.0234229041423903,0.05215770168406823,0.09206720379888071,52157.70168406823,92067.20379888071
2013-04-16,0.01510521622718,0.051918343253296265,0.09164469550738528,51918.34325329626,91644.69550738529
2013-04-17,-0.0565623528400002,0.05183178309678002,0.09149190212666625,51831.78309678002,91491.90212666625
2013-04-18,-0.0270505727655111,0.055122401576135106,0.09199825128615298,55122.401576135104,91998.25128615298
2013-04-19,-0.0038848005828788,0.05480905148070027,0.09147527587151076,54809.05148070027,91475.27587151076
2013-04-22,0.0206291750039264,0.054314743727078126,0.09065028552946965,54314.74372707812,90650.28552946965
2013-04-23,0.0185394879929664,0.05378690820247213,0.08976933796836983,53786.90820247213,89769.33796836983
2013-04-24,-0.0016510463437394,0.05362227301792392,0.0894945649424216,53622.273017923915,89494.5649424216
2013-04-25,0.0071756997420338,0.053131450718254876,0.08867539175746099,53131.45071825488,88675.391757461
2013-04-26,0.0213674978788012,0.05322665998890114,0.08883429423912426,53226.659988901134,88834.29423912425
2013-04-29,0.0304985685172105,0.05287679741209625,0.08825038017993615,52876.797412096246,88250.38017993615
2013-04-30,0.0290087537100613,0.052996947544215696,0.08845090849021887,52996.9475442157,88450.90849021888
2013-05-01,-0.0079131330290182,0.05285391403359029,0.08821218825168427,52853.91403359029,88212.18825168427
2013-05-02,0.0140824574630628,0.05301341323146521,0.08847838941249127,53013.41323146521,88478.38941249126
2013-05-03,0.0099611442929325,0.05321164186203541,0.0888092292679014,53211.64186203541,88809.22926790139
2013-05-06,0.0235652592429322,0.053200770068978144,0.0887910844498054,53200.77006897814,88791.08444980539
2013-05-07,-0.0044595545082269,0.05314787553342904,0.08870280446500849,53147.87553342904,88702.80446500849
2013-05-08,0.0112306088890882,0.04155102080745874,0.06934787208356574,41551.02080745874,69347.87208356574
2013-05-09,-0.0087620718278522,0.04299163459394641,0.07175222939286281,42991.63459394641,71752.2293928628
2013-05-10,-0.0083543449140257,0.04446937166616957,0.07421854476770144,44469.37166616957,74218.54476770145
2013-05-13,0.0038998052728075,0.0458467965468548,0.07651744098190308,45846.7965468548,76517.44098190308
2013-05-14,-0.0242165351794155,0.046855460450453634,0.07820088206235724,46855.46045045363,78200.88206235724
2013-05-15,-0.0344018750090658,0.048058121427428595,0.0802081006088673,48058.121427428596,80208.10060886729
2013-05-16,0.013272610961468,0.048653769127503584,0.0812022254151646,48653.76912750358,81202.2254151646
2013-05-17,-0.0030421732053129,0.04911706938063408,0.08197546482218804,49117.06938063408,81975.46482218803
2013-05-20,0.022074143604122,0.049751027969703085,0.08303352978152455,49751.027969703086,83033.52978152454
2013-05-21,-0.0074105103849012,0.05015891443783311,0.08371428462380802,50158.91443783311,83714.28462380802
2013-05-22,0.0038369566917379,0.050522692064840086,0.08432142264001806,50522.692064840085,84321.42264001806
2013-05-23,0.0017884789391951,0.0507640811503025,0.08472429648272306,50764.0811503025,84724.29648272306
2013-05-24,0.0067844602361052,0.05123490303803144,0.08551008935639677,51234.903038031436,85510.08935639677
2013-05-28,-0.0083692334761251,0.051763278842831724,0.08639193863497728,51763.27884283172,86391.93863497728
2013-05-29,0.0079198980358102,0.052093164107196326,0.08694251093550914,52093.164107196324,86942.51093550914
2013-05-30,0.0147905910690476,0.05238000420283735,0.08742124165919286,52380.00420283735,87421.24165919286
2013-05-31,-0.0041050098818786,0.052844384866468974,0.08819628425101833,52844.38486646897,88196.28425101833
2013-06-03,0.0021987563698591,0.05327531649699927,0.08891550103582986,53275.31649699927,88915.50103582986
2013-06-04,-0.0031334495443458,0.05334706112693429,0.08903524147355513,53347.06112693429,89035.24147355513
2013-06-05,-0.0093913054147497,0.05311544838371287,0.08864868416214101,53115.44838371287,88648.68416214101
2013-06-06,-0.0150530811342157,0.05338867762869061,0.08910469863211053,53388.67762869061,89104.69863211052
2013-06-07,0.0076113745451959,0.05654405257509634,0.09437096005979013,56544.05257509634,94370.96005979013
2013-06-10,-0.0066308942417809,0.05598200533034607,0.09343291378134912,55982.00533034607,93432.91378134911
2013-06-11,-0.002943973304851,0.05576463703840021,0.09307013019115201,55764.637038400215,93070.13019115201
2013-06-12,-0.0124394593179305,0.05543894667924238,0.0925265591084971,55438.94667924238,92526.5591084971
2013-06-13,0.0086846685535995,0.055164318237385296,0.09206820940525717,55164.3182373853,92068.20940525718
2013-06-14,-0.013648610341209,0.05523893193689533,0.09219273826613116,55238.93193689533,92192.73826613116
2013-06-17,0.0045239428141043,0.054953829193595836,0.09171690715082297,54953.82919359583,91716.90715082297
2013-06-18,-0.0005325017169999,0.05482976513478279,0.09150984657051608,54829.76513478279,91509.84657051608
2013-06-19,-0.0205209412738584,0.05453973293062053,0.09102578827775931,54539.732930620536,91025.78827775932
2013-06-20,-0.0146696827163215,0.05477837981331891,0.09142408543563656,54778.379813318905,91424.08543563656
2013-06-21,-0.0080448012405118,0.05462756780240198,0.09117238302644194,54627.56780240198,91172.38302644194
2013-06-24,-0.0268630825627729,0.05442836061630548,0.0908399099802667,54428.36061630548,90839.9099802667
2013-06-25,0.0002234982851646,0.05420146879317087,0.0904612317956691,54201.46879317087,90461.2317956691
2013-06-26,-0.011390109704443,0.05424642829677573,0.09053626836142226,54246.42829677573,90536.26836142226
2013-06-27,-0.0108353012859664,0.054241368332445465,0.09052782337614144,54241.36833244547,90527.82337614144
2013-06-28,0.0069592223183695,0.05419093536297902,0.0904436516988303,54190.93536297902,90443.6516988303
2013-07-01,0.031501302203344,0.05403175391130258,0.09017798085045121,54031.75391130258,90177.98085045122
2013-07-02,0.0223997259630133,0.05436954996979576,0.09074175611756845,54369.549969795764,90741.75611756845
2013-07-03,0.0055045033480322,0.05422545113044432,0.09050125786543067,54225.45113044432,90501.25786543067
2013-07-05,-0.0080645751399778,0.053939234346521425,0.09002356743727898,53939.23434652142,90023.56743727898
2013-07-08,-0.0056941376054782,0.0539678106652746,0.09007126077570976,53967.8106652746,90071.26077570976
2013-07-09,0.0174354967208885,0.05142468492780506,0.0858268317603147,51424.68492780506,85826.8317603147
2013-07-10,-0.0038428911149189,0.05200768868375384,0.08679985406171908,52007.68868375384,86799.85406171909
2013-07-11,0.0154719300547585,0.05235806806449093,0.08738463065694807,52358.06806449093,87384.63065694807
2013-07-12,-0.0018273665440661,0.052678741958033404,0.08791982935285907,52678.7419580334,87919.82935285907
2013-07-15,0.0021780218260446,0.05324800143812441,0.08886991271640958,53248.00143812441,88869.91271640958
2013-07-16,0.0064362976304776,0.05351399668445947,0.08931385377872807,53513.99668445947,89313.85377872807
2013-07-17,0.0002555166696848,0.053709566930910564,0.08964025684105204,53709.566930910565,89640.25684105203
2013-07-18,0.0033643316894379,0.053434340821772786,0.08918090964236379,53434.340821772785,89180.9096423638
2013-07-19,-0.0158984355796658,0.05373532762704858,0.08968325095830469,53735.32762704858,89683.25095830469
2013-07-22,0.0031949243735253,0.053572804527219436,0.08941200296202072,53572.804527219436,89412.00296202072
2013-07-23,-0.0173193986901199,0.05353568287145076,0.08935004761686315,53535.68287145076,89350.04761686314
2013-07-24,0.0500857777059604,0.05383439993522292,0.08984860077693212,53834.399935222915,89848.60077693211
2013-07-25,-0.0045729737673857,0.05381567355203668,0.08981734679566881,53815.67355203668,89817.34679566881
2013-07-26,0.0056625510133914,0.053518502453123125,0.08932137382186667,53518.502453123125,89321.37382186667
2013-07-29,0.0153019358595889,0.05349212389760071,0.08927734850892444,53492.12389760071,89277.34850892444
2013-07-30,0.0122738765351188,0.04854161049439485,0.0894874468714565,48541.61049439485,89487.4468714565
2013-07-31,-0.0017441948158115,0.04853939387347116,0.08948336048567074,48539.393873471156,89483.36048567074
2013-08-01,0.0091286303604388,0.04857075877193981,0.0895411823143401,48570.75877193981,89541.18231434011
2013-08-02,0.0127502205257978,0.048542990849366245,0.08948999158393944,48542.990849366244,89489.99158393944
2013-08-05,0.0148290005326559,0.04844220816627532,0.08930419665651933,48442.20816627532,89304.19665651933
2013-08-06,-0.0089868559664516,0.04876758146418186,0.08990402895324882,48767.58146418186,89904.02895324882
2013-08-07,-0.0005808230268439,0.037860003351370124,0.06979568670986132,37860.00335137012,69795.68670986131
2013-08-08,-0.0019931998002361,0.03960539554723147,0.073013352745376,39605.39554723147,73013.352745376
2013-08-09,-0.0143324571802816,0.04089025157563569,0.07538201098329271,40890.25157563569,75382.01098329271
2013-08-12,0.0280121582048434,0.041798117462226544,0.07705568022222513,41798.117462226546,77055.68022222513
2013-08-13,0.0464281636341488,0.042479919386366055,0.0783125959454959,42479.919386366055,78312.59594549591
2013-08-14,0.0180755275126188,0.043044397798976064,0.07935322338747901,43044.39779897606,79353.22338747901
2013-08-15,-0.0011844691538822,0.04368568946575919,0.0805354576268434,43685.68946575919,80535.4576268434
2013-08-16,0.0088379752410428,0.043940118843196325,0.08100450336232784,43940.118843196324,81004.50336232784
2013-08-19,0.0107122284511441,0.044721925371178695,0.0824457796080894,44721.925371178695,82445.77960808939
2013-08-20,-0.0132235031428905,0.04522077663644744,0.08336542206829682,45220.77663644744,83365.42206829682
2013-08-21,0.0025716568317636,0.045308609822560686,0.08352734433448877,45308.609822560684,83527.34433448878
2013-08-22,0.0011930174245952,0.04562902992831025,0.0841180453206689,45629.02992831025,84118.0453206689
2013-08-23,-0.0038640469377899,0.04569921667065498,0.08424743600863092,45699.216670654976,84247.43600863092
2013-08-26,0.0038843137794052,0.04628394564619273,0.08532539577551336,46283.94564619273,85325.39577551336
2013-08-27,-0.0290064665907231,0.04638570728585202,0.0855129954292911,46385.70728585202,85512.9954292911
2013-08-28,0.0047164152752086,0.046361653979265255,0.08546865266906244,46361.653979265255,85468.65266906243
2013-08-29,0.0016283742370065,0.0470693669970073,0.08677333602073538,47069.366997007295,86773.33602073538
2013-08-30,-0.0091530732970693,0.04733856735537674,0.08726961236018944,47338.56735537674,87269.61236018945
2013-09-03,0.0027876107035706,0.04721151511170334,0.08703538896319407,47211.51511170334,87035.38896319407
2013-09-04,0.0204810795098598,0.04760472257674075,0.08776027492759893,47604.72257674075,87760.27492759893
2013-09-05,-0.00688134306415,0.047261783034781825,0.08712805890244842,47261.78303478182,87128.05890244842
2013-09-06,0.0059386441181909,0.045017579086920854,0.08299082325024214,45017.57908692086,82990.82325024213
2013-09-09,0.015830850824957,0.04557927907138555,0.08402632860339243,45579.27907138555,84026.32860339244
2013-09-10,-0.0230423677294669,0.04587593743413622,0.08457322433275206,45875.93743413622,84573.22433275207
2013-09-11,-0.0559819408740698,0.046350610094364315,0.08544829304248101,46350.61009436432,85448.29304248102
2013-09-12,0.0105911625020114,0.05410503128949302,0.08661091228637093,54105.03128949302,86610.91228637092
2013-09-13,-0.0166170817252342,0.05439372986505272,0.08707305871543801,54393.729865052715,87073.058715438
2013-09-16,-0.0323082523839265,0.054832939800137,0.08777614255544819,54832.939800137,87776.14255544818
2013-09-17,0.0114863726859985,0.05474297456579084,0.08763212690967419,54742.974565790835,87632.12690967419
2013-09-18,0.0203485874375271,0.054857114091067444,0.0878148405719073,54857.114091067444,87814.8405719073
2013-09-19,0.0162653237305742,0.05506666702923276,0.08815029128165142,55066.66702923276,88150.29128165141
2013-09-20,-0.0104073679505266,0.055135798910463704,0.08826095705817501,55135.7989104637,88260.957058175
2013-09-23,0.0485038066080079,0.05508833273883671,0.08818497358067993,55088.33273883671,88184.97358067993
2013-09-24,-0.0031438721434677,0.055131920762544584,0.08825474894922004,55131.920762544585,88254.74894922004
2013-09-25,-0.0155981710803578,0.05514962526049869,0.08828309017152103,55149.625260498695,88283.09017152103
2013-09-26,0.0096926078373264,0.05515471021043664,0.08829123011973954,55154.71021043664,88291.23011973954
2013-09-27,-0.0071627374798066,0.0552764369666631,0.08848608936212725,55276.4369666631,88486.08936212726
2013-09-30,-0.0125065090221976,0.05517389943891967,0.08832194808709627,55173.89943891967,88321.94808709627
2013-10-01,0.0232408330083722,0.05504385691025918,0.08811377702102578,55043.85691025918,88113.77702102579
2013-10-02,0.003273803429578,0.05530701491259293,0.0885350382995866,55307.01491259293,88535.0382995866
2013-10-03,-0.0126416236518745,0.05580356121497137,0.08932990574936796,55803.56121497137,89329.90574936796
2013-10-04,-0.0007864127019976,0.05578215646961029,0.08929564119986495,55782.15646961029,89295.64119986496
2013-10-07,0.0097240845399697,0.05544200036528879,0.08875112195991798,55442.00036528879,88751.12195991797
2013-10-08,-0.0140602829456728,0.055619627427355746,0.08903546597609736,55619.62742735574,89035.46597609736
2013-10-09,0.0116793422353752,0.05585927811937504,0.08941909693556939,55859.27811937504,89419.0969355694
2013-10-10,0.0062484788688072,0.05594082201770794,0.08954963177230592,55940.82201770794,89549.63177230592
2013-10-11,0.0064533313677154,0.055892311169887944,0.08947197598530537,55892.311169887944,89471.97598530537
2013-10-14,0.0065326978067309,0.05599966239260985,0.08964382298573041,55999.662392609855,89643.82298573041
2013-10-15,0.005308092009733,0.05581726575603196,0.0893518438718574,55817.26575603196,89351.8438718574
2013-10-16,0.0048607640617913,0.055957828732496356,0.08957685598875519,55957.82873249635,89576.85598875518
2013-10-17,0.0067427733245802,0.05596500530570696,0.08958834419120228,55965.00530570696,89588.34419120228
2013-10-18,0.0086635439175718,0.05592596474280274,0.08952584836246473,55925.96474280274,89525.84836246473
2013-10-21,0.0242093981573993,0.055723151529466046,0.08920118655168352,55723.15152946605,89201.18655168352
2013-10-22,-0.002862215480465,0.055838465618911905,0.08938578044708188,55838.465618911905,89385.78044708188
2013-10-23,0.0097437622425775,0.05573726281944095,0.08922377579466396,55737.26281944095,89223.77579466396
2013-10-24,0.0131515105427946,0.0562197221502302,0.08999609293014715,56219.722150230205,89996.09293014715
2013-10-25,-0.0112486189681897,0.056263913326991835,0.09006683382139356,56263.91332699184,90066.83382139356
2013-10-28,0.0074249483512785,0.056047792025822114,0.08972086852735883,56047.79202582211,89720.86852735883
2013-10-29,-0.0252269161271522,0.055749433124925835,0.0892432579248047,55749.43312492583,89243.2579248047
2013-10-30,0.0157843341494203,0.05577228658892372,0.08927984157180731,55772.28658892372,89279.84157180731
2013-10-31,-0.004200084549483,0.05546355797183133,0.08878563120840856,55463.557971831324,88785.63120840855
2013-11-01,-0.0051213370784202,0.05573777595221835,0.08922459721361366,55737.77595221835,89224.59721361366
2013-11-04,0.0128396141543616,0.05593730131885656,0.08954399586503196,55937.30131885656,89543.99586503196
2013-11-05,-0.0024711283517491,0.049943617188432154,0.0799493530357021,49943.61718843215,79949.3530357021
2013-11-06,-0.0028373041433125,0.050621639641311014,0.08103472609241974,50621.63964131101,81034.72609241975
2013-11-07,-0.0163149575281651,0.05153520980835403,0.08249716209364563,51535.209808354026,82497.16209364563
2013-11-08,0.0156241656472592,0.05162705475934517,0.08264418677517066,51627.05475934517,82644.18677517066
2013-11-11,-0.0029050289033345,0.051924458189782585,0.08312026786806309,51924.458189782585,83120.26786806309
2013-11-12,0.0018473907265537,0.052238480136873426,0.08362295175285667,52238.480136873426,83622.95175285666
2013-11-13,0.0011920717990216,0.05261349462132217,0.08422327201595603,52613.49462132217,84223.27201595603
2013-11-14,0.0143597086228389,0.052913328651046324,0.08470324399323777,52913.32865104632,84703.24399323776
2013-11-15,-0.0060201409475771,0.052897261983051794,0.08467752459636758,52897.261983051794,84677.52459636758
2013-11-18,-0.0121885979147816,0.05343778511042054,0.0855427898047509,53437.78511042054,85542.7898047509
2013-11-19,0.0017722874053769,0.0534388089728584,0.08554442879575942,53438.8089728584,85544.42879575942
2013-11-20,-0.008796233637597,0.053601106172800485,0.08580423288816065,53601.106172800486,85804.23288816065
2013-11-21,0.0118520452023188,0.05379568172490202,0.0861157079150573,53795.68172490202,86115.7079150573
2013-11-22,-0.0025745027558841,0.05396325885420175,0.08638396407721204,53963.25885420175,86383.96407721203
2013-11-25,0.0075510383831137,0.05409988865785282,0.08660268000173316,54099.88865785282,86602.68000173316
2013-11-26,0.0182762895305314,0.054059399701693156,0.08653786559636395,54059.39970169315,86537.86559636395
2013-11-27,0.0232739717368059,0.05436080220277294,0.087020348370364,54360.80220277294,87020.348370364
2013-11-29,0.0183483754490469,0.05458185608842386,0.08737420970718189,54581.856088423854,87374.20970718189
2013-12-02,-0.0087420893476887,0.05454784887125832,0.08731977121906294,54547.84887125832,87319.77121906294
2013-12-03,0.0270074834456713,0.05499412066423881,0.08803415962613925,54994.12066423881,88034.15962613926
2013-12-04,-0.002333322774725,0.054880855063098435,0.08785284493485034,54880.85506309843,87852.84493485033
2013-12-05,0.0051195467692833,0.04225702307313552,0.06764471310048452,42257.023073135526,67644.71310048451
2013-12-06,-0.0139732119975291,0.037291437019368406,0.06511715583476264,37291.43701936841,65117.15583476264
2013-12-09,0.0113808234912009,0.03849795708771212,0.06722394392306562,38497.95708771212,67223.94392306561
2013-12-10,-0.0015545691966842,0.03929946539389554,0.06862351297827511,39299.46539389554,68623.51297827512
2013-12-11,-0.0074362084533306,0.0401518019701205,0.07011183678915112,40151.8019701205,70111.83678915112
2013-12-12,-0.0014617852898172,0.04093479642613012,0.07147907753085954,40934.79642613012,71479.07753085953
2013-12-13,-0.0109599184742361,0.041537488654560535,0.07253148009015808,41537.48865456053,72531.48009015809
2013-12-16,0.0055214958698895,0.042057814869555656,0.07344005766010132,42057.81486955565,73440.05766010133
2013-12-17,-0.0045125017435716,0.0407865650584268,0.07427540217403956,40786.5650584268,74275.40217403957
2013-12-18,-0.0076326002872901,0.04131704581331684,0.07524144752153579,41317.04581331684,75241.4475215358
2013-12-19,-0.0115225371543512,0.04172464204235757,0.07598371090638455,41724.64204235757,75983.71090638454
2013-12-20,0.0083402082380563,0.04194396015208317,0.07638310567720145,41943.96015208317,76383.10567720146
2013-12-23,0.0376593820434685,0.04250655326581004,0.07740763004503064,42506.55326581004,77407.63004503063
2013-12-24,-0.0042538393854725,0.0430393895507713,0.0783779649899255,43039.3895507713,78377.9649899255
2013-12-26,-0.006662960467599,0.043355242031968694,0.07895315611070258,43355.24203196869,78953.15611070258
2013-12-27,-0.0067798073849772,0.043277766031600814,0.07881206648773686,43277.76603160081,78812.06648773687
2013-12-30,-0.0099948433997151,0.043536249740295414,0.07928278475958021,43536.24974029542,79282.78475958022
2013-12-31,0.0116536169045083,0.04375012320456928,0.0796722644215851,43750.12320456928,79672.2644215851
2014-01-02,-0.0141629472788274,0.044039682075728226,0.08019957290116858,44039.682075728226,80199.57290116858
2014-01-03,-0.0222115296867287,0.04407174355204275,0.08025795926060196,44071.743552042746,80257.95926060196
2014-01-06,0.0054385700769212,0.044184232229325465,0.08046280960122837,44184.23222932546,80462.80960122836
2014-01-07,-0.0071775529750473,0.048464139793357286,0.08825684312993558,48464.13979335729,88256.84312993557
2014-01-08,0.0063134388772607,0.048114513666838526,0.08762014766120631,48114.513666838524,87620.14766120631
2014-01-09,-0.0128526485698515,0.047416821789732756,0.08634959828566174,47416.821789732756,86349.59828566175
2014-01-10,-0.006694838947109,0.047059496982468696,0.0856988829403445,47059.4969824687,85698.8829403445
2014-01-13,0.0052216730476855,0.04680956407507713,0.08524373632070532,46809.56407507713,85243.73632070533
2014-01-14,0.0197021967306567,0.046562891814087806,0.08479452758336951,46562.89181408781,84794.52758336952
2014-01-15,0.0198786418456096,0.04586026360729757,0.08351498878025114,45860.26360729757,83514.98878025114
2014-01-16,-0.0055957992967909,0.045605238030180996,0.08305056802606736,45605.238030181,83050.56802606737
2014-01-17,-0.0248064349321715,0.04539434087756802,0.08266650845141944,45394.340877568015,82666.50845141945
2014-01-21,0.0154170196545158,0.045185273102554574,0.08228578031095185,45185.27310255457,82285.78031095186
2014-01-22,0.0044341517337953,0.0451478426335541,0.08221761661208213,45147.8426335541,82217.61661208213
2014-01-23,0.0084313280001448,0.0449906512684243,0.08193135931518604,44990.651268424306,81931.35931518604
2014-01-24,-0.0183443777056883,0.044894610291909116,0.08175646147454575,44894.61029190911,81756.46147454575
2014-01-27,0.0080796167219325,0.034582932578774796,0.04883471844894136,34582.932578774795,48834.71844894136
2014-01-28,-0.0833023037565296,0.034481949641093586,0.048692119977323166,34481.94964109358,48692.119977323164
2014-01-29,-0.011417451859532,0.04478470586703486,0.06430321635381109,44784.70586703486,64303.21635381109
2014-01-30,-0.0019389751848741,0.04464146439208561,0.06409754597201049,44641.46439208561,64097.54597201049
2014-01-31,0.0016389231857099,0.04471215931059343,0.06419905184442638,44712.15931059343,64199.05184442638
2014-02-03,0.0018565142581606,0.04451276116291475,0.06391275003709065,44512.76116291475,63912.75003709066
2014-02-04,0.0143718848173568,0.044790842017084075,0.06431202682105776,44790.842017084076,64312.026821057756
2014-02-05,0.007440963217105,0.04499411056799177,0.06460388586878156,44994.11056799177,64603.88586878156
2014-02-06,0.0058118138031273,0.047975018199160446,0.06888396194892522,47975.01819916045,68883.96194892522
2014-02-07,0.0138929383394608,0.04776063989119089,0.06857615118067194,47760.63989119089,68576.15118067194
2014-02-10,0.0177564168957596,0.047335489219310856,0.0679657071661899,47335.48921931085,67965.7071661899
2014-02-11,0.013089793985408,0.04713133627015523,0.0676725782730852,47131.336270155225,67672.57827308521
2014-02-12,-7.473076360497008e-05,0.04665216730048673,0.06698457317558369,46652.167300486726,66984.57317558369
2014-02-13,0.0157548614945902,0.04630821157959532,0.06649071129330901,46308.21157959532,66490.71129330901
2014-02-14,-0.0008087585828468,0.04630191936000683,0.06648167673676318,46301.919360006825,66481.67673676318
2014-02-18,0.0036697742493667,0.04601681616656678,0.06607231706863521,46016.81616656679,66072.31706863521
2014-02-19,-0.0159135827102412,0.04585658468843228,0.06584225193354726,45856.58468843228,65842.25193354726
2014-02-20,-0.0116424021158051,0.04567351056994346,0.06557938865417413,45673.510569943464,65579.38865417414
2014-02-21,-0.0111705127302102,0.045636769179994846,0.06552663427070178,45636.769179994844,65526.63427070178
2014-02-24,0.0043696656529506,0.04544397082146122,0.06524980863745423,45443.97082146122,65249.80863745423
2014-02-25,-0.010461268997774,0.045101687251502494,0.06475834767935934,45101.687251502495,64758.34767935934
2014-02-26,-0.0090626527982038,0.044846903471377965,0.06439252152912334,44846.90347137796,64392.52152912334
2014-02-27,0.019751769644048,0.04482186147620668,0.06435656548559787,44821.861476206686,64356.56548559787
2014-02-28,-0.0027137497087296,0.04495195617602547,0.06454335933557355,44951.95617602547,64543.35933557355
2014-03-03,0.0028838762932987,0.04509366922672434,0.06474683516025136,45093.669226724334,64746.83516025136
2014-03-04,0.0065724611392948,0.04507611588319786,0.06472163154610087,45076.11588319786,64721.63154610088
2014-03-05,0.0021056420136854,0.04498181820264766,0.06458623612401002,44981.818202647664,64586.236124010014
2014-03-06,-0.0030286386429731,0.044794522211565865,0.06431731095405373,44794.52221156587,64317.310954053726
2014-03-07,-0.0005844782417087,0.0445892680961131,0.06402260097353817,44589.2680961131,64022.60097353817
2014-03-10,0.0009046191756723,0.041966794420363246,0.060257175056605994,41966.79442036324,60257.17505660599
2014-03-11,0.0096908849312598,0.04234471349410236,0.06079980253383068,42344.71349410236,60799.80253383068
2014-03-12,0.0009692728501272,0.04275409185388883,0.06138760019221151,42754.09185388883,61387.60019221151
2014-03-13,-0.011168854879971,0.04291781559547233,0.06162267962331366,42917.815595472326,61622.679623313656
2014-03-14,-0.0112948917999458,0.04296580845030144,0.06169158919562782,42965.80845030144,61691.58919562782
2014-03-17,0.0038990309868257,0.04310804135518398,0.0618958114424468,43108.04135518398,61895.8114424468
2014-03-18,0.0088081290041875,0.04328721915782043,0.06215308027531444,43287.21915782043,62153.08027531444
2014-03-19,-0.0002631354359894,0.04337695864395186,0.062281930905914114,43376.95864395186,62281.930905914116
2014-03-20,-0.0048307854801245,0.043609511227441014,0.06261583684099246,43609.51122744101,62615.836840992466
2014-03-21,0.0078565206752877,0.04380288929646772,0.06289349483985542,43802.88929646772,62893.49483985542
2014-03-24,0.0117906457240565,0.0438731935821918,0.0629944398300701,43873.1935821918,62994.43983007009
2014-03-25,0.0106994564701374,0.04416586191241133,0.06341466174721051,44165.861912411325,63414.66174721051
2014-03-26,-0.0096058400088856,0.04426098864375183,0.0635512475451519,44260.98864375183,63551.2475451519
2014-03-27,-0.004307821694075,0.04420385179036575,0.0634692087469968,44203.85179036575,63469.208746996796
2014-03-28,-0.0011164775061119,0.04404332269215811,0.06323871628013154,44043.32269215811,63238.71628013154
2014-03-31,-0.0002238330912686,0.044070485691000624,0.06327771772398548,44070.48569100063,63277.71772398548
2014-04-01,0.0091065853031007,0.04410136971179927,0.0633220619221407,44101.36971179926,63322.061922140696
2014-04-02,0.0016601890436427,0.04399704772006183,0.06317227329507973,43997.047720061826,63172.27329507973
2014-04-03,-0.0069544282175001,0.04388209678401208,0.0630072233127749,43882.09678401208,63007.223312774906
2014-04-04,-0.0130208179834845,0.0437551775653795,0.06282498891339272,43755.1775653795,62824.98891339272
2014-04-07,-0.0158255998104227,0.04380708064108524,0.06289951289746093,43807.08064108524,62899.51289746093
2014-04-08,-5.697540062295965e-05,0.042763652969429446,0.06140132832705777,42763.652969429444,61401.32832705777
2014-04-09,0.0130579310359641,0.042790826290904055,0.06144034459245473,42790.82629090406,61440.344592454734
2014-04-10,-0.0129816525910575,0.04287973563241953,0.0615680032766564,42879.73563241953,61568.0032766564
2014-04-11,-0.0074202225174373,0.04296602766941451,0.061691903956968414,42966.02766941451,61691.90395696841
2014-04-14,0.0039756975247084,0.04312086741463701,0.06191422748113697,43120.86741463701,61914.22748113697
2014-04-15,-0.0071562066043007,0.043290218894817975,0.06215738738716039,43290.218894817976,62157.38738716039
2014-04-16,0.0020249480337288,0.04317569275706254,0.06199294734291585,43175.69275706254,61992.947342915846
2014-04-17,0.0113606387885562,0.033412361777627,0.05704988756267479,33412.361777627,57049.88756267479
2014-04-21,0.0117982355982804,0.03351321841984418,0.05722209508684603,33513.218419844176,57222.09508684603
2014-04-22,0.0009978272533406,0.03342717735770336,0.0570751844029029,33427.17735770336,57075.1844029029
2014-04-23,-0.0131575460615235,0.03342966364752795,0.05707942961477642,33429.66364752795,57079.42961477642
2014-04-24,0.0787943376075152,0.033373122677469204,0.05698288881930665,33373.122677469204,56982.88881930665
2014-04-25,0.0073177528530294,0.03344620045652658,0.05710766536477507,33446.20045652658,57107.66536477507
2014-04-28,0.0379965647676719,0.03340392666179598,0.057035485036659395,33403.92666179598,57035.4850366594
2014-04-29,-0.0029670954798861,0.03343247980720143,0.0570842380624342,33432.47980720143,57084.2380624342
2014-04-30,-0.0037889297627064,0.03344590548198147,0.05710716171092548,33445.90548198147,57107.16171092548
2014-05-01,0.0023532747039865,0.0334791172277999,0.057163869057066184,33479.1172277999,57163.869057066186
2014-05-02,0.0018573930098295,0.03351864987364015,0.057231369014574464,33518.64987364015,57231.36901457446
2014-05-05,0.0140429195521615,0.03346887886669762,0.0571463875825868,33468.87886669762,57146.3875825868
2014-05-06,-0.0109589972267742,0.03339327297845758,0.05701729442084393,33393.27297845758,57017.29442084393
2014-05-07,-0.0035056602764968,0.03341666339570625,0.057057232354084386,33416.66339570625,57057.232354084386
2014-05-08,-0.0017840158198385,0.025385728704759865,0.043344824826866024,25385.728704759866,43344.824826866025
2014-05-09,-0.0041753653434103,0.025806394626928676,0.044063090231775216,25806.394626928675,44063.09023177522
2014-05-12,0.0123733851527203,0.026193235681927253,0.044723601417400914,26193.235681927254,44723.60141740091
2014-05-13,0.0015670161665466,0.02658620111140552,0.04539456965714878,26586.20111140552,45394.569657148786
2014-05-14,0.0001857317320208,0.026977101377931755,0.04606201173747709,26977.101377931755,46062.01173747709
2014-05-15,-0.0085400556481924,0.027292220761638633,0.0466000618618276,27292.220761638633,46600.0618618276
2014-05-16,0.0146501341418897,0.024565092529159675,0.04592416439640884,24565.092529159676,45924.164396408836
2014-05-19,0.0117796513521218,0.024866414234362037,0.0464874819377327,24866.414234362037,46487.4819377327
2014-05-20,0.000198518704644,0.02525371556306709,0.04721153741887064,25253.71556306709,47211.53741887064
2014-05-21,0.0026421526886284,0.025508069322315148,0.04768704891310526,25508.069322315147,47687.04891310526
2014-05-22,0.0015824486528775,0.025761581199131342,0.04816098651759542,25761.581199131342,48160.98651759542
2014-05-23,0.0112332002870117,0.026056832556106913,0.04871295561113389,26056.832556106914,48712.95561113389
2014-05-27,0.0185526550434523,0.02618765747601592,0.048957531328563675,26187.65747601592,48957.53132856367
2014-05-28,-0.0025929532886331,0.026379360770125256,0.04931591848234947,26379.360770125255,49315.91848234947
2014-05-29,0.0180564814083797,0.026541149228575284,0.049618380187082756,26541.149228575283,49618.38018708276
2014-05-30,-0.0037524083527971,0.026731479483122128,0.049974200458838054,26731.47948312213,49974.20045883805
2014-06-02,-0.0068958243690758,0.0269633852880145,0.050407745754697086,26963.385288014502,50407.74575469708
2014-06-03,0.0140424047884252,0.027125447012067653,0.050710718326404176,27125.447012067652,50710.718326404174
2014-06-04,0.0113542051505528,0.027209774804155575,0.05086836818595325,27209.774804155575,50868.36818595325
2014-06-05,0.0039157694098265,0.02721449114857919,0.050877185338846255,27214.491148579193,50877.185338846255
2014-06-06,-0.0027534459235184,0.027423949786170125,0.05126876590771875,27423.949786170124,51268.76590771875
2014-06-09,0.0158748087568123,0.020062829781394103,0.03750723479035185,20062.829781394103,37507.234790351846
2014-06-10,0.0058526210258934,0.02050807689876898,0.03833961927215581,20508.07689876898,38339.61927215581
2014-06-11,-0.0041467540193774,0.020891974583951367,0.03905731167998164,20891.974583951367,39057.311679981634
2014-06-12,-0.016868601434214,0.021269815439956027,0.03976368091373234,21269.815439956026,39763.68091373234
2014-06-13,-0.0110039431815138,0.021650027415325686,0.04047448292848693,21650.027415325687,40474.482928486934
2014-06-16,0.0100287323209971,0.021999720147111462,0.04112822956036696,21999.720147111464,41128.22956036696
2014-06-17,-0.0013024551805444,0.022279558470241077,0.04165138416035737,22279.558470241078,41651.384160357375
2014-06-18,0.0010853083260864,0.022622374378237914,0.04229227464745253,22622.374378237913,42292.27464745253
2014-06-19,-0.0034777470902455,0.022952234726910086,0.042908944861997644,22952.234726910086,42908.94486199765
2014-06-20,-0.0103954821464403,0.02333417894866641,0.043622985291903414,23334.17894866641,43622.98529190342
2014-06-23,-0.0008805347962478,0.023538503867587587,0.044004968431420606,23538.503867587588,44004.9684314206
2014-06-24,-0.0060734678601937,0.02378278994950048,0.04446165851602768,23782.78994950048,44461.65851602768
2014-06-25,0.0008858003118888,0.024077215279361155,0.045012083361158556,24077.215279361153,45012.083361158555
2014-06-26,0.0059579505761059,0.02428076371312547,0.045392614870401915,24280.76371312547,45392.614870401914
2014-06-27,0.0118114960067144,0.024420755890017975,0.04565432867173164,24420.755890017976,45654.32867173164
2014-06-30,0.0102751701325617,0.02467714215798995,0.04613363991818228,24677.14215798995,46133.63991818228
2014-07-01,0.0063286241328741,0.024862250345669013,0.046479697594619014,24862.250345669014,46479.697594619014
2014-07-02,-0.0004277438818265,0.025095252247266744,0.046915292030949685,25095.252247266744,46915.292030949684
2014-07-03,0.0058664490776581,0.02542919675054541,0.04753959752662986,25429.196750545412,47539.59752662986
2014-07-07,0.0204219725706475,0.025676733504406905,0.048002364705910565,25676.733504406904,48002.364705910564
2014-07-08,-0.006481482192803,0.02594697907117735,0.048507585755700404,25946.97907117735,48507.585755700406
2014-07-09,0.0004198127215283,0.02087033720250981,0.03901686083855898,20870.33720250981,39016.86083855898
2014-07-10,-0.0036759180944807,0.021181776950453562,0.039599093947071284,21181.77695045356,39599.093947071284
2014-07-11,0.0018920031404756,0.021461509816007765,0.0401220513953097,21461.509816007765,40122.0513953097
2014-07-14,0.0128347513864309,0.02173796736498191,0.04063888567601295,21737.96736498191,40638.88567601295
2014-07-15,-0.0117849398560919,0.021990248304383914,0.04111052205684177,21990.248304383913,41110.52205684177
2014-07-16,-0.0056815328685967,0.022261784365079734,0.04161815567052125,22261.784365079733,41618.15567052125
2014-07-17,-0.0179914456329719,0.022425260429128097,0.041923772334953625,22425.260429128095,41923.772334953625
2014-07-18,0.0142920088171009,0.022717662295567192,0.04247041433795956,22717.662295567192,42470.41433795956
2014-07-21,-0.0052024787422399,0.022952979983373752,0.042910338110580544,22952.979983373752,42910.338110580546
2014-07-22,0.0082688104198908,0.023190675550020568,0.04335470730096843,23190.67555002057,43354.70730096843
2014-07-23,0.0257424688368534,0.023417243658874213,0.04377827383407335,23417.243658874213,43778.27383407335
2014-07-24,-0.001647729620568,0.02365222288533366,0.044217564857009874,23652.22288533366,44217.56485700987
2014-07-25,0.0065741563128893,0.023858812991047917,0.04460378273777832,23858.81299104792,44603.78273777832
2014-07-28,0.0137275917952286,0.024051256551298777,0.044963553810795844,24051.25655129878,44963.55381079584
2014-07-29,-0.006484411232222,0.024227893029853197,0.045293773722237536,24227.893029853196,45293.773722237536
2014-07-30,-0.0023403727813261,0.02433373466328383,0.04549164346638294,24333.73466328383,45491.643466382935
2014-07-31,-0.0263243345508799,0.02445947949482582,0.04572672201570565,24459.479494825817,45726.72201570565
2014-08-01,0.0055290460863921,0.02612918780791109,0.04620991654998926,26129.18780791109,46209.91654998926
2014-08-04,-0.0056334337208205,0.026261954456720756,0.04644471664432127,26261.954456720756,46444.71664432127
2014-08-05,-0.0049287950507831,0.0265036962752265,0.046872241194334675,26503.696275226503,46872.241194334674
2014-08-06,-0.0016840752898732,0.02663249939521406,0.04710003172000119,26632.49939521406,47100.03172000119
2014-08-07,-0.0001053661129812,0.026946111835704733,0.04765466069701536,26946.111835704734,47654.66069701536
2014-08-08,0.0027477048199682,0.027159995430725156,0.048032917501243805,27159.995430725157,48032.917501243806
2014-08-11,0.0131081483745968,0.027315475663665625,0.048307886958471886,27315.475663665624,48307.886958471885
2014-08-12,-0.000208441935177,0.027540113679573496,0.0487051631403942,27540.113679573496,48705.1631403942
2014-08-13,0.0131465424031473,0.027613263292982037,0.04883452948565232,27613.263292982036,48834.52948565232
2014-08-14,0.0026701749023702,0.027852764689796364,0.04925809181149871,27852.764689796364,49258.091811498714
2014-08-15,0.004910763972127,0.02793678711945411,0.04940668691867753,27936.78711945411,49406.68691867753
2014-08-18,0.0119713031386206,0.028175962781519934,0.049829673177037376,28175.962781519935,49829.67317703737
2014-08-19,0.0137215743744875,0.0282395240243931,0.049942082324637954,28239.5240243931,49942.08232463795
2014-08-20,0.0003981947924225,0.02838016374350346,0.05019080607875847,28380.16374350346,50190.80607875847
2014-08-21,9.889991710875166e-05,0.028499702788820306,0.050402212929563234,28499.702788820305,50402.21292956323
2014-08-22,0.0073303750212403,0.028625564436774775,0.050624801411515936,28625.564436774774,50624.80141151594
2014-08-25,0.0021690662430457,0.028795329034472027,0.0509250330126818,28795.329034472026,50925.0330126818
2014-08-26,-0.0064217387456049,0.028838855983367037,0.051002011167950174,28838.855983367037,51002.01116795017
2014-08-27,0.0122156817190894,0.028917482840417286,0.05114106411248065,28917.482840417284,51141.06411248065
2014-08-28,0.0011741425703973,0.0288894705644462,0.05109152392223382,28889.470564446197,51091.52392223382
2014-08-29,0.0024420492919198,0.02886460213981053,0.0510475436869662,28864.60213981053,51047.5436869662
2014-09-02,0.0077744036432367,0.028904666247423074,0.05111839774806582,28904.666247423072,51118.39774806582
2014-09-03,-0.0431236590445112,0.02892813570190134,0.05115990388062867,28928.13570190134,51159.90388062867
2014-09-04,-0.0083222676478132,0.03604864662342703,0.055719261836771394,36048.64662342703,55719.261836771395
2014-09-05,0.0086257493303777,0.03609617702838822,0.05579272809215973,36096.17702838822,55792.728092159734
2014-09-08,-0.0061829559233683,0.061005378661137706,0.09429409937576651,61005.37866113771,94294.09937576651
2014-09-09,-0.0037685977700402,0.06085856138058063,0.09406716851250892,60858.56138058063,94067.16851250891
2014-09-10,0.0302553684559128,0.06063669075497241,0.09372423004906828,60636.69075497241,93724.23004906828
2014-09-11,0.0042481351524761,0.06026417415088815,0.09314844282414576,60264.17415088815,93148.44282414576
2014-09-12,0.0022650759529461,0.048127610352150914,0.08122865914385534,48127.610352150914,81228.65914385534
2014-09-15,-0.0002951946321564,0.04799475938589592,0.08100443637908687,47994.759385895915,81004.43637908687
2014-09-16,-0.0076056365162222,0.0479248430008921,0.08088643313387085,47924.8430008921,80886.43313387086
2014-09-17,0.0071135085513174,0.04213851956746915,0.08052875979348628,42138.51956746915,80528.75979348629
2014-09-18,0.00206537994711,0.041889817747815014,0.08005347852350565,41889.81774781502,80053.47852350565
2014-09-19,-0.0081878533724907,0.041782283860465765,0.07984797603616405,41782.283860465766,79847.97603616405
2014-09-22,0.0009901396093185,0.04158828822092526,0.07947724093635761,41588.28822092526,79477.2409363576
2014-09-23,0.0155135842388791,0.041312488807093595,0.07895017484633815,41312.48880709359,78950.17484633815
2014-09-24,-0.0087092067318088,0.0411607264541463,0.07866014961071927,41160.7264541463,78660.14961071927
2014-09-25,-0.0388784304188607,0.04108575285348868,0.07851687141442325,41085.75285348868,78516.87141442325
2014-09-26,0.0290022226154102,0.042749177123376926,0.07819842075075256,42749.177123376925,78198.42075075256
2014-09-29,-0.0063731480190117,0.04262734565256847,0.07797556199051334,42627.34565256847,77975.56199051334
2014-09-30,0.0063731480190117,0.042493799977843166,0.07773127516292194,42493.79997784317,77731.27516292194
2014-10-01,-0.0157062735807792,0.042400814582640015,0.07756118274133483,42400.814582640014,77561.18274133484
2014-10-02,0.0072333080534841,0.04216625672887561,0.07713212059386644,42166.25672887561,77132.12059386644
2014-10-03,-0.0028066621045831,0.04202652533989289,0.07687651862248294,42026.52533989288,76876.51862248295
2014-10-06,0.0,0.04196205952948027,0.07675859531013157,41962.05952948027,76758.59531013157
2014-10-07,-0.0087717154197845,0.02874013048779906,0.052572539813578255,28740.130487799062,52572.53981357825
2014-10-08,0.0205472664691924,0.02874013048779906,0.052572539813578255,28740.130487799062,52572.53981357825
2014-10-09,0.0021799858116507,0.02874013048779906,0.052572539813578255,28740.130487799062,52572.53981357825
2014-10-10,-0.0028745021760368,0.02874013048779906,0.052572539813578255,28740.130487799062,52572.53981357825
2014-10-13,-0.0091755715480811,0.02874013048779906,0.052572539813578255,28740.130487799062,52572.53981357825
2014-10-14,-0.0106771785567251,0.02874013048779906,0.052572539813578255,28740.130487799062,52572.53981357825
2014-10-15,-0.0123286115967339,0.02874013048779906,0.052572539813578255,28740.130487799062,52572.53981357825
2014-10-16,-0.013209620851778,0.02874013048779906,0.052572539813578255,28740.130487799062,52572.53981357825
2014-10-17,0.0145412717988062,0.02874013048779906,0.052572539813578255,28740.130487799062,52572.53981357825
2014-10-20,0.0211731219574437,0.02874013048779906,0.052572539813578255,28740.130487799062,52572.53981357825
2014-10-21,0.0268027256245989,0.02874013048779906,0.052572539813578255,28740.130487799062,52572.53981357825
2014-10-22,0.0050618904924687,0.02874013048779906,0.052572539813578255,28740.130487799062,52572.53981357825
2014-10-23,0.0177080534892883,0.02874013048779906,0.052572539813578255,28740.130487799062,52572.53981357825
2014-10-24,0.0037132082228757,0.02874013048779906,0.052572539813578255,28740.130487799062,52572.53981357825
2014-10-27,-0.0010458501880915,0.02874013048779906,0.052572539813578255,28740.130487799062,52572.53981357825
2014-10-28,0.0153889098850668,0.02874013048779906,0.052572539813578255,28740.130487799062,52572.53981357825
2014-10-29,0.0056049659362791,0.02874013048779906,0.052572539813578255,28740.130487799062,52572.53981357825
2014-10-30,-0.0033592244645443,0.02874013048779906,0.052572539813578255,28740.130487799062,52572.53981357825
2014-10-31,0.0094892346698604,0.02874013048779906,0.052572539813578255,28740.130487799062,52572.53981357825
2014-11-03,0.0128794735345451,0.02874013048779906,0.052572539813578255,28740.130487799062,52572.53981357825
2014-11-04,-0.0073392382446518,0.02874013048779906,0.052572539813578255,28740.130487799062,52572.53981357825
2014-11-05,0.0023911180190273,0.04391143594387748,0.08032446879150128,43911.435943877485,80324.46879150128
2014-11-06,0.002856153190653,0.0437660115373702,0.08005845293592902,43766.0115373702,80058.45293592902
2014-11-07,0.002847623449223,0.04357337969314924,0.07970608343976517,43573.37969314924,79706.08343976516
2014-11-10,-0.0016525378028966,0.04341587457822219,0.07941796909286408,43415.874578222196,79417.96909286408
2014-11-11,0.0079623495148536,0.04320947550404598,0.07904041605603214,43209.475504045986,79040.41605603213
2014-11-12,0.0140305655954441,0.0430591524252809,0.07876543936284586,43059.152425280896,78765.43936284586
2014-11-13,0.014013543440485,0.04293027402836735,0.07852969009734674,42930.27402836735,78529.69009734674
2014-11-14,0.0119826714938811,0.04276271552111586,0.07822318570282695,42762.71552111586,78223.18570282694
2014-11-17,-0.0016655916013726,0.04251935765242648,0.07777802623335094,42519.35765242648,77778.02623335093
2014-11-18,0.0129001213023822,0.04237015808212796,0.07750510470458415,42370.158082127964,77505.10470458414
2014-11-19,-0.0069521837465088,0.04222806730055487,0.07724518684253527,42228.06730055487,77245.18684253527
2014-11-20,0.0142008850606117,0.042106536524453356,0.07702287812449087,42106.53652445335,77022.87812449086
2014-11-21,0.0013741437232459,0.04206913880670435,0.07695446879676941,42069.13880670435,76954.46879676942
2014-11-24,0.0183760553272786,0.04192810244808473,0.07669647972529185,41928.10244808473,76696.47972529185
2014-11-25,-0.0087203553305941,0.041725565198331406,0.07632599088457799,41725.56519833141,76325.99088457799
2014-11-26,0.01183448179152,0.04161030763059832,0.07611515735788138,41610.30763059832,76115.15735788138
2014-11-28,-0.000588695847068,0.04148469245720748,0.07588537730496604,41484.69245720748,75885.37730496604
2014-12-01,-0.0329942314417634,0.04131683970931874,0.07557833467428123,41316.83970931874,75578.33467428123
2014-12-02,-0.0038313524363363,0.041199477242449996,0.07536365078602623,41199.47724245,75363.65078602624
2014-12-03,0.0112772973053632,0.04105250635962758,0.07509480605715839,41052.50635962758,75094.80605715839
2014-12-04,-0.0038026523266753,0.04092806879600164,0.07486718013281518,40928.06879600164,74867.18013281518
2014-12-05,-0.0042518754987685,0.027452588186877316,0.05021731846531017,27452.588186877314,50217.31846531017
2014-12-08,-0.022868241183513,0.027452588186877316,0.05021731846531017,27452.588186877314,50217.31846531017
2014-12-09,0.0151867130414116,0.027452588186877316,0.05021731846531017,27452.588186877314,50217.31846531017
2014-12-10,-0.0191981816543046,0.027452588186877316,0.05021731846531017,27452.588186877314,50217.31846531017
2014-12-11,-0.0029519533032928,0.027452588186877316,0.05021731846531017,27452.588186877314,50217.31846531017
2014-12-12,-0.0170775270681461,0.027452588186877316,0.05021731846531017,27452.588186877314,50217.31846531017
2014-12-15,-0.0137643584093706,0.027452588186877316,0.05021731846531017,27452.588186877314,50217.31846531017
2014-12-16,-0.0137688736128505,0.027452588186877316,0.05021731846531017,27452.588186877314,50217.31846531017
2014-12-17,0.0246126220072185,0.027452588186877316,0.05021731846531017,27452.588186877314,50217.31846531017
2014-12-18,0.0291832359660074,0.027452588186877316,0.05021731846531017,27452.588186877314,50217.31846531017
2014-12-19,-0.0077530268984038,0.027452588186877316,0.05021731846531017,27452.588186877314,50217.31846531017
2014-12-22,0.0103243486783609,0.027452588186877316,0.05021731846531017,27452.588186877314,50217.31846531017
2014-12-23,-0.0035483802764471,0.027452588186877316,0.05021731846531017,27452.588186877314,50217.31846531017
2014-12-24,-0.0047204221924985,0.027452588186877316,0.05021731846531017,27452.588186877314,50217.31846531017
2014-12-26,0.0175224070231413,0.027452588186877316,0.05021731846531017,27452.588186877314,50217.31846531017
2014-12-29,-0.0007018218836061,0.027452588186877316,0.05021731846531017,27452.588186877314,50217.31846531017
2014-12-30,-0.0122778707724011,0.027452588186877316,0.05021731846531017,27452.588186877314,50217.31846531017
2014-12-31,-0.019201985454787,0.027452588186877316,0.05021731846531017,27452.588186877314,50217.31846531017
2015-01-02,-0.0095579320287707,0.027452588186877316,0.05021731846531017,27452.588186877314,50217.31846531017
2015-01-05,-0.0285760690092719,0.027452588186877316,0.05021731846531017,27452.588186877314,50217.31846531017
2015-01-06,9.42634907004256e-05,0.029344918262473513,0.05021731846531017,29344.91826247351,50217.31846531017
2015-01-07,0.0139248078933048,0.02999853677224162,0.051335841562436015,29998.53677224162,51335.84156243601
2015-01-08,0.0377024297972529,0.02988074864262828,0.051134273305768196,29880.748642628278,51134.2733057682
2015-01-09,0.0010717709444375,0.029788520237799293,0.05097644484854031,29788.520237799294,50976.44484854031
2015-01-12,-0.0249491074655412,0.029651584637367265,0.05074210994276116,29651.584637367265,50742.10994276116
2015-01-13,0.008839352939821,0.029510464940547626,0.050500614884109646,29510.464940547627,50500.614884109644
2015-01-14,-0.0038178242944955,0.02937767412288374,0.05027337285466349,29377.67412288374,50273.37285466349
2015-01-15,-0.0275153589994885,0.029324978626805512,0.05018319620177323,29324.97862680551,50183.19620177323
2015-01-16,-0.00780056817643,0.0291748115415277,0.04992621854462137,29174.8115415277,49926.21854462137
2015-01-20,0.0254312412471987,0.02910007448360757,0.04979832264778614,29100.074483607572,49798.322647786146
2015-01-21,0.0076051982081629,0.02901658497153829,0.049655448867099626,29016.58497153829,49655.44886709963
2015-01-22,0.0256828702630883,0.028938882467675453,0.04952247826731363,28938.882467675452,49522.47826731363
2015-01-23,0.0051470613284477,0.02890165303930248,0.04945876835869623,28901.65303930248,49458.76835869623
2015-01-26,0.0010612075679385,0.028824805954621283,0.04932726161909488,28824.805954621283,49327.261619094876
2015-01-27,-0.0356408189237847,0.02873236860974032,0.049169075607314046,28732.36860974032,49169.075607314044
2015-01-28,0.0549927738858358,0.03249779151979811,0.05118029572188402,32497.791519798113,51180.29572188402
2015-01-29,0.0306583652356085,0.028607267138616468,0.03603739039755749,28607.26713861647,36037.39039755749
2015-01-30,-0.0147420908111002,0.02846796230131031,0.035861904120523584,28467.96230131031,35861.904120523584
2015-02-02,0.0124691266848895,0.02841444370763056,0.035794485221520754,28414.44370763056,35794.48522152076
2015-02-03,0.0001684831158148,0.028341759242721382,0.03570292252785003,28341.759242721382,35702.92252785003
2015-02-04,0.0076403241225071,0.02828033827111641,0.035625548777970306,28280.33827111641,35625.5487779703
2015-02-05,0.0071120565916196,0.028268218692040742,0.035610281398514326,28268.21869204074,35610.28139851433
2015-02-06,-0.0084567258243192,0.02563807093212226,0.03229700924398906,25638.07093212226,32297.00924398906
2015-02-09,0.0066206456774174,0.02572801163628661,0.03241031011446007,25728.01163628661,32410.31011446007
2015-02-10,0.0190293567697945,0.02578769109442126,0.032485490030146946,25787.69109442126,32485.490030146946
2015-02-11,0.0231684053114361,0.025909843287521373,0.032639368632018856,25909.843287521373,32639.368632018857
2015-02-12,0.0125727277436636,0.02593619429740192,0.03267256375079178,25936.19429740192,32672.563750791778
2015-02-13,0.0048908235202431,0.02591624778265223,0.03264743655721463,25916.24778265223,32647.43655721463
2015-02-17,0.005884416161114,0.026008844134751567,0.03276408282313806,26008.84413475157,32764.08282313806
2015-02-18,0.0069382719989529,0.026066579165898673,0.0328368132886866,26066.57916589867,32836.8132886866
2015-02-19,-0.002099738759923,0.026240591895502693,0.03305602208764313,26240.591895502694,33056.022087643134
2015-02-20,0.0081411415057613,0.026179901183956383,0.03297956826718898,26179.901183956383,32979.56826718898
2015-02-23,0.0266682383586197,0.026238249361319303,0.03305307113051475,26238.249361319304,33053.07113051475
2015-02-24,-0.0062603980444066,0.02626884355379817,0.03309161150743774,26268.84355379817,33091.61150743774
2015-02-25,-0.0259055803397251,0.026361368536115596,0.03320816786681116,26361.368536115595,33208.16786681116
2015-02-26,0.0125767522734115,0.026395130538535545,0.033100280794117046,26395.130538535544,33100.28079411705
2015-02-27,-0.0151421535035794,0.02642089388982461,0.03313258880489277,26420.893889824612,33132.588804892766
2015-03-02,0.0048919473262445,0.02649759765951024,0.03322877761937334,26497.59765951024,33228.77761937334
2015-03-03,0.0020894062954192,0.02648986408598041,0.033219079487552934,26489.864085980407,33219.07948755293
2015-03-04,-0.0063589064300667,0.02644550324116792,0.03316344966532441,26445.50324116792,33163.44966532441
2015-03-05,-0.0167097056151924,0.02642525188769942,0.033138053864182615,26425.25188769942,33138.05386418261
2015-03-06,0.0015020668455722,0.026341807568286676,0.033033412199342076,26341.807568286677,33033.41219934208
2015-03-09,0.0042561149034338,0.026376746765776404,0.03307722699487577,26376.746765776403,33077.226994875775
2015-03-10,-0.0209027448088478,0.025774452928740657,0.03232193256292198,25774.45292874066,32321.93256292198
2015-03-11,-0.0183997229984384,0.025859417640010134,0.03242848084448872,25859.417640010135,32428.480844488717
2015-03-12,0.0179178803721849,0.025886935563280023,0.03246298914084946,25886.93556328002,32462.989140849462
2015-03-13,-0.0069342925275486,0.025893002100605425,0.03247059675955874,25893.002100605427,32470.59675955874
2015-03-16,0.0109439685613088,0.026009573227772566,0.032616780429159685,26009.573227772566,32616.780429159684
2015-03-17,0.0165880848909108,0.026031179795066025,0.032643875708850245,26031.179795066026,32643.875708850246
2015-03-18,0.0111936968601925,0.02606491031190444,0.03268617478280452,26064.91031190444,32686.174782804523
2015-03-19,-0.007579154140847,0.026144867203317084,0.032786443108938364,26144.867203317084,32786.443108938365
2015-03-20,-0.0126284795480424,0.026205135248930735,0.03286202103532187,26205.135248930736,32862.02103532187
2015-03-23,0.0103512480077116,0.026227723274987166,0.03289034709356815,26227.723274987165,32890.34709356815
2015-03-24,-0.0040960557150912,0.026249939104350913,0.03291820640606296,26249.939104350913,32918.20640606296
2015-03-25,-0.0264740423948146,0.026331532592556328,0.033020527073378,26331.532592556327,33020.527073378
2015-03-26,0.0069462623639784,0.02665144531212121,0.032965292256566185,26651.44531212121,32965.29225656619
2015-03-27,-0.0080004425928671,0.026638423273527122,0.03294918523861639,26638.42327352712,32949.18523861639
2015-03-30,0.0249991246541176,0.026662111745514236,0.03297848561587629,26662.111745514238,32978.48561587629
2015-03-31,-0.0154705382352168,0.02659654821372564,0.03289738978930958,26596.54821372564,32897.389789309585
2015-04-01,-0.001447707874188,0.026566754789553847,0.03286053816930756,26566.75478955385,32860.53816930756
2015-04-02,0.0085748214480525,0.0266261723159505,0.03293403197423591,26626.172315950498,32934.031974235906
2015-04-06,0.016068706834526,0.026587440387928686,0.03288612427872648,26587.440387928687,32886.124278726485
2015-04-07,-0.0105777752097548,0.026544324747906373,0.03283279435017968,26544.324747906372,32832.79435017968
2015-04-08,-0.003259234876255,0.026564508777421943,0.0328577600668267,26564.508777421943,32857.7600668267
2015-04-09,0.0076143377006936,0.027652362714906075,0.034203331481871525,27652.362714906074,34203.33148187152
2015-04-10,0.0042575920539965,0.027655947773543094,0.0342077658569811,27655.947773543096,34207.765856981096
2015-04-13,-0.0019688141085528,0.027601354860585067,0.03414023963805667,27601.354860585066,34140.23963805667
2015-04-14,-0.0043453286331863,0.027479215515307215,0.0339891649340038,27479.215515307216,33989.1649340038
2015-04-15,0.0037931459336174,0.027404512194267847,0.0338967640611146,27404.51219426785,33896.764061114605
2015-04-16,-0.0048230775290796,0.02734164613882242,0.03381900475513679,27341.64613882242,33819.00475513679
2015-04-17,-0.0113183941080238,0.027265783720475407,0.03372517018958842,27265.783720475407,33725.17018958842
2015-04-20,0.0225887078531579,0.02723962776542531,0.03369281777145956,27239.62776542531,33692.817771459566
2015-04-21,-0.0054223252137836,0.02720362193207835,0.03364828199468186,27203.62193207835,33648.281994681856
2015-04-22,0.0133842703434125,0.02719171198176765,0.03363355052371827,27191.71198176765,33633.550523718266
2015-04-23,0.0081301595946358,0.02724056834202939,0.03369398117488028,27240.56834202939,33693.98117488028
2015-04-24,0.0046935960442075,0.027251523490529703,0.03370753164720167,27251.523490529704,33707.53164720167
2015-04-27,0.0180277034920017,0.02721020396521165,0.033656423340989366,27210.203965211647,33656.423340989364
2015-04-28,-0.0158810120546253,0.02705729464317418,0.03346728911465808,27057.29464317418,33467.28911465808
2015-04-29,-0.0148151260267314,0.026971198523647103,0.03336079643821493,26971.198523647105,33360.79643821493
2015-04-30,-0.0275048309899357,0.026953820732800407,0.033339301770765335,26953.820732800406,33339.301770765334
2015-05-01,0.0299116576569444,0.02736820151750422,0.0334762261817018,27368.201517504218,33476.2261817018
2015-05-04,-0.0019404745254626,0.02726841213595982,0.03335416584445327,27268.412135959818,33354.165844453266
2015-05-05,-0.0227908693947373,0.027232802613047596,0.03331060900194501,27232.802613047596,33310.60900194501
2015-05-06,-0.0062995176366938,0.027113561139912222,0.033164755262803026,27113.56113991222,33164.755262803024
2015-05-07,0.0061661504039514,0.027076352659248678,0.03311924260776892,27076.352659248678,33119.242607768916
2015-05-08,0.0186654880215634,0.02824548659159985,0.0345493034004395,28245.48659159985,34549.303400439494
2015-05-11,-0.01023846880478,0.027975301755216956,0.0342188188164293,27975.301755216955,34218.818816429295
2015-05-12,-0.0035687680684657,0.027609737524473522,0.03377166810159405,27609.737524473523,33771.66810159405
2015-05-13,0.0011118252338167,0.027132494527575716,0.03318791419662642,27132.494527575716,33187.91419662642
2015-05-14,0.023063005090142,0.026889329825317252,0.03289048008985823,26889.32982531725,32890.48008985823
2015-05-15,-0.001396424290505,0.02667171596801438,0.03262429925577295,26671.715968014378,32624.29925577295
2015-05-18,0.0109668578794032,0.026518651524150387,0.03243707394833394,26518.651524150388,32437.073948333942
2015-05-19,-0.0009224772267148,0.026529674038996122,0.03245055646379375,26529.674038996123,32450.556463793753
2015-05-20,-7.684578871604685e-05,0.026467568739944543,0.032374590528041515,26467.568739944545,32374.590528041514
2015-05-21,0.0101742084836321,0.02644145919856821,0.03234265386928608,26441.459198568213,32342.65386928608
2015-05-22,0.0087142952572371,0.02656592857951261,0.03249490227868653,26565.92857951261,32494.90227868653
2015-05-26,-0.0222772930402987,0.026422880770424453,0.0323199291147112,26422.880770424454,32319.9291147112
2015-05-27,0.0184978779691842,0.026151480827118902,0.031987958236683774,26151.480827118903,31987.958236683775
2015-05-28,-0.0019708879355598,0.026319508671518006,0.032193486470620904,26319.508671518008,32193.486470620905
2015-05-29,-0.0114478403264029,0.02651241132328509,0.032429441061845136,26512.41132328509,32429.441061845137
2015-06-01,0.0019936883758681,0.026511993343652698,0.03242892979767951,26511.9933436527,32428.92979767951
2015-06-02,-0.0044529632146453,0.026276059772985468,0.03214034066366348,26276.059772985467,32140.340663663483
2015-06-03,0.0012303605690181,0.026215292042356852,0.03206601081433922,26215.29204235685,32066.01081433922
2015-06-04,-0.0058579568602215,0.026377877479401526,0.03226488200654661,26377.877479401526,32264.882006546613
2015-06-05,-0.0055038113864041,0.026347624542682926,0.032227877231073704,26347.624542682926,32227.877231073704
2015-06-08,-0.00662857974928,0.026389378459058373,0.03227894977040963,26389.37845905837,32278.949770409632
2015-06-09,-0.0029780617253369,0.02689210035902156,0.03289386895020663,26892.100359021562,32893.868950206626
2015-06-10,0.011393067664036,0.027015882007903117,0.03304527613976758,27015.882007903117,33045.27613976758
2015-06-11,-0.0022526808666444,0.026952754327321783,0.03296805964776991,26952.75432732178,32968.05964776991
2015-06-12,-0.0111044114863918,0.026924505463237543,0.03293350621308932,26924.505463237543,32933.50621308932
2015-06-15,-0.0019678223089038,0.02683745714594478,0.0328270304859004,26837.45714594478,32827.0304859004
2015-06-16,0.0053435252419507,0.026711746275712926,0.032673263512111916,26711.746275712925,32673.263512111916
2015-06-17,-0.0023536815407646,0.02659371684314532,0.03252889231628438,26593.71684314532,32528.89231628438
2015-06-18,0.0045455309065023,0.026515413384451344,0.03243311312186518,26515.413384451345,32433.11312186518
2015-06-19,-0.0100595672386459,0.02665657187615839,0.03260577531133461,26656.57187615839,32605.775311334608
2015-06-22,0.0079459780946175,0.026619691701667312,0.032560664233717965,26619.69170166731,32560.664233717966
2015-06-23,-0.0045555069240155,0.026620510422552052,0.032561665676414143,26620.51042255205,32561.665676414144
2015-06-24,0.0084663357105697,0.026625076101603553,0.03256725032195629,26625.076101603554,32567.250321956286
2015-06-25,-0.0047731682653032,0.02658276013184817,0.03251549029038376,26582.760131848172,32515.49029038376
2015-06-26,-0.0058995645985516,0.026469740789555295,0.03237724733484707,26469.740789555293,32377.24733484707
2015-06-29,-0.0176699729689758,0.02637211153285174,0.03225782921826862,26372.111532851737,32257.82921826862
2015-06-30,0.0072011000795764,0.026535247050210587,0.03245737325750265,26535.247050210586,32457.373257502648
2015-07-01,0.0092847988720825,0.02649886864083749,0.0324128759287496,26498.86864083749,32412.8759287496
2015-07-02,-0.0012647263472538,0.026468409164352533,0.032375618518044894,26468.40916435253,32375.618518044892
2015-07-06,-0.003486047179699,0.026438037077882528,0.032338468001024995,26438.037077882527,32338.468001024994
2015-07-07,-0.0024633267772079,0.026403979046803736,0.032296808911699455,26403.979046803735,32296.808911699456
2015-07-08,-0.0251362305277581,0.026463404749528532,0.032369497219849684,26463.404749528534,32369.497219849683
2015-07-09,-0.0206072601743813,0.032392352675971285,0.03962166545889841,32392.352675971284,39621.66545889841
2015-07-10,0.0263830185787935,0.030177787938640305,0.03691285501720764,30177.787938640304,36912.85501720764
2015-07-13,0.019121609678914,0.02869394425425616,0.0350978476713664,28693.94425425616,35097.8476713664
2015-07-14,-0.0003977090541234,0.027954016667027497,0.03419278333046314,27954.016667027496,34192.78333046314
2015-07-15,0.0095867848142355,0.02715787901924125,0.03321896398935611,27157.87901924125,33218.96398935611
2015-07-16,0.0132379694926744,0.026634136518530492,0.03257833283924017,26634.136518530493,32578.33283924017
2015-07-17,0.0086001314084482,0.026616159188182185,0.032556343335235015,26616.159188182184,32556.343335235015
2015-07-20,0.0187253296825643,0.026366910058136944,0.03225146688043216,26366.910058136942,32251.466880432155
2015-07-21,-0.0100447821025988,0.026215014989540795,0.03206567192898247,26215.014989540796,32065.671928982472
2015-07-22,-0.0432153122278088,0.02600974030201532,0.031814584115828735,26009.740302015318,31814.584115828737
2015-07-23,-0.0004790292312403,0.02849876441989101,0.037306411693543644,28498.76441989101,37306.41169354365
2015-07-24,-0.0052874066812272,0.028494633523710778,0.037301004128805305,28494.633523710778,37301.0041288053
2015-07-27,-0.013993010805084,0.02874825044446721,0.037633002285595026,28748.25044446721,37633.00228559502
2015-07-28,0.0049564718611564,0.02823340728312926,0.03695904496409539,28233.40728312926,36959.04496409539
2015-07-29,-0.0031660377064568,0.028306913570495227,0.0370552686381514,28306.913570495228,37055.2686381514
2015-07-30,-0.0050539029810931,0.028260524609025305,0.036994542998641744,28260.524609025306,36994.542998641744
2015-07-31,-0.008782408150936,0.028240090349607245,0.036967793456687194,28240.090349607246,36967.79345668719
2015-08-03,-0.0238602349578491,0.02844089527708056,0.03723065788070352,28440.89527708056,37230.65788070352
2015-08-04,-0.0326097433900643,0.028404979766610685,0.0371836425504937,28404.979766610686,37183.6425504937
2015-08-05,0.0066076495042244,0.03170474598148204,0.03765219707805346,31704.74598148204,37652.19707805346
2015-08-06,0.0021738832499781,0.03201141251713778,0.038016390780929936,32011.412517137782,38016.390780929934
2015-08-07,0.0033816373380615,0.03052325987989181,0.03624907757133861,30523.259879891808,36249.07757133861
2015-08-10,0.0357118043040394,0.03168998624322641,0.0376346685801451,31689.98624322641,37634.6685801451
2015-08-11,-0.053441072095546,0.03207262095886669,0.038089081232768385,32072.62095886669,38089.08123276838
2015-08-12,0.0153026351336814,0.03565328014783124,0.045184202038473086,35653.28014783124,45184.202038473086
2015-08-13,-0.0007815079244011,0.035675396499242236,0.04521223058693663,35675.39649924223,45212.23058693663
2015-08-14,0.0070096992426486,0.03528165851660325,0.044713237605533133,35281.658516603246,44713.23760553313
2015-08-17,0.0102954186598146,0.035411442676422725,0.04487771598380188,35411.442676422725,44877.71598380188
2015-08-18,-0.0056492894497138,0.03569911788922918,0.045242293236806695,35699.11788922918,45242.2932368067
2015-08-19,-0.0128721224433115,0.035745647869409,0.04530126172488336,35745.647869409004,45301.261724883356
2015-08-20,-0.0207337167751663,0.03558562178816913,0.04509845708092952,35585.621788169134,45098.45708092952
2015-08-21,-0.0631132975046876,0.03559399574205924,0.04510906958061713,35593.99574205924,45109.069580617135
2015-08-24,-0.0252787124136147,0.04064593138152235,0.0532180547110074,40645.93138152235,53218.0547110074
2015-08-25,0.0059942539654403,0.04076193420165861,0.05336993816449984,40761.934201658616,53369.93816449984
2015-08-26,0.055770529227328,0.04075687939714628,0.05336331986707258,40756.87939714628,53363.31986707258
2015-08-27,0.0290212460760235,0.040793464745133394,0.0534112213663032,40793.464745133395,53411.221366303194
2015-08-28,0.0032710923871407,0.04088783617491451,0.05353478266118672,40887.83617491451,53534.78266118672
2015-08-31,-0.0046891680324478,0.040660082150587105,0.05323658243018357,40660.082150587106,53236.58243018357
2015-09-01,-0.0457261519525093,0.04089255079843034,0.05354095555681684,40892.55079843034,53540.955556816836
2015-09-02,0.0419946377125387,0.044890186602051005,0.054603086144885495,44890.186602051006,54603.08614488549
2015-09-03,-0.0176919058966952,0.04430846941854243,0.05389550268650826,44308.46941854243,53895.502686508255
2015-09-04,-0.0100162909534253,0.044330559000797694,0.05392237179653183,44330.55900079769,53922.37179653183
2015-09-08,0.0274411644394074,0.06994854152395491,0.08508332282956259,69948.5415239549,85083.32282956259
2015-09-09,-0.0194200443938415,0.06901169539422576,0.08394377109680667,69011.69539422577,83943.77109680667
2015-09-10,0.0217321613990713,0.06808993024301747,0.08282256341720928,68089.93024301747,82822.56341720928
2015-09-11,0.014463745623497,0.06688797290916965,0.08136053831082286,66887.97290916965,81360.53831082287
2015-09-14,0.0095851926440533,0.06581472198215915,0.08005506784481338,65814.72198215916,80055.06784481338
2015-09-15,0.0083772247740066,0.06475550737726765,0.07876667074302524,64755.507377267655,78766.67074302524
2015-09-16,0.001117109788397,0.06379453744513053,0.07759777553543144,63794.537445130525,77597.77553543144
2015-09-17,-0.0216218135578982,0.06282071450788282,0.07641324631518596,62820.71450788282,76413.24631518597
2015-09-18,-0.0041341152022135,0.06214467331433294,0.0755909299399805,62144.67331433294,75590.9299399805
2015-09-21,0.0153941272710079,0.061507369677699694,0.074815732775397,61507.369677699695,74815.732775397
2015-09-22,-0.0158352153113165,0.06103277305985309,0.07423844758302123,61032.77305985309,74238.44758302123
2015-09-23,0.0080800347321778,0.06038831649774189,0.07345454981290177,60388.316497741886,73454.54981290177
2015-09-24,0.00593080271806,0.05973207218283956,0.07265631377132857,59732.07218283956,72656.31377132857
2015-09-25,-0.0025251706847043,0.05899913426399188,0.0717647899138656,58999.13426399188,71764.7899138656
2015-09-28,-0.0199873130622006,0.05847091425812452,0.07112227882921554,58470.91425812452,71122.27882921555
2015-09-29,-0.0305216172597493,0.05781887952012034,0.0703291631916193,57818.87952012034,70329.1631916193
2015-09-30,0.0113055234037347,0.057310304510255164,0.06971054769507477,57310.30451025516,69710.54769507477
2015-10-01,-0.0065486061352307,0.05684429937328881,0.06914371292418589,56844.29937328881,69143.7129241859
2015-10-02,0.0072740173021331,0.056802820903312894,0.06909325974854348,56802.820903312895,69093.25974854348
2015-10-05,0.0036171858118203,0.05625448693260442,0.0684262826360582,56254.48693260441,68426.2826360582
2015-10-06,0.0047729315442971,0.055788030566371084,0.06785889900332664,55788.03056637108,67858.89900332665
2015-10-07,-0.0047729315442971,0.05044359054566541,0.06135808132052752,50443.590545665415,61358.081320527526
2015-10-08,-0.0116215234558572,0.050332910520283054,0.06122345343372352,50332.910520283054,61223.453433723516
2015-10-09,0.0236452532867148,0.05023924301338813,0.06110951906777178,50239.24301338813,61109.519067771784
2015-10-12,-0.004648977637841,0.05006928487825079,0.06090278705357463,50069.28487825079,60902.78705357463
2015-10-13,0.0017013035235014,0.049974386187689554,0.06078735511247605,49974.38618768955,60787.35511247605
2015-10-14,-0.0142345588411284,0.0497702669571019,0.06053907055909671,49770.2669571019,60539.070559096705
2015-10-15,0.0148605218486138,0.04960271300560069,0.060335262922277526,49602.71300560069,60335.26292227753
2015-10-16,-0.0073580058281724,0.049350458078351624,0.06002842754096896,49350.45807835162,60028.42754096896
2015-10-19,0.0061948210469799,0.04937759692051515,0.06006143842037706,49377.596920515156,60061.43842037706
2015-10-20,0.0180936531838088,0.049512810587547,0.06022590829826723,49512.810587547,60225.90829826723
2015-10-21,-8.768463344391547e-05,0.04952964931365602,0.06024639042324594,49529.64931365602,60246.39042324594
2015-10-22,0.0151794124799703,0.049272801224808656,0.05993396805695439,49272.80122480865,59933.96805695439
2015-10-23,0.0305250133519833,0.04909673804334074,0.05971981004621011,49096.738043340745,59719.810046210114
2015-10-26,-0.0324316304376362,0.04896159072823974,0.05955542087683265,48961.59072823974,59555.42087683265
2015-10-27,-0.0063524970288278,0.04893844476432035,0.05952726681561207,48938.444764320346,59527.26681561207
2015-10-28,0.0403785775621459,0.048877626550596374,0.05945328935161562,48877.626550596375,59453.28935161562
2015-10-29,0.0105088851766023,0.048785727880457284,0.059341506546017386,48785.727880457285,59341.50654601739
2015-10-30,-0.0085825127646042,0.048607402805016804,0.059124597234804475,48607.402805016805,59124.597234804474
2015-11-02,0.0139607626379889,0.04851582093937491,0.059013199780762145,48515.82093937491,59013.199780762145
2015-11-03,0.0114052479509797,0.048401384175443284,0.05887400230906317,48401.38417544329,58874.00230906317
2015-11-04,-0.004661427718937,0.04817764808207766,0.05860185638799442,48177.64808207766,58601.85638799442
2015-11-05,-0.0046201761314917,0.04616267489351359,0.05615090300768988,46162.67489351359,56150.90300768988
2015-11-06,0.0011569942573402,0.04613742290356129,0.05612018723912072,46137.422903561295,56120.18723912072
2015-11-09,-0.0040557366286802,0.04620574640698373,0.05620329391399753,46205.74640698373,56203.293913997535
2015-11-10,-0.0320246352161354,0.04621764700509169,0.05621776944713409,46217.64700509169,56217.76944713409
2015-11-11,-0.0056677813309994,0.04633465626655161,0.05636009602821704,46334.65626655161,56360.09602821704
2015-11-12,-0.0033645618471843,0.046432993482658357,0.05647971048938926,46432.993482658356,56479.71048938926
2015-11-13,-0.0296437108163119,0.04652774435672639,0.0565949626309075,46527.74435672639,56594.962630907496
2015-11-16,0.0162464434762733,0.04664830351842704,0.05674160720492661,46648.30351842704,56741.60720492661
2015-11-17,-0.0043008672182609,0.046703707055680464,0.05680899841771434,46703.70705568046,56808.99841771434
2015-11-18,0.0311741129287779,0.04677804158335722,0.056899416723484725,46778.041583357226,56899.41672348473
2015-11-19,0.0126233809176385,0.046865613381793,0.05700593645119806,46865.613381793,57005.93645119806
2015-11-20,0.0043682479154953,0.04690462832669066,0.057053393068299485,46904.628326690654,57053.39306829948
2015-11-23,-0.0130775451965831,0.04688227033012064,0.05702619746709688,46882.27033012064,57026.197467096885
2015-11-24,0.0095507541793993,0.04682414342543161,0.05695549363126284,46824.14342543161,56955.493631262834
2015-11-25,-0.0071754853507813,0.0467528644075586,0.056868791956624115,46752.864407558605,56868.79195662412
2015-11-27,-0.0018657355406494,0.0467788315078719,0.05690037756414027,46778.831507871895,56900.37756414027
2015-11-30,0.0041506991597696,0.04671871682893351,0.056827255858905606,46718.71682893351,56827.255858905606
2015-12-01,-0.0081485156033056,0.04670893121664274,0.0568153529315324,46708.93121664274,56815.3529315324
2015-12-02,-0.009074344635883,0.04698373410857315,0.0571496149855969,46983.73410857315,57149.6149855969
2015-12-03,-0.0093311987394365,0.04691994782684785,0.057072027252073214,46919.94782684785,57072.02725207321
2015-12-04,0.0327058671650803,0.04688159284905232,0.05702537339930088,46881.59284905232,57025.37339930088
2015-12-07,-0.0063209680872786,0.04889333809112886,0.059472400401626824,48893.33809112886,59472.40040162682
2015-12-08,-0.0004229174594603,0.04906823650680859,0.059685141625953286,49068.23650680859,59685.141625953285
2015-12-09,-0.0223227348935642,0.04911618864191852,0.059743469175077786,49116.188641918525,59743.469175077786
2015-12-10,0.0047455890206291,0.04933522114856064,0.06000989379332974,49335.22114856064,60009.893793329735
2015-12-11,-0.0260754321681363,0.049466912396855384,0.060170079105966334,49466.91239685538,60170.07910596633
2015-12-14,-0.0062039691823574,0.049574800498655355,0.06030131098006871,49574.80049865536,60301.31098006871
2015-12-15,-0.0178501077004068,0.0496958397609538,0.06044853953415747,49695.8397609538,60448.53953415747
2015-12-16,0.0076632029890109,0.049602852687091595,0.060335432826683306,49602.852687091596,60335.4328266833
2015-12-17,-0.0214239130343775,0.049467257257322025,0.06017049858396795,49467.257257322024,60170.49858396795
2015-12-18,-0.0274424843443193,0.04937871163337596,0.0600627943239046,49378.71163337596,60062.7943239046
2015-12-21,0.0121864548576683,0.049435224030509595,0.06013153432082857,49435.22403050959,60131.53432082857
2015-12-22,-0.0009322077153397,0.04942783405147461,0.06012254537040534,49427.834051474616,60122.545370405336
2015-12-23,0.0127871734554978,0.049447420783361305,0.0601463700877759,49447.4207833613,60146.370087775904
2015-12-24,-0.0053545157454995,0.049475720141113885,0.06018079258378617,49475.72014111389,60180.79258378617
2015-12-28,-0.0112639002530041,0.049589493184759054,0.0603191827258944,49589.493184759056,60319.182725894396
2015-12-29,0.0178148861569587,0.04962186948113059,0.0603585642886288,49621.86948113059,60358.5642886288
2015-12-30,-0.0131448544879931,0.0496180323740034,0.06035389694578902,49618.0323740034,60353.89694578902
2015-12-31,-0.0193813556237225,0.049553140792632844,0.060274964758692866,49553.14079263285,60274.96475869286
2016-01-04,0.0008546417143887,0.04956435478052618,0.06028860511961175,49564.354780526184,60288.605119611755
2016-01-05,-0.025379032799106,0.04951912595533977,0.06023359012357756,49519.12595533977,60233.59012357756
2016-01-06,-0.0197634528843776,0.04928162557982766,0.059944701739608634,49281.62557982766,59944.70173960864
2016-01-07,-0.0431211816649085,0.06598631736120382,0.080263791353742,65986.31736120382,80263.791353742
2016-01-08,0.0052741652041465,0.06521913173665025,0.07933060960696124,65219.131736650255,79330.60960696124
2016-01-11,0.0160620655464677,0.06470053083231299,0.0786997989109538,64700.53083231299,78699.7989109538
2016-01-12,0.0144094831566149,0.06404792670060441,0.07790599067981217,64047.92670060441,77905.99067981217
2016-01-13,-0.0260468250475585,0.06342350551449209,0.07714646334440063,63423.50551449209,77146.46334440063
2016-01-14,0.0216352838007617,0.06272083482264153,0.0762917556404935,62720.834822641526,76291.75564049349
2016-01-15,-0.024308377611877,0.06219892998214504,0.07565692613493379,62198.92998214504,75656.92613493379
2016-01-19,-0.0048501840215494,0.06176008487300508,0.07512312801306241,61760.08487300508,75123.1280130624
2016-01-20,0.0013436756157463,0.06124273065197045,0.07449383374549785,61242.73065197045,74493.83374549785
2016-01-21,-0.0050758203829558,0.060721364647679035,0.07385965966425136,60721.36464767904,73859.65966425136
2016-01-22,0.0518022396901025,0.06019607444374535,0.07322071230342339,60196.07444374535,73220.7123034234
2016-01-25,-0.0197156880840726,0.05966530799660301,0.07257510380343991,59665.30799660301,72575.10380343991
2016-01-26,0.0055157080008971,0.05919569051242784,0.07200387508098259,59195.69051242784,72003.87508098259
2016-01-27,-0.0679650083667555,0.058759391528221315,0.07147317398965618,58759.39152822131,71473.17398965618
2016-01-28,0.0071463830239637,0.06371520608479975,0.07370461381690685,63715.20608479975,73704.61381690684
2016-01-29,0.033958219487599,0.06334107857679133,0.07327182978950621,63341.07857679133,73271.82978950621
2016-02-01,-0.0093928058025524,0.06306345569930874,0.07295068059720257,63063.45569930874,72950.68059720258
2016-02-02,-0.0204288028326274,0.0626416201434324,0.07246270875106704,62641.6201434324,72462.70875106704
2016-02-03,0.0195989566723083,0.06208352795385627,0.07181711766167787,62083.52795385627,71817.11766167787
2016-02-04,0.0080031802268535,0.06181460916920306,0.07150603720869154,61814.60916920306,71506.03720869154
2016-02-05,-0.0270713225970411,0.061431636782478274,0.07106302158337093,61431.63678247827,71063.02158337092
2016-02-08,0.0104746787694199,0.08164400813201217,0.09444433220266923,81644.00813201217,94444.33220266923
2016-02-09,-0.0002104700517405,0.08111393224815225,0.09383114987596446,81113.93224815225,93831.14987596446
2016-02-10,-0.007608722096053,0.08061717220703503,0.0932565067218407,80617.17220703502,93256.5067218407
2016-02-11,-0.0060647201894624,0.08035167668650339,0.09294938623972442,80351.67668650339,92949.38623972442
2016-02-12,0.0030900075125489,0.07975951722157561,0.09226438673391663,79759.5172215756,92264.38673391663
2016-02-16,0.0278045182158174,0.07929713397805736,0.09172951004602577,79297.13397805736,91729.51004602577
2016-02-17,0.015198234017742,0.07896087761801326,0.09134053468702678,78960.87761801327,91340.53468702678
2016-02-18,-0.0191381001247827,0.07837446632091405,0.09066218455922458,78374.46632091406,90662.18455922458
2016-02-19,-0.002288182462204,0.07800362553983213,0.09023320255890228,78003.62553983214,90233.20255890228
2016-02-22,0.0087083606153574,0.07757001348011082,0.08973160786319374,77570.01348011082,89731.60786319374
2016-02-23,-0.0228646637865011,0.07725220012177667,0.08936396703957783,77252.20012177667,89363.96703957782
2016-02-24,0.0147810318468882,0.07675204150076455,0.08878539246885712,76752.04150076455,88785.39246885713
2016-02-25,0.006844114234191,0.07644875202599817,0.0884345526146685,76448.75202599817,88434.5526146685
2016-02-26,0.0015491354717597,0.07604996660789383,0.08797324475672837,76049.96660789383,87973.24475672837
2016-02-29,-0.0022728177071578,0.0755797811683856,0.08742934262769554,75579.7811683856,87429.34262769554
2016-03-01,0.0389462323022648,0.07528854460942626,0.0870924453715069,75288.54460942626,87092.4453715069
2016-03-02,0.0021860127314664,0.0752658164942858,0.0870661538933473,75265.81649428581,87066.1538933473
2016-03-03,0.0074165337713744,0.07504857817695489,0.08681485648305877,75048.57817695489,86814.85648305877
2016-03-04,0.0147672851842937,0.07465298889697568,0.08635724586068755,74652.98889697567,86357.24586068754
2016-03-07,-0.0111287356664354,0.07425022384916836,0.08589133443809753,74250.22384916837,85891.33443809753
2016-03-08,-0.0082796042804877,0.07381347244090086,0.08538610819999193,73813.47244090086,85386.10819999193
2016-03-09,0.000890273391062,0.0587868360350028,0.06800356325789829,58786.8360350028,68003.56325789829
2016-03-10,0.0004941244586588,0.05879660184910231,0.06801486017744138,58796.60184910231,68014.86017744138
2016-03-11,0.0107166887505576,0.058656716524219665,0.06785304332895775,58656.716524219664,67853.04332895775
2016-03-14,0.0025392094397901,0.058651560747795504,0.06784707921876144,58651.560747795505,67847.07921876144
2016-03-15,0.0198943221312737,0.05837708212237646,0.06752956724115627,58377.08212237646,67529.56724115627
2016-03-16,0.0132037822149295,0.05825386743952919,0.06738703469400036,58253.86743952919,67387.03469400035
2016-03-17,-0.0016057238217536,0.05814515543668225,0.06726127858836316,58145.15543668225,67261.27858836316
2016-03-18,0.0011339069536877,0.058108785915213075,0.06721920697470435,58108.78591521308,67219.20697470434
2016-03-21,-9.462886490669824e-05,0.058122487880536054,0.06723505716376782,58122.48788053606,67235.05716376782
2016-03-22,0.0076191685979157,0.0580615606142849,0.0671645775890179,58061.5606142849,67164.57758901789
2016-03-23,-0.0055441648181751,0.05818000621808818,0.06730159335060881,58180.00621808818,67301.59335060882
2016-03-24,-0.0043435221533612,0.05821808952073576,0.06734564743576356,58218.08952073576,67345.64743576356
2016-03-28,-0.0045530147039198,0.05826842732321667,0.06740387730772394,58268.427323216674,67403.87730772395
2016-03-29,0.0233956370654246,0.05828651655752272,0.06742480261128485,58286.51655752272,67424.80261128485
2016-03-30,0.0173085898201233,0.05841763941703524,0.06757648319613734,58417.63941703524,67576.48319613734
2016-03-31,-0.0052163592634207,0.05846281515312979,0.06762874168178536,58462.815153129784,67628.74168178535
2016-04-01,0.0091334960335454,0.058264334561892075,0.06739914287443226,58264.33456189207,67399.14287443226
2016-04-04,0.010221184129129,0.058287388311961376,0.06742581104126873,58287.388311961375,67425.81104126872
2016-04-05,-0.011859136506905,0.058337186902735816,0.06748341716274578,58337.18690273582,67483.41716274578
2016-04-06,0.0104182953409734,0.05816790248874095,0.06728759197241198,58167.902488740954,67287.59197241197
2016-04-07,-0.0220510303144095,0.058109744543790316,0.06722031589914203,58109.744543790315,67220.31589914202
2016-04-08,0.001104910178279,0.047116725925538436,0.05450378806021511,47116.725925538434,54503.788060215105
2016-04-11,0.0033077336871591,0.04749389449769713,0.054940089936376856,47493.894497697125,54940.089936376855
2016-04-12,0.0129409579655762,0.04792515211723372,0.055438961057679335,47925.15211723372,55438.961057679335
2016-04-13,0.0143834349571869,0.048281264402337896,0.055850905396588435,48281.264402337896,55850.90539658844
2016-04-14,0.0005356127502789,0.048606500369519696,0.0562271325617113,48606.500369519694,56227.1325617113
2016-04-15,-0.0202756591180228,0.048847687460904,0.05650613348661521,48847.687460904,56506.13348661521
2016-04-18,-0.0218108502165769,0.0491174484747086,0.0568181882152598,49117.4484747086,56818.188215259805
2016-04-19,-0.0053175766043062,0.04917045204080771,0.056879501795020555,49170.45204080771,56879.50179502056
2016-04-20,0.0020557721486909,0.04937835411280272,0.05711999920324887,49378.35411280272,57119.999203248866
2016-04-21,-0.010887033242213,0.04945143144121095,0.05720453375316353,49451.431441210945,57204.53375316353
2016-04-22,-0.0027404393965071,0.049848001255534194,0.05766327864017271,49848.0012555342,57663.27864017271
2016-04-25,-0.0056936140539338,0.05001594549663481,0.05785755354240907,50015.945496634806,57857.55354240907
2016-04-26,-0.0069714814853818,0.05029915579021313,0.05818516615798128,50299.15579021313,58185.16615798128
2016-04-27,-0.0646215885446655,0.050587644050074466,0.0585188842307988,50587.644050074465,58518.884230798794
2016-04-28,-0.0310434424311114,0.05499682650426402,0.06235108542502211,54996.82650426402,62351.08542502211
2016-04-29,-0.0115603273037178,0.055353088906905504,0.06275498777562594,55353.088906905505,62754.98777562594
2016-05-02,-0.0010676945090607,0.055575626848160926,0.06300728382737085,55575.62684816093,63007.28382737085
2016-05-03,0.0163124783566776,0.05555451960310028,0.06298335408953841,55554.519603100285,62983.35408953841
2016-05-04,-0.0104560503252309,0.05591064077726758,0.06338709632638262,55910.64077726758,63387.09632638262
2016-05-05,-0.0040669965293459,0.05599674612080808,0.06348471580684896,55996.74612080808,63484.71580684896
2016-05-06,-0.0055927891164294,0.056298239209077304,0.06382652500742658,56298.23920907731,63826.52500742658
2016-05-09,0.0007543352161294,0.07686951239804345,0.0871486199978939,76869.51239804344,87148.6199978939
2016-05-10,0.0067668510277881,0.07641228767480257,0.08663025449229489,76412.28767480257,86630.25449229489
2016-05-11,-0.0097885177219268,0.07582451499645419,0.08596388396134519,75824.51499645419,85963.88396134519
2016-05-12,-0.0237363104697981,0.07546551243381536,0.0855568750323998,75465.51243381535,85556.8750323998
2016-05-13,0.0019901462858601,0.07498504575931517,0.08501215962662424,74985.04575931517,85012.15962662424
2016-05-16,0.0364465244650252,0.07444774162230858,0.0844030063667881,74447.74162230857,84403.0063667881
2016-05-17,-0.0041626197295768,0.07399524416927294,0.08389000026912459,73995.24416927295,83890.00026912459
2016-05-18,0.0113800073236413,0.07369096211665616,0.08354502915966357,73690.96211665616,83545.02915966357
2016-05-19,-0.003814333699012,0.07345413151408119,0.0832765292102844,73454.1315140812,83276.5292102844
2016-05-20,0.0107699048501201,0.07304077844897035,0.08280790194737454,73040.77844897035,82807.90194737454
2016-05-23,0.0126271504137593,0.07257493808942717,0.08227976870954039,72574.93808942716,82279.76870954038
2016-05-24,0.015129421438855,0.07212032286815465,0.08176436165246447,72120.32286815465,81764.36165246446
2016-05-25,0.0174164090877201,0.07173027019355756,0.08132215054357118,71730.27019355756,81322.15054357119
2016-05-26,0.0078986346073843,0.0712240752107053,0.08074826640109088,71224.0752107053,80748.26640109088
2016-05-27,-0.0005975417832071,0.07078422042207407,0.08024959356406045,70784.22042207407,80249.59356406044
2016-05-31,-0.0048949997474447,0.0706090778188994,0.08005103062677428,70609.0778188994,80051.03062677429
2016-06-01,-0.014118952786122,0.07022549978695607,0.07961615995955486,70225.49978695606,79616.15995955486
2016-06-02,-0.0075437908875956,0.06987958290317686,0.07922398654626157,69879.58290317687,79223.98654626157
2016-06-03,0.0020442472098096,0.06944847829147135,0.07873523397306563,69448.47829147136,78735.23397306562
2016-06-06,0.0072247145343623,0.06903653218516193,0.07826820180961865,69036.53218516192,78268.20180961865
2016-06-07,0.0040474790506158,0.0688220738107351,0.07802506573661337,68822.0738107351,78025.06573661337
2016-06-08,-0.0009095794419213,0.05430632795603098,0.06156825236531104,54306.327956030975,61568.25236531104
2016-06-09,0.0071507520625142,0.05457781323845756,0.06187604107080852,54577.813238457566,61876.04107080852
2016-06-10,-0.0082628219983307,0.05475844797978767,0.0620808305632809,54758.44797978767,62080.8305632809
2016-06-13,-0.0151917632683804,0.05501661423073229,0.062373519196237896,55016.614230732295,62373.519196237896
2016-06-14,0.0012324224714277,0.05528546299834471,0.06267831882816782,55285.462998344716,62678.31882816782
2016-06-15,-0.0032886911837281,0.05576563226572841,0.06322269705709689,55765.6322657284,63222.69705709689
2016-06-16,0.0042119049437982,0.056062660206790106,0.06355944402422091,56062.660206790104,63559.44402422091
2016-06-17,-0.0230204366217284,0.056252055078980484,0.0637741650655175,56252.055078980484,63774.1650655175
2016-06-20,-0.0024156382272221,0.05633595239951881,0.06386928126280227,56335.95239951881,63869.281262802266
2016-06-21,0.008481131228482,0.056632382197657594,0.06420535010242596,56632.38219765759,64205.35010242597
2016-06-22,-0.0037604558185855,0.05679164312412854,0.06438590764115026,56791.64312412854,64385.90764115026
2016-06-23,0.0057398466676277,0.05687860024771705,0.06448449280298249,56878.60024771705,64484.49280298249
2016-06-24,-0.0284981665800343,0.056901565264887086,0.06451052873702397,56901.56526488709,64510.52873702397
2016-06-27,-0.0146680421350484,0.057103415693837686,0.06473937091099197,57103.415693837684,64739.370910991966
2016-06-28,0.0166999455164402,0.05747369352006159,0.06515916284884293,57473.69352006159,65159.162848842934
2016-06-29,0.0086175597917193,0.05762748869105724,0.0653335237429931,57627.48869105724,65333.5237429931
2016-06-30,0.0126320324805035,0.057869421955975955,0.06560780869045152,57869.42195597596,65607.80869045152
2016-07-01,0.003028736435938,0.05811601871512937,0.06588738074165552,58116.01871512937,65887.38074165552
2016-07-05,-0.009429851467962,0.058140451701853404,0.06591508094436267,58140.4517018534,65915.08094436268
2016-07-06,0.0056686098716255,0.05839663860044058,0.0662055255429677,58396.63860044058,66205.5255429677
2016-07-07,0.0042826501729904,0.058629259303660544,0.06646925263887517,58629.25930366055,66469.25263887517
2016-07-08,0.0076833910811579,0.054797197479857215,0.062124761705177334,54797.19747985721,62124.761705177334
2016-07-11,0.0030984587409062,0.055112089339960875,0.06248176138164859,55112.089339960876,62481.76138164859
2016-07-12,0.0045265196911377,0.05545114620500698,0.06286615744411578,55451.14620500698,62866.15744411578
2016-07-13,-0.0056613367182376,0.05563811485574721,0.06307812782595591,55638.11485574721,63078.12782595591
2016-07-14,0.0196264539132731,0.055918064082772584,0.06339551228754071,55918.06408277259,63395.51228754072
2016-07-15,-0.000101184147219,0.05606081312898014,0.06355734995236921,56060.81312898014,63557.34995236921
2016-07-18,0.0105733577398501,0.05638820496879583,0.06392852112476805,56388.204968795835,63928.52112476804
2016-07-19,0.0004005875785497,0.05653211602337517,0.06409167618348739,56532.11602337517,64091.67618348739
2016-07-20,0.0009011129429318,0.056781341877559795,0.06437422889629138,56781.3418775598,64374.22889629138
2016-07-21,-0.0053163427417583,0.05694648537040118,0.06456145562706905,56946.48537040118,64561.45562706905
2016-07-22,-0.0077742340761209,0.05714667217637182,0.064788411715873,57146.67217637182,64788.411715873
2016-07-25,-0.0134703415507146,0.05746061831560006,0.06514433920824127,57460.618315600055,65144.33920824127
2016-07-26,-0.0069065306331589,0.05759973606999803,0.06530205999942061,57599.73606999803,65302.05999942061
2016-07-27,0.0629404920978409,0.05746313834071972,0.06514719621493596,57463.13834071972,65147.19621493596
2016-07-28,0.0134113617960947,0.057565856363350376,0.06526364984709666,57565.85636335037,65263.64984709666
2016-07-29,-0.0012467826178948,0.057561475951926254,0.06525868368042374,57561.47595192625,65258.68368042375
2016-08-01,0.0175027212330734,0.05778876227768507,0.06551636307783822,57788.76227768507,65516.363077838214
2016-08-02,-0.0149150351429816,0.0578930057935688,0.0656345461945198,57893.0057935688,65634.5461945198
2016-08-03,0.0124603539688361,0.05795615481395322,0.06570613959753537,57956.15481395322,65706.13959753537
2016-08-04,0.0061587379877275,0.05822188661416404,0.06600740545646278,58221.88661416404,66007.40545646277
2016-08-05,0.0150927079348935,0.058202826818256316,0.0659857969557844,58202.82681825632,65985.79695578439
2016-08-08,0.0082464759825197,0.04582564034613312,0.05195351436607993,45825.64034613312,51953.51436607993
2016-08-09,0.0040517721994705,0.04703086156973741,0.053319899596747274,47030.86156973741,53319.89959674727
2016-08-10,-0.0074720586840484,0.04789500839685611,0.05429960144614877,47895.008396856116,54299.601446148765
2016-08-11,-0.0006482010140929,0.04496330976811903,0.05457029515789408,44963.30976811903,54570.29515789408
2016-08-12,0.0023137811421637,0.045523745436629105,0.05525047506469649,45523.745436629106,55250.47506469649
2016-08-15,0.0119450935813683,0.046406596970785675,0.05632195910463884,46406.59697078568,56321.95910463884
2016-08-16,-0.0009138222176568,0.046898001648098896,0.0569183586673322,46898.00164809889,56918.3586673322
2016-08-17,-0.0014638547213341,0.04736737043158976,0.05748801408605227,47367.37043158976,57488.01408605227
2016-08-18,-0.0012826330669177,0.047735793313109384,0.05793515522159436,47735.79331310938,57935.15522159437
2016-08-19,0.002563623093444,0.048375589632865756,0.058711652196352104,48375.589632865755,58711.6521963521
2016-08-22,-0.0078028999604051,0.048945251323028176,0.05940302938216483,48945.25132302818,59403.02938216483
2016-08-23,0.0031284393751689,0.03901684427130438,0.054316616709620534,39016.84427130438,54316.61670962053
2016-08-24,-0.0075617110897033,0.03916898569296505,0.05452841772634389,39168.98569296505,54528.41772634389
2016-08-25,-0.0042670712840998,0.039595608000593634,0.05512233250330801,39595.60800059363,55122.33250330801
2016-08-26,-0.0058737640719931,0.03993875674878844,0.05560004102582406,39938.75674878844,55600.04102582406
2016-08-29,-0.0011229833940788,0.03998886642725141,0.05566980033745853,39988.866427251414,55669.80033745853
2016-08-30,-0.0077060464004568,0.040272964083198734,0.05606530191567155,40272.964083198734,56065.30191567155
2016-08-31,0.0009428687424833,0.04051648972054259,0.056404321868453844,40516.48972054259,56404.321868453844
2016-09-01,0.0059206778133008,0.03236851529496074,0.051472365317815676,32368.515294960736,51472.365317815675
2016-09-02,0.0093256163381554,0.03244920874380027,0.05160068392123551,32449.20874380027,51600.68392123551
2016-09-06,-0.0002786662010864,0.032570220088760767,0.051793115983647,32570.220088760765,51793.115983646996
2016-09-07,0.0061095595280934,0.024775537205384935,0.03939802275018911,24775.537205384935,39398.02275018911
2016-09-08,-0.0265587794870633,0.025213546570382033,0.040094544596875885,25213.546570382034,40094.54459687589
2016-09-09,-0.0229103218323581,0.026572209933356305,0.041063002865031936,26572.209933356306,41063.00286503194
2016-09-12,0.0221521245736675,0.027020650015739896,0.04175599364125627,27020.650015739895,41755.99364125627
2016-09-13,0.0235258252312151,0.02744720572073754,0.04241516569282231,27447.20572073754,42415.16569282231
2016-09-14,0.0347753310343783,0.027937341049541212,0.04317258965046061,27937.341049541214,43172.58965046061
2016-09-15,0.0334328502793193,0.02827422454812592,0.04369318797864862,28274.22454812592,43693.187978648624
2016-09-16,-0.0056399312720332,0.028810755584460217,0.044522308911285745,28810.755584460218,44522.30891128574
2016-09-19,-0.0117288199896961,0.029184192424660388,0.04509939444830005,29184.19242466039,45099.39444830005
2016-09-20,-8.812052751382134e-05,0.029548276385220135,0.04566202664009264,29548.276385220135,45662.02664009264
2016-09-21,-0.0001760441877658,0.02980248371147358,0.046054862470926335,29802.48371147358,46054.86247092633
2016-09-22,0.0093788533736312,0.03009336969377406,0.046504379163537134,30093.36969377406,46504.37916353713
2016-09-23,-0.0168042360502983,0.03043761832707483,0.04703635910238927,30437.61832707483,47036.35910238927
2016-09-26,0.0015073744168526,0.030658151789234128,0.04737715748578284,30658.15178923413,47377.15748578284
2016-09-27,0.0018587198007775,0.030838072241672086,0.04765519510751123,30838.072241672086,47655.19510751123
2016-09-28,0.007575759884496,0.031128573668451967,0.04810411753248364,31128.57366845197,48104.117532483644
2016-09-29,-0.0156548126548129,0.0312084356532422,0.048227531163433916,31208.4356532422,48227.531163433916
2016-09-30,0.0077254386281983,0.03153507289303059,0.048732295575084135,31535.072893030592,48732.295575084136
2016-10-03,-0.0046994154097994,0.03185391850635202,0.049225019302849254,31853.918506352016,49225.01930284926
2016-10-04,0.0042568162150677,0.031956139287101865,0.049382984794741874,31956.139287101865,49382.984794741875
2016-10-05,0.0004425991947316,0.032126777694413605,0.04964667853440072,32126.777694413606,49646.678534400715
2016-10-06,0.0074026909713439,0.029569349404720523,0.04569459154388836,29569.349404720524,45694.59154388836
2016-10-07,0.001491767971645,0.0301057967923237,0.04652358321109765,30105.7967923237,46523.58321109765
2016-10-10,0.0172964268110883,0.030654852415265582,0.047372058843138415,30654.85241526558,47372.05884313842
2016-10-11,0.0021518452717548,0.030916976675679837,0.04777712900039594,30916.976675679838,47777.129000395944
2016-10-12,0.0089026039634322,0.031421999980188645,0.048557559888604496,31421.999980188644,48557.5598886045
2016-10-13,-0.0030726384769154,0.03179518112880638,0.04913425029611288,31795.18112880638,49134.250296112885
2016-10-14,0.0055408872345647,0.032114757066399525,0.04962810262054864,32114.757066399525,49628.10262054864
2016-10-17,-0.0006801143707501,0.0324157534534791,0.05009324328954121,32415.7534534791,50093.24328954121
2016-10-18,-0.0006808610002143,0.0329079190359412,0.0508538046720306,32907.9190359412,50853.8046720306
2016-10-19,-0.0029837048117665,0.03309422038943266,0.05114170293233208,33094.22038943266,51141.702932332075
2016-10-20,-0.0005127086959072,0.03330758497272202,0.0514714229863615,33307.58497272202,51471.422986361504
2016-10-21,-0.003937261065165,0.033381368978190364,0.05158544409471263,33381.36897819037,51585.44409471263
2016-10-24,0.008964730241452,0.03354107470202847,0.05183224316080362,33541.07470202847,51832.24316080362
2016-10-25,0.0050868899160273,0.03367940796981717,0.05204601459290442,33679.40796981717,52046.01459290442
2016-10-26,-0.0227514074253818,0.033799962651362286,0.05223231212879231,33799.962651362286,52232.31212879231
2016-10-27,-0.0096495591900755,0.03395596381504553,0.05247338640328208,33955.96381504553,52473.38640328208
2016-10-28,-0.0066607464840615,0.03405681840171435,0.052629240665751024,34056.81840171435,52629.24066575102
2016-10-31,-0.00158386188414,0.0340858406680996,0.05267408982999879,34085.840668099605,52674.08982999879
2016-11-01,-0.0182205109211892,0.03427985902830622,0.0529739134615678,34279.85902830622,52973.913461567805
2016-11-02,0.0008966848218193,0.03437765154956285,0.05312503580293915,34377.65154956285,53125.03580293915
2016-11-03,-0.0107767386086823,0.0344943308658362,0.053305344595863745,34494.3308658362,53305.344595863746
2016-11-04,-0.0090546131678961,0.03447270782983941,0.05327192973156327,34472.70782983941,53271.92973156327
2016-11-07,0.0143217079305597,0.03488112449197078,0.05390307086018181,34881.12449197078,53903.07086018181
2016-11-08,0.0058698993169598,0.03487718134886969,0.053896977377672704,34877.18134886969,53896.9773776727
2016-11-09,-0.0016221352651426,0.034999221429583144,0.05408557035494308,34999.22142958314,54085.570354943084
2016-11-10,-0.0282636114772318,0.034429354068229036,0.054243318085460596,34429.35406822903,54243.318085460596
2016-11-11,0.0059199398587292,0.034687788575927525,0.05465048068216712,34687.78857592752,54650.48068216712
2016-11-14,-0.0254053622848343,0.03486513762725029,0.05492989344675142,34865.13762725029,54929.89344675142
2016-11-15,0.0131568240740602,0.03493436914410556,0.055038967441659294,34934.36914410556,55038.9674416593
2016-11-16,0.0265332639380281,0.03499609821815959,0.05513622136609825,34996.09821815959,55136.221366098245
2016-11-17,-0.0003639869212974,0.0349737301653597,0.055100980582882486,34973.7301653597,55100.98058288248
2016-11-18,0.0010002687661803,0.03501741648704592,0.0551698082186991,35017.41648704592,55169.8082186991
2016-11-21,0.0150593639344865,0.03505583027465675,0.055230328996873225,35055.83027465675,55230.32899687323
2016-11-22,0.0006263019029499,0.03541489207471012,0.0557960295149264,35414.89207471012,55796.0295149264
2016-11-23,-0.0051113947353633,0.03535897574650835,0.05570793354975642,35358.975746508346,55707.933549756424
2016-11-25,0.005022180131949,0.035212636205365876,0.05547737615205034,35212.636205365874,55477.37615205034
2016-11-28,-0.0019700879444788,0.03531244954319692,0.0556346316911003,35312.44954319692,55634.6316911003
2016-11-29,-0.0009865757368811,0.03512999300875112,0.055347172106029345,35129.993008751124,55347.17210602934
2016-11-30,-0.0084691593797881,0.03533974568218698,0.05567763665560846,35339.74568218698,55677.63665560846
2016-12-01,-0.0093635708464411,0.035237142795564856,0.055515986192910226,35237.142795564854,55515.986192910226
2016-12-02,0.003738107378365,0.03535377866277674,0.0556997455638473,35353.77866277674,55699.7455638473
2016-12-05,-0.0072143008963255,0.035487935415054135,0.055911109023431056,35487.93541505413,55911.109023431054
2016-12-06,0.0076688674253473,0.030144509511413137,0.04749256157165782,30144.509511413136,47492.56157165782
2016-12-07,0.0097747206325408,0.030337461261159115,0.04779655632903479,30337.461261159115,47796.55632903479
2016-12-08,0.009769429337276,0.0305793161799474,0.04817759784565367,30579.3161799474,48177.59784565367
2016-12-09,0.0161900677531329,0.030800094831712626,0.048525433782698774,30800.094831712628,48525.433782698776
2016-12-12,-0.0057205271655345,0.030904748933137823,0.04869031592661891,30904.748933137824,48690.31592661891
2016-12-13,0.0165435193943162,0.030982525140043002,0.04881285204862334,30982.525140043002,48812.85204862334
2016-12-14,0.0,0.031222588885569495,0.049191071578492396,31222.588885569494,49191.071578492396
2016-12-15,0.0054546464829492,0.03153168133794817,0.0496780455768708,31531.68133794817,49678.0455768708
2016-12-16,0.0012938104223127,0.0317988809651136,0.05009901758639292,31798.880965113603,50099.017586392925
2016-12-19,0.0057608639999121,0.031976288400192926,0.05037852233436651,31976.288400192927,50378.522334366506
2016-12-20,0.0026541428170343,0.032045591463958537,0.05048770905116303,32045.591463958535,50487.70905116303
2016-12-21,0.0009403554550391,0.03216376161860623,0.050673885686195456,32163.76161860623,50673.885686195455
2016-12-22,-0.0065993514976049,0.03229527179681371,0.0508810794782674,32295.27179681371,50881.0794782674
2016-12-23,0.0019754456107503,0.032467642001165115,0.051152648088139095,32467.642001165113,51152.648088139096
2016-12-27,0.0063309502335085,0.032593745618182214,0.051351323863352005,32593.745618182213,51351.32386335201
2016-12-28,-0.0042731935943565,0.03254681528710463,0.05127738530291743,32546.815287104633,51277.38530291743
2016-12-29,-0.0002569348636678,0.03254021350693708,0.05126698422304677,32540.21350693708,51266.98422304677
2016-12-30,-0.0078260885829283,0.032893734291173135,0.05182395489148093,32893.73429117313,51823.95489148093
2017-01-03,0.0028450188344471,0.03290956990668206,0.05184890384426777,32909.56990668206,51848.90384426777
2017-01-04,-0.0011198574152168,0.033144260795672446,0.05221865845883409,33144.260795672446,52218.65845883409
2017-01-05,0.0050724559465715,0.033195784727033835,0.05229983421927126,33195.78472703383,52299.83421927126
2017-01-06,0.0110864720420782,0.018924803278798086,0.029815956521353788,18924.803278798085,29815.956521353786
2017-01-09,0.0091179060752933,0.019381076290078,0.03053481293775999,19381.076290078,30534.81293775999
2017-01-10,0.0010080496834913,0.019982211928643395,0.03148189987963495,19982.211928643395,31481.899879634948
2017-01-11,0.0053588239101021,0.020554713641276236,0.03238387417869595,20554.713641276237,32383.874178695947
2017-01-12,-0.0041841531137683,0.021199585729100058,0.033399867732189364,21199.585729100058,33399.86773218936
2017-01-13,-0.001762454397774,0.02169257930069453,0.034176577253520836,21692.579300694528,34176.57725352084
2017-01-17,0.0080321716972642,0.022134638209176823,0.03487303940432964,22134.638209176825,34873.03940432964
2017-01-18,-8.346348021583168e-05,0.02267766338690138,0.03572857353329862,22677.66338690138,35728.57353329862
2017-01-19,-0.0017517139702228,0.02297438440645193,0.03619605638569913,22974.384406451933,36196.05638569913
2017-01-20,0.0018351774504386,0.023306479755219187,0.03671927136098405,23306.47975521919,36719.27136098405
2017-01-23,0.0006663524853258,0.023640042163497948,0.03724479768302195,23640.042163497947,37244.79768302195
2017-01-24,-0.0009163491871966,0.023919837131015677,0.03768561360398576,23919.837131015676,37685.61360398576
2017-01-25,0.0157949132679353,0.024296280705897996,0.03827869904303012,24296.280705897996,38278.69904303012
2017-01-26,0.0004923704779199,0.02461587066533506,0.038782211824371006,24615.87066533506,38782.21182437101
2017-01-27,8.199285891671257e-05,0.022813710291488164,0.033158216791550184,22813.710291488165,33158.216791550185
2017-01-30,-0.0026273844151881,0.023284169377093454,0.03384199791056768,23284.169377093454,33841.99791056768
2017-01-31,-0.0023049452199521,0.023515231274387982,0.0341778310733837,23515.23127438798,34177.8310733837
2017-02-01,0.0591937284383548,0.023895486426242996,0.03473050674955447,23895.486426242995,34730.50674955447
2017-02-02,-0.0017101566210549,0.024133912791355985,0.03507704367854263,24133.912791355986,35077.04367854263
2017-02-03,0.0042699524480925,0.024477349786668438,0.035576206602911734,24477.349786668437,35576.206602911734
2017-02-06,0.0093302951845285,0.02485224969492013,0.03612109878722162,24852.24969492013,36121.09878722162
2017-02-07,0.009472250376494,0.015252523507641213,0.022168532633347133,15252.523507641212,22168.53263334713
2017-02-08,0.0038699138805039,0.015775050384913336,0.022927990838725727,15775.050384913337,22927.990838725727
2017-02-09,0.0072000878125243,0.016288343263017636,0.02367402803794848,16288.343263017636,23674.02803794848
2017-02-10,-0.0022682840314312,0.016842957913407383,0.02448012369614812,16842.957913407383,24480.123696148123
2017-02-13,0.008816710563675,0.017385937204280794,0.02526930812998483,17385.937204280795,25269.30812998483
2017-02-14,0.0128954361971668,0.01774283340374983,0.02578803311609504,17742.83340374983,25788.03311609504
2017-02-15,0.0036228651172072,0.018138149581891166,0.026362598996372225,18138.149581891168,26362.598996372224
2017-02-16,-0.0011815238471032,0.018720248605335645,0.02720864137031799,18720.248605335644,27208.64137031799
2017-02-17,0.0027301887909914,0.019109815921570163,0.02777485166060234,19109.815921570163,27774.85166060234
2017-02-21,0.0071948147593986,0.019607331639033408,0.02849795780186885,19607.331639033408,28497.95780186885
2017-02-22,0.0029944640930582,0.020057570333611715,0.029152349921871445,20057.570333611715,29152.349921871446
2017-02-23,-0.0042389741288234,0.02040478875947953,0.02965700890508127,20404.788759479532,29657.008905081268
2017-02-24,0.0009520117745216,0.020819472366216528,0.03025972405997729,20819.472366216527,30259.72405997729
2017-02-27,0.0019736544800314,0.02120097731596632,0.030814216234604962,21200.97731596632,30814.216234604963
2017-02-28,0.0004380613937022,0.021618638492635577,0.03142125909017152,21618.63849263558,31421.259090171523
2017-03-01,0.020233311403038,0.022038934669456264,0.032032131743923054,22038.934669456263,32032.131743923055
2017-03-02,-0.0059555383583986,0.022469153586193537,0.03265742644288847,22469.153586193537,32657.42644288847
2017-03-03,0.0058840823729816,0.02287853509663873,0.03325243535202057,22878.53509663873,33252.43535202057
2017-03-06,-0.0031530390378561,0.023288182025314907,0.03384783002897083,23288.18202531491,33847.83002897083
2017-03-07,0.0012909039611107,0.023598969707640294,0.03429953933951351,23598.969707640295,34299.53933951351
2017-03-08,-0.0037339925345052,0.02376212773777166,0.0345366787291724,23762.12773777166,34536.678729172396
2017-03-09,-0.0023047726418931,0.015261423920239449,0.022181468793519937,15261.42392023945,22181.468793519936
2017-03-10,0.003311843173561,0.015885056377708345,0.023087877262760292,15885.056377708346,23087.877262760292
2017-03-13,0.0004305119760149,0.016405491031685048,0.023844294560162085,16405.491031685047,23844.294560162085
2017-03-14,-0.0015093258556264,0.017019493854749688,0.024736706993636236,17019.49385474969,24736.706993636235
2017-03-15,0.0105208083264607,0.01745063308169199,0.02536333930252586,17450.63308169199,25363.33930252586
2017-03-16,0.0016357791019496,0.018057261656095686,0.02624503375402118,18057.261656095685,26245.03375402118
2017-03-17,-0.0049879146820868,0.0184832657131366,0.026864202433598595,18483.2657131366,26864.202433598595
2017-03-20,0.0104466324791329,0.01878145131747645,0.027297595458516122,18781.45131747645,27297.595458516123
2017-03-21,-0.0115184207351282,0.01922415343007288,0.027941033655810427,19224.15343007288,27941.033655810428
2017-03-22,0.0112347739176348,0.019632391664229754,0.028534380888584916,19632.39166422975,28534.380888584914
2017-03-23,-0.0035413774924306,0.019967375013587765,0.029021256998505385,19967.375013587764,29021.256998505385
2017-03-24,-0.0019889731168753,0.02035552944962934,0.02958541376101458,20355.529449629343,29585.41376101458
2017-03-27,0.0017052938309837,0.02077215091365654,0.030190945463123592,20772.15091365654,30190.945463123593
2017-03-28,0.0205147688511534,0.021253125590960965,0.03089001029815205,21253.125590960964,30890.01029815205
2017-03-29,0.0022226876066736,0.021550931624423505,0.031322851641941124,21550.931624423505,31322.851641941124
2017-03-30,-0.001318726959498,0.021845045978812677,0.03175032737472369,21845.045978812675,31750.327374723693
2017-03-31,-0.0018778056702887,0.022263889100367657,0.03235908810889288,22263.889100367658,32359.088108892884
2017-04-03,0.0002780756128486,0.022547088812295057,0.03277070013181302,22547.088812295056,32770.70013181302
2017-04-04,0.0074184059180122,0.022996657043545612,0.033424117777778366,22996.657043545612,33424.11777777837
2017-04-05,-0.0051939437423023,0.023269282797948824,0.03382036125382682,23269.282797948825,33820.36125382682
2017-04-06,-0.0025025377885585,0.02354292204412717,0.03421807777303954,23542.922044127172,34218.07777303954
2017-04-07,-0.0022302725269102,0.017810961112492425,0.025887052228161237,17810.961112492427,25887.052228161236
2017-04-10,-0.0011868261174063,0.0183313199198824,0.026643359287573085,18331.3199198824,26643.359287573086
2017-04-11,-0.0108141913526105,0.018906226976716102,0.027478948614426086,18906.2269767161,27478.948614426085
2017-04-12,0.0011994897316385,0.019478957594626083,0.028311374631464756,19478.95759462608,28311.374631464754
2017-04-13,-0.0053033689402553,0.02010735065799347,0.029224702326049196,20107.35065799347,29224.702326049195
2017-04-17,0.0055146683608761,0.020626239547790953,0.029978872957603642,20626.239547790952,29978.872957603642
2017-04-18,-0.0044520695196683,0.02090393716489582,0.030382488050142778,20903.93716489582,30382.48805014278
2017-04-19,-0.0036893665506339,0.021339476394988063,0.03101551547216679,21339.47639498806,31015.51547216679
2017-04-20,0.0124329546370517,0.021740012231148367,0.03159766777963882,21740.01223114837,31597.66777963882
2017-04-21,-0.0011939815246648,0.022090075128951548,0.03210646101439673,22090.075128951547,32106.46101439673
2017-04-24,0.009583322297154,0.022485422504217572,0.03268107223762824,22485.42250421757,32681.072237628243
2017-04-25,0.0061772593276605,0.0226833086134751,0.03296868659000501,22683.3086134751,32968.68659000501
2017-04-26,-0.0058986852573352,0.022966965003782862,0.03338096236470187,22966.96500378286,33380.962364701874
2017-04-27,0.0007653343335513,0.023176361518973166,0.033685306329684445,23176.361518973164,33685.30632968444
2017-04-28,-0.0009741426793349,0.022271747237159634,0.02465219127207234,22271.747237159634,24652.19127207234
2017-05-01,0.0201915129475473,0.021732383018225054,0.023952371574033248,21732.383018225053,23952.371574033248
2017-05-02,0.0063245142076839,0.022144634257039667,0.02440673476308906,22144.634257039666,24406.73476308906
2017-05-03,-0.0030551457811925,0.02235598417168099,0.02463967432077051,22355.98417168099,24639.67432077051
2017-05-04,-0.0036105947865137,0.022592554536324926,0.024900410627166553,22592.554536324926,24900.41062716655
2017-05-05,0.0164480064612159,0.02299185907918933,0.02534050460001191,22991.85907918933,25340.50460001191
2017-05-08,0.0268251702818529,0.023233207209378316,0.025606506726338175,23233.207209378317,25606.506726338175
2017-05-09,0.0063844511601059,0.015309027618167886,0.016872862844354693,15309.027618167886,16872.86284435469
2017-05-10,-0.0047518449097561,0.015712202185271203,0.017317222168979154,15712.202185271202,17317.222168979155
2017-05-11,0.0086109534612358,0.016030084095638792,0.017667576091390826,16030.084095638793,17667.576091390827
2017-05-12,0.0138692108826945,0.016426919164200058,0.018104948330220565,16426.91916420006,18104.948330220566
2017-05-15,-0.0025659680005559,0.016724875611387566,0.018433341379888845,16724.875611387564,18433.341379888843
2017-05-16,-0.0014779161529279,0.017036080285581182,0.018776335978576447,17036.08028558118,18776.335978576448
2017-05-17,-0.0341524929836326,0.017314847187934558,0.019083579248774237,17314.84718793456,19083.579248774236
2017-05-18,0.0151260307986096,0.018132182195415507,0.024866219629631953,18132.182195415506,24866.219629631953
2017-05-19,0.0034036507981681,0.01830499083862944,0.025103206972343677,18304.99083862944,25103.206972343676
2017-05-22,0.0060575113163801,0.0185574738410152,0.02544945861058612,18557.4738410152,25449.45861058612
2017-05-23,-0.0012346334805633,0.018959768198287326,0.026001159433789833,18959.768198287326,26001.159433789835
2017-05-24,-0.0029952598908217,0.01930550401542927,0.026475296670567406,19305.50401542927,26475.296670567404
2017-05-25,0.0034500378919155,0.01963847088490915,0.02693192275211931,19638.47088490915,26931.92275211931
2017-05-26,-0.0016909376859855,0.019770727455590803,0.02711329755293415,19770.727455590804,27113.297552934153
2017-05-30,0.0003903961735967,0.02005996826951016,0.027509958336907007,20059.968269510162,27509.958336907006
2017-05-31,-0.0059391669310752,0.020257149463316672,0.027780369852696066,20257.149463316673,27780.369852696065
2017-06-01,0.0027454964685174,0.020618634759710194,0.028276105703799338,20618.634759710196,28276.105703799338
2017-06-02,0.0147103359080527,0.02085312394029104,0.028597680867905623,20853.12394029104,28597.680867905623
2017-06-05,-0.0098260667641134,0.021113601017169793,0.028954895467469332,21113.601017169793,28954.89546746933
2017-06-06,0.0033725406202121,0.021386510934822044,0.029329160289999157,21386.510934822043,29329.160289999156
2017-06-07,0.0059390321450064,0.02150457369814538,0.029491069903041855,21504.57369814538,29491.069903041855
2017-06-08,-0.0024487143724272,0.020966685906291176,0.028753418150803994,20966.685906291175,28753.418150803995
2017-06-09,-0.0395489622307079,0.021194242118008428,0.02906548553892448,21194.242118008427,29065.48553892448
2017-06-12,-0.0241855720271034,0.023640252994689307,0.035509304458863473,23640.25299468931,35509.30445886347
2017-06-13,0.0080133347779828,0.025162351326463807,0.03589726401627447,25162.351326463806,35897.26401627447
2017-06-14,-0.0098030690867031,0.02546262001554098,0.03632563512785209,25462.62001554098,36325.63512785209
2017-06-15,-0.0060116212998367,0.025746027816301958,0.0367299520581816,25746.027816301958,36729.9520581816
2017-06-16,-0.0140982751121664,0.02618669906443888,0.03735862510759234,26186.69906443888,37358.625107592336
2017-06-19,0.0282058424243781,0.026439480685595214,0.03771924993455623,26439.480685595216,37719.249934556225
2017-06-20,-0.009129939604075,0.026828927982508077,0.038274845564564085,26828.927982508078,38274.845564564086
2017-06-21,0.0059135570506394,0.02703007682269148,0.038561809724985636,27030.07682269148,38561.80972498564
2017-06-22,-0.0016466830881886,0.027186724133159923,0.038785286847149936,27186.72413315992,38785.28684714994
2017-06-23,0.0044533357306099,0.02739189405775441,0.03907798759104351,27391.89405775441,39077.98759104351
2017-06-26,-0.0031495961381197,0.0276112860531738,0.039390977910606535,27611.2860531738,39390.97791060653
2017-06-27,-0.0144363982239625,0.027862018597474277,0.03974867947130132,27862.018597474278,39748.67947130132
2017-06-28,0.0145048384856475,0.028080689292479855,0.0400606407649576,28080.689292479856,40060.6407649576
2017-06-29,-0.0148532322936198,0.028204743371619826,0.04023761953667119,28204.743371619825,40237.61953667119
2017-06-30,0.0023640620257375,0.028372149047575103,0.04047644482249688,28372.1490475751,40476.44482249688
2017-07-03,-0.0036174524467262,0.02871506992373391,0.04096566465209279,28715.06992373391,40965.66465209279
2017-07-05,0.0041032196820111,0.028839792553658816,0.04114359719572236,28839.792553658815,41143.59719572236
2017-07-06,-0.0094833778904618,0.02897413963695106,0.041335260234529304,28974.139636951062,41335.260234529305
2017-07-07,0.0101073611573851,0.02944500164528034,0.042007004206661695,29445.001645280343,42007.004206661695
2017-07-10,0.0060853381973947,0.03404565040997638,0.04857040924022658,34045.650409976384,48570.409240226574
2017-07-11,0.0032349920812139,0.03404449122488884,0.04856875551666986,34044.49122488884,48568.75551666986
2017-07-12,0.0014413789965663,0.03407774857990317,0.048616201323221996,34077.74857990317,48616.201323222
2017-07-13,0.0138331150005175,0.03403962052546986,0.048561806850358095,34039.620525469865,48561.806850358094
2017-07-14,0.0085579197640527,0.03415413066913271,0.048725169995808004,34154.13066913271,48725.169995808006
2017-07-17,0.0034828905043584,0.034215541510345976,0.0488127802970828,34215.541510345975,48812.780297082805
2017-07-18,0.0034706925136277,0.03443926056432257,0.049131943710782645,34439.26056432257,49131.943710782645
2017-07-19,0.0062441616956332,0.03444444453133376,0.04913933929277886,34444.44453133376,49139.33929277886
2017-07-20,-0.0045131581036188,0.034278508585412606,0.04890261076199736,34278.50858541261,48902.61076199736
2017-07-21,-0.0004655679958845,0.03436023358746509,0.04901920177280337,34360.23358746509,49019.20177280337
2017-07-24,0.0120388755868881,0.03436475561337954,0.04902565301243648,34364.75561337954,49025.65301243648
2017-07-25,0.0042645832585409,0.03410534787418909,0.04865557519336594,34105.34787418909,48655.57519336594
2017-07-26,0.0047026813310445,0.03400356609340875,0.0485103706610345,34003.56609340875,48510.3706610345
2017-07-27,-0.0190783311727102,0.03404700130848014,0.0485723364671228,34047.00130848014,48572.3364671228
2017-07-28,-0.0070651736399162,0.03424560198216167,0.04885566534702196,34245.60198216167,48855.66534702196
2017-07-31,-0.0051637829492543,0.0342473611473985,0.048858175017844674,34247.3611473985,48858.175017844675
2017-08-01,0.008835973292407,0.03406786863250973,0.048602106333630296,34067.86863250973,48602.1063336303
2017-08-02,0.0461686105869773,0.033939787373051325,0.048419382281864924,33939.787373051324,48419.38228186493
2017-08-03,-0.0100414304732019,0.03415516926339992,0.04872665168136799,34155.16926339992,48726.65168136799
2017-08-04,0.0052570705874841,0.034089782022077575,0.04863336854440712,34089.782022077576,48633.36854440712
2017-08-07,0.0153556380032984,0.034013198807334916,0.04852411294093969,34013.19880733491,48524.11294093969
2017-08-08,0.0079650521628688,0.025353222065217822,0.036169565170214246,25353.222065217822,36169.56517021425
2017-08-09,0.0061032345890845,0.02569029337735139,0.03665043985982424,25690.29337735139,36650.43985982424
2017-08-10,-0.0323698226498047,0.02595882247145638,0.03703353044075098,25958.82247145638,37033.53044075098
2017-08-11,0.0138104719392995,0.029838238077657876,0.03937448989494596,29838.238077657876,39374.48989494596
2017-08-14,0.0149378241429888,0.030169848794275735,0.03981208285122385,30169.848794275735,39812.082851223844
2017-08-15,0.0108877996989206,0.030299072496896506,0.03998260623667934,30299.072496896508,39982.60623667934
2017-08-16,-0.0040301739357983,0.030693343070301436,0.04050288503692228,30693.343070301435,40502.88503692228
2017-08-17,-0.01938506943078,0.030793544700708636,0.04063511094361479,30793.544700708637,40635.11094361479
2017-08-18,-0.0022833022469677,0.031090609153800453,0.041027116707358924,31090.609153800455,41027.116707358924
2017-08-21,-0.0018428624551183,0.031152320572679755,0.04110855099422069,31152.320572679753,41108.55099422069
2017-08-22,0.0162154077644178,0.03152427965079114,0.04159938758196802,31524.279650791137,41599.38758196802
2017-08-23,0.0012506590279115,0.03160376525164488,0.04170427665013162,31603.765251644876,41704.27665013162
2017-08-24,-0.0044477651083889,0.031905452566931856,0.04210238273522567,31905.452566931857,42102.38273522567
2017-08-25,0.0036979057358855,0.032125260469105694,0.04239244088143551,32125.260469105695,42392.44088143551
2017-08-28,0.0100205859130593,0.03214704200258064,0.04242118375718686,32147.042002580638,42421.18375718686
2017-08-29,0.0088785908603719,0.03234756093115234,0.042685788205554194,32347.56093115234,42685.78820555419
2017-08-30,0.0026974573951059,0.032387846114865226,0.042738948467728216,32387.846114865228,42738.948467728216
2017-08-31,0.0039711774721501,0.032759005615435086,0.04322872993426675,32759.005615435086,43228.72993426675
2017-09-01,0.0003047385063679,0.03295341608869536,0.04348527367505117,32953.41608869536,43485.273675051176
2017-09-05,-0.0120812671974127,0.03297552833008903,0.04351445295242818,32975.52833008903,43514.45295242818
2017-09-06,-0.0010494183970717,0.0329086236020339,0.04342616558331897,32908.6236020339,43426.16558331897
2017-09-07,-0.0040227459856296,0.028753496331299398,0.037943066470430865,28753.496331299397,37943.066470430866
2017-09-08,-0.0164430889798219,0.02907897729841053,0.03837257061934073,29078.977298410533,38372.57061934073
2017-09-11,0.0179305593457295,0.028555290870198823,0.03868515832071076,28555.290870198824,38685.15832071076
2017-09-12,-0.003970768418098,0.028934384697094005,0.039198734063241515,28934.384697094003,39198.734063241514
2017-09-13,-0.0075506086754988,0.029132478067850194,0.039467100211036006,29132.478067850196,39467.100211036006
2017-09-14,-0.0086183711567262,0.029472427724002787,0.039927645555473706,29472.427724002788,39927.645555473704
2017-09-15,0.0100581407881098,0.029575910160917086,0.04006783794481548,29575.910160917087,40067.83794481548
2017-09-18,-0.0075971699624919,0.02964718765491548,0.040164400825318615,29647.18765491548,40164.40082531862
2017-09-19,0.0003780183657914,0.02979880618955487,0.040369805387420285,29798.806189554867,40369.80538742028
2017-09-20,-0.016899919568968,0.029851480582617843,0.04044116579640198,29851.48058261784,40441.16579640198
2017-09-21,-0.0173209101222828,0.030257653402259867,0.040991426688677446,30257.653402259868,40991.42668867745
2017-09-22,-0.0098272350273324,0.03045367118885881,0.04125698094770162,30453.671188858807,41256.98094770162
2017-09-25,-0.0088611488979335,0.030613881877141584,0.041474025693246735,30613.881877141583,41474.02569324674
2017-09-26,0.0170572924712041,0.03076656715000582,0.04168087541440151,30766.56715000582,41680.87541440151
2017-09-27,0.0070923609526466,0.03105535557802727,0.0420721103035848,31055.355578027273,42072.1103035848
2017-09-28,-0.0061784980472551,0.031332884943517936,0.04244809202590224,31332.884943517936,42448.09202590224
2017-09-29,0.0054650709282665,0.03129178533489227,0.042392412506690534,31291.78533489227,42392.41250669053
2017-10-02,-0.0020135326919023,0.031207517727227307,0.04227825132519023,31207.517727227307,42278.251325190235
2017-10-03,0.0043467452681779,0.031225140330988905,0.04230212547235404,31225.140330988906,42302.12547235404
2017-10-04,-0.006494516972731,0.03125145028527492,0.042337768770529215,31251.45028527492,42337.76877052921
2017-10-05,0.012367820255079,0.03140449634083041,0.04254510726049373,31404.49634083041,42545.10726049373
2017-10-06,-0.0005790099976672,0.03230648336800531,0.04376707033234967,32306.48336800531,43767.070332349664
2017-10-09,0.0034708284313674,0.032460662383085176,0.04397594369438993,32460.662383085175,43975.943694389935
2017-10-10,0.0003849867408902,0.03252902054042375,0.04406855161602433,32529.020540423753,44068.551616024335
2017-10-11,0.0041605545101295,0.03255773583281915,0.044107453535727786,32557.73583281915,44107.453535727785
2017-10-12,-0.0035196240710415,0.03264495905637515,0.04422561882523033,32644.959056375148,44225.61882523033
2017-10-13,0.0063263060755504,0.03279978424248191,0.044435367584708896,32799.78424248191,44435.367584708896
2017-10-16,0.018241581360503,0.03306244803827831,0.04479121023998744,33062.448038278315,44791.210239987435
2017-10-17,0.0036835158209381,0.03319271091114918,0.04496768331053771,33192.71091114917,44967.68331053771
2017-10-18,-0.0044341516293123,0.033496363125548816,0.04537905485082006,33496.363125548814,45379.05485082006
2017-10-19,-0.0239450268610337,0.03370508748821896,0.04566182328949533,33705.08748821896,45661.823289495325
2017-10-20,0.0017293021818357,0.033872459952154765,0.04588857042001191,33872.459952154764,45888.57042001191
2017-10-23,-0.0005123732160093,0.03402871910285594,0.04610026183689898,34028.71910285594,46100.26183689898
2017-10-24,0.0059378543407998,0.03426091241771962,0.04641482473830113,34260.91241771962,46414.824738301126
2017-10-25,-0.0044020451498836,0.034334865786709204,0.04651501274901748,34334.865786709204,46515.01274901748
2017-10-26,0.0063730350136514,0.0346924822485507,0.04699949212299117,34692.482248550696,46999.49212299117
2017-10-27,0.0352032658009844,0.03483493413219935,0.04719247820382227,34834.93413219935,47192.47820382227
2017-10-30,0.0222586354837379,0.03514721100400363,0.047615533961879786,35147.21100400363,47615.53396187979
2017-10-31,0.0138197079100736,0.03493760570936156,0.047331572084378826,34937.60570936156,47331.57208437882
2017-11-01,-0.0128002562078101,0.03499552850396499,0.047410042742926733,34995.52850396499,47410.04274292674
2017-11-02,0.0072835597729897,0.03492335401701168,0.04731226466504979,34923.35401701168,47312.26466504979
2017-11-03,0.0257785686636419,0.03482361130287977,0.04717713864917169,34823.61130287977,47177.13864917169
2017-11-06,0.0100936603338529,0.02940434711604687,0.03983541364267979,29404.347116046873,39835.41364267979
2017-11-07,0.0032086356296489,0.030069247906961027,0.04073618514877305,30069.247906961027,40736.18514877305
2017-11-08,0.0081472326363322,0.030502406781384026,0.04132300528348099,30502.406781384027,41323.00528348099
2017-11-09,-0.0020448407750875,0.031044909437053136,0.04205795843872509,31044.909437053135,42057.95843872509
2017-11-10,-0.0033149230484229,0.03121933226041857,0.04229425701356045,31219.33226041857,42294.257013560455
2017-11-13,-0.0040157305327657,0.03135399856975875,0.042476695620856424,31353.998569758747,42476.69562085642
2017-11-14,-0.015232745153418,0.031599821003558785,0.042809722512915205,31599.821003558784,42809.72251291521
2017-11-15,-0.0132781396516754,0.03183448499403766,0.04312763255155253,31834.484994037663,43127.63255155253
2017-11-16,0.0118763154688234,0.03198535059199638,0.04333201707590254,31985.35059199638,43332.01707590254
2017-11-17,-0.0055678528504365,0.03218540811328961,0.04360304414824642,32185.408113289614,43603.04414824642
2017-11-20,-0.0009999746065746,0.032343419620923186,0.04381710956320173,32343.419620923185,43817.10956320173
2017-11-21,0.0184201227171006,0.032628819900144254,0.044203754372271586,32628.819900144255,44203.754372271585
2017-11-22,0.0104567464489444,0.032776390931856046,0.04440367559707267,32776.39093185605,44403.67559707267
2017-11-24,5.72679459151306e-05,0.033077888445767895,0.044812128066073896,33077.888445767894,44812.1280660739
2017-11-27,-0.0050419581072138,0.033134063263232635,0.04488823066006037,33134.06326323264,44888.23066006037
2017-11-28,-0.0058764850996886,0.033375773952914106,0.04521568718433953,33375.7739529141,45215.68718433953
2017-11-29,-0.0209610639496013,0.03343510378177881,0.045296064016542174,33435.10378177881,45296.06401654217
2017-11-30,0.0138869619292522,0.03356495793349802,0.045471983373858264,33564.95793349802,45471.98337385827
2017-12-01,-0.0046662335502512,0.03352156175115992,0.04541319258122039,33521.56175115992,45413.19258122039
2017-12-04,-0.0073345732687588,0.03359094709791311,0.04550719208332618,33590.947097913115,45507.19208332618
2017-12-05,-0.0009427771545878,0.03353057191374614,0.045425399060493456,33530.57191374614,45425.39906049346
2017-12-06,-0.0037207345987646,0.034406883891315396,0.046612578968577706,34406.883891315396,46612.578968577705
2017-12-07,0.0018327023658173,0.03455191944488844,0.04680906526520167,34551.91944488844,46809.06526520167
2017-12-08,0.0002952642014475,0.034505508803405735,0.046746190646915146,34505.50880340573,46746.19064691514
2017-12-11,0.0192964107552725,0.03446097208032014,0.046685854711571904,34460.97208032014,46685.854711571905
2017-12-12,-0.0056332255627845,0.03434129073958108,0.04652371692647383,34341.29073958108,46523.716926473826
2017-12-13,0.0033142887209917,0.03445216120483443,0.046673918215646905,34452.16120483443,46673.9182156469
2017-12-14,-0.0002902929525338,0.03448974892227015,0.04672484001527153,34489.74892227015,46724.84001527153
2017-12-15,0.0101099759527243,0.03455207116535782,0.04680927080785941,34552.07116535782,46809.27080785941
2017-12-18,0.0139843268136182,0.0348465590615886,0.04720822702725167,34846.5590615886,47208.22702725167
2017-12-19,-0.0107133060999602,0.034681010833300475,0.046983951272185805,34681.010833300475,46983.951272185805
2017-12-20,-0.0010890894289699,0.03469599278066255,0.04700424800137302,34695.99278066255,47004.24800137302
2017-12-21,0.0037779155642728,0.03490739285413674,0.047290641347829655,34907.39285413674,47290.64134782965
2017-12-22,0.0,0.03470409248116555,0.04701522103602825,34704.09248116555,47015.221036028255
2017-12-26,-0.0256969787804039,0.034586277194896126,0.046855611280251286,34586.27719489612,46855.61128025129
2017-12-27,0.0001760237988721,0.03453883592503793,0.04679134042257582,34538.83592503793,46791.34042257582
2017-12-28,0.0028095041786723,0.034566450670362125,0.04682875138083601,34566.45067036212,46828.75138083601
2017-12-29,-0.0108726860953029,0.03456734516414262,0.04682996319246394,34567.34516414262,46829.96319246394
2018-01-02,0.0177463467829553,0.03440713875856144,0.04661292424889052,34407.13875856144,46612.92424889052
2018-01-03,-0.000173948403704,0.03437420922420483,0.04656831310289297,34374.20922420483,46568.31310289297
2018-01-04,0.0046339592525723,0.034080374266803284,0.04617024144959033,34080.37426680329,46170.24144959033
2018-01-05,0.0113211771439491,0.03398732847513144,0.046044188060806325,33987.328475131435,46044.18806080632
2018-01-08,-0.0037213134418833,0.02837812417131239,0.038445142492234914,28378.12417131239,38445.14249223491
2018-01-09,-0.0001145720697013,0.028650593963451834,0.03881426977916883,28650.593963451833,38814.26977916883
2018-01-10,-0.0002296516845654,0.028932689629651103,0.039196437677864425,28932.689629651104,39196.43767786442
2018-01-11,0.0056642695831997,0.028981037938958735,0.03926193734335922,28981.037938958736,39261.93734335922
2018-01-12,0.0102731568507633,0.029215212308283015,0.03957918406982897,29215.212308283015,39579.184069828974
2018-01-16,-0.0050949972841808,0.02933042791597515,0.03973527192215895,29330.42791597515,39735.27192215895
2018-01-17,0.0163809503252475,0.029543432002871423,0.04002383829894696,29543.432002871425,40023.838298946954
2018-01-18,0.0008933666191735,0.02978512141825128,0.04035126600195688,29785.121418251278,40351.26600195688
2018-01-19,-0.0044725494963219,0.02998132151823657,0.040617067249262395,29981.32151823657,40617.06724926239
2018-01-22,-0.0082151125432196,0.030095007556830162,0.0407710829243903,30095.00755683016,40771.0829243903
2018-01-23,0.0002263203161181,0.03041682018337795,0.041207057205450676,30416.82018337795,41207.05720545068
2018-01-24,-0.0160570705086497,0.030444393405549816,0.041244411910397634,30444.393405549818,41244.41191039763
2018-01-25,-0.0180124323565861,0.030346594114820387,0.04111191873907191,30346.594114820386,41111.91873907191
2018-01-26,0.0023353059800867,0.030587951007295847,0.041438895958097625,30587.951007295847,41438.89595809762
2018-01-29,-0.0209159665944171,0.03063895108929472,0.04150798810131773,30638.95108929472,41507.98810131773
2018-01-30,-0.0059115676977747,0.030749865993389382,0.04165824959382126,30749.865993389383,41658.24959382126
2018-01-31,0.0027509106644824,0.03078268122220844,0.0417027058848801,30782.681222208437,41702.7058848801
2018-02-01,0.0020884049359811,0.03103582736791732,0.042045654544361134,31035.82736791732,42045.65454436113
2018-02-02,-0.0443594672640098,0.03103431259417793,0.04204360241110869,31034.31259417793,42043.60241110869
2018-02-05,-0.0253018970885799,0.03955736669902728,0.04515642308032575,39557.366699027276,45156.423080325745
2018-02-06,0.0409420154693206,0.03980077486412074,0.04543428389365528,39800.774864120736,45434.28389365528
2018-02-07,-0.0216394863468261,0.07132829052197404,0.0814242891573936,71328.29052197404,81424.28915739359
2018-02-08,-0.027902173191368,0.0675779581503114,0.0771431246260143,67577.9581503114,77143.12462601431
2018-02-09,0.0121570293610979,0.06332069916290736,0.07228328171836033,63320.69916290736,72283.28171836033
2018-02-12,0.039488984175019,0.06017523196708373,0.06869259661132082,60175.23196708373,68692.59661132083
2018-02-13,0.0099677171350421,0.05793617762359832,0.06613662047662137,57936.17762359832,66136.62047662138
2018-02-14,0.0182694027549661,0.05569995122158849,0.06358387255786181,55699.95122158849,63583.87255786181
2018-02-15,0.0330268387653057,0.05344729229362517,0.0610123662091016,53447.29229362517,61012.3662091016
2018-02-16,-0.0032422754349531,0.05147593419540844,0.05876197676828752,51475.93419540844,58761.97676828752
2018-02-20,-0.0033693319852115,0.050144864176727505,0.05724250350884604,50144.864176727504,57242.50350884604
2018-02-21,-0.0045493802531857,0.04905655973818936,0.05600015752457623,49056.55973818936,56000.15752457623
2018-02-22,0.0083245955828071,0.04812506389269252,0.054936815244569115,48125.06389269252,54936.815244569116
2018-02-23,0.0172418112662465,0.046836858392455584,0.05346627366313133,46836.858392455586,53466.27366313133
2018-02-26,0.0195793236056144,0.04612830677846103,0.052657431742504375,46128.30677846103,52657.43174250438
2018-02-27,-0.003246007742711,0.04571073979369175,0.052180761200400744,45710.739793691755,52180.761200400746
2018-02-28,-0.0015149983235378,0.044819121859373104,0.051162941258683314,44819.1218593731,51162.94125868331
2018-03-01,-0.017671387315558,0.04457233805608744,0.0508812270102267,44572.33805608744,50881.2270102267
2018-03-02,0.0068902279328887,0.0441700869552637,0.05042204020359403,44170.0869552637,50422.040203594035
2018-03-05,0.0034561625827626,0.04356094907501362,0.04972668330473601,43560.949075013625,49726.683304736005
2018-03-06,-0.0008489380922099,0.042831541930738716,0.04889403390581889,42831.54193073871,48894.03390581889
2018-03-07,-0.0093261164963718,0.04266636450784698,0.04870547682495533,42666.36450784698,48705.47682495533
2018-03-08,0.0108537232846535,0.04248776627877912,0.04850159932080935,42487.76627877912,48501.59932080935
2018-03-09,0.0170345781432814,0.03849582084793818,0.04394462316614889,38495.82084793818,43944.623166148886
2018-03-12,0.0096214256058383,0.039241388611366494,0.0447957206018447,39241.38861136649,44795.7206018447
2018-03-13,-0.0096770539227249,0.039910477278785376,0.045559513883993624,39910.47727878538,45559.513883993626
2018-03-14,-0.0085374143116549,0.04034068675570747,0.04605061637069019,40340.68675570747,46050.616370690186
2018-03-15,0.0011758213658565,0.04084517589275681,0.04662651226096411,40845.17589275681,46626.51226096411
2018-03-16,-0.0035326241824416,0.04077089802098137,0.04654172089886668,40770.89802098137,46541.720898866675
2018-03-19,-0.0153971032290228,0.04101780158704778,0.046823571861651064,41017.801587047776,46823.571861651064
2018-03-20,-0.0003423587998137,0.04074846997573753,0.046516118327603495,40748.46997573753,46516.11832760349
2018-03-21,-0.0229152941609113,0.04116134856519414,0.04698743686627583,41161.348565194145,46987.43686627583
2018-03-22,-0.0142301574533821,0.040870337575508425,0.0466552353961614,40870.33757550843,46655.2353961614
2018-03-23,-0.0234292278479889,0.04101742014200306,0.046823136425845846,41017.42014200306,46823.13642584585
2018-03-26,0.0463797377114294,0.04077580211443702,0.04654731913093794,40775.80211443702,46547.31913093794
2018-03-27,-0.0259758725923658,0.041241298758163854,0.047078703425209416,41241.29875816385,47078.703425209416
2018-03-28,-0.0111103645903421,0.04110769620819523,0.04692619040994994,41107.69620819523,46926.190409949944
2018-03-29,0.0077784760565984,0.04122400906584167,0.047058966503200184,41224.009065841674,47058.96650320019
2018-04-02,-0.0065778121812338,0.04128246700383527,0.04712569873541692,41282.46700383527,47125.698735416925
2018-04-03,0.0102067326231859,0.04190625475340025,0.04783777908560802,41906.25475340025,47837.77908560802
2018-04-04,0.0189417365490204,0.04143902668569383,0.047304418296936684,41439.02668569383,47304.41829693668
2018-04-05,0.0069107453927361,0.04128644831353358,0.04713024357042878,41286.448313533576,47130.243570428785
2018-04-06,-0.0259118426558399,0.04089082308460412,0.04667862047947039,40890.82308460412,46678.62047947039
2018-04-09,0.0098692088804269,0.04065981442935105,0.04641491423604946,40659.81442935105,46414.91423604946
2018-04-10,0.0186434533419108,0.05411704811742277,0.0617769210787426,54117.04811742277,61776.9210787426
2018-04-11,-0.0046865072957222,0.05334057085012715,0.06089053912462942,53340.57085012715,60890.53912462942
2018-04-12,0.0098101705773279,0.05249388573086545,0.05992401190981009,52493.88573086545,59924.011909810084
2018-04-13,0.003382769899581,0.05228837229951857,0.059689409553055704,52288.37229951857,59689.4095530557
2018-04-16,0.0062184009212641,0.05187082160029044,0.059212757601592635,51870.82160029044,59212.75760159263
2018-04-17,0.0136702391703175,0.05133649463697695,0.05860280055864309,51336.494636976946,58602.80055864309
2018-04-18,-0.0022467609577991,0.05067718279296889,0.05785016793786175,50677.182792968895,57850.16793786175
2018-04-19,-0.0287491318814672,0.05052410738521875,0.0576754258240059,50524.107385218755,57675.4258240059
2018-04-20,-0.0418354173960057,0.04945878420728536,0.05645931392995457,49458.78420728536,56459.313929954566
2018-04-23,-0.0029007106616859,0.0490176315907334,0.05595571938212782,49017.6315907334,55955.71938212783
2018-04-24,-0.0140167931651601,0.0486029192136358,0.0554823074965655,48602.919213635796,55482.307496565496
2018-04-25,0.0043479789863875,0.047561820489332614,0.05429384885065219,47561.82048933261,54293.84885065219
2018-04-26,0.0034769960506047,0.04708375165937186,0.05374811286899609,47083.75165937186,53748.11286899609
2018-04-27,-0.0116374794956672,0.04701211732450866,0.05366633921715592,47012.11732450866,53666.33921715592
2018-04-30,0.0179499762984223,0.04635129209464217,0.05291197900179965,46351.29209464217,52911.97900179965
2018-05-01,0.0229708075911734,0.045859346322618774,0.052350401898270865,45859.346322618774,52350.401898270866
2018-05-02,0.0432269509074403,0.045281001123800846,0.05169019616003249,45281.001123800845,51690.19616003249
2018-05-03,0.0018108602366309,0.04513510047202758,0.05152364433646708,45135.10047202758,51523.64433646708
2018-05-04,0.0384831485835667,0.04483578572524598,0.05118196377307955,44835.78572524598,51181.96377307955
2018-05-07,0.0072087925175982,0.044191170069979836,0.05044610747923491,44191.17006997984,50446.10747923491
2018-05-08,0.0047954099901244,0.043724322936860516,0.049913181543659646,43724.32293686052,49913.181543659644
2018-05-09,0.0070162140428531,0.03688996081280529,0.04211146537013133,36889.960812805286,42111.46537013133
2018-05-10,0.0142025937399723,0.03777219802899668,0.043118576821575,37772.19802899668,43118.576821575
2018-05-11,-0.0038104538270765,0.0383413004967296,0.04376823158764004,38341.3004967296,43768.23158764004
2018-05-14,-0.0023357690913845,0.03892162186646846,0.044430693209361855,38921.621866468464,44430.69320936185
2018-05-15,-0.0091299107457686,0.03980255773095137,0.04543631911226607,39802.55773095137,45436.319112266065
2018-05-16,0.0092891769068343,0.03990825010661082,0.0455569714718621,39908.250106610816,45556.971471862096
2018-05-17,-0.0063435854567133,0.04055755791697615,0.04629818406109489,40557.55791697615,46298.18406109489
2018-05-18,-0.0036430680664771,0.03510981782093468,0.0425701189047207,35109.81782093468,42570.1189047207
2018-05-21,0.0070599746942581,0.035290819189963345,0.04278958030553926,35290.819189963346,42789.58030553926
2018-05-22,-0.0025082744607468,0.03573925756553679,0.04333330500006669,35739.25756553679,43333.30500006669
2018-05-23,0.0063911353490995,0.03584953718105669,0.043467017352816356,35849.537181056694,43467.01735281636
2018-05-24,-0.0011154482204861,0.035967389553854916,0.043609911558329224,35967.38955385492,43609.91155832922
2018-05-25,0.0022827127544708,0.036063113199238286,0.04372597501917502,36063.11319923829,43725.97501917502
2018-05-29,-0.003612382931834,0.03611574188223687,0.0437897864950555,36115.74188223686,43789.7864950555
2018-05-30,-0.0021313120583203,0.03634013133706359,0.04406185528850972,36340.13133706359,44061.85528850972
2018-05-31,-0.0033651301808902,0.03665576763762019,0.04444455949147283,36655.76763762019,44444.55949147283
2018-06-01,0.0178729141484368,0.036426586706419385,0.044166681105954814,36426.58670641939,44166.68110595481
2018-06-04,0.008323576448048,0.03648051752711611,0.044232071403944896,36480.51752711611,44232.071403944894
2018-06-05,0.0076852550804266,0.03677002477658066,0.044583094530762035,36770.024776580656,44583.094530762035
2018-06-06,0.0034599673270544,0.037031267925085695,0.04489984786601495,37031.267925085696,44899.84786601495
2018-06-07,-0.0026840434967681,0.037088524075361014,0.0449692700754288,37088.52407536101,44969.2700754288
2018-06-08,-0.0091393890210001,0.024270552673960007,0.029427675144406622,24270.552673960006,29427.67514440662
2018-06-11,-0.0024548712951521,0.025343482696569723,0.03072858644140874,25343.48269656972,30728.58644140874
2018-06-12,0.0054758779383919,0.023264167872526952,0.02887037613942778,23264.167872526952,28870.376139427783
2018-06-13,-0.0082511239375642,0.023414669165216864,0.030038092909093095,23414.669165216863,30038.092909093095
2018-06-14,0.0005242019557099,0.024197837548230922,0.031042800021819996,24197.837548230924,31042.800021819996
2018-06-15,-0.0103257608807306,0.025091151935625913,0.03218881068617147,25091.151935625912,32188.810686171473
2018-06-18,-0.0005295584416871,0.025679167787747727,0.032943161502466296,25679.167787747727,32943.1615024663
2018-06-19,-0.0162919664906053,0.02631890077050781,0.03376385893097001,26318.90077050781,33763.85893097001
2018-06-20,0.0043525500824981,0.026653910789779175,0.034193634898050475,26653.910789779176,34193.63489805048
2018-06-21,-0.0055914173406078,0.027156803298841514,0.034838783108512565,27156.803298841514,34838.783108512565
2018-06-22,-0.0029162554474745,0.027390562483887444,0.0351386669150792,27390.562483887443,35138.6669150792
2018-06-25,-0.0149827681278157,0.028426418722137553,0.036467540951499185,28426.418722137554,36467.540951499184
2018-06-26,0.0123291026728968,0.028547682256626215,0.03662310690418266,28547.682256626216,36623.10690418266
2018-06-27,-0.0014646375554496,0.028965413861105703,0.037159004322073995,28965.413861105702,37159.004322074
2018-06-28,0.0072494636245642,0.028913639550821955,0.03709258435552936,28913.639550821954,37092.58435552936
2018-06-29,-0.0021042513468717,0.029061726581345426,0.03728256149977634,29061.726581345425,37282.56149977634
2018-07-02,0.0111204742670204,0.029144122351319433,0.03738826497037981,29144.122351319435,37388.26497037981
2018-07-03,-0.0175696931292688,0.02949622963709339,0.037839974592643384,29496.22963709339,37839.97459264338
2018-07-05,0.0080147234488348,0.030091311369863684,0.03860339005033484,30091.311369863684,38603.39005033484
2018-07-06,0.0137665783292468,0.029644263913822987,0.03802988406036884,29644.263913822986,38029.884060368844
2018-07-09,0.0137899110410567,0.029669535390916185,0.038062304205685404,29669.535390916186,38062.3042056854
2018-07-10,-0.0012076555446391,0.02795213725071436,0.035859097124975474,27952.13725071436,35859.09712497547
2018-07-11,-0.0130608363835883,0.028301223375323363,0.0363069309752123,28301.223375323363,36306.9309752123
2018-07-12,0.0166268063770429,0.02862114778509039,0.036717353991512894,28621.14778509039,36717.35399151289
2018-07-13,0.0015692383117407,0.028958232503955465,0.03714979153876409,28958.232503955463,37149.79153876409
2018-07-16,-0.0021977934009888,0.029306128179986686,0.037596098192322173,29306.128179986685,37596.09819232218
2018-07-17,0.002824799871779,0.02992394817775746,0.03838868400095289,29923.948177757462,38388.68400095289
2018-07-18,-0.0054995125053147,0.030415142142441683,0.039018824441693724,30415.142142441684,39018.82444169372
2018-07-19,0.0077429221976055,0.03042884912427269,0.03903640878554406,30428.84912427269,39036.40878554406
2018-07-20,-0.0022956734089278,0.030250301623001637,0.03880735466592261,30250.301623001636,38807.35466592261
2018-07-23,0.0008873514462041,0.030071960321070908,0.03857856507427286,30071.960321070907,38578.56507427286
2018-07-24,0.0072284124730199,0.030543691540692218,0.03918373724660295,30543.691540692216,39183.73724660295
2018-07-25,0.0093859708820824,0.03047467029903454,0.039095191623558484,30474.67029903454,39095.19162355849
2018-07-26,-0.0031360239713595,0.030348001725478545,0.0389326916815653,30348.001725478545,38932.6916815653
2018-07-27,-0.0167714429337864,0.030574952279933433,0.03922384086639397,30574.952279933434,39223.84086639397
2018-07-30,-0.0056183657920381,0.03041866153721791,0.03902333938514759,30418.661537217908,39023.33938514759
2018-07-31,0.0019986258067403,0.030526717107019166,0.03916196117058187,30526.717107019165,39161.96117058187
2018-08-01,0.0572403826954123,0.030879549909215494,0.039614601539701116,30879.549909215493,39614.601539701114
2018-08-02,0.028811676340583,0.030980042242682602,0.03974352063858042,30980.0422426826,39743.52063858042
2018-08-03,0.0028889896577229,0.03104429846497367,0.03982595333756698,31044.298464973668,39825.95333756698
2018-08-06,0.0051790092013861,0.03110567494043439,0.0399046916814365,31105.67494043439,39904.691681436496
2018-08-07,-0.0094192380396028,0.031458853258419156,0.0403577753041111,31458.853258419156,40357.77530411111
2018-08-08,0.0006758868810669,0.028337923332227434,0.0363540124311776,28337.923332227434,36354.0124311776
2018-08-09,0.0078341820427231,0.02861625287764645,0.036711074437292206,28616.25287764645,36711.074437292205
2018-08-10,-0.0029830078206812,0.029040748362972525,0.037255649068594576,29040.748362972525,37255.649068594576
2018-08-13,0.0064359335668745,0.02525749316922695,0.03447146983846078,25257.49316922695,34471.46983846078
2018-08-14,0.0042045254104286,0.02568978524756578,0.035061462805697066,25689.78524756578,35061.46280569707
2018-08-15,0.0023334581640199,0.025958264881669836,0.03542788426911193,25958.264881669835,35427.88426911193
2018-08-16,0.0145437154914928,0.026127587402773725,0.03565897593526018,26127.587402773726,35658.975935260176
2018-08-17,0.0197731571989567,0.02620888639468605,0.035769932938349354,26208.886394686047,35769.93293834935
2018-08-20,-0.0097915797163042,0.026502470216205953,0.0361706166396485,26502.47021620595,36170.6166396485
2018-08-21,-0.0019510418513013,0.0267956557261775,0.03657075672466578,26795.6557261775,36570.75672466578
2018-08-22,4.629043497518571e-05,0.026715920471837837,0.036461933913287954,26715.920471837835,36461.933913287954
2018-08-23,0.0020442440862799,0.026560288799756953,0.03624952754128181,26560.288799756952,36249.52754128181
2018-08-24,0.0031042314309532,0.02663200375223262,0.036347404230970215,26632.00375223262,36347.40423097021
2018-08-27,0.0082008692402401,0.02685741450726904,0.03665504521463559,26857.414507269037,36655.04521463559
2018-08-28,0.0080431793670977,0.026830471299580227,0.03661827307874018,26830.471299580226,36618.27307874018
2018-08-29,0.0148191398422842,0.027226507046908273,0.03715878334345656,27226.50704690827,37158.78334345656
2018-08-30,0.0091518028626736,0.02706923373744756,0.036944136461949134,27069.23373744756,36944.136461949136
2018-08-31,0.0114877878783739,0.027176784735709326,0.0370909222481646,27176.784735709327,37090.9222481646
2018-09-04,0.0032017735240545,0.027262734652079245,0.037208226840901214,27262.734652079245,37208.22684090121
2018-09-05,-0.0065463800557723,0.027488363352814158,0.03751616527722833,27488.363352814158,37516.16527722833
2018-09-06,-0.0167568789640407,0.027379445803693604,0.03736751442006556,27379.445803693605,37367.51442006556
2018-09-07,-0.0081011935129978,0.023558428513747336,0.03215258349322682,23558.428513747334,32152.58349322682
2018-09-10,-0.0135114149915231,0.02373490794154567,0.03239344291786169,23734.90794154567,32393.442917861692
2018-09-11,0.0249685912016121,0.023954973808588985,0.032693789189260504,23954.973808588984,32693.789189260504
2018-09-12,-0.0124966778360477,0.024313785344309773,0.033183495786364946,24313.785344309774,33183.49578636495
2018-09-13,0.0238678979449972,0.02448911957264202,0.03342279224081154,24489.11957264202,33422.792240811534
2018-09-14,-0.0114158348807636,0.02475467061970908,0.0337852167636338,24754.67061970908,33785.216763633805
2018-09-17,-0.0269872160399149,0.02471719228005944,0.033734066261635366,24717.19228005944,33734.066261635366
2018-09-18,0.001651183454818,0.02590417619558175,0.03447103701902566,25904.17619558175,34471.03701902566
2018-09-19,0.00059530192156,0.026077683633396614,0.03470192570920577,26077.683633396613,34701.925709205774
2018-09-20,0.0075730381211299,0.02613657781150039,0.0347802969871917,26136.57781150039,34780.2969871917
2018-09-21,-0.0108296891383191,0.02642340905018709,0.03516198718927844,26423.40905018709,35161.987189278436
2018-09-24,0.0142779429237745,0.02628661531490347,0.03497995391876136,26286.61531490347,34979.95391876136
2018-09-25,0.0063207316396429,0.026130775422729187,0.03477257567011059,26130.775422729188,34772.57567011059
2018-09-26,-0.0079981363740606,0.026288006827321596,0.03498180562312422,26288.006827321595,34981.805623124215
2018-09-27,0.0203433543223556,0.02646016354490189,0.03521089689165089,26460.16354490189,35210.89689165089
2018-09-28,0.0035057634726021,0.026373069968255117,0.03509500029327838,26373.069968255117,35095.00029327838
2018-10-01,0.0067110965969109,0.026447247345340343,0.03519370913050112,26447.247345340344,35193.70913050112
2018-10-02,0.0088489904178679,0.02641365459761264,0.03514900680753399,26413.65459761264,35149.00680753399
2018-10-03,0.0120950607174797,0.02620760043131451,0.03487480774631857,26207.60043131451,34874.80774631857
2018-10-04,-0.017737144012925,0.02618041709240327,0.03483863451020269,26180.41709240327,34838.63451020269
2018-10-05,-0.0163619916844744,0.026202963799061285,0.03486863771717586,26202.963799061286,34868.63771717586
2018-10-08,-0.002321294384344,0.03327547806250549,0.04428012793991279,33275.47806250549,44280.12793991279
2018-10-09,0.0137585190846601,0.03282099502365456,0.043675341223729874,32820.99502365456,43675.341223729876
2018-10-10,-0.0474335366861821,0.03266257903229638,0.043464534925112853,32662.579032296377,43464.53492511285
2018-10-11,-0.0088669764248725,0.03760561007798209,0.04784824649190642,37605.61007798209,47848.24649190642
2018-10-12,0.035096217738569,0.03720408615464417,0.0473373595360392,37204.08615464417,47337.3595360392
2018-10-15,-0.0216177290213467,0.03678217474725597,0.04680053215904426,36782.17474725597,46800.53215904426
2018-10-16,0.0217975659599899,0.036234003940878556,0.04610305612265439,36234.00394087856,46103.05612265439
2018-10-17,-0.0043307273217159,0.036008855366119835,0.04581658385216025,36008.85536611984,45816.583852160256
2018-10-18,-0.0236506067216914,0.03578000129250617,0.045525396816443076,35780.00129250617,45525.39681644308
2018-10-19,0.0151150844839794,0.03565782377465692,0.045369941819763136,35657.82377465692,45369.94181976314
2018-10-22,0.0060912115841446,0.035526970181217345,0.045203447645615576,35526.970181217344,45203.447645615575
2018-10-23,0.009382595141109,0.03519523122081143,0.044781352976348006,35195.23122081143,44781.352976348004
2018-10-24,-0.0349034814531016,0.03490238752143325,0.04440874746662773,34902.38752143325,44408.74746662773
2018-10-25,0.0216614544544983,0.036373309886641,0.04411742882173635,36373.309886641,44117.42882173635
2018-10-26,-0.0160518199448793,0.03621296302287449,0.04392294304711055,36212.963022874486,43922.94304711055
2018-10-29,-0.0189484462495923,0.036410631942913024,0.04416269699134184,36410.63194291302,44162.69699134184
2018-10-30,0.0049817056169014,0.03607834879120672,0.043759668552639075,36078.34879120672,43759.66855263907
2018-10-31,0.0257326234142949,0.036151950689735105,0.04384894078355758,36151.9506897351,43848.940783557584
2018-11-01,0.0152357698647433,0.035951571489614344,0.043605899522637555,35951.57148961435,43605.899522637555
2018-11-02,-0.0686328066153874,0.03590249077764931,0.04354636920154811,35902.490777649306,43546.369201548114
2018-11-05,-0.0287990814530214,0.04032116549163576,0.05387820307434179,40321.16549163576,53878.20307434179
2018-11-06,0.0107559382896913,0.09949059234783539,0.13294194929993253,99490.5923478354,132941.94929993252
2018-11-07,0.0298773538063302,0.09547944555164935,0.12758214932860637,95479.44555164935,127582.14932860636
2018-11-08,-0.0034951261249723,0.09126397687789921,0.12194932908423743,91263.97687789921,121949.32908423743
2018-11-09,-0.0194699340211657,0.08759121220205311,0.11704168421245031,87591.21220205311,117041.68421245032
2018-11-12,-0.0516869856702804,0.08436725250823417,0.11273374437566404,84367.25250823416,112733.74437566404
2018-11-13,-0.0100415446674633,0.08086575809563652,0.1080549553395499,80865.75809563653,108054.9553395499
2018-11-14,-0.0286541465903543,0.07817994295077105,0.10446609841959746,78179.94295077104,104466.09841959746
2018-11-15,0.0243793380862232,0.0761689756067747,0.10177899090138398,76168.9756067747,101778.99090138398
2018-11-16,0.0110143966760478,0.07419841337439295,0.0991458737572648,74198.41337439296,99145.8737572648
2018-11-19,-0.0404384517054493,0.07215207791211403,0.09641150642808227,72152.07791211404,96411.50642808227
2018-11-20,-0.048957118067452,0.07019644233443649,0.09379833467303032,70196.44233443649,93798.33467303032
2018-11-21,-0.0011308353783718,0.06793907943749652,0.0907819869288401,67939.07943749652,90781.9869288401
2018-11-23,-0.0257268698619934,0.06625689899818309,0.08853421313034175,66256.89899818308,88534.21313034176
2018-11-26,0.0134332092980854,0.06464896852874714,0.08638565409675769,64648.968528747144,86385.65409675769
2018-11-27,-0.0021784065144387,0.06353185389941561,0.084892936112975,63531.85389941561,84892.936112975
2018-11-28,0.0377316952903091,0.06302276213222748,0.08421267428815926,63022.76213222747,84212.67428815927
2018-11-29,-0.0077118187189768,0.06099570239365048,0.08150406368855918,60995.70239365048,81504.06368855918
2018-11-30,-0.0054170249185569,0.059754835003745725,0.0798459840074179,59754.83500374573,79845.9840074179
2018-12-03,0.0343456758071651,0.05881381867348038,0.07858857320790057,58813.81867348038,78588.57320790057
2018-12-04,-0.0449855308713762,0.05778087775068907,0.0772083303472746,57780.87775068907,77208.3303472746
2018-12-06,-0.0112122486547375,0.05702079491006243,0.07619268764098676,57020.794910062425,76192.68764098675
2018-12-07,-0.0363078877683397,0.08346569136691673,0.11152905463856028,83465.69136691673,111529.05463856028
2018-12-10,0.006566329011508,0.08226974212479364,0.10993099576927785,82269.74212479364,109930.99576927786
2018-12-11,-0.0057359299897995,0.08084936614694292,0.10803305198606968,80849.36614694292,108033.05198606968
2018-12-12,0.0027831838061239,0.0794123236333783,0.1061128379389743,79412.3236333783,106112.8379389743
2018-12-13,0.0108810933285407,0.07782065179955922,0.10398600412242687,77820.65179955921,103986.00412242686
2018-12-14,-0.0325210861014628,0.07705351633125161,0.10296093750932066,77053.51633125161,102960.93750932066
2018-12-17,-0.0093498249097618,0.07614454788700038,0.10174634993898628,76144.54788700039,101746.34993898628
2018-12-18,0.0129088804169697,0.07490148356947407,0.10008533466530715,74901.48356947408,100085.33466530715
2018-12-19,-0.0316880611536589,0.07350228276253577,0.09821568570306068,73502.28276253577,98215.68570306068
2018-12-20,-0.0255586439203956,0.07272098197072967,0.09717169101169182,72720.98197072967,97171.69101169182
2018-12-21,-0.0396721949425119,0.0715531052424677,0.09561114337464127,71553.1052424677,95611.14337464127
2018-12-24,-0.0262149504765125,0.0707378115901197,0.09452172652791001,70737.8115901197,94521.72652791001
2018-12-26,0.0680525094554968,0.06953550046998509,0.09291516674970644,69535.5004699851,92915.16674970645
2018-12-27,-0.0065107242969603,0.06808975582574722,0.09098332468645931,68089.75582574723,90983.32468645931
2018-12-28,0.0005116975391491,0.06721510344202362,0.08981459113981884,67215.10344202362,89814.59113981883
2018-12-31,0.0096191201296153,0.06645340353997847,0.08879678767348283,66453.40353997848,88796.78767348283
2019-01-02,0.0011408076461477,0.06553864053605135,0.08757445725992612,65538.64053605135,87574.45725992612
2019-01-03,-0.1049248687407212,0.06456609007530256,0.08627490972489422,64566.09007530256,86274.90972489423
2019-01-04,0.0418034586877091,0.07315938482424655,0.09667160093384809,73159.38482424656,96671.6009338481
2019-01-07,-0.0022282591335061,0.07262711604412998,0.09596826977237662,72627.11604412999,95968.26977237662
2019-01-08,0.0188836786487396,0.07197449172389617,0.09510590279106683,71974.49172389616,95105.90279106682
2019-01-09,0.0168390544829564,0.11197967261197511,0.1479680870670758,111979.67261197511,147968.0870670758
2019-01-10,0.003191033771405,0.11052551403032525,0.14604658597138595,110525.51403032524,146046.58597138594
2019-01-11,-0.0098661263590099,0.10872944451981134,0.1436732894300472,108729.44451981134,143673.2894300472
2019-01-14,-0.015151547133349,0.10744749594533459,0.1419793437892077,107447.4959453346,141979.34378920772
2019-01-15,0.0202601200521051,0.10623257726739135,0.1403739703448662,106232.57726739136,140373.97034486622
2019-01-16,0.0121427683912111,0.10404621490862756,0.1374849472899163,104046.21490862756,137484.9472899163
2019-01-17,0.0059199876088379,0.10171503427981678,0.13440456376845147,101715.03427981678,134404.56376845148
2019-01-18,0.0061407699332119,0.09920750164582792,0.13109115162448778,99207.50164582793,131091.15162448777
2019-01-22,-0.0227020279318571,0.09742383464089086,0.12873424354886107,97423.83464089085,128734.24354886106
2019-01-23,0.00403621782868,0.095958800145895,0.1267983712011808,95958.800145895,126798.37120118078
2019-01-24,-0.0079580150410565,0.09455083701129831,0.1249379120050806,94550.83701129831,124937.9120050806
2019-01-25,0.0325999378349034,0.09303355791172618,0.12293300450112228,93033.55791172618,122933.00450112228
2019-01-28,-0.009297831391658,0.09151329728259971,0.12092415725333015,91513.29728259971,120924.15725333015
2019-01-29,-0.0104186716547238,0.08995375374352094,0.11886340221812901,89953.75374352094,118863.402218129
2019-01-30,0.0661007023133378,0.08875336104130703,0.1172772231578334,88753.36104130703,117277.2231578334
2019-01-31,0.0071755265139464,0.08730955402216684,0.11536940044561246,87309.55402216683,115369.40044561247
2019-02-01,0.0004807458858105,0.08633197677186473,0.11407764603775017,86331.97677186473,114077.64603775016
2019-02-04,0.0280088541249942,0.08486124032992969,0.11213423923170374,84861.24032992969,112134.23923170373
2019-02-05,0.0169648187082942,0.0841181416400948,0.11115232091499348,84118.14164009481,111152.32091499348
2019-02-06,0.0003446068917641,0.07250390178510015,0.10624932363426481,72503.90178510014,106249.32363426482
2019-02-07,-0.0191208697263142,0.07158941357320242,0.10490920604619856,71589.41357320242,104909.20604619857
2019-02-08,0.0011737675837656,0.048397000801318785,0.07092237072024483,48397.00080131878,70922.37072024483
2019-02-11,-0.0057672881716875,0.04874199078687124,0.07142792906570032,48741.99078687124,71427.92906570031
2019-02-12,0.0085802395760346,0.04912470146752759,0.07198876441340162,49124.70146752759,71988.76441340162
2019-02-13,-0.0041635568085395,0.049085806137288635,0.0719317660667103,49085.80613728864,71931.7660667103
2019-02-14,0.0036368420956765,0.04906661442971269,0.07190364198098351,49066.61442971269,71903.6419809835
2019-02-15,-0.0022274294636266,0.04909652049100742,0.0719474671918604,49096.52049100742,71947.4671918604
2019-02-19,0.002988036111708,0.04921508237895944,0.07212121122623032,49215.08237895944,72121.21122623031
2019-02-20,0.0064146386952979,0.04910876144155566,0.07196540543634614,49108.76144155566,71965.40543634613
2019-02-21,-0.0056544229559059,0.049226339974809706,0.07213770843417898,49226.33997480971,72137.70843417897
2019-02-22,0.0111042704869964,0.048954627012954804,0.07173953236766446,48954.62701295481,71739.53236766446
2019-02-25,0.0072578426653714,0.04905740838558852,0.07189015117652392,49057.408385588526,71890.15117652393
2019-02-26,0.0005741118876678,0.0491709412652639,0.07205652555609197,49170.9412652639,72056.52555609198
2019-02-27,0.0030923243077179,0.04921520839952342,0.07212139590042517,49215.20839952342,72121.39590042517
2019-02-28,-0.0098844248701843,0.04935499744728885,0.07232624683135269,49354.99744728885,72326.24683135269
2019-03-01,0.0104562532768443,0.04921893556141413,0.0721268577917195,49218.93556141413,72126.85779171949
2019-03-04,0.0050169111897026,0.04946564095412881,0.07248838704004261,49465.64095412881,72488.38704004261
2019-03-05,-0.0018215034230428,0.04929198562823986,0.07223390748146828,49291.98562823986,72233.90748146828
2019-03-06,-0.0057706641685485,0.04916651441726975,0.0720500383244585,49166.51441726975,72050.0383244585
2019-03-07,-0.0116419228222379,0.04898500533599586,0.07178404964462182,48985.00533599586,71784.04964462182
2019-03-08,0.0023741209471917,0.04904097280365651,0.07186606599737055,49040.972803656514,71866.06599737055
2019-03-11,0.0340552537284142,0.04871329094713578,0.07138587148693246,48713.29094713578,71385.87148693246
2019-03-12,0.0111728243349385,0.03386719767571414,0.049629975185308615,33867.19767571414,49629.97518530861
2019-03-13,0.0044125252403174,0.03445217694992199,0.050487220805121864,34452.17694992199,50487.22080512186
2019-03-14,0.0110551871525067,0.03528981532785613,0.05171472041430696,35289.81532785614,51714.72041430696
2019-03-15,0.0129244204922157,0.03598059290874921,0.05272700594576901,35980.592908749204,52727.005945769015
2019-03-18,0.0101568607095145,0.03667532474140756,0.05374508615262366,36675.32474140756,53745.08615262366
2019-03-19,-0.0079564551053152,0.03703167344970989,0.05426728990032386,37031.67344970989,54267.28990032386
2019-03-20,0.0087006874245721,0.03731945438285417,0.054689012438678346,37319.454382854165,54689.01243867834
2019-03-21,0.0361681924921477,0.03800139543304714,0.05568834866138538,38001.39543304714,55688.34866138538
2019-03-22,-0.0209255581160951,0.038393611599987,0.05626311362478418,38393.611599987,56263.11362478418
2019-03-25,-0.0121650308311121,0.038874273535202925,0.05696748958602279,38874.27353520293,56967.48958602279
2019-03-26,-0.0103852010710681,0.039415638084003654,0.057760820920385085,39415.63808400365,57760.820920385086
2019-03-27,0.0089535963541104,0.03987101424512686,0.058428142373814114,39871.01424512686,58428.14237381412
2019-03-28,0.001325658455364,0.04012839771260374,0.0588053195830506,40128.39771260374,58805.3195830506
2019-03-29,0.0064964618216306,0.04052898995676676,0.059392359093304925,40528.98995676676,59392.35909330493
2019-04-01,0.0067684138945868,0.0406472489109968,0.05956565919979961,40647.2489109968,59565.65919979961
2019-04-02,0.0144320321244357,0.040848037002863054,0.05985989990173916,40848.03700286306,59859.899901739154
2019-04-03,0.0068315511794548,0.04103552546634498,0.06013465094194146,41035.52546634498,60134.65094194146
2019-04-04,0.0017390299837977,0.04118666517633701,0.060356135462988736,41186.66517633701,60356.135462988736
2019-04-05,0.0066717919748493,0.04165000265045086,0.06103512365571965,41650.00265045086,61035.123655719646
2019-04-08,0.0156134243182598,0.04182101083273197,0.06128572401316176,41821.010832731976,61285.724013161765
2019-04-09,-0.0030030116361073,0.041843657464254266,0.06131891104479173,41843.65746425427,61318.91104479173
2019-04-10,0.0055983629565914,0.03143222134127049,0.04606169013815483,31432.221341270488,46061.69013815483
2019-04-11,-0.0083589274743068,0.03234811251019762,0.04740386366020246,32348.112510197618,47403.863660202456
2019-04-12,-0.0004021766527204,0.033087678518066606,0.04848764516967043,33087.678518066605,48487.64516967043
2019-04-15,0.0018087234373044,0.0338204373704475,0.04956145127576456,33820.4373704475,49561.451275764564
2019-04-16,0.0001004378770879,0.03439019204351729,0.05039638632285423,34390.19204351729,50396.38632285423
2019-04-17,0.0192859476916527,0.03478654977980311,0.05097722046226921,34786.549779803114,50977.220462269215
2019-04-18,0.0035871292312137,0.03558106495588562,0.05214152607889844,35581.064955885624,52141.52607889844
2019-04-22,0.00328090853197,0.036334324232755184,0.05324537410249643,36334.324232755185,53245.37410249643
2019-04-23,0.0143205668094999,0.03718663318945061,0.054494372403921985,37186.633189450615,54494.37240392199
2019-04-24,-0.0015436808243657,0.036043155719607006,0.05520846192243489,36043.155719607006,55208.46192243489
2019-04-25,-0.009116543775285,0.036219832225451276,0.055479083014033315,36219.832225451275,55479.08301403331
2019-04-26,-0.0047853539927185,0.03668288788158602,0.056188360269292525,36682.887881586015,56188.36026929253
2019-04-29,0.0015162958875861,0.037085367377774923,0.0568048510702858,37085.36737777492,56804.851070285804
2019-04-30,-0.0194440700476124,0.03745659298030549,0.05737346927623255,37456.5929803055,57373.46927623255
2019-05-01,0.0479188930016849,0.037712405656179795,0.057765305787029514,37712.4056561798,57765.305787029516
2019-05-02,-0.0065290486629576,0.03833703302349177,0.05872206763363982,38337.03302349177,58722.06763363982
2019-05-03,0.0123546617246548,0.038812140467581746,0.05944980500048303,38812.14046758175,59449.80500048303
2019-05-06,-0.0155632108285141,0.039252544840877146,0.0601243865566237,39252.54484087715,60124.3865566237
2019-05-07,-0.0273269037847886,0.039607609238014936,0.06066825012400636,39607.609238014935,60668.25012400636
2019-05-08,0.000197035029828,0.03948219576977157,0.06047615027736867,39482.19576977157,60476.150277368666
2019-05-09,-0.0108022318940212,0.03987744155055632,0.061081560963608554,39877.44155055632,61081.56096360856
2019-05-10,-0.0139503156380778,0.05164359776888448,0.07910416122109992,51643.59776888449,79104.16122109992
2019-05-13,-0.0598767519958508,0.05140765620136075,0.07874276192665725,51407.65620136075,78742.76192665724
2019-05-14,0.0157061233114328,0.058359453617202156,0.07918417337902282,58359.453617202154,79184.17337902282
2019-05-15,0.0119081011673643,0.05870461914184443,0.07965250618636903,58704.61914184443,79652.50618636904
2019-05-16,-0.0044095769345385,0.05860510342583122,0.07951747973868474,58605.10342583122,79517.47973868473
2019-05-17,-0.0056976960647063,0.0583535850192471,0.07917621065748993,58353.585019247104,79176.21065748994
2019-05-20,-0.0317692542731262,0.05841019108240287,0.07925301576859724,58410.19108240287,79253.01576859724
2019-05-21,0.0189893613110826,0.058037923558779736,0.07874791000925775,58037.92355877974,78747.91000925776
2019-05-22,-0.0206842419528011,0.057909489966918096,0.07857364676353977,57909.489966918096,78573.64676353977
2019-05-23,-0.0172171657732891,0.05757554715287717,0.07812054132737266,57575.54715287717,78120.54132737266
2019-05-24,-0.0038475600209869,0.05748862323846269,0.078002599882017,57488.62323846269,78002.599882017
2019-05-28,-0.0041435198788094,0.057011514729610406,0.07735524216113474,57011.514729610404,77355.24216113474
2019-05-29,-0.0047807418073602,0.05690921658879129,0.07721644042093845,56909.21658879129,77216.44042093845
2019-05-30,0.0051735605561723,0.0569871808965666,0.07732222515471526,56987.1808965666,77322.22515471527
2019-05-31,-0.0182816715557423,0.056867130536048666,0.07715933657416377,56867.130536048666,77159.33657416377
2019-06-03,-0.0101617326668709,0.056573474567599445,0.0767608937567928,56573.47456759944,76760.89375679281
2019-06-04,0.0359307024989096,0.0562161915596811,0.0762761195190154,56216.1915596811,76276.11951901541
2019-06-05,0.0160141507305411,0.05571164613950969,0.0755915344252189,55711.64613950969,75591.53442521891
2019-06-06,0.0145754537311768,0.0552470745576778,0.07496118725089408,55247.0745576778,74961.18725089409
2019-06-07,0.02626860542177,0.0549540401229098,0.07456358775243248,54954.040122909806,74563.58775243248
2019-06-10,0.0126986513314139,0.05465105254513957,0.07415248347707003,54651.05254513957,74152.48347707003
2019-06-11,0.0115128989183072,0.04741810189690713,0.06433855989361255,47418.10189690713,64338.559893612546
2019-06-12,-0.0031877155985538,0.04797573948001949,0.06509518231426546,47975.739480019496,65095.18231426546
2019-06-13,-0.0002061515125639,0.04863235538086144,0.0659861020215803,48632.355380861445,65986.1020215803
2019-06-14,-0.0072887906535086,0.049258304958193874,0.06683541257515628,49258.304958193876,66835.41257515628
2019-06-17,0.0059490849360054,0.049639368054936184,0.06735245247958568,49639.36805493618,67352.45247958569
2019-06-18,0.0232460475619793,0.049971850167474505,0.06780357598422553,49971.850167474506,67803.57598422552
2019-06-19,-0.0029268373248291,0.05049063971395405,0.06850748801303096,50490.63971395405,68507.48801303096
2019-06-20,0.0080034944928668,0.05075661506030277,0.06886837278206887,50756.61506030277,68868.37278206887
2019-06-21,-0.00341529453872,0.05078744874542965,0.06891020901797702,50787.44874542965,68910.20901797702
2019-06-24,-0.0010063159874467,0.05133197108054919,0.06964903620569672,51331.97108054919,69649.03620569673
2019-06-25,-0.0152736398109302,0.051741607959482,0.07020484602969922,51741.607959482004,70204.84602969921
2019-06-26,0.021398333909236,0.052397469050841625,0.071094741584778,52397.469050841624,71094.741584778
2019-06-27,-0.0003003193849755,0.052016125020378175,0.07057732049952693,52016.125020378175,70577.32049952693
2019-06-28,-0.0091537019039814,0.052024351081245195,0.07058848191022471,52024.35108124519,70588.48191022471
2019-07-01,0.0181746839426123,0.051879553472026135,0.0703920153862494,51879.553472026135,70392.01538624939
2019-07-02,0.0058372866079642,0.05160930244146821,0.07002532921745959,51609.302441468215,70025.32921745958
2019-07-03,0.0082528066257782,0.05174511705960928,0.07020960730102134,51745.117059609285,70209.60730102134
2019-07-05,-0.0008808948950095,0.05140224750578023,0.06974438974818283,51402.24750578023,69744.38974818283
2019-07-08,-0.0208294609114094,0.051346411613544515,0.06966862963225427,51346.411613544515,69668.62963225428
2019-07-09,0.0060809736063488,0.05177472661488794,0.07024978259420074,51774.72661488794,70249.78259420075
2019-07-10,0.0098402104895125,0.05183267019442698,0.07032840249490296,51832.67019442698,70328.40249490297
2019-07-11,-0.0073091898263048,0.04252828777121153,0.0577038869225458,42528.28777121153,57703.8869225458
2019-07-12,0.0076536164460885,0.04293290580238559,0.05825288699617434,42932.90580238559,58252.88699617434
2019-07-15,0.0093510163305225,0.04390253481754557,0.0595685139818788,43902.53481754557,59568.513981878794
2019-07-16,-0.0034660366290914,0.0445742814444241,0.06047996359411172,44574.2814444241,60479.96359411172
2019-07-17,-0.0056390893148316,0.04500867673535858,0.06106936650829951,45008.676735358575,61069.36650829951
2019-07-18,0.0112954110942317,0.0455020317808122,0.06173876810538883,45502.0317808122,61738.76810538883
2019-07-19,-0.0150399581157417,0.046075560373129903,0.06251695201008745,46075.560373129905,62516.95201008744
2019-07-22,0.0225967108774951,0.04646711958641048,0.06304823341713996,46467.119586410474,63048.233417139956
2019-07-23,0.0077873176073571,0.046667277055643115,0.06331981415966685,46667.27705564311,63319.81415966685
2019-07-24,-0.0008141285239446,0.04672589710582669,0.06339935191969576,46725.89710582669,63399.35191969576
2019-07-25,-0.0079387293820291,0.046982434382512255,0.06374743078157984,46982.434382512256,63747.43078157984
2019-07-26,0.0034718210484352,0.04749142555541212,0.06443804803011786,47491.42555541213,64438.04803011786
2019-07-29,0.0092952213162513,0.04809860247913024,0.06526188718246499,48098.60247913024,65261.88718246499
2019-07-30,-0.0043014257940816,0.0481026773985977,0.06526741617750552,48102.6773985977,65267.41617750552
2019-07-31,0.0201987918337245,0.04808074872066649,0.0652376625707177,48080.74872066649,65237.66257071769
2019-08-01,-0.0218767650857681,0.048644683254025024,0.06600282891646152,48644.683254025025,66002.82891646151
2019-08-02,-0.0213849213190206,0.04869921207020667,0.06607681554531179,48699.212070206675,66076.8155453118
2019-08-05,-0.0537679742407766,0.04909565533889219,0.0666147238116991,49095.65533889219,66614.72381169909
2019-08-06,0.0187535256837954,0.0518237531175403,0.0677043507890586,51823.7531175403,67704.3507890586
2019-08-07,0.0103019950939449,0.051710798492415284,0.06755678294414845,51710.798492415284,67556.78294414845
2019-08-08,0.0218162500199099,0.051656620900134495,0.06748600345613326,51656.6209001345,67486.00345613326
2019-08-09,-0.0082746265617196,0.06799355583620609,0.08882914259970587,67993.55583620608,88829.14259970587
2019-08-12,-0.0025405636997876,0.06780877004915575,0.08858773203033023,67808.77004915575,88587.73203033023
2019-08-13,0.0414762248765871,0.0678156182670683,0.08859667878003359,67815.6182670683,88596.67878003359
2019-08-14,-0.0302171125659551,0.06671625171534828,0.08716042813846787,66716.25171534829,87160.42813846788
2019-08-15,-0.0049937875004606,0.06653185172437628,0.08691952158648675,66531.85172437629,86919.52158648675
2019-08-16,0.0233206022455702,0.06579514751521583,0.08595706562364576,65795.14751521582,85957.06562364576
2019-08-19,0.0184723862423039,0.06566141046303167,0.08578234689430105,65661.41046303167,85782.34689430105
2019-08-20,4.7430175690862776e-05,0.06522851963299212,0.08521680328066332,65228.51963299212,85216.80328066331
2019-08-21,0.0107802788912847,0.06456038735686,0.0843439320724715,64560.387356859996,84343.93207247149
2019-08-22,-0.0008467204814098,0.0637234236831889,0.08325049366341987,63723.42368318889,83250.49366341987
2019-08-23,-0.0473228138679657,0.06350263937862832,0.08296205338062555,63502.63937862832,82962.05338062556
2019-08-26,0.0188210453210992,0.06315860515013097,0.08251259511702201,63158.60515013097,82512.595117022
2019-08-27,-0.0113478472668976,0.0626036952440953,0.08178764154506918,62603.6952440953,81787.64154506919
2019-08-28,0.0066877882045177,0.06278763372710994,0.08202794516702773,62787.63372710994,82027.94516702773
2019-08-29,0.0167901665479072,0.0623738545727289,0.08148736971017351,62373.8545727289,81487.3697101735
2019-08-30,-0.0012928073022821,0.06208788643876673,0.08111377100896881,62087.886438766734,81113.77100896882
2019-09-03,-0.0146705268068566,0.062012582071231837,0.08101539076807873,62012.58207123184,81015.39076807874
2019-09-04,0.0168240248939358,0.06117800096897707,0.07992506503306647,61178.00096897707,79925.06503306646
2019-09-05,0.0193630305247588,0.06201869679520841,0.08102337925583163,62018.69679520841,81023.37925583162
2019-09-06,-9.37872642573861e-05,0.062129983655825574,0.08116876827527118,62129.98365582558,81168.76827527118
2019-09-09,0.0042581067858078,0.06125828902945478,0.08002995614348889,61258.289029454776,80029.95614348889
2019-09-10,0.0117437788930784,0.04853776358865493,0.06341141995388276,48537.763588654925,63411.41995388276
2019-09-11,0.0313001842880056,0.0492173501835432,0.06429925548187898,49217.3501835432,64299.25548187898
2019-09-12,-0.0022390362352851,0.0500278954644074,0.0653581799851194,50027.8954644074,65358.17998511941
2019-09-13,-0.0196455705532556,0.050482596107285574,0.06595221669565272,50482.59610728557,65952.21669565272
2019-09-16,0.0052433559413927,0.051137241643540256,0.0668074683585061,51137.241643540256,66807.4683585061
2019-09-17,0.003631348070217,0.0516378002885002,0.06746141555549891,51637.8002885002,67461.41555549891
2019-09-18,0.0093356501211495,0.05172039155901197,0.06756931565949488,51720.39155901197,67569.31565949488
2019-09-19,-0.0081580115892475,0.052186087125324104,0.06817771651982997,52186.087125324106,68177.71651982998
2019-09-20,-0.0147262105974821,0.052387362145176745,0.06844066919557058,52387.36214517675,68440.66919557059
2019-09-23,0.0045366656912742,0.05246597231133829,0.06854336824658906,52465.972311338286,68543.36824658906
2019-09-24,-0.0047661749238252,0.052700629329323095,0.06884993232396733,52700.62932932309,68849.93232396732
2019-09-25,0.0152722492724838,0.05355135714419973,0.06996135268508592,53551.35714419973,69961.35268508592
2019-09-26,-0.0051711052410508,0.053680310238823,0.07012982148613756,53680.310238822996,70129.82148613756
2019-09-27,-0.0048778946968117,0.05357770802194636,0.06999577838687775,53577.70802194636,69995.77838687775
2019-09-30,0.0232625761710993,0.0537320418555526,0.07019740546674973,53732.041855552605,70197.40546674973
2019-10-01,0.0027646811733804,0.05423398664612138,0.0708531635725035,54233.986646121375,70853.1635725035
2019-10-02,-0.0253873846933007,0.05452105010135711,0.07122819323945792,54521.05010135711,71228.19323945792
2019-10-03,0.008458518763485,0.05481437394252723,0.0716114016920054,54814.37394252723,71611.4016920054
2019-10-04,0.0276461575682124,0.0548376598801177,0.0716418232495391,54837.659880117695,71641.8232495391
2019-10-07,0.0002202874998691,0.05531446121487903,0.07226473307145331,55314.461214879026,72264.73307145332
2019-10-08,-0.0117840435652784,0.05549876117572967,0.07250550894061009,55498.76117572967,72505.50894061009
2019-10-09,0.01165186289293,0.05183109422401468,0.06771394146549599,51831.09422401468,67713.94146549598
2019-10-10,0.0133884643460128,0.05249850102571211,0.0685858648886923,52498.50102571211,68585.8648886923
2019-10-11,0.0262504148536367,0.05345131787878624,0.06983065791462278,53451.31787878624,69830.65791462279
2019-10-14,-0.0014401078652303,0.0535477272233906,0.0699566104304823,53547.727223390604,69956.61043048231
2019-10-15,-0.0023345143054041,0.05390971801399941,0.07042952777041715,53909.71801399941,70429.52777041715
2019-10-16,-0.0040453289967958,0.05440435513097515,0.07107573887761076,54404.35513097515,71075.73887761075
2019-10-17,0.0038751811176229,0.05487459864459294,0.07169008133424544,54874.59864459294,71690.08133424543
2019-10-18,0.0047914700748029,0.054864338642930346,0.07167667731176784,54864.33864293035,71676.67731176784
2019-10-21,0.0171940114773329,0.05494243905693067,0.07177871040486043,54942.43905693067,71778.71040486044
2019-10-22,-0.0022892259493498,0.05553281174796832,0.07254999379067845,55532.81174796832,72549.99379067845
2019-10-23,0.0133292313012154,0.05518899314731645,0.07210081723078049,55188.99314731645,72100.81723078049
2019-10-24,0.001643490552448,0.05541162308543122,0.07239166871334451,55411.623085431216,72391.66871334451
2019-10-25,0.0122413133489312,0.05563985274691764,0.07268983586898642,55639.85274691764,72689.83586898643
2019-10-28,0.0099672031530445,0.05647121259711936,0.07377595324845011,56471.21259711936,73775.95324845011
2019-10-29,-0.0233996259979083,0.05692212850857894,0.0743650454544234,56922.128508578935,74365.04545442341
2019-10-30,-0.0001230357465455,0.057036412968589176,0.07451435064180961,57036.412968589175,74514.35064180961
2019-10-31,0.022357792557101,0.05710450972305409,0.07460331460668171,57104.509723054085,74603.31460668171
2019-11-01,0.0279851579584002,0.056952738293869265,0.0744050351409321,56952.73829386927,74405.03514093209
2019-11-04,0.0065458724347164,0.056547699746329005,0.07387587871639527,56547.699746329,73875.87871639527
2019-11-05,-0.0014379782913609,0.05623835554100088,0.07347174070376243,56238.35554100088,73471.74070376244
2019-11-06,0.0004274727137362,0.04791424589392092,0.06382410202855386,47914.24589392092,63824.10202855386
2019-11-07,0.0114754858854669,0.03005768553232632,0.04003829659355609,30057.68553232632,40038.296593556086
2019-11-08,0.0027329587281792,0.031259433704603504,0.04163908351045461,31259.433704603503,41639.083510454606
2019-11-11,0.0078876078424293,0.03241311105966295,0.04317583776471886,32413.111059662948,43175.83776471886
2019-11-12,-0.0009157004207915,0.033679022290926355,0.044862092991653314,33679.022290926354,44862.09299165331
2019-11-13,0.0095358855089505,0.03460684478022159,0.04609799759823462,34606.844780221596,46097.99759823462
2019-11-14,-0.006943746552561,0.035640402513102055,0.047474746683293954,35640.40251310205,47474.74668329395
2019-11-15,0.0118095623141044,0.03612399448824971,0.048118914675217415,36123.99448824971,48118.91467521741
2019-11-18,0.0050293707306062,0.03703616924567221,0.04933397574316154,37036.169245672216,49333.97574316154
2019-11-19,-0.0030372130661055,0.03770533001422393,0.05022533037827579,37705.33001422393,50225.330378275794
2019-11-20,-0.0117096649101294,0.03817043595981167,0.050844874081227925,38170.43595981167,50844.87408122793
2019-11-21,-0.0044933816520991,0.03845404060678834,0.051222649241552586,38454.04060678834,51222.649241552586
2019-11-22,-0.0008782442671887,0.038790928690238285,0.051671400526460964,38790.92869023829,51671.400526460966
2019-11-25,0.01738187158772,0.039646031999276,0.052810439654026604,39646.031999276,52810.4396540266
2019-11-26,-0.0078394597413176,0.039950616651746845,0.05321616120036315,39950.616651746845,53216.161200363145
2019-11-27,0.0133429867283732,0.04051761672010802,0.053971432822364655,40517.616720108024,53971.43282236465
2019-11-29,-0.0022054587212338,0.04073601873295005,0.05426235490807862,40736.01873295005,54262.35490807862
2019-12-02,-0.0116295782997142,0.04105248814470286,0.054683907530848584,41052.48814470286,54683.907530848584
2019-12-03,-0.0179906244661512,0.041622032088361016,0.05544256771826469,41622.03208836102,55442.56771826469
2019-12-04,0.008787651243492,0.0421017517369501,0.05608157758318955,42101.7517369501,56081.57758318955
2019-12-05,0.014564145510236,0.042273991982569495,0.05631100995355753,42273.991982569496,56311.00995355753
2019-12-06,0.019132172711672,0.042655498017972866,0.05681919451691269,42655.49801797287,56819.19451691269
2019-12-09,-0.0140992234650027,0.036024850687754045,0.047986850318985176,36024.85068775404,47986.850318985176
2019-12-10,0.0058273804631412,0.03685813547537945,0.04909682611662145,36858.13547537945,49096.82611662145
2019-12-11,0.008493694224849,0.03733378982116346,0.049730420800817354,37333.78982116346,49730.42080081735
2019-12-12,0.0025447235985262,0.037876814692859015,0.05045375629673376,37876.814692859014,50453.75629673376
2019-12-13,0.0135016355721081,0.03854455078736144,0.05134321319683865,38544.55078736143,51343.213196838646
2019-12-16,0.0169729178203008,0.03932917540385321,0.052388371283808334,39329.17540385321,52388.37128380834
2019-12-17,0.0019639638790288,0.04050112257762869,0.05394946182370164,40501.12257762869,53949.46182370164
2019-12-18,-0.0023927331361283,0.04093293726722231,0.05452465995719764,40932.93726722231,54524.65995719764
2019-12-19,0.0010003643255754,0.04154757267302585,0.05534338416162771,41547.57267302585,55343.384161627706
2019-12-20,-0.0020733758901474,0.04189259214837753,0.05580296685537261,41892.59214837753,55802.96685537261
2019-12-23,0.0161868130145385,0.04225062554036929,0.0562798847179787,42250.62554036929,56279.8847179787
2019-12-24,0.0009500399166029,0.04264573749374735,0.05680619302471763,42645.73749374735,56806.19302471763
2019-12-26,0.0196462524199386,0.04315637323253667,0.057486384622933935,43156.373232536665,57486.38462293393
2019-12-27,-0.0003800143122156,0.043467745864847994,0.057901148088011424,43467.745864847995,57901.148088011425
2019-12-30,0.0059180128483636,0.0440291638241969,0.05864898406976676,44029.163824196905,58648.98406976676
2019-12-31,0.0072798306954511,0.04417138559001364,0.05883843036747674,44171.38559001364,58838.43036747674
2020-01-02,0.0225598427266725,0.044433310753489705,0.05918732740312147,44433.310753489706,59187.327403121475
2020-01-03,-0.0097694886333752,0.0448367886579562,0.05972477956292275,44836.7886579562,59724.77956292275
2020-01-06,0.0079366632627558,0.03477357598460581,0.0484646886835452,34773.575984605806,48464.688683545195
2020-01-07,-0.0047140693925771,0.034800768514855,0.048502587504006704,34800.768514855,48502.587504006704
2020-01-08,0.0159583823856589,0.03494403243591426,0.048702257544752436,34944.03243591426,48702.257544752436
2020-01-09,0.021018451251347,0.02049962131653136,0.0285707678058789,20499.62131653136,28570.7678058789
2020-01-10,0.0022579629478184,0.021464532472857508,0.029915585457630584,21464.532472857507,29915.585457630583
2020-01-13,0.0211394633567109,0.022310702204057592,0.031094910604236328,22310.70220405759,31094.910604236327
2020-01-14,-0.0135953931241434,0.023103096831189385,0.03219928821945362,23103.096831189385,32199.28821945362
2020-01-15,-0.0042949571341053,0.02415375019555798,0.03366360665023524,24153.750195557983,33663.60665023524
2020-01-16,0.0124487275966257,0.024983252152823834,0.03481970155802034,24983.252152823836,34819.70155802034
2020-01-17,0.0110102500916587,0.025682901387825724,0.03579481790432473,25682.901387825725,35794.81790432473
2020-01-21,-0.0067997374005235,0.026225800431665437,0.036551468102105196,26225.800431665437,36551.468102105195
2020-01-22,0.0035630601224931,0.02689117897775503,0.03747882064436942,26891.178977755033,37478.82064436942
2020-01-23,0.0048043564605999,0.02724267839039791,0.037968713015914056,27242.678390397912,37968.71301591406
2020-01-24,-0.0028863917975426,0.027848741416420904,0.03881339622858723,27848.741416420904,38813.39622858723
2020-01-27,-0.0298459150989984,0.028342115932885215,0.03950102301610609,28342.115932885215,39501.02301610609
2020-01-28,0.0278963404091383,0.03165992673780057,0.04037314255943892,31659.926737800568,40373.14255943892
2020-01-29,0.0207160840312916,0.03207234990559345,0.04089906984556359,32072.349905593448,40899.06984556359
2020-01-30,-0.0014499354594887,0.032354702428675365,0.04125912938584019,32354.702428675366,41259.12938584019
2020-01-31,-0.0453516559457109,0.03273788715984249,0.04174777144449473,32737.88715984249,41747.77144449473
2020-02-03,-0.0027502207501573,0.03923719071686674,0.045922999984192574,39237.19071686674,45922.999984192575
2020-02-04,0.0324806415963082,0.03959874497474021,0.04634616117069085,39598.74497474021,46346.161170690844
2020-02-05,0.0081210943961245,0.04004223067023961,0.046865214477395944,40042.23067023961,46865.214477395944
2020-02-06,0.0116291773163718,0.04089291353445691,0.047860849191458464,40892.913534456915,47860.84919145847
2020-02-07,-0.0136858893296386,0.04150579494816808,0.04857816234864306,41505.79494816808,48578.16234864306
2020-02-10,0.0047380468497916,0.04895300128532154,0.05729433316146234,48953.00128532154,57294.33316146234
2020-02-11,-0.0060512538883545,0.04941832960436369,0.057838950958954936,49418.32960436369,57838.950958954934
2020-02-12,0.0234699049693562,0.0496301229460224,0.05808683276312967,49630.1229460224,58086.83276312967
2020-02-13,-0.0071462023979402,0.0496240007750933,0.05807966740673326,49624.0007750933,58079.66740673326
2020-02-14,0.000245998357458,0.04926658836708145,0.05766135381935345,49266.58836708145,57661.353819353455
2020-02-18,-0.0184804812127824,0.04930936140656807,0.057711415157991115,49309.36140656807,57711.41515799111
2020-02-19,0.0143791301419294,0.04902097770108543,0.05737389239806969,49020.97770108543,57373.89239806969
2020-02-20,-0.0103122356689402,0.04876360870998415,0.05707266909542393,48763.608709984146,57072.66909542393
2020-02-21,-0.0228949407694865,0.04887835609273193,0.057206968823815214,48878.356092731934,57206.968823815216
2020-02-24,-0.0486655718313725,0.04875468471651859,0.05706222450078577,48754.68471651859,57062.22450078577
2020-02-25,-0.0344590576782217,0.05202575728065051,0.05724677515467982,52025.75728065051,57246.77515467982
2020-02-26,0.0157394106841079,0.05233361993473616,0.0575855332056562,52333.61993473616,57585.533205656204
2020-02-27,-0.0676028346373636,0.05222338591654099,0.057464236709769106,52223.385916540996,57464.23670976911
2020-02-28,-0.0005854151809597,0.055796304802352134,0.06083591835630034,55796.30480235213,60835.91835630034
2020-03-02,0.0890184879121732,0.05593920094291096,0.06099172111010744,55939.20094291096,60991.72111010744
2020-03-03,-0.0322743224982188,0.05609088364598344,0.06115710404313265,56090.88364598344,61157.10404313265
2020-03-04,0.0453408519536822,0.05560378199201296,0.060626006570690026,55603.78199201296,60626.00657069003
2020-03-05,-0.0329748196362925,0.05543864431412706,0.060445953387508765,55438.64431412706,60445.953387508765
2020-03-06,-0.0133691082968965,0.055305337208011784,0.060300605765427485,55305.337208011784,60300.605765427485
2020-03-09,-0.0823950848087406,0.05533256480697719,0.060330292605686266,55332.564806977185,60330.29260568626
2020-03-10,0.0695462876675641,0.05703171695314356,0.06875037951001851,57031.71695314356,68750.37951001851
2020-03-11,-0.0353478535820553,0.12852101885061926,0.15492903410664874,128521.01885061925,154929.03410664873
2020-03-12,-0.1039781015177606,0.12418082193233886,0.14969702986021968,124180.82193233886,149697.02986021969
2020-03-13,0.1131575815917184,0.12018780070625014,0.14488353766059495,120187.80070625014,144883.53766059494
2020-03-16,-0.1377081659124169,0.11503266957803306,0.13866914958983045,115032.66957803306,138669.14958983046
2020-03-17,0.0430307705055466,0.12014125096483545,0.13962573475880066,120141.25096483545,139625.73475880065
2020-03-18,-0.0247844044649301,0.11708507436292134,0.1360739080534186,117085.07436292134,136073.9080534186
2020-03-19,-0.0076917636242151,0.11455143606261253,0.13312936480576087,114551.43606261253,133129.36480576088
2020-03-20,-0.0655901112580534,0.11071365174477849,0.1286691694030992,110713.65174477849,128669.1694030992
2020-03-23,-0.0214731764539137,0.10864884133989623,0.12626948846417105,108648.84133989623,126269.48846417105
2020-03-24,0.0956062004516106,0.10518991946204072,0.12224959933541356,105189.91946204072,122249.59933541356
2020-03-25,-0.0055241590842771,0.10174316048158905,0.11824384568030204,101743.16048158905,118243.84568030204
2020-03-26,0.0512852909391873,0.09998463443015443,0.11620012222934582,99984.63443015443,116200.12222934583
2020-03-27,-0.0422837715841885,0.09768065480055736,0.11352248364918854,97680.65480055736,113522.48364918855
2020-03-30,0.0281382857129148,0.09667905587570214,0.11235844561318152,96679.05587570214,112358.44561318152
2020-03-31,-0.0020427037890712,0.09566840087126872,0.11118388278444107,95668.40087126872,111183.88278444107
2020-04-01,-0.0540520759318256,0.09389728098224805,0.10912552302986502,93897.28098224805,109125.52302986501
2020-04-02,0.0165489981262009,0.09121163120021261,0.10600431510910457,91211.6312002126,106004.31510910457
2020-04-03,-0.0144757008705663,0.08907759680738593,0.10352418344986135,89077.59680738593,103524.18344986135
2020-04-06,0.0836400525833117,0.08706584858569952,0.10118617030827277,87065.84858569952,101186.17030827278
2020-04-07,-0.0116501931939673,0.08519297704099746,0.09900955683506685,85192.97704099746,99009.55683506685
2020-04-08,0.0252728393538614,0.08486562724885971,0.09862911751981657,84865.6272488597,98629.11751981657
2020-04-09,0.0071903307019444,0.10567360796726177,0.12281173234462987,105673.60796726178,122811.73234462987
2020-04-13,0.0194370045267685,0.10527500678970295,0.12234848610867495,105275.00678970295,122348.48610867494
2020-04-14,0.0492697333634547,0.10478161401680015,0.12177507499560604,104781.61401680016,121775.07499560605
2020-04-15,-0.0091696769786951,0.10318394872831053,0.11991830067360998,103183.94872831054,119918.30067360998
2020-04-16,0.0079144054784957,0.10277568207942861,0.11944382142214675,102775.6820794286,119443.82142214675
2020-04-17,-0.0136615144316968,0.10232086218988368,0.11891523893486089,102320.86218988367,118915.23893486088
2020-04-20,-0.0209748199483606,0.10037022927514243,0.1166482527683429,100370.22927514242,116648.25276834289
2020-04-21,-0.0313983700034471,0.09986829187159871,0.1160649112581631,99868.2918715987,116064.91125816309
2020-04-22,0.0283965200539658,0.09848382948908668,0.1144559170463354,98483.82948908668,114455.9170463354
2020-04-23,-0.0038828069893753,0.09781557477325467,0.11367928491578276,97815.57477325467,113679.28491578276
2020-04-24,0.0284606501035896,0.09647946660498313,0.11212648699488587,96479.46660498313,112126.48699488587
2020-04-27,0.0007066229529577,0.09452515193370754,0.10985522196530308,94525.15193370754,109855.22196530308
2020-04-28,-0.0163420042495918,0.09426793267953232,0.10955628694448465,94267.93267953231,109556.28694448464
2020-04-29,0.0323170029458851,0.0940708487823828,0.1093272400207375,94070.84878238279,109327.2400207375
2020-04-30,0.0208769032857981,0.0929243393371728,0.10799478990547938,92924.3393371728,107994.78990547938
2020-05-01,-0.0162304896551659,0.09216330287150463,0.10711032869965871,92163.30287150464,107110.32869965871
2020-05-04,0.0140493725789039,0.09204091584684604,0.1069680929720825,92040.91584684604,106968.0929720825
2020-05-05,0.014897411102765,0.09140899007407279,0.10623368160522974,91408.99007407279,106233.68160522974
2020-05-06,0.0102645353688287,0.0909545021891828,0.10570548496704663,90954.50218918281,105705.48496704662
2020-05-07,0.0102917728649707,0.08987958488329642,0.1044562377897947,89879.58488329643,104456.2377897947
2020-05-08,0.0235228315144387,0.08954210214856462,0.10406402217336892,89542.10214856462,104064.02217336892
2020-05-11,0.0156127966560625,0.05620943407715211,0.06532546873259937,56209.43407715211,65325.468732599365
2020-05-12,-0.0114940318284039,0.05694147034028475,0.06617622648889988,56941.47034028475,66176.22648889989
2020-05-13,-0.0121472802534377,0.05809853021357427,0.06752093809853062,58098.530213574275,67520.93809853062
2020-05-14,0.0061239564020395,0.05892551518023543,0.06848204331990328,58925.51518023543,68482.04331990327
2020-05-15,-0.0059291139287963,0.05972789052646846,0.06941454773758181,59727.89052646846,69414.54773758182
2020-05-18,0.0232876662987718,0.06026797276485241,0.07004222040420494,60267.972764852406,70042.22040420494
2020-05-19,-0.0057948753524856,0.06109236330267035,0.07100031043278908,61092.363302670354,71000.31043278908
2020-05-20,0.0192611916831079,0.06127442234015317,0.07121189576816618,61274.42234015317,71211.89576816619
2020-05-21,-0.0074832703837816,0.06323612859533469,0.07349175114723845,63236.12859533469,73491.75114723845
2020-05-22,0.0064178518632546,0.0640850091227047,0.07447830294692938,64085.00912270471,74478.30294692938
2020-05-26,-0.0067968280897436,0.06494994348317995,0.07548351218713312,64949.94348317995,75483.51218713312
2020-05-27,0.0043475482100405,0.0650748307851578,0.07562865368649878,65074.8307851578,75628.65368649877
2020-05-28,0.0004400258340999,0.0654162766971609,0.07602547522748453,65416.276697160894,76025.47522748452
2020-05-29,-0.0009745183804553,0.06600029515344558,0.07670420967894548,66000.29515344558,76704.20967894548
2020-06-01,0.0122231921428614,0.066282973951545,0.0770327332673749,66282.973951545,77032.7332673749
2020-06-02,0.004618697193531,0.06621638810576155,0.07695534854258314,66216.38810576155,76955.34854258313
2020-06-03,0.0054898587219615,0.06649657066207945,0.07728097104924354,66496.57066207945,77280.97104924354
2020-06-04,-0.0086493764422021,0.0677524194302296,0.07874049311673242,67752.4194302296,78740.49311673242
2020-06-05,0.0280827852024408,0.06772106905094591,0.07870405833927424,67721.06905094591,78704.05833927424
2020-06-08,0.0058951359075312,0.06801519039728043,0.07904588022609833,68015.19039728043,79045.88022609834
2020-06-09,0.0310897431314134,0.06859063481361014,0.0797146501015377,68590.63481361013,79714.6501015377
2020-06-10,0.0254020171302222,0.040751262264828975,0.04736029374074635,40751.262264828976,47360.293740746354
2020-06-11,-0.0492014276993913,0.042273410469576236,0.04912930363362513,42273.410469576236,49129.30363362513
2020-06-12,0.0085965620436625,0.04696250281972498,0.0518830376148405,46962.50281972498,51883.0376148405
2020-06-15,0.0122912683345712,0.04858738406458039,0.053678167126359484,48587.38406458039,53678.16712635948
2020-06-16,0.0261572731970302,0.050460147922558186,0.05574715135533387,50460.147922558186,55747.15135533387
2020-06-17,-0.0013927722962066,0.05204676709330024,0.05750000985250626,52046.767093300245,57500.00985250626
2020-06-18,0.0003981329214222,0.05358109863925681,0.05919510224607147,53581.09863925681,59195.10224607147
2020-06-19,-0.0057309971039427,0.05556051204210971,0.06138191031355806,55560.51204210971,61381.91031355806
2020-06-22,0.0258272798876379,0.05622010124946114,0.062110608521716244,56220.10124946114,62110.60852171625
2020-06-23,0.0211203432402428,0.056963498912140524,0.06293189628492675,56963.49891214052,62931.89628492675
2020-06-24,-0.0178096894775995,0.05777512814952256,0.06382856464210616,57775.12814952256,63828.56464210616
2020-06-25,0.0131881698007221,0.0591690675483961,0.06536855518609795,59169.067548396095,65368.555186097954
2020-06-26,-0.0312076923385718,0.059422576714591245,0.06564862598334442,59422.57671459125,65648.62598334442
2020-06-29,0.0227851954430691,0.060223304777117535,0.06653325098612133,60223.30477711753,66533.25098612132
2020-06-30,0.0083129467206787,0.06095607661877576,0.06734279959918803,60956.076618775754,67342.79959918803
2020-07-01,-0.0018932767627257,0.06197739461629892,0.06847112702853346,61977.39461629892,68471.12702853346
2020-07-02,0.0,0.06375669497879151,0.07043685504753777,63756.69497879151,70436.85504753777
2020-07-06,0.0263987172341795,0.06484423526519503,0.07163834326045791,64844.235265195035,71638.34326045791
2020-07-07,-0.0031079094251982,0.06546390527313482,0.07232293970230735,65463.90527313482,72322.93970230735
2020-07-08,0.0230231079804675,0.06658115561205111,0.073557250862888,66581.15561205111,73557.250862888
2020-07-09,0.0042909755296933,0.06719842685653912,0.07423919720887534,67198.42685653912,74239.19720887534
2020-07-10,0.0017479364618133,0.05854531840142986,0.06467945221008106,58545.31840142986,64679.452210081065
2020-07-13,-0.0046238436336473,0.060146799736170715,0.06644873006668894,60146.79973617072,66448.73006668895
2020-07-14,0.0164129712945953,0.06184780434356478,0.06832795882856352,61847.80434356478,68327.95882856351
2020-07-15,0.0068537602608581,0.06241191583418195,0.06895117556381729,62411.91583418195,68951.17556381729
2020-07-16,-0.0123813229944246,0.0627664159255747,0.06934281869337532,62766.41592557471,69342.81869337532
2020-07-17,-0.0020219727085575,0.06376859980855283,0.07045000721561272,63768.59980855283,70450.00721561271
2020-07-20,0.0208546813107953,0.06549847944340845,0.07236113640966119,65498.47944340845,72361.13640966118
2020-07-21,-0.0138978199056451,0.06613289652311666,0.07306202505983282,66132.89652311665,73062.02505983283
2020-07-22,0.0028053954348315,0.0673861689416951,0.07444661012516363,67386.1689416951,74446.61012516363
2020-07-23,-0.0465846882892797,0.06876865694324605,0.0759739494422753,68768.65694324605,75973.9494422753
2020-07-24,-0.0024807673475098,0.06992163353063062,0.07724773009834328,69921.63353063061,77247.73009834328
2020-07-27,0.0234238519254115,0.07021378050005048,0.07757048700637387,70213.78050005047,77570.48700637386
2020-07-28,-0.0165638088389676,0.07181234520631306,0.07933654264235976,71812.34520631307,79336.54264235975
2020-07-29,0.0189869631527436,0.07224932265226934,0.07981930475903008,72249.32265226934,79819.30475903008
2020-07-30,0.0120276520514123,0.07281696282023117,0.08044641989169478,72816.96282023117,80446.41989169478
2020-07-31,0.0995634133570498,0.07337170759208893,0.08105928850253984,73371.70759208893,81059.28850253984
2020-08-03,0.0248853274587882,0.07435155690324542,0.08214180232985348,74351.55690324542,82141.80232985348
2020-08-04,0.0066560665554489,0.07528746810221222,0.08317577439319397,75287.46810221222,83175.77439319398
2020-08-05,0.003617923964742,0.07486531578988101,0.08270939072569759,74865.315789881,82709.3907256976
2020-08-06,0.0342942933497074,0.0756411415464382,0.08356650426294954,75641.1415464382,83566.50426294954
2020-08-07,-0.0229980354208865,0.07634214865121483,0.084340959962745,76342.14865121483,84340.95996274501
2020-08-10,0.0144301129059811,0.0846021011448451,0.09346635576136535,84602.10114484509,93466.35576136535
2020-08-11,-0.0301910805508221,0.08545217529316078,0.09440549712658963,85452.17529316078,94405.49712658963
2020-08-12,0.032693987314233,0.0864073031433816,0.09546069928159862,86407.3031433816,95460.69928159862
2020-08-13,0.0175427887241481,0.08761755749759415,0.09679775902954631,87617.55749759414,96797.7590295463
2020-08-14,-0.0008914546061264,0.08804487911995497,0.0972698536257753,88044.87911995497,97269.8536257753
2020-08-17,-0.0026142153591514,0.08825828635492779,0.09750562077902682,88258.28635492778,97505.62077902682
2020-08-18,0.008298312758867,0.08839724049279468,0.09765913395078772,88397.24049279468,97659.13395078773
2020-08-19,0.0012538249232541,0.08944252130507807,0.0988139349184864,89442.52130507807,98813.93491848641
2020-08-20,0.021946856037033,0.09029886496677894,0.09976000269050887,90298.86496677894,99760.00269050887
2020-08-21,0.0502488145717232,0.09056697075681928,0.10005619948484958,90566.97075681928,100056.19948484958
2020-08-24,0.0118892962606171,0.09070747016182272,0.10021141983038011,90707.47016182273,100211.41983038011
2020-08-25,-0.0082376004434735,0.09125125437117104,0.1008121794767788,91251.25437117105,100812.1794767788
2020-08-26,0.0135072136060629,0.09097326682191575,0.10050506555378723,90973.26682191575,100505.06555378722
2020-08-27,-0.0120263134275744,0.09100496547320451,0.10054008545729336,91004.96547320452,100540.08545729336
2020-08-28,-0.0016211764347187,0.09033130281439025,0.09979583924023926,90331.30281439025,99795.83924023925
2020-08-31,0.0333500824319756,0.08989641612600313,0.09931538694197917,89896.41612600313,99315.38694197917
2020-09-01,0.0390595646275191,0.08949246724095009,0.09886911398080134,89492.46724095009,98869.11398080134
2020-09-02,-0.0209360074003425,0.08886207170599854,0.09817266823604047,88862.07170599853,98172.66823604047
2020-09-03,-0.0834477977721305,0.08983724972444321,0.09925002133211268,89837.2497244432,99250.02133211268
2020-09-04,0.0006613401286442,0.09010288438105699,0.09954348807799294,90102.88438105698,99543.48807799295
2020-09-08,-0.069666147242743,0.09024580052772234,0.09970137838127748,90245.80052772234,99701.37838127748
2020-09-09,0.0391116362872935,0.18313857453345533,0.20232706906022555,183138.57453345534,202327.06906022553
2020-09-10,-0.0331905630870306,0.17898369578863355,0.19773685948323197,178983.69578863354,197736.85948323196
2020-09-11,-0.0132157720150329,0.17403838751302708,0.1922734024723227,174038.3875130271,192273.4024723227
2020-09-14,0.0295588533786508,0.16952190612951995,0.1872837030432538,169521.90612951995,187283.7030432538
2020-09-15,0.0015590112788847,0.16515782131204704,0.18246236765556234,165157.82131204705,182462.36765556235
2020-09-16,-0.0299578045339217,0.16185543442815345,0.17881397047422976,161855.43442815344,178813.97047422975
2020-09-17,-0.0160923239665972,0.15922462267759055,0.17590751326227108,159224.62267759055,175907.5132622711
2020-09-18,-0.032234164652617,0.15479908694105626,0.17101828838501457,154799.08694105627,171018.28838501457
2020-09-21,0.0298749926311434,0.1508998449524296,0.16671050011525668,150899.84495242962,166710.50011525667
2020-09-22,0.015593490256989,0.1481097446833936,0.16362806479950578,148109.7446833936,163628.06479950578
2020-09-23,-0.0428512570849074,0.14417231620693796,0.1592780890213007,144172.31620693798,159278.0890213007
2020-09-24,0.0102166349050862,0.1409397427870503,0.15570682006699102,140939.7427870503,155706.82006699103
2020-09-25,0.0368295049040686,0.13869239062975847,0.1532239997420574,138692.39062975848,153223.99974205738
2020-09-28,0.0235883857092163,0.13780154915436194,0.15223981961958222,137801.54915436194,152239.8196195822
2020-09-29,-0.007596724320276,0.13487435272123177,0.14900592377657082,134874.3527212318,149005.92377657082
2020-09-30,0.0149633371805228,0.1321279634019203,0.14597177926119406,132127.96340192028,145971.77926119405
2020-10-01,0.0084265571698814,0.1310787525431076,0.14481263647311393,131078.7525431076,144812.63647311393
2020-10-02,-0.0328126473112539,0.12768495909609415,0.14106325553095422,127684.95909609414,141063.25553095422
2020-10-05,0.0303265745517388,0.1261453108985839,0.13936228942930315,126145.3108985839,139362.28942930314
2020-10-06,-0.0290884897239958,0.12448766137981652,0.13753095832106613,124487.66137981652,137530.95832106614
2020-10-07,0.016824937789941,0.12226192506275563,0.13507201865377302,122261.92506275563,135072.01865377303
2020-10-08,-0.0009564504010737,0.10669804163853078,0.11787741656385016,106698.04163853078,117877.41656385016
2020-10-09,0.0172462141636593,0.10691171980215598,0.11811348303252611,106911.71980215599,118113.48303252611
2020-10-12,0.061584603695145,0.1074202572953803,0.11867530295917687,107420.25729538029,118675.30295917687
2020-10-13,-0.026885397494469,0.10739081096453543,0.11864277136483854,107390.81096453543,118642.77136483854
2020-10-14,0.0007427637527638,0.10665021831237313,0.11782458250942533,106650.21831237314,117824.58250942534
2020-10-15,-0.0039684270454875,0.10740337755725589,0.11865665463263007,107403.3775572559,118656.65463263007
2020-10-16,-0.0140993951768002,0.10625003638650139,0.11738247119367022,106250.0363865014,117382.47119367022
2020-10-19,-0.0258738076660771,0.1049256646955566,0.11591933737132931,104925.6646955566,115919.33737132931
2020-10-20,0.0131056951070106,0.10385950563422826,0.11474147061889832,103859.50563422826,114741.47061889833
2020-10-21,-0.0054613452165812,0.10332733088416253,0.1141535368224114,103327.33088416253,114153.5368224114
2020-10-22,-0.0096293941843942,0.10241283429063042,0.11314322309737411,102412.83429063042,113143.22309737411
2020-10-23,-0.0061529465304655,0.10333597285166685,0.11416308425915715,103335.97285166684,114163.08425915716
2020-10-26,8.682927128210838e-05,0.10347046146821694,0.1143116640309385,103470.46146821693,114311.6640309385
2020-10-27,0.0133825000321764,0.10268962877290364,0.11344901894881093,102689.62877290364,113449.01894881093
2020-10-28,-0.0474188631027985,0.10215952203200207,0.11286336983884644,102159.52203200207,112863.36983884644
2020-10-29,0.0363806363218033,0.10024539350195504,0.11074868692032114,100245.39350195504,110748.68692032114
2020-10-30,-0.0576483564903421,0.10042510378023219,0.11094722649056972,100425.10378023218,110947.22649056972
2020-11-02,-0.0008270720913956,0.10138275213749953,0.11200521324082068,101382.75213749953,112005.21324082068
2020-11-03,0.015236914711462,0.10034560497946568,0.11085939813767431,100345.60497946569,110859.39813767432
2020-11-04,0.0400248557643704,0.10097058805120884,0.11154986432394982,100970.58805120885,111549.86432394982
2020-11-05,0.0348780816632798,0.10049297885570864,0.11102221323281329,100492.97885570864,111022.21323281329
2020-11-06,-0.0011365045226725,0.11078710430098886,0.12239491412440702,110787.10430098885,122394.91412440702
2020-11-09,-0.0201700998321362,0.11224133823367462,0.1240015166115007,112241.33823367461,124001.5166115007
2020-11-10,-0.0030135104025209,0.11225356367403505,0.12401502298241351,112253.56367403505,124015.02298241352
2020-11-11,0.0299012054716743,0.11169299425842102,0.12339571944597984,111692.99425842102,123395.71944597983
2020-11-12,-0.0023461340833688,0.11074195454619953,0.12234503376698598,110741.95454619953,122345.03376698599
2020-11-13,0.0004193540652367,0.11079518050821982,0.12240383652288221,110795.18050821983,122403.83652288221
2020-11-16,0.008682642722683,0.11020649345585086,0.12175346930121449,110206.49345585085,121753.46930121449
2020-11-17,-0.0075930655337269,0.10977259666327527,0.12127411061591238,109772.59666327527,121274.11061591239
2020-11-18,-0.0114565628752274,0.10849480586988584,0.11986243824291709,108494.80586988584,119862.4382429171
2020-11-19,0.0051548021097792,0.10907480579600036,0.12050320813754384,109074.80579600036,120503.20813754384
2020-11-20,-0.0110180310617728,0.10767186814787806,0.11895327654534955,107671.86814787806,118953.27654534955
2020-11-23,-0.030193877397298,0.10792325064916941,0.11923099785463066,107923.25064916941,119230.99785463067
2020-11-24,0.0115274666358633,0.10752921023887296,0.11879567153678817,107529.21023887297,118795.67153678817
2020-11-25,0.0074394181065418,0.10676079077947956,0.11794674029756687,106760.79077947956,117946.74029756687
2020-11-27,0.0048147149630504,0.10525284201152295,0.11628079495923017,105252.84201152295,116280.79495923017
2020-11-30,0.0208801277967171,0.10571020235665528,0.11678607561007466,105710.20235665528,116786.07561007467
2020-12-01,0.0303618600939116,0.10548836724415007,0.11654099754150193,105488.36724415007,116540.99754150193
2020-12-02,0.002929144880006,0.10489507077053482,0.1158855379426919,104895.07077053482,115885.5379426919
2020-12-03,-0.0011381316262593,0.10377803246860112,0.11465146103544277,103778.03246860112,114651.46103544277
2020-12-04,-0.0056284668316098,0.10312658023838885,0.113931752362885,103126.58023838885,113931.752362885
2020-12-07,0.0121955549238613,0.10297028971829053,0.11375908637520903,102970.28971829053,113759.08637520902
2020-12-08,0.0050777974471818,0.05967621892128248,0.06592884376051418,59676.218921282474,65928.84376051418
2020-12-09,-0.0211252663597519,0.061480158484118516,0.06792179257230983,61480.15848411852,67921.79257230983
2020-12-10,0.0119175136161934,0.06295189505355132,0.0695477315492876,62951.89505355132,69547.73154928761
2020-12-11,-0.0067574638711124,0.06441929827817137,0.0711688831516916,64419.29827817137,71168.88315169161
2020-12-14,-0.0051600497450812,0.0655439867193323,0.07241141174778722,65543.9867193323,72411.41174778722
2020-12-15,0.0488763172343329,0.06624442968096389,0.07318524419587637,66244.42968096389,73185.24419587637
2020-12-16,-0.000547544115624,0.06797348088355354,0.07509545815798797,67973.48088355354,75095.45815798797
2020-12-17,0.0069392918074231,0.06893279521399569,0.0761552854351211,68932.79521399569,76155.2854351211
2020-12-18,-0.0159776792385446,0.07055363849364002,0.07794595390030833,70553.63849364001,77945.95390030832
2020-12-21,0.0123192252986798,0.0717057452541656,0.07921877359269396,71705.74525416561,79218.77359269395
2020-12-22,0.0280670427185049,0.07280237773059882,0.08043030663732,72802.37773059882,80430.30663732
2020-12-23,-0.0070005869609278,0.07380732608467477,0.08154054928038447,73807.32608467477,81540.54928038447
2020-12-24,0.0076825536821717,0.07450594592587746,0.08231236758910478,74505.94592587746,82312.36758910478
2020-12-28,0.0351411332075897,0.07511786636385535,0.08298840249343621,75117.86636385536,82988.40249343621
2020-12-29,-0.0134047331238236,0.07608902008809229,0.0840613096465706,76089.0200880923,84061.3096465706
2020-12-30,-0.0085631112179694,0.07676713711007223,0.08481047693634867,76767.13711007223,84810.47693634867
2020-12-31,-0.0077325765821302,0.07855827311249709,0.08678928068417772,78558.27311249709,86789.28068417772
2021-01-04,-0.025029575856378,0.08018097927527333,0.08858200721760667,80180.97927527333,88582.00721760668
2021-01-05,0.0122877460571652,0.08088752364296634,0.08936258035158738,80887.52364296633,89362.58035158738
2021-01-06,-0.0342409172414498,0.08100054431882647,0.08948744286156508,81000.54431882648,89487.44286156508
2021-01-07,0.0335540714146873,0.08103052781709053,0.08952056790548002,81030.52781709052,89520.56790548001
2021-01-08,0.0085939507878632,0.10248148943844307,0.11321907164467343,102481.48943844307,113219.07164467343
2021-01-11,-0.0235234624557828,0.10143508233347028,0.11206302637604398,101435.08233347027,112063.02637604398
2021-01-12,-0.0013962944060573,0.10202181015015513,0.11271122908150005,102021.81015015513,112711.22908150006
2021-01-13,0.0160963126673662,0.10186475945292464,0.11253772326850865,101864.75945292464,112537.72326850865
2021-01-14,-0.0152428915136182,0.1008531892378856,0.11142016495356132,100853.1892378856,111420.16495356131
2021-01-15,-0.0138254844484219,0.10076946125043351,0.11132766429747261,100769.46125043351,111327.66429747261
2021-01-19,0.0054124483991683,0.1010659389442345,0.11165520568508742,101065.9389442345,111655.20568508742
2021-01-20,0.0323282066768816,0.10001315713459949,0.11049211779688035,100013.15713459949,110492.11779688035
2021-01-21,0.0360021761160704,0.10058331628148194,0.11112201583655047,100583.31628148194,111122.01583655048
2021-01-22,0.0159457979313078,0.09930649835500584,0.10971141826339818,99306.49835500584,109711.41826339818
2021-01-25,0.0273076528542828,0.09956189457716211,0.1099935738344436,99561.89457716211,109993.5738344436
2021-01-26,0.0016778869131629,0.09844494492927514,0.10875959487004176,98444.94492927514,108759.59487004176
2021-01-27,-0.0077134201340439,0.09932496460296313,0.10973181932764832,99324.96460296313,109731.81932764832
2021-01-28,-0.035611972932801,0.09907268354258952,0.1094531053120193,99072.68354258953,109453.1053120193
2021-01-29,-0.0381386281159314,0.09872729587994959,0.10907152937341913,98727.2958799496,109071.52937341914
2021-02-01,0.016385212275066,0.0978704162279737,0.10812486945230043,97870.41622797369,108124.86945230044
2021-02-02,0.0063166485216853,0.09785652914174106,0.10810952733520472,97856.52914174106,108109.52733520472
2021-02-03,-0.0078092595554384,0.09748665111875177,0.10770089503863989,97486.65111875176,107700.8950386399
2021-02-04,0.0254317097937405,0.09745794384629566,0.10766917993813989,97457.94384629566,107669.17993813989
2021-02-05,-0.0031022962725413,0.09726065742593712,0.10745122267109107,97260.65742593713,107451.22267109108
2021-02-08,0.0010961015011256,0.09718557907301893,0.10736827792209702,97185.57907301893,107368.27792209703
2021-02-09,-0.0065956256627138,0.07814024737587233,0.08632745595774588,78140.24737587234,86327.45595774589
2021-02-10,-0.0045685317001482,0.07920975885024074,0.087509026375046,79209.75885024075,87509.026375046
2021-02-11,-0.0019224578502258,0.08086990992983574,0.08934312114720043,80869.90992983575,89343.12114720044
2021-02-12,0.0017747789025991,0.08188883032070636,0.09046879975868756,81888.83032070636,90468.79975868756
2021-02-16,-0.0162352995039072,0.08209119322948341,0.09069236540739738,82091.19322948341,90692.36540739737
2021-02-17,-0.0178015847776241,0.08265840398944045,0.09131900614048098,82658.40398944046,91319.00614048098
2021-02-18,-0.008673589136305,0.08321341525225767,0.0919321691640946,83213.41525225768,91932.1691640946
2021-02-19,0.0012320741170234,0.0837373656696502,0.09251101691669927,83737.3656696502,92511.01691669927
2021-02-22,-0.0302517930644575,0.08397458397754341,0.09277308996758833,83974.58397754341,92773.08996758833
2021-02-23,-0.0011117634603973,0.08452404993110796,0.09338012666761893,84524.04993110796,93380.12666761893
2021-02-24,-0.0040602613035322,0.08427204973798215,0.09310172294733421,84272.04973798215,93101.72294733422
2021-02-25,-0.0354018797178122,0.08549272381244753,0.09445029415028015,85492.72381244753,94450.29415028016
2021-02-26,0.002228945832474,0.08591958366560344,0.09492187859505662,85919.58366560344,94921.87859505662
2021-03-01,0.0524513803250045,0.08353997432214688,0.09494464250891975,83539.97432214688,94944.64250891974
2021-03-02,-0.0211150200017457,0.0838919113781189,0.09534462513084457,83891.9113781189,95344.62513084458
2021-03-03,-0.0247606865253398,0.08409694879329918,0.0955776537407191,84096.94879329918,95577.65374071909
2021-03-04,-0.0159380536342446,0.08426026743448375,0.09576326823399771,84260.26743448376,95763.2682339977
2021-03-05,0.0106810299619641,0.08417780211314665,0.0956695449534094,84177.80211314665,95669.54495340941
2021-03-08,-0.0425668492929071,0.08435472564134806,0.09587062163882616,84354.72564134806,95870.62163882617
2021-03-09,0.0398453226590758,0.08485904122899605,0.0964437851281549,84859.04122899605,96443.7851281549
2021-03-10,-0.0092089369615396,0.07515163408091695,0.08917035623511345,75151.63408091695,89170.35623511345
2021-03-11,0.0163679209608665,0.09793439383711695,0.11620299269504675,97934.39383711695,116202.99269504675
2021-03-12,-0.0076545566584962,0.09827734301359348,0.11660991532036215,98277.34301359348,116609.91532036215
2021-03-15,0.0241624511791483,0.09779307013013389,0.11603530658349022,97793.07013013388,116035.30658349022
2021-03-16,0.0126624088028987,0.09672252480381441,0.11476506263894792,96722.5248038144,114765.06263894793
2021-03-17,-0.0064713995466342,0.08128095959716435,0.1039403899384506,81280.95959716434,103940.38993845061
2021-03-18,-0.0344933534413274,0.08024052644599663,0.10260990580079733,80240.52644599664,102609.90580079734
2021-03-19,-0.0044902883115821,0.08037506112421255,0.10278194593151564,80375.06112421256,102781.94593151564
2021-03-22,0.0279417621703568,0.07998383376766072,0.10228165257626831,79983.83376766072,102281.65257626832
2021-03-23,-0.0069124914437122,0.07927531022808973,0.10137560750312247,79275.31022808973,101375.60750312246
2021-03-24,-0.0201961237625026,0.07920829921376107,0.10128991522052626,79208.29921376107,101289.91522052627
2021-03-25,0.0041549644142385,0.0791183094491218,0.1011748381929735,79118.30944912179,101174.8381929735
2021-03-26,0.0051281164314952,0.07850663137125785,0.10039263706930224,78506.63137125786,100392.63706930223
2021-03-29,0.0014840351978601,0.07851230931694858,0.10039989790741326,78512.30931694858,100399.89790741325
2021-03-30,-0.012350401504117,0.07734959384545363,0.0989130416978703,77349.59384545364,98913.0416978703
2021-03-31,0.0185917610180839,0.07686603475494914,0.09829467645372925,76866.03475494914,98294.67645372925
2021-04-01,0.0069344211040619,0.07605876446920949,0.09726235610833278,76058.76446920949,97262.35610833278
2021-04-05,0.0233035548952491,0.07557738105622624,0.09664677307506937,75577.38105622625,96646.77307506937
2021-04-06,0.0024594148814455,0.07472220179039239,0.09555318772865388,74722.2017903924,95553.18772865388
2021-04-07,0.013301349147394,0.07419871458575492,0.09488376324784709,74198.71458575492,94883.76324784709
2021-04-08,0.0190511917406721,0.07472293071507914,0.09555411986228705,74722.93071507914,95554.11986228706
2021-04-09,0.0200492430139496,0.07430813424377249,0.09502368681638818,74308.13424377248,95023.68681638817
2021-04-12,-0.0133212998758356,0.04202698796412272,0.05374323259197696,42026.98796412272,53743.232591976965
2021-04-13,0.0240158577654992,0.0432537622294704,0.0553120058463609,43253.762229470405,55312.0058463609
2021-04-14,-0.0180144186878602,0.04463141998063754,0.05707372574444928,44631.41998063754,57073.72574444928
2021-04-15,0.0185349872808533,0.0461516768223124,0.05901779837490819,46151.6768223124,59017.79837490819
2021-04-16,-0.0025309849467485,0.04690832667446338,0.05998538636930715,46908.32667446338,59985.38636930715
2021-04-19,0.0050556964680852,0.04799165585801555,0.06137072505536819,47991.65585801555,61370.72505536819
2021-04-20,-0.0129129980938243,0.048988922108056915,0.06264600826333577,48988.92210805691,62646.008263335774
2021-04-21,0.0029256850118933,0.04965040160010413,0.06349189439313087,49650.40160010413,63491.89439313087
2021-04-22,-0.0117542134464732,0.05085383403394401,0.06503081860192254,50853.83403394401,65030.81860192255
2021-04-23,0.0178776454687412,0.05134832665462662,0.06566316541561876,51348.326654626624,65663.16541561876
2021-04-26,0.0029733971367387,0.052173790468048355,0.06671875126342817,52173.790468048355,66718.75126342817
2021-04-27,-0.0024522856624721,0.05323958762084679,0.06808167035550326,53239.58762084679,68081.67035550326
2021-04-28,-0.0060456882784194,0.05363417989174092,0.06858626669278452,53634.17989174092,68586.26669278451
2021-04-29,-0.0007489775011014,0.05424594289311599,0.06936857641486437,54245.94289311599,69368.57641486436
2021-04-30,-0.0152489744458021,0.054913708345361606,0.07022250089899727,54913.70834536161,70222.50089899727
2021-05-03,0.008181999682377,0.05590389911811255,0.07148873613469421,55903.899118112546,71488.7361346942
2021-05-04,-0.036026850994291,0.05645477139058362,0.07219318006708253,56454.77139058362,72193.18006708253
2021-05-05,0.0019535985056053,0.05699670092825363,0.07288618821737695,56996.70092825363,72886.18821737696
2021-05-06,0.0127213894075343,0.057375329965951634,0.0733703711061543,57375.329965951634,73370.3711061543
2021-05-07,0.0053130859898336,0.05742023270369064,0.07342779178736954,57420.23270369064,73427.79178736954
2021-05-10,-0.0261433294948916,0.05762298448386692,0.07368706652030431,57622.98448386692,73687.0665203043
2021-05-11,-0.0074378628716068,0.060484064736310274,0.07734575606528525,60484.064736310276,77345.75606528526
2021-05-12,-0.0252547538277297,0.061362253393828586,0.0784687653402048,61362.253393828585,78468.7653402048
2021-05-13,0.0177609664384058,0.06153803848554574,0.0786935556363455,61538.03848554574,78693.5556363455
2021-05-14,0.0196506419240398,0.06145540833739956,0.07858788993232883,61455.40833739956,78587.88993232884
2021-05-17,-0.0093019082505892,0.06184907291555453,0.07909129995555167,61849.072915554534,79091.29995555167
2021-05-18,-0.011309330121638,0.062496986361027206,0.07991983810892189,62496.98636102721,79919.83810892189
2021-05-19,-0.0012822323335969,0.062430081121820795,0.07983428108933815,62430.0811218208,79834.28108933815
2021-05-20,0.0207943218210033,0.06257835091406093,0.08002388539639743,62578.35091406093,80023.88539639743
2021-05-21,-0.0148774192110828,0.06290799696575687,0.08044542986787954,62907.99696575687,80445.42986787955
2021-05-24,0.0132264888997174,0.06362197359200844,0.08135844823414053,63621.97359200844,81358.44823414052
2021-05-25,-0.0015748937364046,0.06446313395164843,0.08243410649672823,64463.13395164843,82434.10649672823
2021-05-26,-0.0003940187305183,0.0646934324641831,0.08272860741445527,64693.432464183104,82728.60741445527
2021-05-27,-0.0124539033527599,0.0643092425962601,0.08223731345237327,64309.2425962601,82237.31345237327
2021-05-28,-0.0053624973653439,0.06444589190660062,0.08241205773039369,64445.89190660062,82412.05773039369
2021-06-01,-0.0026517952318024,0.06476195704159451,0.08281623520984313,64761.95704159451,82816.23520984313
2021-06-02,0.0062564818367758,0.06496502677377394,0.08307591653314489,64965.02677377394,83075.91653314489
2021-06-03,-0.0122284884108352,0.06527667276330644,0.08347444290187013,65276.67276330644,83474.44290187013
2021-06-04,0.0188434370201718,0.06521675595419597,0.08339782254042664,65216.75595419597,83397.82254042664
2021-06-07,7.939230386857454e-05,0.0656048259132047,0.08389407828177954,65604.8259132047,83894.07828177954
2021-06-08,0.0066498863119194,0.0650692546082986,0.08320920090646705,65069.2546082986,83209.20090646706
2021-06-09,0.0030724750465465,0.06493016461524269,0.08303133553447319,64930.16461524269,83031.33553447318
2021-06-10,-0.0080555843076467,0.03890382692220863,0.049749399618719915,38903.82692220863,49749.399618719915
2021-06-11,0.0097844291618534,0.04028850217671063,0.05152009335319796,40288.50217671063,51520.09335319796
2021-06-14,0.0242811674035801,0.03551629637917619,0.04507093614328909,35516.296379176194,45070.93614328909
2021-06-15,-0.006459081954937,0.03648701835399403,0.046302802993165776,36487.01835399403,46302.80299316577
2021-06-16,0.0039262558345821,0.037459463118288176,0.04753685609956104,37459.46311828818,47536.85609956104
2021-06-17,0.0125223076453161,0.03813662125590626,0.048396184190915396,38136.621255906255,48396.184190915395
2021-06-18,-0.0101429381906416,0.03905123348185016,0.049556846575058544,39051.23348185016,49556.846575058546
2021-06-21,0.0140055603330663,0.03986058825595227,0.05058393501219102,39860.588255952265,50583.935012191025
2021-06-22,0.0126180333258927,0.04030204977315885,0.05114415907495123,40302.04977315885,51144.159074951225
2021-06-23,-0.0020920775208729,0.04119548739476753,0.05227795043544755,41195.48739476753,52277.95043544755
2021-06-24,-0.0021710874715205,0.041945724708345886,0.0532300175567375,41945.724708345886,53230.0175567375
2021-06-25,-0.0022517794882484,0.04239086456723374,0.05379490951339236,42390.86456723374,53794.909513392355
2021-06-28,0.0124682212033304,0.042601436548415514,0.05406212983997389,42601.43654841551,54062.12983997389
2021-06-29,0.0114345901658541,0.04324071787173789,0.05487339144770035,43240.717871737885,54873.39144770035
2021-06-30,0.0046105821521523,0.04385428076188844,0.05565201581626151,43854.28076188844,55652.01581626151
2021-07-01,0.0022608523905566,0.04458328685201349,0.056577140063038545,44583.28685201349,56577.14006303855
2021-07-02,0.0194070131246279,0.045241940362902945,0.057412985389164874,45241.94036290295,57412.985389164875
2021-07-06,0.0146110522004506,0.04603899376131803,0.058424463118690206,46038.99376131803,58424.463118690204
2021-07-07,0.0177960997364604,0.04677235553867963,0.05935511482529026,46772.35553867963,59355.11482529026
2021-07-08,-0.0092422535984971,0.047027325214346646,0.059678676771270665,47027.325214346645,59678.676771270664
2021-07-09,0.0129706256274059,0.04727671415206617,0.059995156641998115,47276.71415206617,59995.15664199812
2021-07-12,-0.0042130419297333,0.03151950086880677,0.03999891756053891,31519.50086880677,39998.91756053891
2021-07-13,0.0078583472636669,0.032612608805913816,0.04138609480179992,32612.608805913816,41386.094801799925
2021-07-14,0.023814955647437,0.0333817891471081,0.04236220102837615,33381.7891471081,42362.20102837615
2021-07-15,-0.0045021893747323,0.03417993479549964,0.043375064846372414,34179.93479549964,43375.064846372414
2021-07-16,-0.0141761886992987,0.03484605619132689,0.044220387077454244,34846.05619132689,44220.387077454245
2021-07-19,-0.0272831835656116,0.03576345633494366,0.04538458738847088,35763.456334943665,45384.58738847088
2021-07-20,0.0256425446777868,0.03633769851610782,0.04611331294030538,36337.69851610782,46113.312940305375
2021-07-21,-0.00514503349347,0.03727276664211196,0.047299934297071265,37272.76664211196,47299.93429707127
2021-07-22,0.0095827784321717,0.03829020875867845,0.04859109000136221,38290.208758678455,48591.090001362216
2021-07-23,0.0119175718025619,0.039008905275523684,0.049503131180186476,39008.905275523684,49503.13118018647
2021-07-26,0.002890380387723,0.033668793935002536,0.04804009539600543,33668.79393500253,48040.095396005425
2021-07-27,-0.0150124990828399,0.03420271884456811,0.04880192261320099,34202.71884456811,48801.922613200986
2021-07-28,-0.0122707615015848,0.034640745500910314,0.04942691804360743,34640.745500910314,49426.91804360743
2021-07-29,0.0045416247698569,0.0351935082110862,0.050215623851705825,35193.508211086206,50215.62385170582
2021-07-30,0.0015094459213678,0.035536940786359536,0.05070564834471489,35536.94078635953,50705.648344714886
2021-08-02,-0.0023333306671248,0.03569810481497881,0.050935604170403846,35698.10481497881,50935.60417040384
2021-08-03,0.0125645407865379,0.03614109772917113,0.051567685672896546,36141.09772917113,51567.68567289654
2021-08-04,-0.0027860368625273,0.03625101205640144,0.05172451620195337,36251.012056401436,51724.51620195337
2021-08-05,0.0007482796546669,0.03679943495833118,0.05250702978342944,36799.43495833118,52507.02978342944
2021-08-06,-0.004778286335907,0.03700066428063142,0.052794152507766985,37000.66428063143,52794.15250776699
2021-08-09,-0.0003421050103182,0.03736911849785884,0.05331987896470026,37369.118497858835,53319.878964700256
2021-08-10,-0.0033594384022753,0.026129968851481743,0.03728337280934856,26129.968851481743,37283.37280934856
2021-08-11,0.0017836889368619,0.026804379020357136,0.03824565048734782,26804.379020357137,38245.65048734782
2021-08-12,0.0205606833432231,0.02748482855058411,0.03921654538804955,27484.82855058411,39216.54538804955
2021-08-13,0.0014093195962143,0.02822312456435603,0.04026997816026479,28223.12456435603,40269.97816026479
2021-08-16,0.0134570387717568,0.029142511177803275,0.04158179885396356,29142.511177803273,41581.79885396356
2021-08-17,-0.0061729955217085,0.029802526884723266,0.04252353788935964,29802.526884723266,42523.53788935964
2021-08-18,-0.0258319126788481,0.03038064370659073,0.043348420043622826,30380.64370659073,43348.42004362283
2021-08-19,0.0023204305654497,0.03114498412902912,0.044439014107664716,31144.984129029122,44439.01410766472
2021-08-20,0.0101056743310835,0.03152850306407394,0.04498623555733398,31528.50306407394,44986.235557333974
2021-08-23,0.0102046322373236,0.0319714299939405,0.04561822291052895,31971.429993940503,45618.22291052895
2021-08-24,-0.0006012454012668,0.03272350974835306,0.046691322921688615,32723.50974835306,46691.32292168862
2021-08-25,-0.0084571950990229,0.03307439345761372,0.04719197901582515,33074.39345761372,47191.97901582515
2021-08-26,-0.0055424086561794,0.03355709701890372,0.04788072139184044,33557.09701890372,47880.721391840445
2021-08-27,0.0071590523179889,0.03387981403271259,0.04834118802332185,33879.81403271259,48341.188023321854
2021-08-30,0.0299636619328927,0.03445438824299491,0.049161015425732944,34454.38824299491,49161.01542573294
2021-08-31,-0.0084602072112334,0.03459160834089518,0.04935680701262804,34591.60834089518,49356.80701262804
2021-09-01,0.004468652246466,0.034747216950065864,0.04957883612491019,34747.216950065864,49578.83612491019
2021-09-02,0.0074467289753396,0.035271417579034625,0.0503267883168099,35271.41757903463,50326.7883168099
2021-09-03,0.0042218683781887,0.03574206400200157,0.05099832704494996,35742.06400200157,50998.32704494996
2021-09-07,0.0153703539478146,0.03294065764284266,0.04171546297056338,32940.657642842656,41715.46297056338
2021-09-08,-0.0101347139737463,0.033318500481739115,0.042193956421592044,33318.50048173912,42193.95642159205
2021-09-09,-0.0067275855758869,0.024962037848319806,0.027269558461540718,24962.037848319807,27269.558461540717
2021-09-10,-0.0336621062485289,0.02549114616922817,0.027847578188021877,25491.14616922817,27847.57818802188
2021-09-13,0.0038857697281943,0.026897153251059337,0.03126171858594474,26897.153251059335,31261.718585944738
2021-09-14,-0.0096077996591862,0.027418635951148816,0.03186782159117612,27418.635951148815,31867.821591176118
2021-09-15,0.0061247540466588,0.02781036460999376,0.03232311553922163,27810.36460999376,32323.11553922163
2021-09-16,-0.0016116603954367,0.02847349863206218,0.033093855438316805,28473.49863206218,33093.85543831681
2021-09-17,-0.0185184881475706,0.02903030654074254,0.0337410158268203,29030.30654074254,33741.0158268203
2021-09-20,-0.02159238156655,0.02960300878993434,0.034406649709360144,29603.00878993434,34406.64970936014
2021-09-21,0.0034219577634634,0.02990220552147553,0.034754396697153606,29902.20552147553,34754.39669715361
2021-09-22,0.0167316432807297,0.030357407418159604,0.035283463601041114,30357.407418159604,35283.46360104111
2021-09-23,0.0066968107457207,0.030991434137366998,0.03602037299389855,30991.434137367,36020.37299389855
2021-09-24,0.0006125601191645,0.031336882604154036,0.03642187692458746,31336.882604154034,36421.876924587465
2021-09-27,-0.0106058523696289,0.03181807219817545,0.03698114851494397,31818.07219817545,36981.14851494397
2021-09-28,-0.0240894270764978,0.03236889460373742,0.037621352140687646,32368.894603737423,37621.352140687646
2021-09-29,0.0064620720400344,0.03256884172170829,0.03785374441193404,32568.84172170829,37853.744411934036
2021-09-30,-0.0093550128745854,0.03276143562009111,0.03807759026641592,32761.43562009111,38077.59026641592
2021-10-01,0.0080940735953238,0.033141386399596906,0.03851919515428459,33141.38639959691,38519.19515428459
2021-10-04,-0.0249134103863523,0.03338799434139369,0.038805819839267064,33387.994341393685,38805.81983926707
2021-10-05,0.0140593536955188,0.03388841316898439,0.03938744096538504,33888.413168984385,39387.44096538504
2021-10-06,0.0062872652700137,0.03408577217225968,0.03961682515200157,34085.772172259676,39616.82515200157
2021-10-07,0.0090433381181438,0.034452553782727664,0.04004312392726316,34452.553782727664,40043.123927263165
2021-10-08,-0.0027255679069584,0.03143051571695307,0.0365307037582426,31430.515716953072,36530.7037582426
2021-10-11,-0.0006297978388675,0.03192313721242623,0.03710326228951625,31923.137212426227,37103.26228951625
2021-10-12,-0.0091447812389998,0.03230443657351187,0.03754643459150662,32304.43657351187,37546.434591506615
2021-10-13,-0.004249082832913,0.03293073223720695,0.03827435842074167,32930.732237206954,38274.35842074167
2021-10-14,0.0200240092547349,0.033505427650476635,0.03894230889544712,33505.42765047664,38942.308895447124
2021-10-15,0.0074844190913057,0.03407399048901202,0.03960313167066103,34073.990489012016,39603.13167066103
2021-10-18,0.0117370082389148,0.034525685779962643,0.040128122956559986,34525.685779962645,40128.122956559986
2021-10-19,0.0149675719160889,0.03471332429596497,0.04034620932534395,34713.32429596497,40346.209325343945
2021-10-20,0.0033553229325773,0.03495431955361673,0.040626310563379606,34954.31955361673,40626.31056337961
2021-10-21,0.0014729628329105,0.03521679119860425,0.04093137313360035,35216.791198604245,40931.373133600355
2021-10-22,-0.0052990168677029,0.03565903010362771,0.04144537355838714,35659.03010362771,41445.373558387146
2021-10-25,-0.0003362370168279,0.036076127458449264,0.041930152747012235,36076.127458449264,41930.15274701224
2021-10-26,0.0045645469567104,0.03632199882898133,0.042215921338289136,36321.99882898133,42215.92133828914
2021-10-27,-0.0031527535573233,0.03663401261629031,0.042578565188467,36634.01261629031,42578.565188467
2021-10-28,0.0246844577039164,0.036979351405489094,0.042979941644331075,36979.35140548909,42979.94164433108
2021-10-29,-0.0183222860756497,0.037212952779714474,0.04325144920329687,37212.95277971448,43251.44920329687
2021-11-01,-0.0056236003961567,0.03739684646765926,0.04346518307574804,37396.84646765926,43465.183075748035
2021-11-02,0.0070911526675828,0.036601238451178617,0.04130563652893247,36601.238451178615,41305.63652893247
2021-11-03,0.0097507621022326,0.03688740510299746,0.04162858450028315,36887.405102997465,41628.58450028315
2021-11-04,-0.0035045250665301,0.03680036881353877,0.04153036133928265,36800.36881353877,41530.36133928265
2021-11-05,0.0035757161280995,0.037099650848724595,0.04186811042888011,37099.650848724596,41868.110428880114
2021-11-08,-0.0055680749746624,0.022679698797393188,0.025594745826985076,22679.698797393186,25594.745826985076
2021-11-09,0.0024564270330593,0.023425222174126143,0.02643609215640586,23425.222174126142,26436.09215640586
2021-11-10,-0.0193490196459257,0.024161522961771695,0.02726703050705816,24161.522961771694,27267.03050705816
2021-11-11,-0.0003381281998205,0.02477179790227569,0.027955744767609692,24771.797902275688,27955.744767609693
2021-11-12,0.0142350841192774,0.02548943838680448,0.0287656243855339,25489.43838680448,28765.6243855339
2021-11-15,6.669966273362783e-05,0.02600251625220995,0.029344648722312766,26002.51625220995,29344.648722312766
2021-11-16,0.0066446019801653,0.026647573019686427,0.0300726153569241,26647.573019686428,30072.6153569241
2021-11-17,0.0163556453841765,0.027048123662684123,0.030524649221656902,27048.123662684124,30524.649221656902
2021-11-18,0.0281363425890376,0.027540835778413788,0.031080690176196663,27540.835778413788,31080.690176196662
2021-11-19,0.016833536356268,0.028198258086118425,0.031822611707739416,28198.258086118425,31822.611707739416
2021-11-22,0.0029230536609201,0.028514907863708985,0.03217996083508026,28514.907863708984,32179.960835080263
2021-11-23,0.0024191827688147,0.028942983236503787,0.03266305721388817,28942.983236503787,32663.057213888173
2021-11-24,0.0032782496000889,0.02931557498202605,0.03308353859281068,29315.57498202605,33083.53859281068
2021-11-26,-0.0321909857868339,0.02952416311204926,0.03331893678827013,29524.16311204926,33318.93678827013
2021-11-29,0.0216377542411024,0.03083544861387444,0.03450783199613377,30835.44861387444,34507.83199613377
2021-11-30,0.0310891856613739,0.03150137684098359,0.035253069714913904,31501.376840983594,35253.0697149139
2021-12-01,-0.0032113176038333,0.03184016540288759,0.03563220669205957,31840.16540288759,35632.20669205957
2021-12-02,-0.0061488942825623,0.03189205888416648,0.035690280487452986,31892.058884166476,35690.28048745298
2021-12-03,-0.0117936343863798,0.03229893978812249,0.03614561934280636,32298.93978812249,36145.619342806356
2021-12-06,0.021274792537234,0.03245488715358707,0.03632013943995422,32454.887153587068,36320.13943995422
2021-12-07,0.034832860753431,0.032848135854798996,0.03676022254962603,32848.135854798995,36760.22254962603
2021-12-08,0.0225274962316968,0.03762634901893104,0.042107502531646225,37626.34901893104,42107.50253164623
2021-12-09,-0.0029747024212418,0.038078340357373765,0.04261332430080547,38078.34035737377,42613.32430080547
2021-12-10,0.0276282375073712,0.03865615176475071,0.04325995082539061,38656.151764750706,43259.95082539061
2021-12-13,-0.0208911383059175,0.03899917673917332,0.043643828755498874,38999.17673917332,43643.82875549887
2021-12-14,-0.0080555488722344,0.039365947299263813,0.04405428027923755,39365.94729926381,44054.28027923755
2021-12-15,0.0281105864077173,0.03967733853491518,0.044402757013903595,39677.33853491518,44402.757013903596
2021-12-16,-0.0400556979625137,0.040082292864568464,0.04485593984736155,40082.292864568466,44855.93984736155
2021-12-17,-0.0065230399232255,0.04058241805395827,0.045105419817669544,40582.418053958274,45105.41981766954
2021-12-20,-0.008155087049403,0.04064267505838909,0.04517239260076475,40642.67505838909,45172.392600764746
2021-12-21,0.0189070063369623,0.04095306293173967,0.04551737390067589,40953.06293173967,45517.37390067589
2021-12-22,0.0152026004404256,0.040890522381455775,0.045447863065406484,40890.522381455776,45447.863065406484
2021-12-23,0.0036370995096299,0.04105672489860332,0.045632589226886705,41056.72489860332,45632.5892268867
2021-12-27,0.0227148496164176,0.04111284495357312,0.045694963988199284,41112.84495357312,45694.963988199284
2021-12-28,-0.0057837918650663,0.041513640186868456,0.04614042875165105,41513.640186868455,46140.42875165105
2021-12-29,0.0005019986928825,0.04136428641439709,0.04597442916533472,41364.286414397095,45974.429165334725
2021-12-30,-0.0066001988508155,0.04116352106565017,0.04575128806694007,41163.521065650166,45751.28806694007
2021-12-31,-0.0035412342941102,0.04134501024449338,0.0459530046229423,41345.01024449338,45953.0046229423
2022-01-03,0.0246964114367887,0.041260003428019686,0.04585852360558864,41260.003428019685,45858.52360558864
2022-01-04,-0.0127727787816019,0.041347668669125974,0.04595595933497912,41347.668669125975,45955.95933497912
2022-01-05,-0.0269600117811973,0.04195311363506956,0.046628882504048785,41953.11363506956,46628.882504048786
2022-01-06,-0.0168344634020884,0.04206972472078272,0.04675849015752801,42069.724720782724,46758.49015752801
2022-01-07,0.0009879773323076,0.042325024544914255,0.04704224372123925,42325.02454491425,47042.243721239254
2022-01-10,0.0001162111363666,0.042560782766753,0.04730427772713227,42560.782766753,47304.27772713227
2022-01-11,0.0166447150925465,0.042831157607878714,0.047604786452386055,42831.15760787871,47604.786452386055
2022-01-12,0.0025668942257813,0.043058182565924225,0.047857113852594606,43058.182565924224,47857.11385259461
2022-01-13,-0.0192116093183278,0.043336963090714324,0.048166965093861897,43336.96309071432,48166.965093861894
2022-01-14,0.0050976212051212,0.04372862051505555,0.04860227361900029,43728.62051505555,48602.27361900029
2022-01-18,-0.0190748372159404,0.04373718428222889,0.048611791837285374,43737.18428222889,48611.791837285375
2022-01-19,-0.0212487695858228,0.043632880799421625,0.04849586349673624,43632.880799421626,48495.863496736245
2022-01-20,-0.0104011890074097,0.0435835688223378,0.04844105558890167,43583.568822337795,48441.05558890167
2022-01-21,-0.0128472714309326,0.04365169287403958,0.04851677221937953,43651.69287403958,48516.77221937953
2022-01-24,-0.0048761364277099,0.044011800852735934,0.04891701504219986,44011.800852735934,48917.01504219986
2022-01-25,-0.0114499749981918,0.04362758186281427,0.04848997398172646,43627.58186281427,48489.97398172646
2022-01-26,-0.0005635955905368,0.04343812965601738,0.04827940690039592,43438.12965601738,48279.40690039592
2022-01-27,-0.0029475327512252,0.04347295548069992,0.048318114141564096,43472.955480699915,48318.114141564096
2022-01-28,0.0674508980306716,0.04314385813507502,0.04795233815661528,43143.85813507502,47952.33815661528
2022-01-31,0.025790453131785,0.04310841310377587,0.04791294269686044,43108.41310377587,47912.94269686044
2022-02-01,-0.0009732164353733,0.04299312598164231,0.04778480656567941,42993.12598164231,47784.80656567941
2022-02-02,0.0070195197882965,0.04325190048555282,0.048072422070045716,43251.900485552826,48072.422070045715
2022-02-03,-0.0168611845714418,0.04309238866094948,0.04789513229384138,43092.38866094948,47895.13229384138
2022-02-04,-0.0016808103863905,0.04306777058731209,0.04786777048053001,43067.770587312094,47867.77048053001
2022-02-07,-0.0042433946660972,0.04294329680591348,0.04772942381624765,42943.29680591348,47729.423816247654
2022-02-08,0.0182982952470063,0.03487280550807212,0.03875945811238104,34872.80550807212,38759.45811238104
2022-02-09,0.0082593473220641,0.03498682898618555,0.03888618976357389,34986.828986185545,38886.18976357389
2022-02-10,-0.0238815965573174,0.03525142187454333,0.0391802721244199,35251.42187454333,39180.2721244199
2022-02-11,-0.0204254450767711,0.035684843125036565,0.03966199914806358,35684.84312503657,39661.99914806358
2022-02-14,0.0014220924739278,0.03588755442358564,0.03988730307674234,35887.55442358564,39887.30307674234
2022-02-15,0.0228884403153846,0.03631700410707458,0.040364615893306866,36317.00410707458,40364.615893306865
2022-02-16,-0.0013898902991155,0.036729697133913254,0.04082330448615102,36729.69713391325,40823.30448615102
2022-02-17,-0.021498550016269,0.037028771916696714,0.0411557118261077,37028.771916696714,41155.7118261077
2022-02-18,-0.0093999580606336,0.03722452204771258,0.041373278749475724,37224.52204771258,41373.27874947572
2022-02-22,-0.0179727565498001,0.0372129703605979,0.04136043960085187,37212.970360597894,41360.43960085187
2022-02-23,-0.0262046004287042,0.03735967118106079,0.04152349055769178,37359.67118106079,41523.49055769178
2022-02-24,0.0165427134630847,0.03752398865521476,0.041706121583897256,37523.98865521476,41706.12158389726
2022-02-25,0.0128819599371697,0.03788098425555268,0.04210290514679125,37880.984255552685,42102.90514679125
2022-02-28,0.0016365077932699,0.03798250919969068,0.042215745274287376,37982.50919969068,42215.74527428738
2022-03-01,-0.0116960464269938,0.037992645702369286,0.04222701151298694,37992.645702369286,42227.01151298694
2022-03-02,0.0203792674851795,0.03822280819734254,0.042482826135670275,38222.80819734254,42482.82613567027
2022-03-03,-0.0019830291187759,0.03822169325085514,0.04248158692588929,38221.69325085514,42481.58692588929
2022-03-04,-0.0185799296299552,0.03823079839122523,0.042491706854631474,38230.79839122523,42491.70685463148
2022-03-07,-0.0240033404434342,0.03822338923679779,0.042483471933279594,38223.38923679779,42483.471933279594
2022-03-08,-0.0117449984856764,0.03774616637940687,0.04236744584984884,37746.16637940687,42367.44584984884
2022-03-09,0.0343992810430197,0.03796768946261934,0.04261609009992073,37967.68946261934,42616.09009992073
2022-03-10,-0.0275626715578932,0.03831337050147427,0.04300409301782754,38313.37050147427,43004.09301782754
2022-03-11,-0.0241992752572641,0.038283193493418695,0.04297022142562784,38283.193493418694,42970.22142562784
2022-03-14,-0.026921353720218,0.03812031353381136,0.04278740000214006,38120.31353381136,42787.400002140064
2022-03-15,0.029245009524902,0.038055444219870525,0.04271458871004541,38055.44421987052,42714.588710045406
2022-03-16,0.0286027107876907,0.037903053261904206,0.04254354046120477,37903.053261904206,42543.540461204764
2022-03-17,0.0064333378393751,0.037755279720929416,0.04237767494171441,37755.279720929415,42377.67494171441
2022-03-18,0.0207031516047949,0.037650636952446165,0.04226022071384052,37650.63695244616,42260.22071384052
2022-03-21,0.0085013987024289,0.03743649420506284,0.04201986037730446,37436.494205062845,42019.86037730446
2022-03-22,0.0205872879300426,0.037378112407439816,0.04195433087095544,37378.11240743982,41954.33087095544
2022-03-23,0.0081997852290392,0.03721573577050214,0.041772074392149396,37215.73577050214,41772.07439214939
2022-03-24,0.0224246445290211,0.03705941727688286,0.041596617757767636,37059.41727688286,41596.617757767635
2022-03-25,0.0037271897838824,0.03693408980582832,0.04145594639024305,36934.08980582832,41455.94639024304
2022-03-28,0.0050240052278313,0.03688067471714167,0.04139599166915298,36880.674717141665,41395.99166915298
2022-03-29,0.0189534681636044,0.036853964885820864,0.04136601174163484,36853.96488582087,41366.01174163484
2022-03-30,-0.0066716547891836,0.03693211801141511,0.04145373318818727,36932.118011415114,41453.733188187274
2022-03-31,-0.0179356200276864,0.0368661198684743,0.041379654864070074,36866.1198684743,41379.65486407007
2022-04-01,-0.0017198053518384,0.03675239251328148,0.04125200381960779,36752.392513281484,41252.00381960779
2022-04-04,0.0234171790459598,0.036698942641942914,0.0411920100574107,36698.942641942915,41192.010057410705
2022-04-05,-0.0191235549003472,0.03667712215426435,0.041167518077990954,36677.122154264354,41167.51807799096
2022-04-06,-0.0186233248718392,0.03665056416084584,0.041137708577955116,36650.56416084584,41137.70857795512
2022-04-07,0.001802471115378,0.036564457113215924,0.041041059407253076,36564.457113215925,41041.05940725307
2022-04-08,-0.0119802354371001,0.03512515656615289,0.03942554467189126,35125.156566152895,39425.54467189126
2022-04-11,-0.0258471814348019,0.03511974103577925,0.03941946611579242,35119.741035779254,39419.46611579242
2022-04-12,0.01145763776854,0.03515204956898273,0.039455730196685496,35152.04956898273,39455.730196685494
2022-04-13,0.0162105282828184,0.03514132941010792,0.039443697564124476,35141.329410107915,39443.69756412448
2022-04-14,-0.0304473879455807,0.035221342351887765,0.03953350652496227,35221.34235188777,39533.50652496227
2022-04-18,-0.0013316492848358,0.035218007539350615,0.0395297634298843,35218.00753935061,39529.7634298843
2022-04-19,0.0140164113763386,0.03522407670059673,0.039536575641165944,35224.076700596735,39536.575641165946
2022-04-20,-0.0010159685874282,0.03520686269046729,0.0395172541123334,35206.86269046729,39517.2541123334
2022-04-21,-0.004855381579462,0.035257469618235344,0.03957405686814942,35257.469618235344,39574.05686814942
2022-04-22,-0.0282157067188821,0.03525000573407783,0.03956567917742728,35250.00573407783,39565.67917742728
2022-04-25,0.0067146572100353,0.03523163797934688,0.0395450626505428,35231.63797934688,39545.0626505428
2022-04-26,-0.0380423801358786,0.03524901375583886,0.0395645657508636,35249.01375583886,39564.56575086361
2022-04-27,-0.0014682147336879,0.036512791328782615,0.040413044793896014,36512.791328782616,40413.04479389601
2022-04-28,0.0441657966298294,0.03653489509921508,0.040437509663112874,36534.89509921508,40437.509663112876
2022-04-29,-0.037291329171228,0.036508978837177165,0.040408825056417165,36508.978837177165,40408.82505641717
2022-05-02,0.0019641405571537,0.03745950381452754,0.04044238134654068,37459.50381452754,40442.38134654068
2022-05-03,0.0095767732684034,0.037481125835839756,0.040465725116274553,37481.12583583975,40465.72511627455
2022-05-04,0.0401898898297147,0.03750288174306339,0.04048921343317363,37502.88174306339,40489.21343317363
2022-05-05,-0.0573286436324341,0.0375460900377506,0.04053586237811765,37546.0900377506,40535.86237811765
2022-05-06,0.0047159625688202,0.03793102167115697,0.047098059274505104,37931.021671156974,47098.0592745051
2022-05-09,-0.0337525089575233,0.03790242573105746,0.047062552366900746,37902.42573105746,47062.552366900745
2022-05-10,0.0159837976312454,0.04811831025688062,0.05974737639062556,48118.31025688062,59747.376390625555
2022-05-11,-0.0532333987230222,0.04812177424327134,0.05975167754121863,48121.77424327134,59751.677541218625
2022-05-12,-0.0272624155762889,0.05077184520046868,0.061343818622427014,50771.84520046868,61343.81862242702
2022-05-13,0.0314173555961778,0.05075790104975332,0.06132697094929342,50757.90104975332,61326.97094929342
2022-05-16,-0.0107294638570771,0.050736335281326796,0.0613009146462068,50736.33528132679,61300.9146462068
2022-05-17,0.0251047517819036,0.05071121256932877,0.061270560754556315,50711.21256932877,61270.56075455632
2022-05-18,-0.0580730640477627,0.050689140727005304,0.06124389300027622,50689.1407270053,61243.89300027621
2022-05-19,-0.0249502126110973,0.055236542794260324,0.06258429615538184,55236.54279426033,62584.296155381846
2022-05-20,0.0017458230908731,0.05515441540381658,0.06249124389928492,55154.41540381658,62491.24389928492
2022-05-23,0.0393353604547285,0.05506645633326295,0.06239158421309521,55066.456333262955,62391.58421309521
2022-05-24,-0.0194029764213293,0.05492440644222635,0.06223063836095186,54924.40644222635,62230.63836095187
2022-05-25,0.0011395636246151,0.05498931069761607,0.062304176401813405,54989.31069761607,62304.176401813405
2022-05-26,0.0229344147585619,0.05489923763544099,0.0622021215136249,54899.237635440986,62202.1215136249
2022-05-27,0.0399478021541271,0.05479007701210528,0.06207843997177328,54790.077012105285,62078.43997177328
2022-05-31,-0.0053606060210599,0.05475567444243002,0.06203946105491596,54755.67444243002,62039.461054915955
2022-06-01,-0.0008739054833151,0.054554108338208555,0.06181108193987125,54554.108338208556,61811.08193987125
2022-06-02,0.0166719381089792,0.05454277462356708,0.06179824057584337,54542.774623567086,61798.24057584337
2022-06-03,-0.0393185903807688,0.05425936755089684,0.06147713372752759,54259.36755089684,61477.13372752759
2022-06-06,0.0052139341569181,0.05411274148285973,0.061311002959707574,54112.74148285973,61311.00295970758
2022-06-07,0.0174327181148715,0.05401774156001452,0.061203365823034706,54017.741560014525,61203.36582303471
2022-06-08,-0.0050554269552197,0.05387075724211063,0.061036829149728467,53870.75724211063,61036.829149728466
2022-06-09,-0.0366183740219043,0.05554436176911586,0.06293306226039243,55544.361769115865,62933.06226039243
2022-06-10,-0.0393947989772462,0.05543579115404694,0.06281004921172002,55435.79115404694,62810.04921172003
2022-06-13,-0.0390367184446949,0.05529322222617617,0.06264851527869215,55293.22222617617,62648.51527869215
2022-06-14,0.0066504798896958,0.05533525191636513,0.0626961359016537,55335.25191636513,62696.135901653695
2022-06-15,0.0199118406419385,0.055239945979603765,0.06258815204404956,55239.94597960376,62588.152044049566
2022-06-16,-0.0404588212297758,0.05519149969936177,0.06253326127433602,55191.49969936177,62533.26127433602
2022-06-17,0.0114669642958576,0.0549993208527583,0.062315518141942146,54999.3208527583,62315.51814194214
2022-06-21,0.0322358023432602,0.05484378747842898,0.062139295187559805,54843.78747842898,62139.29518755981
2022-06-22,-0.003834520019257,0.054617043156580794,0.06188238856248454,54617.043156580796,61882.38856248454
2022-06-23,0.02134402413375,0.054483097644726905,0.061730625161690755,54483.097644726906,61730.625161690754
2022-06-24,0.0242216365655116,0.054521980396811096,0.06177468023010511,54521.980396811094,61774.68023010511
2022-06-27,0.0,0.0545024888510557,0.06175259585243822,54502.4888510557,61752.595852438215
2022-06-28,-0.0302424243986785,0.05455250824374197,0.06180926899538002,54552.50824374197,61809.26899538002
2022-06-29,0.012939795211171,0.05451027298390314,0.06176141545719247,54510.27298390314,61761.415457192474
2022-06-30,-0.0181921754760491,0.05429250195062338,0.06151467577814327,54292.50195062338,61514.67577814327
2022-07-01,0.0160351307902749,0.05420175451454101,0.06141185680852971,54201.75451454101,61411.85680852971
2022-07-05,0.0187536884164081,0.054075689796017415,0.06126902253108024,54075.68979601742,61269.02253108024
2022-07-06,0.0095611594008662,0.054015243667003235,0.06120053565177353,54015.24366700323,61200.535651773534
2022-07-07,0.0237159956918937,0.053825201107974945,0.06098521298321599,53825.20110797494,60985.21298321599
2022-07-08,0.0047036500841903,0.053871794850620006,0.06103800478446155,53871.794850620005,61038.004784461555
2022-07-11,-0.0148680310850221,0.053879925547788705,0.06104721705470537,53879.925547788705,61047.217054705376
2022-07-12,0.0068103793056108,0.05230648607403387,0.05926447329438674,52306.48607403387,59264.47329438674
2022-07-13,-0.0025397809162159,0.05216584237773997,0.05910512069380797,52165.842377739966,59105.12069380797
2022-07-14,0.0202755628845907,0.052106918486398875,0.05903835854542274,52106.91848639888,59038.35854542274
2022-07-15,0.0113852007728488,0.052118775483901716,0.05905179280118337,52118.775483901714,59051.79280118337
2022-07-18,-0.0208592610362481,0.05210122638521441,0.059031909261520195,52101.22638521441,59031.909261520195
2022-07-19,0.0263710667246616,0.05201781170163397,0.05893739847216196,52017.81170163397,58937.398472161956
2022-07-20,0.0134196434221757,0.051967810501716734,0.05888074594205339,51967.81050171673,58880.74594205339
2022-07-21,0.014981310504105,0.05181519383424197,0.05870782768482169,51815.19383424197,58707.82768482169
2022-07-22,-0.0081440547423886,0.05166640429753772,0.05853924565635179,51666.40429753772,58539.24565635179
2022-07-25,-0.0074255948734131,0.051628541743332,0.058496346496018085,51628.541743332,58496.346496018086
2022-07-26,-0.008865748694949,0.05156577624370047,0.058425231715502034,51565.77624370047,58425.231715502036
2022-07-27,0.0336618245531245,0.05157937835663486,0.05844064322790236,51579.378356634865,58440.64322790236
2022-07-28,0.003565398960423,0.05143610845603315,0.058278315076359506,51436.10845603315,58278.315076359504
2022-07-29,0.0322668225360489,0.051511578126952874,0.05836382398036861,51511.578126952874,58363.82398036861
2022-08-01,-0.0061722559644155,0.051476871494092434,0.05832450055280392,51476.87149409243,58324.500552803926
2022-08-02,-0.0093307976824058,0.051263984302686,0.05808329438093517,51263.984302685996,58083.29438093517
2022-08-03,0.037534446056314,0.05124633604892036,0.05806329849624688,51246.336048920355,58063.29849624688
2022-08-04,-0.0019282641478945,0.051232424213652906,0.05804753606119214,51232.42421365291,58047.536061192135
2022-08-05,-0.0013900996124802,0.05106584841545344,0.05785880178204537,51065.84841545344,57858.80178204537
2022-08-08,-0.0029071488736479,0.05100886393372405,0.057794237030154634,51008.86393372405,57794.23703015463
2022-08-09,0.0003033384883916,0.05089335447415623,0.05766336210821634,50893.35447415623,57663.362108216344
2022-08-10,0.0258573543226602,0.03813517489472674,0.04320804595679476,38135.17489472674,43208.04595679476
2022-08-11,-0.0044412710123975,0.038308461880361,0.043404384168424015,38308.461880361,43404.38416842402
2022-08-12,0.0211991755947082,0.03831743585359783,0.043414551890195385,38317.43585359783,43414.551890195384
2022-08-15,0.006313665704926,0.03843535440257014,0.04354815636682933,38435.35440257014,43548.15636682933
2022-08-16,-0.0009244753053766,0.03847681303739556,0.04359512997069473,38476.81303739556,43595.12997069473
2022-08-17,0.0087462398638226,0.03852057163288322,0.043644709483835954,38520.57163288322,43644.709483835955
2022-08-18,-0.0022943954574681,0.038662054700660045,0.0438050131119558,38662.05470066005,43805.0131119558
2022-08-19,-0.0152168941045038,0.03863939340921024,0.043779337338208685,38639.39340921024,43779.33733820869
2022-08-22,-0.0232988466686435,0.03867577521409234,0.04382055877489216,38675.77521409233,43820.55877489216
2022-08-23,-0.0020311489015074,0.038750043272872584,0.04390470622421572,38750.04327287259,43904.70622421572
2022-08-24,0.001792267784267,0.03889595722102981,0.04407003014354003,38895.95722102981,44070.03014354003
2022-08-25,0.0148128317635,0.0388417589292851,0.0440086222101308,38841.7589292851,44008.6222101308
2022-08-26,-0.0384285140886124,0.03887168536588438,0.044042529563420106,38871.68536588438,44042.5295634201
2022-08-29,-0.0137845810721569,0.03950829571881699,0.04406121103688878,39508.29571881699,44061.21103688878
2022-08-30,-0.0154238440212206,0.03948094493761343,0.04403070836597605,39480.94493761343,44030.70836597605
2022-08-31,-0.0106920938890878,0.039594700071361455,0.044157572581792225,39594.700071361454,44157.57258179222
2022-09-01,0.0046960031273307,0.03974531766409903,0.0443255472670763,39745.31766409903,44325.5472670763
2022-09-02,-0.0137047728968674,0.03990752146418276,0.04450644334817631,39907.52146418276,44506.443348176304
2022-09-06,-0.0082491139117586,0.03994107325318309,0.0445438616277784,39941.073253183094,44543.8616277784
2022-09-07,0.009211328663172,0.03999816976790407,0.044607537914968735,39998.169767904066,44607.537914968736
2022-09-08,-0.0096642680027002,0.04012672513492682,0.04475090793519506,40126.72513492682,44750.90793519506
2022-09-09,0.0186645112133754,0.04179443897946938,0.046610808250220105,41794.43897946938,46610.80825022011
2022-09-12,0.0377850956000541,0.041809305802410324,0.04662738831805474,41809.30580241032,46627.38831805474
2022-09-13,-0.0604717651842725,0.04001112017909825,0.04584286081452408,40011.120179098245,45842.86081452408
2022-09-14,0.0095100925225755,0.04186481582862262,0.05248900454567659,41864.815828622624,52489.004545676595
2022-09-15,-0.0191114959751301,0.041898729863988016,0.05253152507087711,41898.72986398802,52531.52507087711
2022-09-16,-0.0110206306927652,0.04193728835618907,0.05257986869385398,41937.28835618907,52579.86869385398
2022-09-19,0.0247735959434011,0.04195002704375634,0.052595840125147564,41950.02704375634,52595.840125147566
2022-09-20,0.0155439191150944,0.04201617446812406,0.05267877402535948,42016.17446812406,52678.77402535948
2022-09-21,-0.0204756884855311,0.042105997744694784,0.05279139208610837,42105.99774469478,52791.39208610837
2022-09-22,-0.0063957535713927,0.042145128186781906,0.05284045280480335,42145.128186781905,52840.45280480335
2022-09-23,-0.0152391538270912,0.04217595159896637,0.052879098387979606,42175.95159896637,52879.098387979604
2022-09-26,0.0022576278291439,0.042302897334843687,0.05303825961144695,42302.897334843685,53038.259611446956
2022-09-27,0.0065446033140698,0.04220341962228719,0.052913537072885077,42203.41962228719,52913.537072885076
2022-09-28,-0.0127320348686129,0.04215988823325456,0.05285895856270681,42159.88823325456,52858.95856270681
2022-09-29,-0.0503666693741687,0.042214067450557564,0.052926887039806525,42214.067450557566,52926.88703980653
2022-09-30,-0.0304996017888166,0.046788395119409146,0.05518676898748701,46788.39511940914,55186.76898748701
2022-10-03,0.0302891400962953,0.0468543773191301,0.05526459479031683,46854.3773191301,55264.594790316834
2022-10-04,0.0253002838779771,0.0468802012304738,0.05529505401478992,46880.2012304738,55295.05401478992
2022-10-05,0.0020513183063931,0.04686896082068183,0.05528179598580794,46868.96082068183,55281.795985807934
2022-10-06,-0.0066475714417564,0.04675542398970285,0.05514787964080791,46755.42398970285,55147.87964080791
2022-10-07,-0.0374101409287347,0.04669200838853904,0.055073081133128865,46692.00838853904,55073.081133128864
2022-10-10,0.0023529991078842,0.06265250391554546,0.07389843680790255,62652.50391554546,73898.43680790254
2022-10-11,-0.0103078721505288,0.06215639451754425,0.0733132772898182,62156.39451754425,73313.27728981819
2022-10-12,-0.0046154177287739,0.06164367337752696,0.07270852427281639,61643.67337752696,72708.52427281639
2022-10-13,0.0330597989770512,0.06118180418733581,0.07216375097515432,61181.804187335816,72163.75097515431
2022-10-14,-0.032771082519657,0.06070971780468507,0.0716069265302253,60709.717804685075,71606.92653022529
2022-10-17,0.0287068908442587,0.06023455231716291,0.07104647029051481,60234.55231716291,71046.4702905148
2022-10-18,0.0093656054954187,0.059858020138399665,0.07060235173691343,59858.02013839967,70602.35173691342
2022-10-19,0.0007647182002526,0.059241769299236656,0.06987548575631204,59241.76929923666,69875.48575631205
2022-10-20,-0.0032723369896913,0.05867250360338473,0.06920403860858867,58672.503603384735,69204.03860858867
2022-10-21,0.0266994515904909,0.05850232078247034,0.06900330849165537,58502.32078247034,69003.30849165536
2022-10-24,0.0146943032491733,0.058148532162417985,0.06858601589601487,58148.532162417985,68586.01589601487
2022-10-25,0.0191527966539645,0.05764558055313417,0.06799278601064279,57645.580553134176,67992.7860106428
2022-10-26,-0.0198222910359455,0.057173177900447895,0.06743558852617386,57173.177900447896,67435.58852617386
2022-10-27,-0.0309388778725965,0.056855530789352106,0.0670609247298447,56855.53078935211,67060.9247298447
2022-10-28,0.0728343684217643,0.05637571944346095,0.06649498871439274,56375.719443460956,66494.98871439275
2022-10-31,-0.0155303402551601,0.055996872752096034,0.06604814020025432,55996.87275209603,66048.14020025432
2022-11-01,-0.0176984512102179,0.055724642724508146,0.06572704571505968,55724.64272450814,65727.04571505968
2022-11-02,-0.0380184584836462,0.055346582320449755,0.06528112462439523,55346.58232044976,65281.12462439523
2022-11-03,-0.043330402173988,0.05492232498947557,0.06478071439968104,54922.32498947557,64780.71439968104
2022-11-04,-0.001949425690444,0.05470022308641237,0.06451874588409616,54700.22308641237,64518.74588409616
2022-11-07,0.0038949468102236,0.054474215752593966,0.06425217092487641,54474.21575259397,64252.17092487641
2022-11-08,0.0041665375366945,0.06553766347933476,0.07730147369199582,65537.66347933476,77301.47369199582
2022-11-09,-0.0337535004665689,0.0648374314469207,0.07647555215072793,64837.431446920695,76475.55215072793
2022-11-10,0.0852365607111954,0.06431323515907375,0.0758572642319464,64313.23515907375,75857.2642319464
2022-11-11,0.0190853813607168,0.06384083840708883,0.07530007370733666,63840.838407088835,75300.07370733666
2022-11-14,-0.0095312234771647,0.06341459980258635,0.07479732657655362,63414.599802586345,74797.32657655362
2022-11-15,0.011799611686368,0.06282838626223372,0.07410588949805981,62828.38626223372,74105.88949805981
2022-11-16,-0.0083656101841374,0.0623453268737759,0.07353612242633138,62345.3268737759,73536.12242633138
2022-11-17,0.0128876257100495,0.06185880197219004,0.07296226779246426,61858.80197219004,72962.26779246426
2022-11-18,0.0037747042719524,0.061445056597808426,0.07247425638841061,61445.05659780843,72474.2563884106
2022-11-21,-0.0219186180855408,0.06083891751965157,0.07175931719899924,60838.91751965157,71759.31719899924
2022-11-22,0.0145547630096294,0.060268876226551416,0.07108695523669296,60268.876226551416,71086.95523669297
2022-11-23,0.0059086666246537,0.060027783543855996,0.07080258715459632,60027.783543856,70802.58715459632
2022-11-25,-0.0197878420276602,0.05987438398176789,0.07062165284013368,59874.38398176789,70621.65284013368
2022-11-28,-0.0266154915916814,0.05946234457420949,0.07013565361873202,59462.34457420949,70135.65361873202
2022-11-29,-0.0213752999390418,0.059139795108624924,0.06975520751027232,59139.79510862492,69755.20751027232
2022-11-30,0.0474503369981468,0.058770210240010314,0.06931928328774982,58770.21024001031,69319.28328774981
2022-12-01,0.0018900527687076,0.05853982642471741,0.069047546282012,58539.82642471741,69047.546282012
2022-12-02,-0.0033773119173216,0.05834171870134436,0.0688138788280093,58341.71870134436,68813.8788280093
2022-12-05,-0.0080153760069787,0.05793268814541057,0.06833142853789927,57932.68814541057,68331.42853789926
2022-12-06,-0.0256973190953258,0.0577657036474002,0.06813447083305234,57765.703647400194,68134.47083305234
2022-12-07,-0.0138809835670757,0.05767606577447781,0.06802874323600883,57676.06577447781,68028.74323600883
2022-12-08,0.0120599987052708,0.05920345476174887,0.06983029387649217,59203.45476174887,69830.29387649217
2022-12-09,-0.003440706834354,0.05889457642902245,0.0694659728274391,58894.57642902245,69465.97282743911
2022-12-12,0.0162570612925466,0.058679526913502096,0.0692123225813983,58679.52691350209,69212.3225813983
2022-12-13,0.0067595324678895,0.05831382677716379,0.06878098038871808,58313.82677716379,68780.98038871808
2022-12-14,-0.0156576278323837,0.05807348013947228,0.0684974922644225,58073.480139472274,68497.4922644225
2022-12-15,-0.0479876120311641,0.0579684374820074,0.06837359477111137,57968.43748200739,68373.59477111137
2022-12-16,-0.0146861688115725,0.05753807523596479,0.0678659838177398,57538.07523596479,67865.98381773979
2022-12-19,-0.0160374598376045,0.05736226792957138,0.06765861963738086,57362.26792957138,67658.61963738086
2022-12-20,-0.0005288480885793,0.05690277519155402,0.06711664935779176,56902.77519155402,67116.64935779176
2022-12-21,0.0235303610238718,0.056656788572532486,0.06682650889276173,56656.78857253249,66826.50889276173
2022-12-22,-0.0240598410037314,0.05640721107478995,0.06653213299725942,56407.21107478995,66532.13299725942
2022-12-23,-0.0028021193806983,0.056182630694766575,0.06626724112567796,56182.63069476657,66267.24112567796
2022-12-27,-0.0139754598898651,0.05601063132286636,0.06606436839241099,56010.63132286636,66064.368392411
2022-12-28,-0.0311657331916559,0.0559676739571177,0.0660137003108529,55967.6739571177,66013.70031085289
2022-12-29,0.0279306316800296,0.055808103136972105,0.06582548701638011,55808.1031369721,65825.48701638011
2022-12-30,0.0024655406026774,0.055591101298096884,0.06556953401091148,55591.10129809688,65569.53401091148
2023-01-03,-0.0381220932531694,0.05541161841817504,0.06535783450281386,55411.618418175036,65357.834502813865
2023-01-04,0.0102614535652576,0.05518054949403108,0.06508528941328097,55180.54949403108,65085.28941328097
2023-01-05,-0.0106612334837667,0.055015198409276114,0.06489025831437462,55015.19840927611,64890.258314374616
2023-01-06,0.0361333137986088,0.05497623699761483,0.06484430344844493,54976.236997614826,64844.30344844492
2023-01-09,0.0040804307827538,0.054861303041688535,0.06470873919884128,54861.30304168854,64708.73919884128
2023-01-10,0.0044467320620061,0.057267922960212436,0.06754734003448241,57267.92296021244,67547.34003448242
2023-01-11,0.0208924774537342,0.05701303981135071,0.06724670613970708,57013.03981135071,67246.70613970708
2023-01-12,-0.0005995473109149,0.05690767394586395,0.06712242742352235,56907.67394586395,67122.42742352236
2023-01-13,0.01006820188451,0.05669142655369672,0.06686736428563905,56691.426553696714,66867.36428563905
2023-01-17,0.0087185499978735,0.05644483797605547,0.06657651381225757,56444.83797605547,66576.51381225757
2023-01-18,-0.0053847307482263,0.05635638543179549,0.06647218430674721,56356.38543179549,66472.18430674721
2023-01-19,0.0004437089018874,0.05621952937294689,0.06631076300377368,56219.52937294689,66310.76300377368
2023-01-20,0.0190383270991245,0.05604145594106173,0.06610072593532594,56041.45594106173,66100.72593532594
2023-01-23,0.0232286302184385,0.05599966529336958,0.06605143399414824,55999.66529336958,66051.43399414825
2023-01-24,0.010012662973259,0.05600146024391153,0.0660535511328244,56001.46024391153,66053.5511328244
2023-01-25,-0.0047119222462106,0.05579343530095485,0.06580818634864476,55793.43530095484,65808.18634864475
2023-01-26,0.0146952843948819,0.05576371389502343,0.06577313004122207,55763.71389502343,65773.13004122207
2023-01-27,0.0135913243364619,0.055648285365445235,0.06563698244350817,55648.285365445234,65636.98244350817
2023-01-30,-0.0202823287089907,0.05569311842044247,0.06568986289480001,55693.11842044247,65689.86289480001
2023-01-31,0.0089803663685367,0.05552063275401954,0.06548641657863033,55520.63275401954,65486.41657863033
2023-02-01,0.007869793817887,0.05529716707551602,0.06522283949408336,55297.167075516016,65222.83949408336
2023-02-02,0.0363920063690145,0.05517327818396459,0.06507671292528963,55173.27818396459,65076.712925289634
2023-02-03,0.0241069683560257,0.05501236225999876,0.06488691308497352,55012.36225999876,64886.913084973516
2023-02-06,-0.0180913608497302,0.05489841763257014,0.06475251574530798,54898.41763257014,64752.51574530798
2023-02-07,0.01906182988768,0.05470181441572632,0.06452062285215646,54701.81441572632,64520.622852156455
2023-02-08,-0.0178104943099341,0.054558197949361044,0.06435122766918701,54558.19794936104,64351.22766918701
2023-02-09,-0.006935385819918,0.04560766928908219,0.053794106480694125,45607.669289082194,53794.10648069412
2023-02-10,0.0024532732605536,0.04580709960167165,0.05402933392463377,45807.099601671645,54029.33392463377
2023-02-13,0.0186319905420484,0.04600794557065645,0.05426623113096334,46007.94557065645,54266.231130963344
2023-02-14,-0.0042339015870655,0.04625040134698785,0.05455220697783594,46250.40134698785,54552.206977835944
2023-02-15,0.0138075670334777,0.0463043147850833,0.0546157977132288,46304.314785083305,54615.7977132288
2023-02-16,-0.010484289451978,0.04640595055550229,0.0547356767936859,46405.95055550229,54735.676793685896
2023-02-17,-0.0075751813376327,0.04654308569723163,0.054897427274063965,46543.08569723163,54897.427274063964
2023-02-21,-0.0270418818036137,0.046613876576504655,0.05498092489972287,46613.876576504656,54980.92489972287
2023-02-22,0.002891568279799,0.04669850192414288,0.055080740238519554,46698.501924142874,55080.74023851955
2023-02-23,0.0032852876405888,0.046701660487081666,0.05508446575384851,46701.660487081666,55084.46575384851
2023-02-24,-0.0181694868568735,0.04677593362557169,0.055172070693606835,46775.93362557169,55172.07069360684
2023-02-27,0.0082137164582393,0.04686394158844508,0.055275875816731025,46863.94158844508,55275.87581673102
2023-02-28,-0.0034536893888656,0.046789581209482255,0.055188167977101764,46789.581209482254,55188.167977101766
2023-03-01,-0.0143485988350941,0.04685955080792073,0.0552706969045274,46859.55080792073,55270.6969045274
2023-03-02,0.0041207724048187,0.04685074554300615,0.05526031112148281,46850.74554300615,55260.31112148281
2023-03-03,0.0344883736509747,0.046910319478583234,0.055330578396348244,46910.31947858323,55330.578396348246
2023-03-06,0.0183697197970176,0.047109307821816444,0.05556528453878352,47109.307821816445,55565.28453878352
2023-03-07,-0.0146025528139387,0.04727966808472708,0.055766223948008876,47279.66808472708,55766.223948008876
2023-03-08,0.0083424488242191,0.04731148536890235,0.05580375233741205,47311.48536890235,55803.75233741205
2023-03-09,-0.0150271046381097,0.04740614356534631,0.05591540139069956,47406.14356534631,55915.40139069956
2023-03-10,-0.0139760588793295,0.04747878008749118,0.05600107594648276,47478.78008749118,56001.07594648276
2023-03-13,0.0131790691381547,0.04613116955645668,0.05441157344545649,46131.169556456676,54411.57344545649
2023-03-14,0.0139905281493894,0.04621613176667042,0.05451178611263103,46216.13176667042,54511.78611263103
2023-03-15,0.0026181497717008,0.04628005236054601,0.0545871802576696,46280.05236054601,54587.1802576696
2023-03-16,0.0185213157736565,0.046220500800359825,0.05451693937450933,46220.50080035983,54516.939374509326
2023-03-17,-0.0054687331776638,0.04632513954248381,0.054640360450910856,46325.13954248381,54640.360450910855
2023-03-20,0.0153651589852566,0.04642813186809166,0.05476183958406553,46428.13186809166,54761.83958406553
2023-03-21,0.0118733768726759,0.046540721971736754,0.05489463926706987,46540.721971736755,54894.63926706987
2023-03-22,-0.009145158069309,0.04657374830585853,0.05493359372718825,46573.74830585853,54933.59372718825
2023-03-23,0.0069451799209115,0.04654024392248953,0.05489407540944441,46540.24392248953,54894.07540944441
2023-03-24,0.0082712739580963,0.046621184356984556,0.054989544404455325,46621.18435698456,54989.54440445532
2023-03-27,-0.0123693713016355,0.0465422632147334,0.05489645715847205,46542.2632147334,54896.457158472054
2023-03-28,-0.0039882677636592,0.04669267315340477,0.05507386522125546,46692.67315340477,55073.86522125546
2023-03-29,0.0195974943138169,0.04668647000259116,0.055066548623836975,46686.47000259116,55066.54862383698
2023-03-30,0.0098411604184126,0.046799706992891224,0.055200111307672994,46799.706992891224,55200.111307672996
2023-03-31,0.0155231109738344,0.04688822678878998,0.055304520136285666,46888.22678878998,55304.52013628567
2023-04-03,0.007672444490993,0.0468753481378517,0.055289329806880526,46875.3481378517,55289.32980688052
2023-04-04,-0.0032550723017321,0.04686528719004469,0.05527746294970357,46865.287190044684,55277.46294970357
2023-04-05,-0.0113548161804436,0.046948767543134734,0.055375927770931505,46948.76754313473,55375.92777093151
2023-04-06,0.0054810276822497,0.04686067218894286,0.05527201957001437,46860.67218894286,55272.01957001437
2023-04-10,-0.0161012433246079,0.04683321902807726,0.05523963865071163,46833.219028077256,55239.63865071163
2023-04-11,-0.0076201447618367,0.04698715233132758,0.055421202511243196,46987.15233132758,55421.202511243195
2023-04-12,-0.0043626916635374,0.0391647489141811,0.046194701597773884,39164.748914181095,46194.701597773885
2023-04-13,0.0335348551111982,0.03932701515501302,0.046386094132704926,39327.015155013025,46386.09413270493
2023-04-14,-0.0021162534066084,0.03959028104218712,0.046696615441689425,39590.28104218712,46696.61544168943
2023-04-17,0.0001213495610632,0.03974262013415677,0.04687629893488976,39742.620134156765,46876.29893488976
2023-04-18,0.007476536406599,0.03989712175472218,0.04705853312395684,39897.12175472218,47058.53312395684
2023-04-19,0.006944040474302,0.040136155712283336,0.04734047294605217,40136.15571228333,47340.47294605217
2023-04-20,-0.0058634714741952,0.04040111987698632,0.04765299736818949,40401.119876986326,47652.99736818949
2023-04-21,-0.0098288184950744,0.04059879385610941,0.04788615322217555,40598.793856109405,47886.15322217555
2023-04-24,0.0018765532150941,0.04074190608823311,0.04805495366239878,40741.90608823311,48054.95366239878
2023-04-25,-0.009480336239533,0.040966466676593566,0.04831982218977431,40966.46667659357,48319.82218977431
2023-04-26,-6.140308511272707e-05,0.041231662388898735,0.048632619721600455,41231.66238889874,48632.61972160046
2023-04-27,0.0279999066465546,0.04146410659224975,0.04890678694875314,41464.10659224975,48906.78694875314
2023-04-28,0.0075124938843036,0.041673345998454896,0.04915358418862112,41673.3459984549,49153.58418862112
2023-05-01,-0.0005302166280585,0.04187862024226065,0.04939570453156252,41878.620242260644,49395.70453156252
2023-05-02,-0.0062108596904605,0.04209182415905962,0.04964717789955439,42091.82415905962,49647.17789955439
2023-05-03,-0.0064880963925883,0.0422280105145858,0.04980780928950676,42228.0105145858,49807.80928950676
2023-05-04,-0.0099629168277296,0.04241167307079177,0.0500244387130021,42411.673070791774,50024.4387130021
2023-05-05,0.045859010806353,0.042520326321287445,0.050152594889753654,42520.326321287444,50152.59488975365
2023-05-08,-0.0004035691279395,0.04277075077407922,0.05044796976614698,42770.75077407922,50447.96976614698
2023-05-09,-0.0100208355548935,0.03864268332223394,0.04724356561200379,38642.68332223394,47243.56561200379
2023-05-10,0.010366825686778,0.038667847052307656,0.04727433015086532,38667.847052307654,47274.33015086532
2023-05-11,0.0010942369766671,0.032956030729954504,0.04029120822481772,32956.0307299545,40291.208224817725
2023-05-12,-0.0054324487745439,0.03319957088456546,0.04058895424772137,33199.57088456546,40588.95424772137
2023-05-15,-0.002901493204837,0.03351246112528482,0.040971485928907064,33512.46112528482,40971.48592890707
2023-05-16,0.0,0.033737510048099335,0.041246625040294325,33737.510048099335,41246.625040294326
2023-05-17,0.003596658010457,0.03395324285218483,0.041510374500948626,33953.242852184834,41510.37450094862
2023-05-18,0.0135735971992492,0.03421248932124554,0.04182732266597689,34212.48932124554,41827.32266597689
2023-05-19,0.0006280802247574,0.0343271582820972,0.04196751403236004,34327.1582820972,41967.51403236004
2023-05-22,-0.0054957117150829,0.03261210325999072,0.04154978057898229,32612.10325999072,41549.78057898229
2023-05-23,-0.0152712709650246,0.03287364565021674,0.04188300131115524,32873.64565021674,41883.00131115524
2023-05-24,0.0016310777017121,0.03306583439023363,0.04212786132259919,33065.834390233635,42127.861322599194
2023-05-25,0.0066699388238967,0.03320616851993009,0.042306655442381824,33206.16851993009,42306.65544238182
2023-05-26,0.0140062198108208,0.03333184540553402,0.04246677535182353,33331.84540553402,42466.775351823526
2023-05-30,0.0106031988203397,0.0335215353827701,0.04270845178922953,33521.5353827701,42708.45178922953
2023-05-31,-0.0002820915606559,0.033739850044401595,0.04298659779581021,33739.850044401595,42986.59779581021
2023-06-01,0.0158954718741371,0.033922979704324334,0.043219915994475076,33922.97970432433,43219.91599447508
2023-06-02,0.0047640459570457,0.0341326828593283,0.04348709042378656,34132.6828593283,43487.09042378656
2023-06-05,-0.0075998716423679,0.03424890181801746,0.04363516036561629,34248.90181801746,43635.16036561629
2023-06-06,-0.0020625680919677,0.034460113752489974,0.04390425707069639,34460.113752489975,43904.25707069639
2023-06-07,-0.0077866206059562,0.03452229194628809,0.04398347582848436,34522.2919462881,43983.475828484356
2023-06-08,0.0153468567641863,0.034606786200227176,0.04409112658879766,34606.78620022717,44091.126588797655
2023-06-09,0.0021575258409245,0.03473377121065935,0.044252913127930484,34733.771210659346,44252.913127930486
2023-06-12,0.0155177275604822,0.02619029455872128,0.03336801013839586,26190.29455872128,33368.01013839586
2023-06-13,-0.002615145969705,0.02648277029015877,0.03374064180735092,26482.770290158773,33740.64180735092
2023-06-14,0.003485259608926,0.02681726522287282,0.03416680846542417,26817.265222872822,34166.80846542417
2023-06-15,0.01113656562076,0.027056805416293416,0.03447199707583445,27056.805416293417,34471.99707583445
2023-06-16,-0.0058771672310896,0.027289300006053663,0.03476820916351633,27289.300006053665,34768.20916351632
2023-06-20,0.0004866877448831,0.02757547757112074,0.03513281658979514,27575.47757112074,35132.81658979514
2023-06-21,-0.0056915819710276,0.027849860372965607,0.035482396778488065,27849.860372965606,35482.396778488066
2023-06-22,0.0163902724017303,0.028042481596882503,0.03572780780042668,28042.481596882502,35727.80780042668
2023-06-23,-0.0017126476029924,0.028317082527315372,0.03607766589805719,28317.08252731537,36077.665898057196
2023-06-26,-0.0075816820255683,0.028593812684455308,0.03643023675854682,28593.812684455308,36430.236758546824
2023-06-27,0.0149465483819738,0.02884104582448526,0.03674522664552844,28841.04582448526,36745.22664552844
2023-06-28,0.0063080266514634,0.02916589876443793,0.037159108825032934,29165.89876443793,37159.108825032934
2023-06-29,0.0017949388602412,0.029329970977326904,0.037368146690217444,29329.970977326902,37368.14669021744
2023-06-30,0.0228397315387448,0.029636332089196596,0.03775846916879659,29636.332089196596,37758.46916879659
2023-07-03,-0.0078153116193207,0.029880043089054856,0.03806897163740671,29880.043089054856,38068.971637406714
2023-07-05,-0.0058884255882368,0.03011751958502596,0.0383715309731724,30117.51958502596,38371.5309731724
2023-07-06,0.0025054212397897,0.03029150457081928,0.038593198307110305,30291.50457081928,38593.1983071103
2023-07-07,-0.0059086012465278,0.03044154718851244,0.038784361624389974,30441.547188512443,38784.361624389974
2023-07-10,-0.0109151591870277,0.030722662093514274,0.03914251891731862,30722.662093514275,39142.518917318615
2023-07-11,-0.0028139974389951,0.030952025192497522,0.03943474129744829,30952.025192497524,39434.741297448294
2023-07-12,0.0089454404135855,0.031236461223720632,0.03979712990488827,31236.46122372063,39797.12990488827
2023-07-13,0.0040491665111601,0.025193901060505133,0.032098544906694726,25193.901060505134,32098.544906694726
2023-07-14,0.000786967917512,0.025408591422821755,0.03237207333801248,25408.591422821755,32372.07333801248
2023-07-17,0.0171573951253089,0.025743056268220505,0.03279820166303684,25743.056268220505,32798.20166303684
2023-07-18,-0.001341031949392,0.025981860801532097,0.03310245299823164,25981.860801532097,33102.45299823164
2023-07-19,0.0070468092734563,0.02629233370421218,0.033498014145552764,26292.33370421218,33498.01414555276
2023-07-20,-0.0101486319250015,0.026578073499402124,0.03386206382668422,26578.073499402126,33862.06382668422
2023-07-21,-0.0061807436927617,0.026745477665340227,0.03407534680040977,26745.477665340226,34075.346800409774
2023-07-24,0.0042112492394656,0.026893677922418407,0.03426416283948142,26893.677922418407,34264.162839481425
2023-07-25,0.0045034586445169,0.02719821019298875,0.034652155264273614,27198.21019298875,34652.15526427361
2023-07-26,0.004534500676259,0.027511494083236325,0.03505129777878559,27511.494083236325,35051.297778785585
2023-07-27,-0.0066026217105902,0.027689444539329068,0.03527801736033598,27689.44453932907,35278.01736033598
2023-07-28,0.0134175675273758,0.027866497800657034,0.03550359386180607,27866.497800657035,35503.59386180607
2023-07-31,0.003160808013729,0.028007898745165804,0.03568374716780912,28007.898745165803,35683.747167809124
2023-08-01,-0.004284895512712,0.028102266120930107,0.03580397687901672,28102.266120930108,35803.97687901672
2023-08-02,-0.0156112513237896,0.028406304223284422,0.036191339703786456,28406.304223284424,36191.339703786456
2023-08-03,-0.0073486306825623,0.028677192290283895,0.036536467390141505,28677.192290283896,36536.46739014151
2023-08-04,-0.0492113594208082,0.028825995504553822,0.036726051632932376,28825.995504553823,36726.05163293237
2023-08-07,-0.0174041884567223,0.033300376949259455,0.04367963310334335,33300.37694925946,43679.63310334335
2023-08-08,0.0052975320494038,0.0335138294129482,0.04395961567870984,33513.8294129482,43959.61567870984
2023-08-09,-0.0089946217461833,0.03387574088864134,0.044434329838800385,33875.74088864134,44434.32983880038
2023-08-10,-0.0012355228419143,0.03409140360072261,0.044717211565699015,34091.40360072261,44717.21156569901
2023-08-11,0.0003375309448084,0.043388758207108406,0.05691242000605398,43388.7582071084,56912.42000605398
2023-08-14,0.0093494584907973,0.04357888604654452,0.05716180800193027,43578.886046544525,57161.80800193027
2023-08-15,-0.011263496839678,0.04363176418171548,0.057231167503385035,43631.76418171548,57231.16750338503
2023-08-16,-0.0049713801239849,0.043623090214785644,0.05721978998373645,43623.09021478565,57219.789983736446
2023-08-17,-0.014661987015547,0.043869674406609514,0.057543230977943886,43869.67440660951,57543.23097794389
2023-08-18,0.0028120064433347,0.04400698324699488,0.05772333704037727,44006.98324699488,57723.33704037727
2023-08-21,0.0077069474739084,0.044230854346855725,0.058016985593343,44230.854346855725,58016.985593343
2023-08-22,0.0078738396739613,0.044306497893103994,0.05811620616228114,44306.497893103995,58116.20616228114
2023-08-23,0.0217113032201535,0.04448419917062439,0.05834929441278094,44484.19917062439,58349.29441278094
2023-08-24,-0.0265187257955429,0.04455514056567135,0.058442347236543624,44555.14056567135,58442.347236543625
2023-08-25,0.0125636909711274,0.044616234711713526,0.05852248356316691,44616.23471171353,58522.48356316691
2023-08-28,0.0088072610354643,0.04468917964296409,0.05861816439700936,44689.17964296409,58618.164397009365
2023-08-29,0.0215759820371224,0.04479473095464726,0.05875661455854725,44794.73095464726,58756.61455854725
2023-08-30,0.018990658800215,0.043655950735197804,0.058756281251594746,43655.9507351978,58756.281251594744
2023-08-31,0.0011717262302872,0.0436795862415604,0.05878809213730397,43679.586241560406,58788.09213730397
2023-09-01,0.0084276559667701,0.043750131836255035,0.058883039028463924,43750.13183625504,58883.03902846392
2023-09-05,0.0012659458313752,0.043771602568196115,0.058911936357312844,43771.60256819612,58911.93635731284
2023-09-06,-0.0364495752533161,0.043819224919744076,0.05897603099353751,43819.224919744076,58976.030993537504
2023-09-07,-0.0296857264009779,0.043995740362444594,0.05921360206510736,43995.740362444594,59213.60206510736
2023-09-08,0.0034858105891787,0.044226206345487976,0.05952378484410028,44226.206345487975,59523.78484410028
2023-09-11,0.0066006566459665,0.0442669319133934,0.05957859714074448,44266.9319133934,59578.59714074448
2023-09-12,-0.0172078100304821,0.04351948291390589,0.05857261003256079,43519.482913905886,58572.61003256079
2023-09-13,-0.0119256221365931,0.043608879311885965,0.05869292810636607,43608.87931188596,58692.92810636607
2023-09-14,0.0087440435364416,0.04369351618846161,0.05880684036896914,43693.51618846161,58806.84036896914
2023-09-15,-0.0041624649964803,0.03757457013597075,0.05164009628684535,37574.57013597075,51640.09628684535
2023-09-18,0.0167717982787011,0.03775511711442071,0.05188822855602942,37755.117114420704,51888.22855602942
2023-09-19,0.0061617999680474,0.03783278671273485,0.051994972705622845,37832.78671273485,51994.972705622844
2023-09-20,-0.0201948514923495,0.03801358772483199,0.05224345410247367,38013.58772483199,52243.45410247367
2023-09-21,-0.0089288897604954,0.0381148693570554,0.05238264912775751,38114.8693570554,52382.64912775751
2023-09-22,0.0049320856197678,0.03825734521950359,0.05257845887963895,38257.345219503586,52578.45887963894
2023-09-25,0.0073533424862924,0.038257844299616275,0.05257914478356229,38257.84429961628,52579.14478356229
2023-09-26,-0.0236765527141948,0.03827643926187081,0.05260470051547883,38276.439261870815,52604.70051547883
2023-09-27,-0.0089372965593389,0.03831291934915004,0.05265483642422869,38312.91934915004,52654.83642422869
2023-09-28,0.0015244381151766,0.038258018548491486,0.05257938426011947,38258.018548491484,52579.38426011947
2023-09-29,0.003041651406727,0.03828582169227615,0.05261759513031496,38285.82169227615,52617.59513031496
2023-10-02,0.0147267276582163,0.038325752215449746,0.052672473098419624,38325.75221544975,52672.47309841962
2023-10-03,-0.0077999261969261,0.037609923880359684,0.04859920472594428,37609.92388035968,48599.20472594428
2023-10-04,0.0072818552133516,0.03773478840269524,0.04876055353652142,37734.78840269524,48760.553536521424
2023-10-05,0.0071721458133569,0.03781543317611676,0.04886476198602686,37815.43317611676,48864.76198602686
2023-10-06,0.0146427657173353,0.037789814847987276,0.04883165821327098,37789.814847987276,48831.658213270974
2023-10-09,0.0084157710670561,0.0378662775857165,0.04893046267394018,37866.2775857165,48930.46267394018
2023-10-10,-0.0033579181349009,0.03790948893716996,0.048986299992900245,37909.48893716996,48986.29999290025
2023-10-11,0.0078729344683876,0.029996330011169286,0.03890907133388085,29996.330011169284,38909.07133388085
2023-10-12,0.0050487000243779,0.030284495213394234,0.039282858407337425,30284.495213394235,39282.85840733742
2023-10-13,-0.0103462399295288,0.030508063988916454,0.03957285566472136,30508.063988916456,39572.855664721355
2023-10-16,-0.0007271962636241,0.030710521027213906,0.03983546830240832,30710.521027213905,39835.46830240832
2023-10-17,-0.0088235021157687,0.030923288986001274,0.0401114555209427,30923.288986001273,40111.455520942705
2023-10-18,-0.007422292594338,0.03117160941852818,0.04043355883889033,31171.60941852818,40433.55883889033
2023-10-19,-0.0021631701372389,0.03138478188349065,0.04071007075359974,31384.78188349065,40710.07075359974
2023-10-20,-0.0148135229661722,0.031593158947568714,0.04098036242086501,31593.158947568714,40980.36242086501
2023-10-23,0.0006937870511166,0.03174813300161822,0.04118138356317367,31748.13300161822,41181.38356317367
2023-10-24,0.0025401616967437,0.03187230930903884,0.04134245609443358,31872.30930903884,41342.456094433575
2023-10-25,-0.0135834211971712,0.032019850153688904,0.041533835414737534,32019.850153688905,41533.835414737536
2023-10-26,-0.024913405876089,0.032184765719266255,0.041747751967286695,32184.765719266255,41747.7519672867
2023-10-27,0.0079376514898447,0.03238753421237756,0.04201076860164809,32387.534212377563,42010.76860164809
2023-10-30,0.0122303443706391,0.03257178930283574,0.042249770988126656,32571.78930283574,42249.77098812666
2023-10-31,0.0028147319286988,0.032748608399788375,0.04247912794125927,32748.608399788376,42479.12794125927
2023-11-01,0.0185652405176079,0.0329594236699798,0.04275258227327574,32959.423669979806,42752.58227327574
2023-11-02,0.0204820288850769,0.0330459257167842,0.042864786476536125,33045.9257167842,42864.78647653612
2023-11-03,-0.0051944502219504,0.033301748157278065,0.0431966208570179,33301.74815727807,43196.6208570179
2023-11-06,0.0144994002520604,0.033339657689176426,0.0432457943619206,33339.65768917643,43245.794361920605
2023-11-07,0.0143474100915399,0.031303018847713006,0.04343788126705705,31303.018847713007,43437.88126705705
2023-11-08,0.0058676565523441,0.031482585654687985,0.043687058564583214,31482.585654687984,43687.05856458322
2023-11-09,-0.0026281255189506,0.025287200747629697,0.03508998378065461,25287.200747629697,35089.983780654606
2023-11-10,0.0229546308218529,0.02541651478051819,0.03526942741943276,25416.514780518188,35269.42741943276
2023-11-13,-0.0086206631239251,0.025499798774516573,0.035384997111300116,25499.798774516574,35384.997111300116
2023-11-14,0.0141845902997624,0.025636025410134364,0.03557403307783625,25636.025410134363,35574.03307783625
2023-11-15,0.0030362428919594,0.025770325633574787,0.03576039584330385,25770.325633574786,35760.39584330385
2023-11-16,0.009001421555525,0.025956705253090278,0.0360190269939446,25956.705253090277,36019.0269939446
2023-11-17,-0.0001051815584752,0.026115400088233057,0.03623924113495646,26115.40008823306,36239.241134956465
2023-11-20,0.0092353261485161,0.026144948329579646,0.036280243985368686,26144.948329579645,36280.24398536869
2023-11-21,-0.0042398450355719,0.026249263786130784,0.03642499815230802,26249.263786130785,36424.99815230802
2023-11-22,0.0035081826829123,0.026389117253541042,0.03661906692061779,26389.117253541044,36619.06692061779
2023-11-24,-0.0070287160527391,0.026491633138966665,0.03676132389847571,26491.633138966667,36761.32389847571
2023-11-27,-0.0009480122300994,0.026610863745033485,0.03692677519040784,26610.863745033486,36926.77519040784
2023-11-28,0.003208802176182,0.02668921412282682,0.037035498710793306,26689.21412282682,37035.498710793305
2023-11-29,-0.0054242233827496,0.02680589815067331,0.03719741622335066,26805.898150673307,37197.416223350665
2023-11-30,0.003058070901919,0.026847963766566833,0.03725578890738788,26847.963766566834,37255.788907387876
2023-12-01,0.0067682079482434,0.027010908639008957,0.03748190064621571,27010.908639008958,37481.90064621571
2023-12-04,-0.0095096640157341,0.027050080775070373,0.0375362581701175,27050.08077507037,37536.2581701175
2023-12-05,0.0208444401922917,0.027164038688107222,0.03769439276793435,27164.038688107223,37694.39276793435
2023-12-06,-0.0057032015131521,0.027256717395172554,0.03782299910756801,27256.717395172553,37822.999107568015
2023-12-07,0.0100882270656277,0.0273834008719269,0.03799879243435622,27383.4008719269,37998.79243435622
2023-12-08,0.0073850625225222,0.027532060008390768,0.03820508045885621,27532.060008390767,38205.08045885621
2023-12-11,-0.0130115544514742,0.020122475850039016,0.027923112496770503,20122.475850039016,27923.112496770504
2023-12-12,0.0078889716066987,0.02028350857171804,0.028146570824493913,20283.50857171804,28146.570824493912
2023-12-13,0.0165537131238994,0.02040055564819211,0.0283089921243459,20400.55564819211,28308.9921243459
2023-12-14,0.0007574908162576,0.020545865317411885,0.028510632234177838,20545.865317411884,28510.63223417784
2023-12-15,-0.0027296096339522,0.020691333854287883,0.02871249279796732,20691.33385428788,28712.49279796732
2023-12-18,-0.0085396622737877,0.02075448373133206,0.028800123223467786,20754.48373133206,28800.123223467785
2023-12-19,0.005345867992506,0.01888211515346125,0.027797316845380154,18882.115153461247,27797.316845380155
2023-12-20,-0.0107717122718808,0.01901709855051704,0.0279960327321508,19017.098550517043,27996.032732150798
2023-12-21,-0.0007703275485152,0.019138202475795396,0.02817431594644232,19138.202475795395,28174.31594644232
2023-12-22,-0.0055628771392838,0.01930509015017109,0.028419999733693208,19305.09015017109,28419.999733693207
2023-12-26,-0.0028449230648524,0.01948390029617466,0.028683235194510683,19483.90029617466,28683.235194510682
2023-12-27,0.0005177666846788,0.019651910540396136,0.028930571573615324,19651.910540396137,28930.571573615325
2023-12-28,0.0022238492115208,0.019786988151113457,0.02912942615708279,19786.988151113455,29129.42615708279
2023-12-29,-0.0054389899048477,0.019946152303052057,0.029363739756269398,19946.15230305206,29363.7397562694
2024-01-02,-0.0364425853797334,0.02003163093303124,0.0294895771712904,20031.63093303124,29489.577171290402
2024-01-03,-0.0075157460919606,0.022346599042274234,0.0348430531872879,22346.599042274236,34843.0531872879
2024-01-04,-0.0127815732557736,0.022510328500914643,0.035098341888040153,22510.328500914642,35098.34188804015
2024-01-05,-0.0040209783979391,0.021875074038352406,0.03526660923004205,21875.074038352406,35266.60923004205
2024-01-08,0.0238871965798417,0.02197278102518834,0.03542413071398065,21972.781025188342,35424.13071398065
2024-01-09,-0.0022659810013728,0.022108395358531777,0.03564276575455836,22108.395358531776,35642.76575455836
2024-01-10,0.0056555611896546,0.022210560835480123,0.03580747513775959,22210.560835480122,35807.47513775959
2024-01-11,-0.0032278435034838,0.02624270619257608,0.04230802889214321,26242.706192576083,42308.02889214321
2024-01-12,0.0017765491851225,0.02630428855360689,0.04240731089037231,26304.28855360689,42407.310890372304
2024-01-16,-0.0123936371756308,0.026350294222777775,0.042481480420229506,26350.294222777775,42481.480420229505
2024-01-17,-0.0051869297906918,0.02648389203978704,0.04269686446867624,26483.89203978704,42696.864468676235
2024-01-18,0.032051376981902,0.026574313263777516,0.0428426399740292,26574.313263777516,42842.639974029196
2024-01-19,0.0154137124687708,0.02666194969983532,0.042983925893306345,26661.94969983532,42983.92589330635
2024-01-22,0.0120899311400922,0.026830943097571208,0.04325637407382265,26830.943097571206,43256.37407382265
2024-01-23,0.0066312064667082,0.026963037342582957,0.043469334089967025,26963.037342582957,43469.33408996702
2024-01-24,-0.0034901511642706,0.027125782426534132,0.04373170884900801,27125.782426534133,43731.70884900801
2024-01-25,-0.00169787538022,0.02715491179006712,0.043778670696041605,27154.91179006712,43778.670696041605
2024-01-26,-0.0090537940659701,0.02732076122062248,0.044046050228022444,27320.76122062248,44046.05022802245
2024-01-29,-0.0035922939968484,0.027527783800438382,0.04437980838634283,27527.78380043838,44379.80838634283
2024-01-30,-0.0194334981851289,0.02759429379556932,0.044487034629511764,27594.29379556932,44487.03462951176
2024-01-31,-0.019547229176611,0.027733924120321263,0.04471214418073235,27733.924120321262,44712.14418073235
2024-02-01,0.0132523542616557,0.02777846100380736,0.04478394576016812,27778.461003807362,44783.94576016812
2024-02-02,-0.0054199009563588,0.027891789180878986,0.044966651451976564,27891.789180878986,44966.65145197656
2024-02-05,0.009798609882986,0.02801743566264635,0.04516921649773825,28017.435662646352,45169.21649773825
2024-02-06,0.008594672189489,0.02804570285648067,0.0452147883699631,28045.70285648067,45214.7883699631
2024-02-07,0.0005809787213818,0.028027522963206316,0.045185479066103075,28027.522963206316,45185.47906610308
2024-02-08,-0.0057714402962718,0.0279738111791654,0.045098885873526985,27973.811179165397,45098.88587352698
2024-02-09,0.0040856793874116,0.028057109749094766,0.045233178361404724,28057.109749094765,45233.17836140472
2024-02-12,-0.0090426324467157,0.024467349510991054,0.03944583010718682,24467.349510991055,39445.830107186826
2024-02-13,-0.0113383579311881,0.02460748781528081,0.03967175861407473,24607.48781528081,39671.75861407473
2024-02-14,-0.0048214752958122,0.02466953498731051,0.03977178997241273,24669.53498731051,39771.78997241273
2024-02-15,-0.0015760698006145,0.024749058449654103,0.039899996298305596,24749.0584496541,39899.996298305596
2024-02-16,-0.008465978909049,0.024773504287175167,0.03993940744716136,24773.50428717517,39939.40744716136
2024-02-20,-0.0041223677452774,0.02482444601701229,0.04002153480711993,24824.44601701229,40021.53480711993
2024-02-21,0.0041772304049913,0.025016330894929495,0.04033088822895503,25016.330894929495,40330.88822895503
2024-02-22,0.0111810897058938,0.025087807276262176,0.04044612119251976,25087.807276262178,40446.12119251976
2024-02-23,-0.0100848058762486,0.025192693990790434,0.04061521770703696,25192.693990790434,40615.21770703696
2024-02-26,-0.0074790674371086,0.025266885090502393,0.040734827291777166,25266.885090502394,40734.82729177717
2024-02-27,0.008081528530348,0.02534576852728518,0.04086200177972924,25345.768527285178,40862.00177972924
2024-02-28,-0.0066474591842782,0.02542169253798047,0.040984405133046985,25421.692537980467,40984.40513304698
2024-02-29,-0.0036998339187235,0.025464102992002885,0.041052778520339527,25464.102992002885,41052.778520339525
2024-03-01,-0.0060486996133527,0.025523885646681028,0.04114915906367264,25523.88564668103,41149.15906367264
2024-03-04,-0.0257088169024327,0.025678024865996046,0.04139765959926287,25678.024865996045,41397.65959926287
2024-03-05,-0.0288532443306175,0.02707858757891967,0.04146500990405824,27078.58757891967,41465.00990405824
2024-03-06,-0.0058957150952304,0.028692007959861397,0.04165238166551702,28692.007959861396,41652.381665517016
2024-03-07,-0.0007096048371481,0.028808562751249586,0.04182158504307906,28808.562751249585,41821.58504307906
2024-03-08,0.0101845247783039,0.028974670676692005,0.042062725039898864,28974.670676692007,42062.72503989886
2024-03-11,0.0117621878412032,0.028947689657734286,0.04202355651251927,28947.689657734285,42023.556512519266
2024-03-12,0.0027746502383538,0.029021535009816656,0.04213075830869409,29021.535009816656,42130.75830869409
2024-03-13,-0.0121965235522022,0.03912266052256015,0.05679463041191777,39122.66052256015,56794.63041191777
2024-03-14,0.0108678900356013,0.03914172250524661,0.0568223028208781,39141.72250524661,56822.3028208781
2024-03-15,-0.0021989154305977,0.03910447149103769,0.05676822527205585,39104.47149103769,56768.225272055846
2024-03-18,0.0063522779509692,0.039173148152927585,0.056867923645782546,39173.148152927584,56867.92364578255
2024-03-19,0.0134936291283574,0.039231449232256445,0.05695255971625605,39231.44923225645,56952.559716256044
2024-03-20,0.0146019542116425,0.039204649856012574,0.05691365488083048,39204.64985601258,56913.65488083048
2024-03-21,-0.0417155054964453,0.039230306786893286,0.056950901220609286,39230.306786893285,56950.90122060929
2024-03-22,0.0052961430986507,0.040537902547304584,0.05761697502990546,40537.902547304584,57616.97502990546
2024-03-25,-0.0083351905608672,0.040556607613820024,0.05764356075049362,40556.60761382002,57643.56075049362
2024-03-26,-0.0066946911786612,0.040565140222923006,0.05765568824340111,40565.14022292301,57655.688243401106
2024-03-27,0.0209907445073555,0.0405782398053951,0.057674306826721145,40578.2398053951,57674.30682672114
2024-03-28,-0.0106153589129124,0.040561235153458025,0.057650137924422674,40561.23515345802,57650.13792442268
2024-04-01,-0.0084917053860293,0.040599930396278,0.05770513590653912,40599.930396278,57705.13590653912
2024-04-02,-0.0070233392876284,0.040655846530785994,0.05778461013493455,40655.846530785995,57784.61013493455
2024-04-03,0.0047857897882607,0.04061949546832755,0.05773294396262741,40619.49546832755,57732.94396262741
2024-04-04,-0.0049042792251756,0.04054836990068255,0.057631852396525594,40548.36990068255,57631.852396525595
2024-04-05,0.0044916672122213,0.04046141163327342,0.05750825763687792,40461.41163327342,57508.25763687792
2024-04-08,-0.0066857090690294,0.040469489804031346,0.05751973923147455,40469.48980403135,57519.739231474545
2024-04-09,0.007216412538867,0.04045503247691886,0.05749919087048653,40455.03247691886,57499.19087048653
2024-04-10,-0.0112018709195696,0.040443913844958,0.05748338783432036,40443.913844958,57483.38783432036
2024-04-11,0.0423609835715501,0.0403760097541733,0.057386874989369764,40376.0097541733,57386.87498936977
2024-04-12,0.0085895502972887,0.037339566210943025,0.05307114376460148,37339.56621094303,53071.14376460148
2024-04-15,-0.0221061552714073,0.037339566210943025,0.05307114376460148,37339.56621094303,53071.14376460148
2024-04-16,-0.0193532885575643,0.037339566210943025,0.05307114376460148,37339.56621094303,53071.14376460148
2024-04-17,-0.0081805921284718,0.037339566210943025,0.05307114376460148,37339.56621094303,53071.14376460148
2024-04-18,-0.0057308808539861,0.037339566210943025,0.05307114376460148,37339.56621094303,53071.14376460148
2024-04-19,-0.0122877630884041,0.037339566210943025,0.05307114376460148,37339.56621094303,53071.14376460148
2024-04-22,0.0050781301442156,0.037339566210943025,0.05307114376460148,37339.56621094303,53071.14376460148
2024-04-23,0.0063710594004037,0.037339566210943025,0.05307114376460148,37339.56621094303,53071.14376460148
2024-04-24,0.0126225374110936,0.037339566210943025,0.05307114376460148,37339.56621094303,53071.14376460148
2024-04-25,0.0051339270985635,0.037339566210943025,0.05307114376460148,37339.56621094303,53071.14376460148
2024-04-26,-0.0034787663206024,0.037339566210943025,0.05307114376460148,37339.56621094303,53071.14376460148
2024-04-29,0.0245050697849484,0.037339566210943025,0.05307114376460148,37339.56621094303,53071.14376460148
2024-04-30,-0.0184396925055522,0.037339566210943025,0.05307114376460148,37339.56621094303,53071.14376460148
2024-05-01,-0.0060653772793963,0.037339566210943025,0.05307114376460148,37339.56621094303,53071.14376460148
2024-05-02,0.0217926403478705,0.037339566210943025,0.05307114376460148,37339.56621094303,53071.14376460148
2024-05-03,0.0580955588280896,0.037339566210943025,0.05307114376460148,37339.56621094303,53071.14376460148
2024-05-06,-0.0091483886734043,0.037339566210943025,0.05307114376460148,37339.56621094303,53071.14376460148
2024-05-07,0.0037899184080741,0.037339566210943025,0.05307114376460148,37339.56621094303,53071.14376460148
2024-05-08,0.0018623036477537,0.037339566210943025,0.05307114376460148,37339.56621094303,53071.14376460148
2024-05-09,0.009964513656007,0.037339566210943025,0.05307114376460148,37339.56621094303,53071.14376460148
2024-05-10,-0.006914127495957,0.037339566210943025,0.05307114376460148,37339.56621094303,53071.14376460148
2024-05-13,0.0174915501930448,0.0364152049626133,0.051757338766884174,36415.2049626133,51757.338766884175
2024-05-14,0.0061545944792312,0.0364152049626133,0.051757338766884174,36415.2049626133,51757.338766884175
2024-05-15,0.0121439747744478,0.0364152049626133,0.051757338766884174,36415.2049626133,51757.338766884175
2024-05-16,0.0006320045161921,0.0364152049626133,0.051757338766884174,36415.2049626133,51757.338766884175
2024-05-17,0.0001582427149839,0.0364152049626133,0.051757338766884174,36415.2049626133,51757.338766884175
2024-05-20,0.0061431530916872,0.0364152049626133,0.051757338766884174,36415.2049626133,51757.338766884175
2024-05-21,0.0068337304339441,0.0364152049626133,0.051757338766884174,36415.2049626133,51757.338766884175
2024-05-22,-0.007566729591718,0.0364152049626133,0.051757338766884174,36415.2049626133,51757.338766884175
2024-05-23,-0.0212830984360156,0.0364152049626133,0.051757338766884174,36415.2049626133,51757.338766884175
2024-05-24,0.0164520354929425,0.0364152049626133,0.051757338766884174,36415.2049626133,51757.338766884175
2024-05-28,5.265746852614795e-05,0.0364152049626133,0.051757338766884174,36415.2049626133,51757.338766884175
2024-05-29,0.0015777890255329,0.0364152049626133,0.051757338766884174,36415.2049626133,51757.338766884175
2024-05-30,0.0052413629693966,0.0364152049626133,0.051757338766884174,36415.2049626133,51757.338766884175
2024-05-31,0.0050060676835347,0.0364152049626133,0.051757338766884174,36415.2049626133,51757.338766884175
2024-06-03,0.0092161578697565,0.0364152049626133,0.051757338766884174,36415.2049626133,51757.338766884175
2024-06-04,0.0016478380901446,0.0364152049626133,0.051757338766884174,36415.2049626133,51757.338766884175
2024-06-05,0.0077904991548286,0.0364152049626133,0.051757338766884174,36415.2049626133,51757.338766884175
2024-06-06,-0.0071217878549679,0.0364152049626133,0.051757338766884174,36415.2049626133,51757.338766884175
2024-06-07,0.0123157615507318,0.0364152049626133,0.051757338766884174,36415.2049626133,51757.338766884175
2024-06-10,-0.0193334523606798,0.0364152049626133,0.051757338766884174,36415.2049626133,51757.338766884175
2024-06-11,0.070131520229177,0.0364152049626133,0.051757338766884174,36415.2049626133,51757.338766884175
2024-06-12,0.0281775679513842,0.035312217558165854,0.05018965041235745,35312.21755816585,50189.65041235745
2024-06-13,0.0054761595585942,0.035312217558165854,0.05018965041235745,35312.21755816585,50189.65041235745
2024-06-14,-0.00820194944205,0.035312217558165854,0.05018965041235745,35312.21755816585,50189.65041235745
2024-06-17,0.0194804683168874,0.035312217558165854,0.05018965041235745,35312.21755816585,50189.65041235745
2024-06-18,-0.0110452102959607,0.035312217558165854,0.05018965041235745,35312.21755816585,50189.65041235745
2024-06-20,-0.0217476551608352,0.035312217558165854,0.05018965041235745,35312.21755816585,50189.65041235745
2024-06-21,-0.0104994689271648,0.035312217558165854,0.05018965041235745,35312.21755816585,50189.65041235745
2024-06-24,0.0031277430350595,0.035312217558165854,0.05018965041235745,35312.21755816585,50189.65041235745
2024-06-25,0.004458337799162,0.035312217558165854,0.05018965041235745,35312.21755816585,50189.65041235745
2024-06-26,0.0197959989173119,0.035312217558165854,0.05018965041235745,35312.21755816585,50189.65041235745
2024-06-27,0.0039779950993107,0.035312217558165854,0.05018965041235745,35312.21755816585,50189.65041235745
2024-06-28,-0.01638766020397,0.035312217558165854,0.05018965041235745,35312.21755816585,50189.65041235745
2024-07-01,0.0286890870679682,0.035312217558165854,0.05018965041235745,35312.21755816585,50189.65041235745
2024-07-02,0.0161094813346853,0.035312217558165854,0.05018965041235745,35312.21755816585,50189.65041235745
2024-07-03,0.0057942544950329,0.035312217558165854,0.05018965041235745,35312.21755816585,50189.65041235745
2024-07-05,0.0213898932165348,0.035312217558165854,0.05018965041235745,35312.21755816585,50189.65041235745
2024-07-08,0.0065175979233137,0.035312217558165854,0.05018965041235745,35312.21755816585,50189.65041235745
2024-07-09,0.0037678077866849,0.035312217558165854,0.05018965041235745,35312.21755816585,50189.65041235745
2024-07-10,0.0186289903507733,0.035312217558165854,0.05018965041235745,35312.21755816585,50189.65041235745
2024-07-11,-0.023494670793531,0.035312217558165854,0.05018965041235745,35312.21755816585,50189.65041235745
2024-07-12,0.0129664772949682,0.035312217558165854,0.05018965041235745,35312.21755816585,50189.65041235745
2024-07-15,0.0166045787013192,0.030062662592137385,0.04272839912924462,30062.662592137385,42728.39912924462
2024-07-16,0.001790288653562,0.03010174323053476,0.04278394487841275,30101.74323053476,42783.94487841275
2024-07-17,-0.0256214372779343,0.03009451217817815,0.04277366730269002,30094.51217817815,42773.66730269002
2024-07-18,-0.0207485538841124,0.03012712119793849,0.04282001486778884,30127.12119793849,42820.014867788836
2024-07-19,0.0005796879195687,0.03020662306653164,0.04293301176426659,30206.62306653164,42933.01176426659
2024-07-22,-0.0015615172877677,0.030246488013074314,0.042989672259388094,30246.488013074315,42989.67225938809
2024-07-23,0.0046773926398041,0.030304038194217193,0.04307146897657164,30304.03819421719,43071.46897657164
2024-07-24,-0.0291758914414158,0.03029948535135096,0.04306499797000111,30299.48535135096,43064.99797000111
2024-07-25,-0.0048160624805202,0.030272276072517926,0.04302632511717466,30272.276072517925,43026.32511717466
2024-07-26,0.0021587301442898,0.030273236308779487,0.04302768991173059,30273.236308779487,43027.68991173059
2024-07-29,0.0012838509071208,0.030345085618768947,0.04312981014093456,30345.085618768946,43129.81014093456
2024-07-30,0.0025626268651607,0.03038806096346362,0.04319089147979477,30388.06096346362,43190.891479794765
2024-07-31,0.0148794668708761,0.0304099620165217,0.0432220196918601,30409.9620165217,43222.0196918601
2024-08-01,-0.0168925170601553,0.030408697175586145,0.04322022195926859,30408.697175586145,43220.221959268594
2024-08-02,0.0068458500965716,0.030523990660804117,0.043384089881422755,30523.990660804116,43384.089881422755
2024-08-05,-0.0493657059903909,0.030565243966563974,0.04344272366705321,30565.243966563972,43442.72366705321
2024-08-06,-0.0097959028249622,0.03800806032535098,0.049421229257011166,38008.060325350976,49421.22925701117
2024-08-07,0.01242076777573,0.030622721069211153,0.04196516150753537,30622.72106921115,41965.16150753537
2024-08-08,0.0164963862692005,0.03062159448619462,0.04196361764609557,30621.594486194623,41963.61764609557
2024-08-09,0.0136425098871815,0.030682369240746802,0.04204690294215396,30682.3692407468,42046.90294215396
2024-08-12,0.0071045551572245,0.03072612092917019,0.042106859948155,30726.120929170193,42106.859948155005
2024-08-13,0.0170470475860954,0.034594108765446066,0.04740752326581494,34594.108765446064,47407.52326581494
2024-08-14,0.0020315263397454,0.03466354115002104,0.04750267291714594,34663.54115002105,47502.67291714594
2024-08-15,0.0134399178303776,0.034728852335810426,0.047592174906655814,34728.85233581043,47592.17490665581
2024-08-16,0.0059010754438829,0.034682245496490904,0.04752830522195408,34682.245496490905,47528.30522195408
2024-08-19,-0.0007081442837952,0.03470720954265657,0.047562515775185325,34707.209542656565,47562.515775185326
2024-08-20,0.0027408714725653,0.03469030600871109,0.047539351291191,34690.30600871109,47539.351291191
2024-08-21,-0.0004857259299927,0.03465917766284347,0.04749669322501704,34659.17766284347,47496.693225017036
2024-08-22,-0.008293917792258,0.03464670157275763,0.04747959607893876,34646.70157275763,47479.59607893875
2024-08-23,0.0102355430784945,0.03468877817264565,0.047537257555396006,34688.77817264565,47537.257555396005
2024-08-26,0.0014977013129365,0.03469699635090313,0.047548519689061174,34696.99635090313,47548.51968906118
2024-08-27,0.0037344015600519,0.03471296266864606,0.04757039981856529,34712.96266864606,47570.39981856529
2024-08-28,-0.0067761689070698,0.03466498286629631,0.0475046486349864,34664.98286629631,47504.6486349864
2024-08-29,0.0144650772731544,0.03466284820010746,0.047501723303459614,34662.84820010746,47501.723303459614
2024-08-30,-0.0034438969865933,0.034690393771888706,0.04753947156123215,34690.3937718887,47539.47156123215
2024-09-03,-0.0275821954098409,0.03477410495219494,0.04765418877377501,34774.10495219494,47654.18877377501
2024-09-04,-0.0086560494775034,0.034693487107766395,0.04754371064695582,34693.48710776639,47543.71064695582
2024-09-05,0.0069038214903236,0.03473568480069914,0.0476015380684696,34735.68480069914,47601.5380684696
2024-09-06,-0.0070397077119971,0.03479357386011164,0.04768086882821085,34793.573860111646,47680.86882821085
2024-09-09,0.000407603282367,0.034863684765567324,0.047776948319783054,34863.68476556733,47776.948319783056
2024-09-10,-0.0036280475292079,0.03487379544943458,0.047790803929821164,34873.795449434576,47790.803929821166
2024-09-11,0.0115184973670341,0.03480729336997956,0.04769966994801042,34807.293369979554,47699.66994801042
2024-09-12,0.0004938825789835,0.028152158191382694,0.03857951952136867,28152.158191382696,38579.51952136867
2024-09-13,-0.0012126050107506,0.028148459992410207,0.0385744515355154,28148.459992410208,38574.4515355154
2024-09-16,-0.0281683777807232,0.02815435718772777,0.03858253301048895,28154.357187727768,38582.53301048895
2024-09-17,0.0021702977421301,0.028563255509621115,0.03860747998011901,28563.255509621114,38607.47998011901
2024-09-18,0.0178297420284169,0.028580437618658357,0.03863070415113299,28580.437618658358,38630.70415113299
2024-09-19,0.0363951767451903,0.0285834588169638,0.03863478774913372,28583.4588169638,38634.78774913372
2024-09-20,-0.0029316917531639,0.028594080419678865,0.038649144421959075,28594.080419678867,38649.14442195908
2024-09-23,-0.0076098370631325,0.02861498350734008,0.03867739804795528,28614.98350734008,38677.39804795528
2024-09-24,0.0039661239236652,0.028589426551823657,0.038642854028695266,28589.426551823657,38642.85402869526
2024-09-25,-0.0044079278419535,0.028586779048322453,0.038639275534696725,28586.779048322453,38639.275534696724
2024-09-26,0.0050674106068497,0.028585217555655375,0.03863716494555666,28585.217555655374,38637.164945556666
2024-09-27,0.0011860010870499,0.02862878741853842,0.03869605608310319,28628.787418538417,38696.05608310319
2024-09-30,0.0226143644308282,0.028641442603618773,0.03871316144437652,28641.442603618772,38713.16144437652
2024-10-01,-0.0295745793317507,0.028674053730263625,0.03875724022309438,28674.053730263626,38757.240223094384
2024-10-02,0.0025165059631063,0.029358709049095492,0.03898290353976963,29358.70904909549,38982.90353976963
2024-10-03,-0.0049067176684197,0.029397619878829693,0.03903456988244308,29397.619878829693,39034.56988244308
2024-10-04,0.0049948393892472,0.02941896339278386,0.0390629100980937,29418.96339278386,39062.9100980937
2024-10-07,-0.0227885477793817,0.02945646795312409,0.03911270917664309,29456.46795312409,39112.70917664309
2024-10-08,0.0182367462147284,0.029509013978524994,0.03918248052238504,29509.013978524996,39182.480522385034
2024-10-09,0.0165604988503886,0.029517457454762714,0.03919369188795172,29517.457454762713,39193.691887951725
2024-10-10,-0.0021805657572516,0.029490190586765153,0.03915748656014923,29490.190586765155,39157.48656014923
2024-10-11,-0.0065266604838868,0.030169257010028462,0.04005916043248816,30169.25701002846,40059.16043248816
2024-10-14,0.0163456128481779,0.030162876692996863,0.040050688558504195,30162.876692996862,40050.6885585042
2024-10-15,0.010964224425503,0.030149059548309633,0.040032341960987365,30149.059548309633,40032.34196098737
2024-10-16,-0.0088913615845879,0.030130618715737276,0.04000785596617885,30130.618715737277,40007.855966178846
2024-10-17,0.0015952740706488,0.03013780191478562,0.04001739391810787,30137.80191478562,40017.393918107875
2024-10-18,0.0122016760283783,0.030160400205132772,0.04004740024336194,30160.400205132773,40047.40024336194
2024-10-21,0.0062781499952356,0.03017245955458877,0.04006341281584288,30172.459554588768,40063.41281584288
2024-10-22,-0.0026251643597781,0.03018889251735118,0.040085232733100426,30188.89251735118,40085.23273310043
2024-10-23,-0.0218601499735065,0.030180196692622993,0.04007368629568689,30180.196692622994,40073.686295686886
2024-10-24,-0.0008236925596697,0.030185819213152467,0.04008115195690123,30185.819213152467,40081.15195690123
2024-10-25,0.0036364823576416,0.03017955077878412,0.04007282864227871,30179.55077878412,40072.828642278706
2024-10-28,0.0085626724050128,0.030182588022368163,0.040076861536690565,30182.588022368163,40076.861536690565
2024-10-29,0.0011562054109304,0.03012531578206253,0.040000814656849654,30125.315782062527,40000.81465684965
2024-10-30,-0.0153960180474328,0.030120226841543793,0.03999405749061901,30120.226841543794,39994.05749061901
2024-10-31,-0.0183771921910685,0.03010463661639732,0.039973356572127264,30104.636616397318,39973.35657212726
2024-11-01,-0.0133686461926115,0.030094067304568612,0.03995932249239947,30094.067304568613,39959.322492399464
2024-11-04,-0.0040457084722737,0.030126650768828533,0.04000258727090563,30126.650768828535,40002.58727090563
2024-11-05,0.0064652039503695,0.030113351364755465,0.03998492813660071,30113.351364755465,39984.92813660071
2024-11-06,-0.0032722076410395,0.030139484683867047,0.04001962832237514,30139.48468386705,40019.628322375145
2024-11-07,0.0211469260549683,0.030135745582235047,0.04001466349105365,30135.745582235046,40014.663491053645
2024-11-08,-0.0011888361710883,0.030128141814381247,0.040004567101996215,30128.141814381248,40004.56710199622
2024-11-11,-0.0121015848196618,0.029457776155617385,0.03911444622616803,29457.776155617386,39114.44622616803
2024-11-12,0.0,0.029456981183356563,0.03911339065090726,29456.98118335656,39113.39065090726
2024-11-13,0.0039612314210889,0.029469556101817472,0.039130087803107054,29469.55610181747,39130.08780310705
2024-11-14,0.0136766296308827,0.02947754669220068,0.03914069782051665,29477.546692200678,39140.69782051665
2024-11-15,-0.0142097257298641,0.029463528662574276,0.03912208448517449,29463.528662574277,39122.08448517449
2024-11-18,0.0133329934560915,0.02945815566161174,0.039114950139522875,29458.15566161174,39114.95013952287
2024-11-19,0.0011394541444909,0.029446111983597572,0.03909895837580107,29446.111983597573,39098.95837580107
2024-11-20,0.0031491680549398,0.029433600248338174,0.03908234511913789,29433.600248338174,39082.34511913789
2024-11-21,-0.0020982982677535,0.02941909842116162,0.03906308939065784,29419.09842116162,39063.08939065784
2024-11-22,0.0058902027737363,0.02943716334995129,0.03908707625517845,29437.16334995129,39087.07625517845
2024-11-25,0.0129663709369384,0.02943552620423065,0.03908490243024624,29435.52620423065,39084.90243024624
2024-11-26,0.0093605293872919,0.0294377368392412,0.03908783774225993,29437.7368392412,39087.83774225993
2024-11-27,-0.0005532952262558,0.029437989656043335,0.03908817343593753,29437.989656043337,39088.17343593753
2024-11-29,0.0101640539644839,0.029436051015827348,0.039085599282407436,29436.051015827346,39085.599282407435
2024-12-02,0.0094776104073462,0.029440859847918877,0.03909198451675985,29440.859847918877,39091.984516759854
2024-12-03,0.0126907537313014,0.029429314191586054,0.03907665403317582,29429.314191586054,39076.654033175815
2024-12-04,0.0014826340577921,0.029412249441016548,0.03905399521925219,29412.24944101655,39053.99521925219
2024-12-05,0.000123406282737,0.029422388935385624,0.039067458581359515,29422.388935385625,39067.45858135952
2024-12-06,-0.0008232493033495,0.029436096690764822,0.039085659930226745,29436.09669076482,39085.65993022674
2024-12-09,0.0159728894326873,0.02941999458485971,0.03906427932932102,29419.99458485971,39064.27932932102
2024-12-10,0.0041251969727703,0.029429559739605763,0.0390769800752627,29429.559739605764,39076.980075262705
2024-12-11,-0.0051794390369082,0.028168914602131213,0.03740307787098427,28168.91460213121,37403.07787098427
2024-12-12,0.0059459984498525,0.030288833739402644,0.040217936082296186,30288.833739402646,40217.93608229619
2024-12-13,0.0006853972735354,0.030554803227498532,0.04057109407986432,30554.80322749853,40571.09407986432
2024-12-16,0.0116594841352053,0.030417905560212125,0.04038931944700423,30417.905560212126,40389.31944700423
2024-12-17,0.0096725951309812,0.030542022043225377,0.04055412304504084,30542.022043225377,40554.12304504084
2024-12-18,-0.0216544441097198,0.030484505640771393,0.04047775196329237,30484.505640771393,40477.75196329237
2024-12-19,0.0069900591574912,0.030394761065110944,0.04035858786345615,30394.761065110943,40358.587863456145
2024-12-20,0.0186410547680844,0.03053063821466857,0.04053900743863591,30530.63821466857,40539.007438635905
2024-12-23,0.0030602324920422,0.030529873872556904,0.04053799253451459,30529.873872556906,40537.99253451459
2024-12-24,0.0114127035028567,0.030462079171192275,0.04044797378405164,30462.079171192276,40447.97378405164
2024-12-26,0.0031706607322756,0.03051780589695032,0.04052196850811053,30517.80589695032,40521.968508110534
2024-12-27,-0.0133305976054627,0.03040534613833906,0.04037264287139002,30405.34613833906,40372.642871390024
2024-12-30,-0.0133521378175989,0.03052721561285257,0.04053446286018645,30527.21561285257,40534.46286018645
2024-12-31,-0.0070829458781197,0.030430749276542574,0.04040637351276593,30430.749276542574,40406.37351276593
2025-01-02,-0.02658616171226,0.030240994942054754,0.04015441505964656,30240.994942054753,40154.415059646555
2025-01-03,-0.0020114048125842,0.0299194687486238,0.03628365998730076,29919.4687486238,36283.65998730076
2025-01-06,0.0067162116865875,0.02993063815951186,0.03629720525143381,29930.638159511862,36297.205251433814
2025-01-07,-0.011452988795137,0.03016306754666319,0.03657907485698433,30163.067546663187,36579.07485698433
2025-01-08,0.002020945345819,0.029948006875026294,0.036318268478640045,29948.006875026294,36318.26847864004
2025-01-10,-0.0243991052417578,0.029708895107056075,0.0360282950783472,29708.895107056076,36028.2950783472
2025-01-13,-0.010397981154345,0.029680268336802564,0.035993579087661015,29680.268336802565,35993.57908766101
2025-01-14,-0.0047895211273158,0.02883612200606763,0.034969873797261346,28836.12200606763,34969.873797261345
2025-01-15,0.0194848860484764,0.028675625356277545,0.03477523779222357,28675.625356277546,34775.237792223576
2025-01-16,-0.0412389960743434,0.028642393770540526,0.034734937492514,28642.393770540526,34734.937492514
2025-01-17,0.00750699792456,0.029333003257396042,0.038868149477110286,29333.00325739604,38868.14947711029
2025-01-21,-0.0324362039610072,0.029341024221145085,0.03887877777913626,29341.024221145086,38878.77777913626
2025-01-22,0.0053307359823382,0.030836023615736702,0.039626841076148944,30836.023615736704,39626.84107614894
2025-01-23,-0.0007598353518101,0.031044335886593423,0.0398945395756156,31044.335886593424,39894.5395756156
2025-01-24,-0.0039424039940854,0.031021836719596955,0.039865626284912976,31021.836719596955,39865.62628491298
2025-01-27,0.0312856793140826,0.03085736948242577,0.03965427228055653,30857.36948242577,39654.27228055653
2025-01-28,0.035892119876211,0.030907878394107913,0.039719180410122755,30907.878394107913,39719.18041012275
2025-01-29,0.0046062487764261,0.031010536342368656,0.03985110436541692,31010.536342368658,39851.10436541692
2025-01-30,-0.0074221761809042,0.03108745670831146,0.03994995339844137,31087.45670831146,39949.953398441365
2025-01-31,-0.0067147776916796,0.03092232681738917,0.039737747829200594,30922.32681738917,39737.74782920059
2025-02-03,-0.034442295426889,0.0309487234383745,0.03977166967067302,30948.7234383745,39771.66967067302
2025-02-04,0.020790259700094,0.03347724181868019,0.04055141634701931,33477.24181868019,40551.41634701931
2025-02-05,-0.0014186251104533,0.033468253360774136,0.04054052851161039,33468.253360774135,40540.52851161039
2025-02-06,0.003221098551809,0.03338595481413964,0.040440839216793166,33385.95481413964,40440.83921679317
2025-02-07,-0.0242606780310533,0.0334523466369899,0.04052126049119265,33452.346636989896,40521.260491192654
2025-02-10,0.0011866194157452,0.033425771709290425,0.04048906993728233,33425.77170929043,40489.06993728233
2025-02-11,0.0215969296747985,0.03345009464571083,0.040518532625006376,33450.09464571083,40518.53262500637
2025-02-12,0.0181053084094103,0.03346267532783053,0.040533771768103306,33462.67532783053,40533.7717681033
2025-02-13,0.01948218378899,0.03521743750501463,0.0426593379071061,35217.437505014634,42659.3379071061
2025-02-14,0.0126305949678613,0.03437722481483237,0.04164157739970915,34377.22481483237,41641.577399709146
2025-02-18,-0.0005315647253765,0.034357999691887665,0.04161828975943472,34357.999691887664,41618.289759434716
2025-02-19,0.0016346913736276,0.03430347948623717,0.04155224872861645,34303.47948623717,41552.248728616454
2025-02-20,0.003912852740485,0.03435658682278403,0.041616578332801205,34356.58682278403,41616.578332801204
2025-02-21,-0.0011396081644735,0.03428456866503089,0.04152934180610613,34284.56866503089,41529.34180610613
2025-02-24,0.0062925269939139,0.034368731250325045,0.04163128903508006,34368.73125032504,41631.28903508006
2025-02-25,-0.000242939747202,0.034277868893735415,0.041521226286413554,34277.868893735416,41521.226286413555
2025-02-26,-0.0274123725316088,0.034300758884472794,0.04154895322848357,34300.758884472794,41548.95322848357
2025-02-27,-0.0128126275686645,0.034302828287178726,0.041551459922767785,34302.82828717872,41551.45992276778
2025-02-28,0.0189511476148884,0.03425298535278598,0.04149108453116698,34252.98535278598,41491.084531166984
2025-03-03,-0.0158796483315932,0.034255753823969726,0.04149443801614716,34255.753823969724,41494.43801614716
2025-03-04,-0.0088616146712903,0.0343497719061367,0.04160832333605347,34349.7719061367,41608.32333605347
2025-03-05,-0.0008056225157174,0.03424900991325813,0.04148626902980851,34249.00991325813,41486.26902980851
2025-03-06,-0.0017407488832486,0.03429313386648001,0.04153971694549008,34293.133866480006,41539.71694549008
2025-03-07,0.0157677170219728,0.0342443436926165,0.04148061677634537,34244.3436926165,41480.61677634537
2025-03-10,-0.049694139528221,0.034359428175063676,0.04162002009959622,34359.42817506367,41620.02009959622
2025-03-11,-0.0296238067022679,0.03885540269776209,0.04635102756465187,38855.40269776209,46351.02756465187
2025-03-12,-0.0176333894500084,0.03889371829100317,0.04639673464771282,38893.71829100317,46396.73464771282
2025-03-13,-0.0342225343784937,0.03883137924342894,0.04632236972773135,38831.37924342894,46322.36972773135
2025-03-14,0.0180074496959514,0.03888063663902266,0.04638112940444058,38880.636639022654,46381.12940444058
2025-03-17,0.0023860442152827,0.05675668320659387,0.06770565751821601,56756.68320659387,67705.65751821602
2025-03-18,-0.0061403138168479,0.0557485458615249,0.06650303964204256,55748.54586152489,66503.03964204255
2025-03-19,0.0119178752375839,0.05482785425329716,0.06540473672536824,54827.85425329716,65404.736725368246
2025-03-20,-0.0053103919286471,0.05396074840200229,0.06437035683417348,53960.74840200229,64370.356834173486
2025-03-21,0.0192896507462232,0.05317946357424407,0.06343835376451153,53179.46357424407,63438.35376451153
2025-03-24,0.011207322790328,0.05241241019221452,0.06252332753944402,52412.41019221452,62523.32753944402
2025-03-25,0.0135891593003281,0.051697726613806776,0.061670773816080104,51697.72661380678,61670.7738160801
2025-03-26,-0.0099713208745129,0.05106744002432663,0.06091889816805582,51067.44002432663,60918.89816805582
2025-03-27,0.0104182063506877,0.05036302394585597,0.060078592655740067,50363.023945855966,60078.59265574007
2025-03-28,-0.0269400335427861,0.0499278378809451,0.059559454520759475,49927.837880945095,59559.45452075948
2025-03-31,0.0192265387453569,0.04942113540165895,0.05895500368628589,49421.13540165895,58955.00368628589
2025-04-01,0.004760559539634,0.04882963364692766,0.05824939488456141,48829.633646927665,58249.394884561414
2025-04-02,0.0031314965190683,0.04842364334902621,0.05776508469389403,48423.64334902621,57765.08469389403
2025-04-03,-0.0970132908700828,0.04805798998396783,0.05732889286402773,48057.98998396783,57328.89286402773
2025-04-04,-0.0756803204657938,0.05464862432776974,0.07142490520918054,54648.62432776974,71424.90520918055
2025-04-07,-0.0374259148808367,0.05861688381722662,0.07686289988685888,58616.88381722662,76862.89988685888
2025-04-08,-0.0511019204167509,0.05808811195508819,0.07616953415235032,58088.111955088185,76169.53415235033
2025-04-09,0.1426174490261495,0.057666701759996636,0.07561694917124451,57666.701759996635,75616.9491712445
2025-04-10,-0.0433186340562097,0.05725390688516288,0.07507566125090591,57253.90688516288,75075.6612509059
2025-04-11,0.0397921884235423,0.05669581375001679,0.07434384724134456,56695.81375001679,74343.84724134456
2025-04-14,0.0218142472120169,0.05653684035858137,0.07413538928392949,56536.84035858137,74135.38928392949
2025-04-15,-0.0018781367098605,0.1192987068336659,0.15643350452712002,119298.7068336659,156433.50452712
2025-04-16,-0.0397115491277928,0.1143850603612973,0.14999035892997908,114385.06036129729,149990.3589299791
2025-04-17,0.0138532504055537,0.11010142730129786,0.14437333465981458,110101.42730129787,144373.33465981457
2025-04-21,-0.0195833642317645,0.1064316736440068,0.13956127558056852,106431.67364400679,139561.27558056853
2025-04-22,0.0334977874652087,0.10253694737315454,0.13445421536261712,102536.94737315454,134454.2153626171
2025-04-23,0.0240401881396939,0.09908658416389975,0.129929837663639,99086.58416389975,129929.837663639
2025-04-24,0.0182584843899288,0.0958384994358854,0.1256707028373685,95838.4994358854,125670.7028373685
2025-04-25,0.0043577739521547,0.09266512105402727,0.12150952863321879,92665.12105402727,121509.52863321878
2025-04-28,0.0041009269569146,0.09061672311121066,0.11882351402865378,90616.72311121067,118823.51402865378
2025-04-29,0.0050790000627985,0.08800713640741606,0.11540162619535864,88007.13640741605,115401.62619535864
2025-04-30,0.0060890099219609,0.08537900667704532,0.11195542334047748,85379.00667704531,111955.42334047747
2025-05-01,0.0038513926439977,0.0833413201050144,0.1092834542969648,83341.3201050144,109283.4542969648
2025-05-02,-0.0380775005497323,0.08193899526264559,0.10744461969934375,81938.99526264559,107444.61969934375
2025-05-05,-0.0319639023975388,0.08060713379846057,0.10569818202271768,80607.13379846058,105698.18202271768
2025-05-06,-0.0019125250163992,0.07895244479689208,0.10352842841609439,78952.44479689207,103528.4284160944
2025-05-07,-0.0114502071892861,0.07797391596549841,0.10224530726215626,77973.91596549841,102245.30726215626
2025-05-08,0.0062987096033088,0.07609344349384144,0.09977948926030461,76093.44349384143,99779.48926030462
2025-05-09,0.005252256173047,0.07521963410160729,0.09863368417034259,75219.63410160728,98633.68417034259
2025-05-12,0.061232534979605,0.07390991959166751,0.09691628725835795,73909.91959166751,96916.28725835794
2025-05-13,0.0101011799836221,0.07272486357267034,0.09536235200597376,72724.86357267034,95362.35200597376
2025-05-14,-0.002821717127117,0.07133185975883917,0.09353573984729306,71331.85975883917,93535.73984729307
2025-05-15,-0.004153119383941,0.06207632964323656,0.081399187401182,62076.32964323656,81399.187401182
2025-05-16,-0.0008989878747773,0.0625059672949969,0.08196256084692588,62505.967294996895,81962.56084692587
2025-05-19,-0.0118086067130221,0.06266360615746554,0.08216926886883279,62663.60615746554,82169.26886883279
2025-05-20,-0.0092387637776444,0.06262820187200904,0.08212284408690317,62628.20187200904,82122.84408690316
2025-05-21,-0.0233291351893605,0.06231274991952156,0.08170919958272305,62312.74991952156,81709.19958272304
2025-05-22,-0.0036186981790262,0.06213632222932555,0.08147785422613452,62136.32222932555,81477.85422613451
2025-05-23,-0.0307112012448351,0.06209412971902092,0.08142252820939108,62094.129719020915,81422.52820939108
2025-05-27,0.0249836348503975,0.061817417025513244,0.08105968155713944,61817.41702551324,81059.68155713944
2025-05-28,0.0010483354048508,0.061376223883624646,0.08048115567709622,61376.22388362465,80481.15567709622
2025-05-29,-0.0023478901995321,0.06123596533880914,0.08029723804472862,61235.96533880914,80297.23804472861
2025-05-30,0.0044910768948132,0.061253417255445655,0.08032012232028052,61253.41725544565,80320.12232028051
2025-06-02,0.0042230478715691,0.06108114378260248,0.08009422428828013,61081.14378260248,80094.22428828012
2025-06-03,0.0077537796867919,0.06085776682418816,0.07980131549351775,60857.76682418816,79801.31549351776
2025-06-04,-0.002216359149112,0.0608773284186026,0.07982696613843761,60877.3284186026,79826.96613843761
2025-06-05,-0.010856417555979,0.060780336082135206,0.07969978243704995,60780.3360821352,79699.78243704994
2025-06-06,0.0162653115896578,0.06074496271422365,0.07965339819654808,60744.96271422365,79653.39819654808
2025-06-09,-0.0121865283078869,0.06035913269763034,0.07914746864165693,60359.13269763034,79147.46864165693
2025-06-10,0.0060378305223086,0.06004802749886231,0.07873952393033877,60048.027498862306,78739.52393033876
2025-06-11,-0.0193803046643229,0.06008961502349029,0.07879405664401884,60089.61502349029,78794.05664401884
2025-06-12,0.0021106323355175,0.060224276992384786,0.07897063562194571,60224.27699238479,78970.63562194571
2025-06-13,-0.0139014115360472,0.06058181143934639,0.0794394618817756,60581.81143934639,79439.4618817756
2025-06-16,0.0099779920284238,0.0605135649828713,0.07934997195651732,60513.5649828713,79349.97195651731
2025-06-17,-0.014109671339226,0.06080028653226336,0.07972594297904803,60800.28653226336,79725.94297904804
2025-06-18,0.0047932053380594,0.06132109682161466,0.08040886889601208,61321.09682161466,80408.86889601208
2025-06-20,0.0222354743581993,0.06093391177447258,0.0799011625223849,60933.91177447257,79901.1625223849
2025-06-23,0.0024844339906089,0.06065034913685154,0.07952933370434197,60650.349136851546,79529.33370434197
2025-06-24,-0.0059731816435144,0.06081051565136657,0.07973935617515057,60810.515651366564,79739.35617515058
2025-06-25,0.006270856799719,0.06078135042863915,0.07970111252505029,60781.35042863915,79701.11252505028
2025-06-26,-0.0027821091468135,0.060356983771347274,0.07914465080667486,60356.98377134727,79144.65080667486
2025-06-27,0.0003979183634067,0.060335509938178745,0.07911649268939647,60335.509938178744,79116.49268939647
2025-06-30,0.0201359851257988,0.0600628838928615,0.07875900475992705,60062.8838928615,78759.00475992705
2025-07-01,0.0128334810481221,0.0601103566425274,0.07882125462664295,60110.356642527404,78821.25462664296
2025-07-02,0.0219872828814365,0.059972425171828964,0.07864038843019691,59972.42517182897,78640.38843019691
2025-07-03,0.0052112936119146,0.05999265413478358,0.078666914179318,59992.65413478358,78666.914179318
2025-07-07,-0.0170014956475834,0.05990073042413916,0.0785463768441959,59900.73042413916,78546.3768441959
2025-07-08,0.0002856961320083,0.059385875471758796,0.07787126001634713,59385.875471758794,77871.26001634714
2025-07-09,0.0053662687724794,0.05920055686491904,0.07762825621612618,59200.55686491904,77628.25621612617
2025-07-10,0.00599703324595,0.05895181567301948,0.07730208791638632,58951.815673019475,77302.08791638631
2025-07-11,-0.0059022079741386,0.05894845807571653,0.07729768518037324,58948.45807571653,77297.68518037323
2025-07-14,-0.0121018221969162,0.058680603942878,0.07694645454414827,58680.603942878006,76946.45454414826
2025-07-15,0.0023460327538295,0.05860589381266795,0.07684848896008933,58605.89381266795,76848.48896008934
2025-07-16,0.0050087246225134,0.05844647186058954,0.07663944281596849,58446.47186058954,76639.44281596849
2025-07-17,-0.0006663968221358,0.047511575817227564,0.062300778507663274,47511.57581722757,62300.77850766327
2025-07-18,0.0055080602989128,0.04870663743230968,0.06386783385583054,48706.637432309675,63867.83385583055
2025-07-21,0.0061370780725637,0.049687991876853285,0.06515466016784803,49687.99187685329,65154.66016784803
2025-07-22,0.0089954983434529,0.050567524441694246,0.06630796991541832,50567.524441694244,66307.96991541832
2025-07-23,-0.001166706734231,0.05168636415743062,0.06777507733327826,51686.364157430624,67775.07733327826
2025-07-24,-0.0018227390553003,0.05260309578482586,0.06897716531051204,52603.09578482586,68977.16531051203
2025-07-25,0.0005611306155064,0.05352926732626187,0.07019163161836671,53529.26732626187,70191.63161836671
2025-07-28,0.0007945872831611,0.053807732761884185,0.07055677659889702,53807.73276188419,70556.77659889702
2025-07-29,-0.0130726851947275,0.05400474262558264,0.0708151108610423,54004.74262558264,70815.1108610423
2025-07-30,-0.0105634773545324,0.05440917831264558,0.0713454375809396,54409.17831264558,71345.4375809396
2025-07-31,-0.0071048248399941,0.05469252757786111,0.07171698660891566,54692.52757786111,71716.98660891567
2025-08-01,-0.0253215284277955,0.0547726714258703,0.07182207729550498,54772.6714258703,71822.07729550498
2025-08-04,0.0047815349717379,0.05538885085525068,0.07263005845568543,55388.85085525068,72630.05845568543
2025-08-05,-0.002116885719306,0.055641232961731076,0.07296100099852215,55641.232961731075,72961.00099852215
2025-08-06,0.0496533935301857,0.05619124643440109,0.07368222034239034,56191.246434401095,73682.22034239034
2025-08-07,0.0312986952010602,0.056142655967472144,0.07361850484010161,56142.65596747214,73618.50484010161
2025-08-08,0.0414853254693228,0.05400116220600987,0.07432234804069553,54001.16220600987,74322.34804069552
2025-08-11,-0.0083723095510056,0.05425565580996671,0.07467261017274472,54255.65580996671,74672.61017274472
2025-08-12,0.0108137392622204,0.054554809131223,0.07508433792732748,54554.809131223,75084.33792732748
2025-08-13,0.0158974091882235,0.05489619407234909,0.0755541894892889,54896.194072349084,75554.1894892889
2025-08-14,-0.0023600172840491,0.0547442577597804,0.07534507799906447,54744.257759780405,75345.07799906447
2025-08-15,-0.0051252462664002,0.05106241363426228,0.07027771853216223,51062.41363426228,70277.71853216224
2025-08-18,-0.0030271086609148,0.051767725209085125,0.07124844601652887,51767.725209085125,71248.44601652886
2025-08-19,-0.0014302831382129,0.0519588560301522,0.07151150130690313,51958.8560301522,71511.50130690313
2025-08-20,-0.0199319151626437,0.052905349902833736,0.07281417043753148,52905.34990283374,72814.17043753149
2025-08-21,-0.0049233370942607,0.053339501831847436,0.07341169814716854,53339.50183184743,73411.69814716854
2025-08-22,0.0126365711112882,0.05408327246889039,0.07443535722950222,54083.27246889038,74435.35722950222
2025-08-25,-0.002637850248934,0.05432168471239403,0.07476348642181928,54321.684712394024,74763.48642181928
2025-08-26,0.0094201919292085,0.054912448079390205,0.07557656004427356,54912.448079390204,75576.56004427356
2025-08-27,0.0051327231363367,0.05499727600013385,0.07569330957320086,54997.27600013385,75693.30957320087
2025-08-28,0.0089407910352541,0.05537554785168086,0.07621392896463956,55375.547851680865,76213.92896463956
2025-08-29,-0.0018076532753705,0.05564739637575169,0.07658807684951772,55647.39637575169,76588.07684951772
2025-09-02,-0.0104794153158683,0.05569388723290721,0.07665206268843433,55693.88723290721,76652.06268843434
2025-09-03,0.0373823217068649,0.05559079332648057,0.07651017349788163,55590.79332648057,76510.17349788162
2025-09-04,0.0054782585084803,0.055399116725861765,0.07624636704556674,55399.116725861764,76246.36704556675
2025-09-05,-0.0003754400470118,0.05563408594175142,0.07656975756400741,55634.08594175142,76569.7575640074
2025-09-08,-0.0075800439522243,0.0559976614186463,0.07707015018573947,55997.661418646305,77070.15018573948
2025-09-09,-0.0149505922330486,0.0560652705187582,0.07716320127693756,56065.2705187582,77163.20127693756
2025-09-10,-0.0327912832626476,0.056429704399419266,0.07766477532849193,56429.704399419265,77664.77532849193
2025-09-11,0.0141852821520524,0.05661655379053665,0.07792193804333945,56616.55379053665,77921.93804333945
2025-09-12,0.0174105130888782,0.05666633389692616,0.0779904509093861,56666.33389692616,77990.4509093861
2025-09-15,0.0111732076225853,0.056711109495365765,0.07805207602030988,56711.10949536577,78052.07602030988
2025-09-16,0.0061072678411055,0.056280040709812094,0.07745879167233276,56280.04070981209,77458.79167233275
2025-09-17,0.0035210509004652,0.05669474364883997,0.07802955153950648,56694.74364883997,78029.55153950649
2025-09-18,-0.0046554461093904,0.05696030556850202,0.07839504710688303,56960.30556850202,78395.04710688302
2025-09-19,0.0315306342632844,0.057304835644592586,0.07886922735004158,57304.83564459259,78869.22735004158
2025-09-22,0.0421929001316855,0.05736546864713718,0.0789526771673007,57365.46864713718,78952.6771673007
2025-09-23,-0.0064641263916782,0.0566973107041333,0.0780330846037806,56697.3107041333,78033.0846037806
2025-09-24,-0.0083672368576238,0.056657349741547534,0.0779780859250853,56657.349741547536,77978.0859250853
2025-09-25,0.0179115653382625,0.05654544541202037,0.0778240708597308,56545.445412020366,77824.0708597308
2025-09-26,-0.0055042148040742,0.05658416108946501,0.07787735563983783,56584.161089465015,77877.35563983783
2025-09-29,-0.0040401136765646,0.05636202154192983,0.07757162272426597,56362.02154192983,77571.62272426598
2025-09-30,0.0007858087357872,0.05644470101646781,0.07768541532485837,56444.701016467814,77685.41532485838
2025-10-01,0.0032151298202565,0.05733430790959634,0.07890979032771972,57334.30790959634,78909.79032771972
2025-10-02,0.0065551054759199,0.05656492061201707,0.0778508747752983,56564.920612017064,77850.8747752983
2025-10-03,0.0034552785601604,0.056644294542083105,0.07796011792145911,56644.2945420831,77960.11792145911
2025-10-06,-0.0051679713875683,0.056124554334526025,0.07724479419473196,56124.55433452602,77244.79419473196
2025-10-07,-0.0008183388500996,0.05588043216591909,0.07690880637449882,55880.43216591909,76908.80637449882
2025-10-08,0.0061414409183802,0.05614934681563528,0.07727891633830296,56149.346815635276,77278.91633830295
2025-10-09,-0.0157005315559914,0.056213624430762194,0.07736738227287791,56213.6244307622,77367.38227287792
2025-10-10,-0.0351320133105967,0.05556793229383962,0.07647870962645552,55567.93229383962,76478.70962645551
2025-10-13,0.0096972448133888,0.055809970216982,0.07681182887848585,55809.970216982,76811.82887848585
2025-10-14,0.0004440202261523,0.05608098331624001,0.07718482695970863,56080.98331624001,77184.82695970863
2025-10-15,0.0063165149579297,0.06097622989109796,0.08392220454231784,60976.22989109796,83922.20454231785
2025-10-16,-0.0076088479678793,0.06070743627131332,0.08355226115323783,60707.43627131332,83552.26115323782
2025-10-17,0.0193705926981483,0.06064935832186333,0.08347232788150478,60649.35832186333,83472.32788150478
2025-10-20,0.0386809210133917,0.061321522672218076,0.08439743450415547,61321.522672218074,84397.43450415548
2025-10-21,0.0020188881315049,0.060782932105579765,0.08365616683675936,60782.93210557976,83656.16683675937
2025-10-22,-0.0165767088500498,0.05990201060711571,0.08244374563079335,59902.01060711571,82443.74563079335
2025-10-23,0.0043625258369113,0.060400225937047636,0.08312944444981413,60400.22593704764,83129.44444981412
2025-10-24,0.0124047041670944,0.06061736184494681,0.08342829080533236,60617.361844946805,83428.29080533236
2025-10-27,0.0225353534793563,0.060304040363897145,0.0829970632685182,60304.04036389715,82997.0632685182
2025-10-28,0.0007065287393462,0.06050143163256409,0.08326873487651233,60501.43163256409,83268.73487651233
2025-10-29,0.0025988629880107,0.060205971235019654,0.0828620897303437,60205.97123501966,82862.08973034371
2025-10-30,0.0062834666642808,0.059967156247964545,0.08253340623798602,59967.15624796454,82533.40623798603
2025-10-31,-0.0038022629675367,0.05923233198179648,0.08152206013675688,59232.33198179648,81522.06013675687
2025-11-03,-0.004894298833628,0.05917606744435122,0.081444622682385,59176.06744435122,81444.622682385
2025-11-04,0.0036729963281676,0.05898033844443406,0.08117523887175505,58980.33844443406,81175.23887175505
2025-11-05,0.0003702972686319,0.05847986903597193,0.08048643774155821,58479.86903597193,80486.43774155821
2025-11-06,-0.0013707172835239,0.057945387212687945,0.07975082497937368,57945.38721268794,79750.82497937368
2025-11-07,-0.0048305427121975,0.057989729557228635,0.07981185379855578,57989.72955722864,79811.85379855578
2025-11-10,0.0045383805141488,0.05815596311376878,0.08004064273087702,58155.963113768776,80040.64273087702
2025-11-11,0.0213711480710286,0.05812426814319613,0.07999702062094809,58124.26814319613,79997.02062094808
2025-11-12,-0.0064878628907583,0.05780088601766171,0.07955194651694235,57800.88601766171,79551.94651694235
2025-11-13,-0.0019032131451582,0.044882932151911616,0.06177283540223607,44882.93215191161,61772.835402236065
2025-11-14,-0.0019804665462355,0.047376614000663474,0.06520491505931193,47376.614000663474,65204.915059311934
2025-11-17,-0.0183382850655852,0.04875572963017459,0.06710300590805816,48755.72963017459,67103.00590805817
2025-11-18,-7.464947758260898e-05,0.05063493238507636,0.06968937174692708,50634.93238507636,69689.37174692708
2025-11-19,0.0041789849317348,0.0515601880474383,0.07096281051297341,51560.1880474383,70962.81051297342
2025-11-20,-0.008638554808404,0.05266114800368475,0.0724780728833435,52661.14800368475,72478.0728833435
2025-11-21,0.0194894873272137,0.0532850741522203,0.07333678877886896,53285.0741522203,73336.78877886895
2025-11-24,0.0161857697213984,0.05359074378137567,0.07375748499420016,53590.74378137567,73757.48499420016
2025-11-25,0.0037982730766835,0.054123128498491865,0.0744902114878654,54123.12849849187,74490.2114878654
2025-11-26,0.0020917682533082,0.05500040895734154,0.07569762149402764,55000.40895734154,75697.62149402764
2025-11-28,0.0046729714345407,0.05562515407235707,0.07655746454143786,55625.154072357065,76557.46454143786
2025-12-01,0.0151262172065036,0.05581123717395364,0.07681357260423456,55811.23717395364,76813.57260423456
2025-12-02,0.0108556960112759,0.05594147558867737,0.07699282105726672,55941.47558867737,76992.82105726672
2025-12-03,-0.0071536845045574,0.05644100606773113,0.07768032992938202,56441.00606773113,77680.32992938202
2025-12-04,-0.0122157897418312,0.05673557705217279,0.07808575096726343,56735.57705217279,78085.75096726343
2025-12-05,-0.0068635556468906,0.056816498516161926,0.07819712400008111,56816.498516161926,78197.12400008111
2025-12-08,-0.0031975403929838,0.056961926879269174,0.07839727853335972,56961.92687926917,78397.27853335971
2025-12-09,-0.0025583326534953,0.056881225316802675,0.07828620815324121,56881.22531680267,78286.20815324121
2025-12-10,0.0057558730464793,0.057523837854630396,0.07917064231614947,57523.837854630394,79170.64231614946
2025-12-11,-0.0026938721785778,0.05742582448102439,0.07903574551452142,57425.824481024385,79035.74551452142
2025-12-12,0.0008988005844432,0.05810281488936783,0.07996749428980082,58102.81488936783,79967.49428980082
2025-12-15,-0.0150984085554158,0.04535402745179197,0.06242120864843533,45354.02745179197,62421.208648435335
2025-12-16,0.0018224664254049,0.04683072161948934,0.06445359783040472,46830.72161948934,64453.59783040472
2025-12-17,-0.0101382476588451,0.047889885914948443,0.06591133640830941,47889.88591494844,65911.33640830942
2025-12-18,0.0012867465772246,0.04927527504261572,0.06781806153628867,49275.275042615714,67818.06153628866
2025-12-19,0.0054226819518847,0.05059570485061674,0.06963538249281133,50595.70485061674,69635.38249281133
2025-12-22,-0.0099149398595832,0.05250546357662098,0.0722638028250694,52505.46357662098,72263.8028250694
2025-12-23,0.0051166008800122,0.053794557528390616,0.07403799592437858,53794.557528390615,74037.99592437859
2025-12-24,0.0053096600956741,0.05421363534425837,0.07461477697898321,54213.63534425837,74614.77697898321
2025-12-26,-0.0014985148401437,0.05460868562938563,0.07515848869897905,54608.68562938563,75158.48869897905
2025-12-29,0.0013160418504418,0.054805930267119184,0.07542995849733021,54805.93026711918,75429.95849733021
2025-12-30,-0.0024871384376061,0.0554972257847209,0.07638139553978054,55497.2257847209,76381.39553978054
2025-12-31,-0.0044775845015584,0.05663414893790151,0.07794615442337383,56634.14893790151,77946.15442337382
2026-01-02,-0.0031314907649584,0.056776269942294566,0.07814175700526081,56776.269942294566,78141.7570052608
2026-01-05,-0.0139337393989686,0.05697092763300847,0.0784096663621529,56970.92763300847,78409.6663621529
2026-01-06,-0.0185044261848705,0.0572435061061459,0.0787848188833456,57243.5061061459,78784.8188833456
2026-01-07,-0.007767587254826,0.05782645956294555,0.07958714364707019,57826.45956294555,79587.14364707019
2026-01-08,-0.0049674105823839,0.05860154032089898,0.08065389516683379,58601.54032089898,80653.89516683378
2026-01-09,0.0012730781005779,0.05802491078657109,0.07986027408183995,58024.91078657109,79860.27408183995
2026-01-12,0.0033871684089656,0.05818728399618005,0.08008374997946976,58187.28399618005,80083.74997946977
2026-01-13,0.0030691600377684,0.05852695777509409,0.08055124645149826,58526.95777509409,80551.24645149826
2026-01-14,-0.0041842005626392,0.05976115389969071,0.0822498831136651,59761.15389969071,82249.8831136651
2026-01-15,-0.0067546064536927,0.047344398421983146,0.06516057643115652,47344.39842198315,65160.57643115652
2026-01-16,-0.0104332827111835,0.048348933666338884,0.06654312849115356,48348.93366633888,66543.12849115356
2026-01-20,-0.0351668114030226,0.049589606395070804,0.06825067896937549,49589.606395070805,68250.6789693755
2026-01-21,0.0038434513252299,0.051316334887630786,0.07062719293228326,51316.33488763079,70627.19293228326
2026-01-22,0.0028225746647532,0.05264778744191387,0.07245968460647333,52647.78744191387,72459.68460647333
2026-01-23,-0.0012490498169329,0.05416741294512135,0.07455116062156422,54167.412945121345,74551.16062156422
2026-01-26,0.029280096957102,0.054662187645325926,0.07523212406694435,54662.187645325925,75232.12406694435
2026-01-27,0.011135311634926,0.05545452618761988,0.07632262765058528,55454.52618761988,76322.62765058529
2026-01-28,-0.0071106240976504,0.0563053058129971,0.0774935642904671,56305.3058129971,77493.5642904671
2026-01-29,0.0071494523371498,0.05625095200559909,0.07741875659326679,56250.95200559909,77418.7565932668
2026-01-30,0.0046353984152365,0.05631765939098589,0.0775105666453299,56317.659390985886,77510.5666453299
2026-02-02,0.0397794608935008,0.056483228484736664,0.07773844107076511,56483.22848473666,77738.44107076511
2026-02-03,-0.0019648379221123,0.05649336906849703,0.07775239765919367,56493.36906849703,77752.39765919367
2026-02-04,0.025680287047938,0.057410493752115994,0.07901464567660867,57410.493752115995,79014.64567660866
2026-02-05,-0.0020997961220096,0.05696389686998299,0.07839998985158858,56963.896869982986,78399.98985158859
2026-02-06,0.0079778410708146,0.057227613013843985,0.07876294505898236,57227.613013843984,78762.94505898237
2026-02-09,-0.0117290004972114,0.05745591200034336,0.07907715527296283,57455.91200034336,79077.15527296283
2026-02-10,-0.0034288314987932,0.05798461973784753,0.07980482110224048,57984.619737847526,79804.82110224047
2026-02-11,0.0066281032453175,0.05748732828761067,0.07912039382822798,57487.32828761067,79120.39382822799
2026-02-12,-0.0512740725793616,0.05730193031954819,0.07886522872167323,57301.930319548184,78865.22872167324
2026-02-13,-0.0229958394150954,0.0570069414978231,0.07845923261009459,57006.9414978231,78459.2326100946
2026-02-17,0.0311768143862133,0.0924324320889489,0.12721569513180336,92432.4320889489,127215.69513180337
2026-02-18,0.0017795532383034,0.09047500375446556,0.12452166663320935,90475.00375446556,124521.66663320934
2026-02-19,-0.0143642243658807,0.08852736398447154,0.12184111023534562,88527.36398447155,121841.11023534562
2026-02-20,0.0152338235347955,0.085996201469584,0.1183574455567714,85996.201469584,118357.4455567714
2026-02-23,0.0060290466877985,0.08303390882258087,0.11428041209832378,83033.90882258087,114280.41209832378
2026-02-24,0.0221440366494877,0.0799948887568385,0.11009777791413532,79994.8887568385,110097.77791413532
2026-02-25,0.0076505208461368,0.07840258515656504,0.10790627429585198,78402.58515656504,107906.27429585198
2026-02-26,-0.0046786052410885,0.07649091761978125,0.10527522684792996,76490.91761978125,105275.22684792997
2026-02-27,-0.0326579573795335,0.07520588935857893,0.10350662939984433,75205.88935857893,103506.62939984433
2026-03-02,0.0020419247198249,0.07390997653274894,0.10172305141490573,73909.97653274894,101723.05141490573
2026-03-03,-0.0036708976244395,0.07268743443141105,0.10004045430332124,72687.43443141105,100040.45430332124
2026-03-04,-0.004674468498819,0.0719322676878683,0.09900111064386019,71932.2676878683,99001.11064386019
2026-03-05,-0.0085308313388014,0.07225615017012345,0.09944687339390289,72256.15017012345,99446.87339390289
2026-03-06,-0.0109321345989477,0.07057759109836663,0.09713665549410937,70577.59109836663,97136.65549410936
2026-03-09,0.0093556694141576,0.06916302158569367,0.09518976910585795,69163.02158569367,95189.76910585795
2026-03-10,0.0036488745570142,0.06832818628406198,0.0940407768006956,68328.18628406199,94040.7768006956
2026-03-11,-7.670972662595488e-05,0.06804616822869242,0.09365263248659778,68046.16822869242,93652.63248659778
2026-03-12,-0.0195526595655038,0.06149223176942595,0.08959801265012023,61492.23176942595,89598.01265012023
2026-03-13,-0.0222986536344796,0.061294785509050126,0.08931032114786337,61294.785509050125,89310.32114786337
2026-03-16,0.0107370111858574,0.06040604879907318,0.08801537639318735,60406.04879907318,88015.37639318735
2026-03-17,0.005561553592463,0.05961964577644389,0.08686953819635897,59619.64577644389,86869.53819635896
2026-03-18,-0.0170184404349358,0.05714287403773058,0.08326072747033436,57142.87403773058,83260.72747033436
2026-03-19,-0.0039286379699928,0.056946120105695046,0.08297404473360133,56946.120105695045,82974.04473360133
2026-03-20,-0.0039038546496206,0.057066457996805854,0.08314938453799263,57066.45799680585,83149.38453799264
2026-03-23,0.0140148125910423,0.057301606496980066,0.08349201055248283,57301.606496980065,83492.01055248283
2026-03-24,0.0005962460475602,0.05764886303901245,0.08399798496828413,57648.863039012445,83997.98496828413
2026-03-25,0.0038868788463975,0.05732154686857578,0.08352106491618165,57321.54686857578,83521.06491618165
2026-03-26,0.0010682625170895,0.057087771830865656,0.08318044012206824,57087.771830865655,83180.44012206823
2026-03-27,-0.0163052801962626,0.05788169344734447,0.0843372333785433,57881.69344734447,84337.2333785433
2026-03-30,-0.0087601097018243,0.057934918661026555,0.08441478583080546,57934.91866102655,84414.78583080546
2026-03-31,0.0286178649594807,0.05869252061510121,0.08551865907644503,58692.52061510121,85518.65907644502
2026-04-01,0.0072239786363768,0.05813832228476263,0.08471115758262153,58138.32228476263,84711.15758262153
2026-04-02,0.0011338123573076,0.05793935356100147,0.0844212477563629,57939.35356100147,84421.24775636289
2026-04-06,0.0114223916147506,0.05784154524098978,0.08427873494065384,57841.54524098978,84278.73494065384
2026-04-07,-0.0209234560369721,0.05780793329058309,0.08422976023488897,57807.93329058309,84229.76023488896
2026-04-08,0.0210780251899258,0.053214039859358526,0.06650188186670584,53214.03985935853,66501.88186670585
2026-04-09,0.0061225671233474,0.0473596644251129,0.05492744000038979,47359.6644251129,54927.44000038979
2026-04-10,-3.834555691262152e-05,0.047103806105161954,0.05463069713516261,47103.80610516195,54630.69713516261
2026-04-13,-0.0049260673756055,0.04202604879818913,0.05014594861183432,42026.04879818913,50145.94861183432
2026-04-14,-0.0014286068821369,0.042197227962670746,0.05035020149382027,42197.227962670746,50350.20149382027
2026-04-15,0.0289401208891021,0.03802097603094885,0.046754955759796324,38020.976030948856,46754.95575979632
2026-04-16,-0.0114377965527101,0.03823921879368456,0.04702333210837553,38239.21879368456,47023.33210837553
2026-04-17,0.0255997245026045,0.03337185356456685,0.04103786119966119,33371.85356456685,41037.861199661194
2026-04-20,0.0103814016628506,0.034286016088534,0.04216202035671588,34286.016088534,42162.02035671588
2026-04-21,-0.0255195760259866,0.03483715597419599,0.04283976521393917,34837.155974195986,42839.765213939165
2026-04-22,0.0259591226580555,0.035048047958603466,0.04309910220184398,35048.04795860346,43099.102201843976
2026-04-23,0.0009512419139857,0.035669332590312804,0.043863105089254506,35669.332590312806,43863.1050892545
2026-04-24,-0.0087054855645058,0.03562038805303249,0.04380291726889551,35620.38805303249,43802.91726889551
2026-04-27,-0.0128095547392981,0.03595238637270103,0.04421118050589904,35952.38637270103,44211.18050589904
2026-04-28,0.0115175207519808,0.036124074022447716,0.04442230734445984,36124.07402244772,44422.307344459834
2026-04-29,-0.0019966978339397,0.03636132777991064,0.04471406179402986,36361.32777991064,44714.06179402986
2026-04-30,0.0043581493936293,0.03692726818470779,0.04541000706822359,36927.26818470779,45410.00706822359
2026-05-01,0.0318799103865098,0.03715659122166247,0.04569200899365523,37156.59122166247,45692.008993655225
2026-05-04,-0.0118859621976902,0.03697462615066661,0.04546824385839635,36974.626150666605,45468.24385839635
2026-05-05,0.0262043385544278,0.03687667588458512,0.0453477929695614,36876.675884585115,45347.7929695614
2026-05-06,0.0116498017284478,0.03698087527078319,0.04547592849369742,36980.87527078319,45475.92849369742
2026-05-07,-0.0002435367670737,0.0373270406417212,0.04590161316288125,37327.0406417212,45901.61316288125
2026-05-08,0.0202500741267952,0.03732200952362286,0.045895426322650756,37322.00952362286,45895.426322650754
2026-05-11,-0.0012634684139431,0.03750187465650389,0.046116609132995694,37501.87465650389,46116.60913299569
2026-05-12,0.0072172819161759,0.03674177759337666,0.04518190654853976,36741.77759337665,45181.906548539766
2026-05-13,0.0137115609917062,0.03704124577876013,0.04555016699897305,37041.24577876013,45550.16699897305
2026-05-14,-0.0022107722441446,0.037391224797602304,0.04598054136730866,37391.224797602306,45980.541367308666
2026-05-15,0.0067509765222385,0.038088945078137273,0.046838538300963684,38088.94507813727,46838.538300963686
2026-05-18,-0.0079924669082386,0.026247802007120426,0.03227730978383782,26247.802007120426,32277.30978383782
2026-05-19,0.0037868207228152,0.027727743175763438,0.034097215296276046,27727.743175763437,34097.215296276045
2026-05-20,0.0109112515031848,0.028970191452053276,0.0356250722914379,28970.191452053277,35625.0722914379
2026-05-21,0.0090244676702689,0.029863478843922684,0.03672356099024566,29863.478843922683,36723.560990245656
2026-05-22,0.0124796494443357,0.03090966929035747,0.038010076833488705,30909.669290357473,38010.0768334887
2026-05-26,-0.0015880121843198,0.03165404858559339,0.03892545104663184,31654.04858559339,38925.45104663184
2026-05-27,0.0081399059250818,0.032308064143436004,0.03972970363731387,32308.064143436004,39729.703637313876
2026-05-28,0.0053259995631978,0.032997603358190096,0.040577640193551395,32997.6033581901,40577.64019355139
2026-05-29,-0.0014410307239461,0.033297369374225,0.04094626689073543,33297.369374224996,40946.26689073543
2026-06-01,-0.0185978161231111,0.033951637744548166,0.0417508303686586,33951.63774454816,41750.8303686586
2026-06-02,0.0286097436452049,0.034131399038651464,0.04197188548692496,34131.39903865146,41971.88548692496
2026-06-03,-0.0157967095998125,0.034439092019620046,0.042350260089961865,34439.092019620046,42350.26008996186
2026-06-04,0.0031215368741391,0.034378787253818786,0.042276102428810615,34378.78725381879,42276.10242881061
2026-06-05,-0.0125776092742535,0.03541031426103878,0.043544586424285846,35410.31426103878,43544.586424285844
2026-06-08,-0.0190519090233089,0.03512269262587036,0.043190893851614544,35122.69262587036,43190.89385161454
2026-06-09,-0.0371270691807952,0.03592944698213026,0.04418297159852066,35929.44698213026,44182.97159852066
2026-06-10,0.0035387281174611,0.03738167287584864,0.0442824594770207,37381.67287584864,44282.4594770207
2026-06-11,0.013794324313997,0.03749445490720708,0.04441606146294446,37494.45490720708,44416.06146294446
2026-06-12,-0.0153387693569762,0.0379698823004856,0.044979254403694935,37969.882300485595,44979.25440369493
2026-06-15,0.0180074932463936,0.03903355337680712,0.04623928285374642,39033.55337680712,46239.28285374642
2026-06-16,0.0094684815409867,0.03884136918401043,0.04601162079170045,38841.36918401043,46011.62079170045
2026-06-17,-0.0110553319857746,0.03817811607299641,0.04522592885359403,38178.11607299641,45225.92885359403
2026-06-18,0.0069365133751416,0.03840754727192538,0.045497713848425,38407.54727192538,45497.713848425
2026-06-22,-0.0033612346094813,0.03837729793219101,0.04546188037555068,38377.29793219101,45461.880375550674
2026-06-23,-0.009166227388095,0.038236829013928234,0.045295480407271806,38236.82901392823,45295.4804072718
2026-06-24,-0.0041540502854098,0.038000448810891464,0.04501546359804794,38000.44881089147,45015.46359804794
2026-06-25,-0.0631291821525617,0.03769218857974406,0.044650297457958434,37692.18857974406,44650.29745795843
2026-06-26,0.0308829044543198,0.039997784337285465,0.052895394048359023,39997.78433728546,52895.39404835903
2026-06-29,-0.007214660607258,0.04026500590498736,0.053248783376193265,40265.00590498736,53248.78337619326
2026-06-30,0.0266869118499401,0.04016835194217331,0.05312096255976321,40168.35194217331,53120.96255976321
2026-07-01,0.0171999293309408,0.040115791617804084,0.053051453732839815,40115.79161780408,53051.453732839815
2026-07-02,0.0472716978948781,0.04005129980406437,0.0529661660111028,40051.29980406437,52966.1660111028
2026-07-06,0.0129731856158453,0.03989930279903681,0.052765156339984375,39899.30279903681,52765.15633998437
2026-07-07,-0.0064172715140114,0.03978029069461328,0.052607767817987226,39780.29069461328,52607.767817987224
2026-07-08,0.0087493897021457,0.03969909498417869,0.052500389892693726,39699.094984178686,52500.389892693725
2026-07-09,0.0089897096922307,0.039641223070535775,0.05242385671148896,39641.22307053577,52423.85671148896
2026-07-10,-0.0028501583226974,0.04021291303593481,0.05317989273934176,40212.913035934806,53179.89273934176
2026-07-13,0.0062911868943995,0.04000264119049655,0.05290181703324911,40002.64119049655,52901.817033249106
2026-07-14,-0.0077511572511698,0.03994416033395841,0.052824478550577536,39944.16033395841,52824.478550577536
2026-07-15,0.0393600060124781,0.03988184146954018,0.052742064463280815,39881.84146954018,52742.06446328082
2026-07-16,0.0174349403384921,0.04002551733411248,0.05293206977476767,40025.517334112476,52932.069774767675
2026-07-17,0.0014392220437811,0.04010100564090744,0.0530318998978638,40101.00564090744,53031.8998978638
2026-07-20,-0.0216566670967116,0.028549401273082385,0.0377553870846963,28549.401273082385,37755.3870846963
2026-07-21,0.0035150309603428,0.02986636845598571,0.03949702100874072,29866.368455985707,39497.02100874072
2026-07-22,-0.0056606352584187,0.03106888542886532,0.04108729932500766,31068.88542886532,41087.29932500766
2026-07-23,-0.0130648476102591,0.03243421758311352,0.04289289389736828,32434.217583113517,42892.89389736828
2026-07-24,0.0347074167944418,0.03353005542538446,0.04434209353280886,33530.05542538446,44342.09353280886
2026-07-27,0.0116133279930523,0.03455911258176153,0.045702978508982604,34559.11258176153,45702.978508982604
2026-07-28,0.0093650013264604,0.034897622797067276,0.04615064408658062,34897.62279706728,46150.64408658062
2026-07-29,-0.0055729696229009,0.03534133944518364,0.0467374407638669,35341.33944518364,46737.4407638669
2026-07-30,-0.0141749486377179,0.03585685110202793,0.04741918333228918,35856.85110202793,47419.183332289176
2026-07-31,-0.0763829421141604,0.03659878284636355,0.04840035698037637,36598.78284636355,48400.35698037637
2026-08-03,-0.0179319556171509,0.044451437444891634,0.06197889204560735,44451.437444891635,61978.892045607354
2026-08-04,0.0194522820165341,0.045281356160211825,0.06313605243051568,45281.35616021183,63136.05243051568
2026-08-05,0.0052226015881421,0.04541165181759596,0.06331772440665896,45411.65181759596,63317.72440665896
2026-08-06,0.0045235272393835,0.046078149114384966,0.06424702537825493,46078.14911438496,64247.025378254926
2026-08-07,0.0029404659679344,0.04646497418201792,0.06478637777011133,46464.97418201792,64786.37777011133
2026-08-10,-0.0163132909881469,0.046679177172760475,0.06508504221837665,46679.17717276047,65085.04221837664
